FILE NAME;MIM - Aureo_20060101_121133.csv
PROTOCOL;MIM - Aureo
FILE_VERSION;3.3
DATE START;1.1.2006;12:11:05
DATE END;1.1.2006;12:11:05
DEVICE;BL165_CX-383610
USER;MIM SBT;COMMENT;no comment available
PLATETYPE;96 new;LOT;UNKOWN
MTP ROWS;8
MTP COLUMNS;12
FILTERSETS;3

FILTERSET;FILTERNAME;EX [nm];EM [nm];LAYOUT;FILTERNO;GAIN;PHASESTATISTICSSIGMA;SIGNALQUALITYTOLERANCE;REFERENCE VALUE;Process Parameters;;Calibration Parameters;;;;Criterion Parameters;;
1;Biomass           ;620;620;MIM - Aureo - 2;1;20;1;0;100;SET TEMPERATURE [C];30;Phi0;72,21;Biomass Slope;0;CRITERION;;
2;Biomass           ;620;620;MIM - Aureo - 2;1;30;1;0;100;SET HUMIDITY [%];85;Phi100;42,01;Biomass Offset;0;FI;;
3;Biomass           ;620;620;MIM - Aureo - 2;1;40;1;0;100;SET O2 [%];20,95;Phi,min;56,03;Biomass Unit;DCW [g/L];FJ;;
;;;;;;;;;;SET CO2 [%];0;Phi,max;11,11;;;FACTOR;0;
;;;;;;;;;;SET SHAKER FREQUENCY [rpm];1000;pH0;6,16;;;S0;NaN;
;;;;;;;;;;SET CYCLE TIME [min];10;dpH;0,53;;;EXTRA INFO;;
;;;;;;;;;;SET EXP TIME [h];1193;Temp. Compensation for pH Calibration;False;Temp. pH [C];28;;;
;;;;;;;;;;;;Temp. Compensation for pO2 Calibration;False;Temp. pO2 [C];28;;;

WELL No.;CONTENT;DESCRIPTION;CHANNEL;
;;;READING ->;1;2;3;4;5;6;7;8;9;10;11;12;13;14;15;16;17;18;19;20;21;22;23;24;25;26;27;28;29;30;31;32;33;34;35;36;37;38;39;40;41;42;43;44;45;46;47;48;49;50;51;52;53;54;55;56;57;58;59;60;61;62;63;64;65;66;67;68;69;70;71;72;73;74;75;76;77;78;79;80;81;82;83;84;85;86;87;88;89;90;91;92;93;94;95;96;97;98;99;100;101;102;103;104;105;106;107;108;109;110;111;112;113;114;115;116;117;118;119;120;121;122;123;124;125;126;127;128;129;130;131;132;133;134;135;136;137;138;139;140;141;142;143;144
;;;TIME [h] ->;0,03184;0,18189;0,34846;0,51491;0,68186;0,84859;1,01529;1,18186;1,34854;1,5152;1,68203;1,84862;2,01523;2,18204;2,34871;2,51556;2,68217;2,84908;3,01567;3,18219;3,34912;3,51594;3,68222;3,8489;4,01576;4,18257;4,34921;4,51604;4,68253;4,8493;5,01623;5,18287;5,34939;5,5161;5,68309;5,84951;6,01607;6,18313;6,3496;6,51654;6,68288;6,84991;7,01639;7,18289;7,34983;7,51643;7,68317;7,84968;8,0163;8,18335;8,34987;8,51671;8,68337;8,8499;9,01692;9,18319;9,34983;9,51687;9,68345;9,85016;10,01708;10,18338;10,35037;10,5172;10,68392;10,85039;11,0173;11,18387;11,35013;11,51722;11,6839;11,85056;12,01709;12,18395;12,35057;12,51732;12,68432;12,85092;13,01721;13,18405;13,35109;13,51747;13,68435;13,85099;14,01783;14,18413;14,3512;14,51801;14,68482;14,85102;15,01814;15,18456;15,35121;15,51805;15,68478;15,85136;16,01814;16,1849;16,35142;16,51803;16,6849;16,8514;17,01815;17,185;17,35172;17,51831;17,68498;17,85174;18,01864;18,18535;18,35193;18,5182;18,68513;18,85195;19,01876;19,18541;19,35198;19,51896;19,68556;19,85209;20,01916;20,18551;20,35244;20,51885;20,68579;20,85216;21,01922;21,18573;21,35263;21,51907;21,68597;21,85266;22,01905;22,18599;22,35262;22,51927;22,68591;22,8525;23,01942;23,18622;23,35281;23,51957;23,68631;23,85286
B02;B1;;1;22,217;17,807;18,509;19,039;19,916;21,205;22,735;22,243;22,977;24,5;25,253;25,587;28,784;29,213;30,631;33,308;35,394;36,234;36,832;38,586;39,338;39,33;39,175;38,75;39,036;38,84;35,906;35,644;34,221;33,222;31,625;30,518;28,566;29,164;25,797;25,653;22,881;21,293;22,351;19,025;18,475;19,496;18,499;16,787;16,745;16,111;14,63;15,165;14,642;13,072;12,87;12,618;12,343;12,225;12,056;11,869;11,754;11,682;11,581;11,573;11,462;11,412;11,461;11,369;11,363;11,334;11,325;11,341;11,327;11,316;11,322;11,311;11,369;11,413;11,484;11,471;11,525;11,553;11,512;11,58;11,651;11,706;11,691;11,79;11,854;11,879;11,91;11,973;12,124;12,177;12,346;12,508;12,671;12,894;13,07;13,388;13,395;13,65;14,026;14,26;14,642;15,021;15,207;15,602;16,102;16,588;16,662;16,942;17,105;17,959;17,528;17,967;18,315;18,617;18,546;18,969;19,734;20,047;20,598;20,521;20,481;20,816;20,558;20,278;20,039;19,6;19,625;19,35;19,275;18,932;18,834;18,781;18,408;18,122;17,855;17,484;17,251;17,06;16,842;16,701;16,509;16,439;16,262;16,077
B03;B1;;1;26,09;25,556;27,488;28,19;28,784;29,001;29,789;32,24;34,822;37,276;39,955;36,343;38,648;37,865;37,14;35,737;38,034;38,607;37,89;39,897;39;38,885;38,452;37,949;38,047;37,006;35,986;35,14;34,19;33,625;32,303;31,379;30,115;28,818;28,642;25,228;25,266;23,81;23,058;23,877;20,996;21,116;20,135;20,213;18,899;18,377;18,16;17,978;17,181;16,854;16,476;15,744;15,403;15,147;14,778;14,255;13,764;13,476;13,081;12,741;12,318;12,188;11,713;11,529;11,612;11,392;11,325;11,303;11,236;11,126;11,13;11,136;11,157;11,215;11,236;11,23;11,304;11,335;11,338;11,377;11,445;11,447;11,525;11,574;11,665;11,757;11,814;11,92;12,051;12,286;12,326;12,518;12,805;12,848;13,178;13,31;13,529;13,758;14,065;14,495;15,013;15,161;15,194;15,822;15,726;16,594;16,1;16,219;16,759;17,395;17,283;17,39;17,592;18,073;18,295;18,438;19,235;19,576;20,032;19,73;19,598;19,724;18,927;18,757;18,53;18,596;18,506;18,378;18,17;17,905;17,774;17,461;17,197;16,966;16,69;16,488;16,275;16,213;16,021;15,784;15,671;15,596;15,429;15,304
B04;B1;;1;21,4;22,2;22,377;22,254;22,289;22,198;22,202;22,381;22,545;22,637;23,086;23,947;23,574;24,758;24,69;25,929;26,732;26,723;28,784;30,146;30,705;31,843;32,745;34,364;35,151;36,877;38,16;39,029;41,204;40,799;40,717;40,676;41,007;39,253;37,839;37,762;36,958;35,096;33,435;34,97;32,926;34,272;31,974;31,61;30,068;31,044;29,188;26,743;25,552;25,273;18,811;18,048;17,604;16,021;15,439;16,097;15,557;14,352;13,818;13,553;13,975;12,834;12,502;12,616;12,49;12,383;12,285;12,216;12,345;12,309;12,329;12,356;12,384;12,442;12,539;12,476;12,496;12,558;12,528;12,546;12,542;12,646;12,633;12,611;12,689;12,704;12,743;12,734;12,869;12,888;12,863;12,876;12,894;12,917;12,988;13,143;13,18;13,298;13,518;13,749;13,935;14,411;14,688;15,034;15,22;15,849;15,744;15,919;16,259;16,443;16,747;16,895;17,989;18,884;18,929;20,66;20,932;20,873;20,896;20,48;19,963;20,483;20,051;19,926;20,023;20,502;20,635;20,838;20,924;20,607;20,723;20,612;20,508;20,317;19,835;19,573;19,407;19,12;18,952;18,723;18,503;18,382;18,112;18,019
B05;B1;;1;21,943;21,299;22,813;22,856;23,226;23,278;24,65;24,789;25,221;25,719;25,39;25,364;25,491;26,199;26,574;26,674;27,849;28,017;27,622;28,776;30,382;31,784;31,941;33,214;33,13;34,649;35,819;37,238;37,801;37,6;38,498;38,177;37,515;37,007;36,314;35,203;34,823;34,192;31,359;34,255;34,207;29,61;31,888;31,096;27,563;28,009;29,161;27,665;25,16;25,035;22,272;21,04;20,832;16,537;15,738;16,98;13,214;13,439;12,708;12,683;12,153;11,439;11,457;11,246;11,241;11,073;11,037;10,995;10,962;11,001;10,988;11,062;11,067;11,161;11,162;11,314;11,365;11,466;11,509;11,556;11,608;11,607;11,727;11,67;11,622;11,72;11,715;11,762;11,854;11,858;11,922;11,917;11,901;12,02;11,98;11,988;12,036;12,073;12,182;12,264;12,438;12,503;12,648;12,912;13,108;13,414;13,85;14,227;14,625;15,127;15,083;14,957;15,012;15,257;15,579;15,768;16,232;17,241;17,602;18,66;19,131;19,58;19,412;19,287;18,787;18,868;18,894;19,003;19,145;19,111;19,07;19,202;19,063;18,866;18,543;18,231;18,189;17,909;17,632;17,491;17,239;17,086;16,857;16,684
B06;B1;;1;23,054;24,079;24,73;24,681;24,766;24,617;24,533;24,658;25,031;24,934;24,726;25,159;25,502;25,647;26,739;27,202;27,583;28,512;29,672;30,24;31,55;31,732;31,868;32,932;33,109;33,705;34,442;34,685;35,076;34,817;35,877;35,804;36,119;36,764;36,297;37,436;38,136;38,447;38,753;37,424;37,862;37,117;36,497;35,93;36,679;33,696;34,836;32,54;33,092;32,188;31,63;33,379;31,315;29,64;30,255;29,214;25,926;26,692;25,509;25,054;25,111;22,738;22,485;20,56;18,968;18,875;20,142;18,527;16,999;16,232;17,135;15,848;14,738;14,966;14,961;14,59;14,756;14,421;14,348;14,697;14,026;13,599;13,748;13,751;13,639;13,74;13,552;13,367;13,344;13,214;13,037;12,902;12,812;12,737;12,654;12,593;12,598;12,545;12,616;12,573;12,571;12,649;12,668;12,668;12,686;12,733;12,818;12,959;13,217;13,259;13,619;13,76;14,529;14,674;15,132;15,231;15,817;16,078;16,37;17,872;18,952;17,677;20,137;20,869;20,578;20,829;20,779;21,039;20,748;20,361;20,326;20,953;20,782;20,752;20,18;20,26;20,718;20,604;20,82;21,176;20,834;20,559;20,209;20,026
B07;B2;;1;23,616;25,894;19,349;21,469;23,141;24,942;25,972;24,252;30,679;30,155;33,473;31,684;32,111;34,719;33,696;34,392;35,021;34,795;34,536;36,531;36,587;37,703;38,181;38,367;37,866;38,726;39,364;39,356;39,521;38,437;39,072;38,956;38,253;37,912;38,494;37,391;39,135;37,422;38,659;38,33;36,843;35,438;34,788;34,95;34,412;34,474;35,17;32,843;33,677;34,815;32,253;33,909;29,72;29,55;28,665;30,317;29,104;27,701;23,344;24,081;23,601;20,396;18,802;18,382;17,433;16,381;15,553;15,115;14,412;13,836;12,812;12,754;12,236;12,193;11,625;11,418;11,324;11,255;11,221;11,33;11,116;11,155;11,203;11,11;11,095;11,121;11,022;11,086;11,092;11,121;11,106;11,152;11,108;11,083;11,161;11,18;11,128;11,151;11,235;11,277;11,34;11,35;11,343;11,409;11,428;11,47;11,6;11,683;11,838;11,827;12,093;12,2;12,489;12,543;12,726;12,798;13,331;13,488;13,54;13,645;13,839;14,116;14,407;14,521;14,688;14,99;15,205;15,661;15,741;15,705;16,255;16,528;16,756;16,752;16,955;16,895;17,419;17,292;17,679;17,488;17,641;18,636;18,4;17,917
B08;B2;;1;24,709;27,076;30,281;31,689;34,48;35,083;35,961;38,967;39,168;38,03;38,462;38,367;37,926;38,846;40,35;40,56;40,553;40,673;41,206;41,368;41,216;41,434;41,099;41,868;40,57;40,78;41,298;41,037;40,001;40,962;39,26;36,968;39,119;36,095;36,709;35,767;36,22;36,463;35,143;36,101;36,356;36,266;35,44;33,646;33,104;33,906;31,868;32,853;30,337;30,885;31,544;31,134;28,778;29,506;25,636;25,453;26,902;25,127;25,19;22,581;20,721;21,726;20,348;18,72;16,207;17,039;14,553;14,284;13,62;13,198;12,599;12,841;11,937;11,877;11,723;11,522;11,602;11,466;11,525;11,556;11,432;11,48;11,445;11,505;11,443;11,465;11,464;11,528;11,593;11,618;11,626;11,694;11,754;11,804;11,832;11,824;11,941;11,855;12,007;11,968;11,962;12,061;12,122;12,227;12,359;12,474;12,608;12,784;12,81;12,965;13,186;13,387;13,634;13,789;14,013;14,037;14,545;14,871;14,871;15,274;15,275;15,778;15,884;16,184;16,164;16,416;16,64;17,033;17,433;17,619;17,774;17,902;17,866;18,012;17,868;18,1;18,865;18,456;18,446;18,49;18,587;18,978;19,191;18,955
B09;B2;;1;34,927;26,099;22,747;28,335;31,16;30,642;33,693;32,861;32,529;34,884;35,596;35,4;36,324;37,368;38,039;38,476;38,612;39,732;40,325;41,048;40,214;40,652;40,316;39,349;40,051;38,927;39,416;39,509;38,222;36,345;35,877;33,965;32,547;31,491;31,975;29,192;27,166;26,268;24,6;24,509;22,385;20,469;19,106;18,464;16,424;16,001;15,846;15,175;14,907;13,596;12,963;12,825;12,656;12,143;12,094;12,079;11,881;11,702;11,657;11,71;11,65;11,637;11,56;11,59;11,561;11,541;11,488;11,544;11,483;11,491;11,471;11,523;11,504;11,547;11,635;11,575;11,686;11,636;11,632;11,663;11,688;11,713;11,78;11,737;11,778;11,833;11,834;12,009;12,078;12,085;12,254;12,4;12,491;12,724;12,697;12,95;13,01;13,116;13,332;13,502;14,004;14,083;14,256;14,661;14,451;14,644;14,942;15,16;15,519;15,701;15,851;16,391;16,163;16,258;16,602;16,79;17,044;16,992;17,288;17,624;17,669;17,815;17,894;17,95;18,234;18,24;18,407;18,521;19,029;18,546;18,621;18,821;18,562;18,561;18,492;18,332;18,203;18,196;18,354;18,574;18,036;17,969;17,919;17,846
B10;B2;;1;27,985;23,25;24,15;24,858;25,307;25,43;25,797;25,917;27,558;28,189;28,863;28,977;28,619;28,497;29,226;28,075;28,444;28,744;29,669;30,383;31,422;34,027;33,367;34,705;34,517;37,389;36,985;38,245;38,156;38,59;38,85;38,066;37,442;37,572;38,123;36,442;34,778;36,46;36,241;36,045;32,957;34,971;33,773;30,627;33,104;29,511;27,263;25,486;25,542;26,183;25,94;24,093;20,564;18,743;19,169;16,451;15,261;14,859;15,235;14,913;13,924;12,718;13,362;12,333;12,265;12,19;12,081;11,941;11,878;11,822;11,771;11,803;11,806;11,715;11,719;11,793;11,793;11,96;11,903;11,886;11,871;12,148;12,155;12,048;12,049;12,151;12,251;12,181;12,193;12,194;12,313;12,288;12,199;12,17;12,16;12,269;12,271;12,278;12,479;12,749;13,102;13,239;13,688;13,652;13,841;13,971;13,546;13,885;13,966;14,036;14,012;14,549;14,775;15,193;15,426;15,375;15,906;15,852;16,099;15,763;15,906;16,71;16,606;16,878;16,879;17,324;17,525;17,919;18,303;18,643;18,721;19,456;18,388;19,58;18,965;19,17;18,388;19,016;18,24;18,963;18,448;19,056;18,795;18,755
B11;B2;;1;26,467;20,63;20,83;21,604;21,863;22,458;23,674;23,749;24,308;25,026;26,825;26,884;27,536;29,609;30,976;32,998;35,225;36,583;36,988;39,64;41,487;41,65;40,939;43,572;44,379;44,575;42,31;43,78;39,257;43,401;43,967;39,675;40,248;40,47;39,218;41,082;38,989;39,79;35,759;38,195;35,264;31,313;34,287;31,583;31,862;33,992;29,491;29,407;28,486;30,547;29,774;27,564;29,07;27,627;25,825;24,742;25,937;25,014;23,536;22,865;20,386;19,958;16,973;15,987;16,401;16,998;14,502;14,05;13,962;13,563;13,585;13,603;13,494;13,578;13,53;13,501;13,577;13,54;13,657;13,675;13,63;13,672;13,734;13,721;13,838;13,757;13,86;13,921;13,967;13,816;13,902;13,943;13,962;14,06;13,859;13,922;13,951;13,904;14,013;13,935;13,932;14,038;13,98;13,979;14,026;14,168;14,264;14,25;14,405;14,462;14,631;14,835;14,826;15,221;15,438;15,541;15,446;15,842;15,84;15,881;16,088;16,803;16,863;16,487;16,498;17,033;17,173;17,278;17,218;18,128;18,051;18,617;18,471;18,343;18,348;19,449;19,222;19,764;19,753;20,022;20,05;20,752;21,055;21,266
C02;X1;;1;10,079;9,847;9,861;9,898;9,933;9,988;9,999;10,027;10,035;10,097;10,134;10,128;10,166;10,202;10,191;10,243;10,282;10,303;10,354;10,387;10,421;10,439;10,479;10,55;10,59;10,581;10,62;10,637;10,743;10,752;10,83;10,847;10,864;10,949;10,937;10,997;11,075;11,105;11,146;11,194;11,239;11,273;11,342;11,39;11,435;11,495;11,548;11,619;11,681;11,745;11,827;11,878;11,986;12,064;12,176;12,257;12,383;12,512;12,643;12,813;12,961;13,152;13,362;13,557;13,828;14,073;14,349;14,742;14,983;15,762;16,287;16,758;17,387;17,756;18,249;19,078;19,884;20,747;22,052;23,566;24,064;24,618;25,657;25,74;26,546;27,003;27,772;28,708;29,382;30,209;30,992;31,49;32,028;32,703;33,614;34,118;35,018;35,531;36,111;36,548;37,306;36,898;36,786;37,161;37,167;37,996;38,549;38,889;38,614;39,357;39,143;39,863;40,46;40,553;41,068;41,146;41,582;42,854;42,069;42,049;42,307;42,781;43,235;42,729;44,382;45,703;46,274;46,148;46,168;45,595;45,027;45,162;44,981;45,405;45,885;44,743;45,278;43,882;44,591;43,78;44,251;42,221;42,956;41,584
C03;X1;;1;13,023;9,911;9,94;9,972;10,002;10,021;10,063;10,102;10,14;10,179;10,202;10,2;10,249;10,298;10,315;10,318;10,375;10,4;10,434;10,492;10,514;10,519;10,576;10,616;10,674;10,678;10,714;10,717;10,799;10,832;10,882;10,916;10,902;10,945;10,996;10,979;11,078;11,053;11,108;11,076;11,149;11,186;11,238;11,311;11,332;11,378;11,458;11,595;11,66;11,721;11,837;11,937;12,027;12,195;12,338;12,433;12,603;12,776;12,958;13,183;13,366;13,6;13,918;14,071;14,904;15,349;16,027;16,058;16,103;16,81;17,872;18,925;19,535;19,272;20,476;21,027;21,019;22,534;23,268;24,495;24,659;25,6;25,677;27,499;27,01;28,301;28,829;29,364;29,336;32,259;31,637;33,076;32,11;33,047;33,051;34,387;33,655;34,54;36,564;36,506;36,356;35,593;35,877;36,817;36,995;37,465;36,729;37,123;35,543;35,731;37,456;37,514;36,428;37,936;37,007;36,188;37,423;37,282;37,538;38,466;37,824;38,237;38,095;37,579;37,233;37,752;37,229;36,489;35,437;36,076;37,511;35,553;34,766;34,124;34,028;33,326;33,183;32,862;32,839;32,515;32,913;31,541;32,043;31,11
C04;X1;;1;9,372;9,519;9,541;9,556;9,566;9,59;9,64;9,656;9,661;9,715;9,733;9,74;9,788;9,802;9,815;9,842;9,873;9,919;9,91;9,942;9,982;9,991;10,016;10,062;10,106;10,104;10,178;10,178;10,208;10,245;10,361;10,357;10,348;10,453;10,462;10,481;10,524;10,552;10,609;10,641;10,666;10,74;10,762;10,786;10,873;10,878;10,924;10,968;11;11,045;11,1;11,196;11,233;11,362;11,464;11,518;11,617;11,771;11,835;11,998;12,188;12,297;12,471;12,695;12,875;13,113;13,339;13,542;13,779;14,11;14,514;15,17;15,985;16,512;17,09;17,775;18,9;19,371;19,72;20,192;20,914;21,899;22,35;23,225;24,125;25,03;25,833;26,589;27,216;27,955;28,725;29,264;29,64;30,228;30,897;31,504;32,123;32,501;33,44;34,135;34,744;35,226;35,76;36,159;36,116;36,072;35,959;36,048;36,812;36,609;36,846;37,26;37,924;37,833;38,084;38,093;38,502;38,891;38,427;38,701;38,966;38,957;39,02;38,98;39,275;39,308;39,41;39,451;40,783;39,768;41,223;41,816;42,377;41,441;40,982;41,983;41,972;40,209;40,211;39,508;39,817;38,132;38,186;40,411
C05;X1;;1;9,871;9,959;9,974;9,988;10,009;10,011;10,1;10,068;10,144;10,172;10,171;10,2;10,214;10,291;10,277;10,325;10,365;10,403;10,424;10,502;10,542;10,558;10,653;10,693;10,754;10,772;10,752;10,675;10,684;10,672;10,75;10,784;10,77;10,831;10,874;10,924;10,936;11,015;11,07;11,132;11,17;11,249;11,273;11,325;11,387;11,488;11,555;11,616;11,677;11,773;11,854;11,937;12,03;12,122;12,279;12,354;12,479;12,584;12,677;12,813;12,941;13,148;13,294;13,431;13,644;13,839;14,031;14,389;14,652;14,874;15,23;15,507;15,763;16,062;16,405;16,737;17,136;18,8;19,132;20,462;21,203;22,094;22,864;23,834;24,967;25,825;26,626;27,403;28,06;28,698;29,278;29,852;30,318;31,043;31,611;32,358;33,224;34,006;34,853;35,434;35,796;35,947;36,208;36,415;36,424;36,626;37,02;37,255;37,193;37,906;37,985;38,268;38,5;39,066;39,143;39,645;40,375;40,417;40,675;41,102;41,609;41,34;41,979;42,7;43,094;43,584;43,573;45,44;46,059;45,701;45,627;46,165;45,547;46,37;47,08;46,004;46,034;44,728;47,114;47,226;45,396;45,227;45,764;45,2
C06;X1;;1;8,784;8,922;8,93;8,987;8,99;8,995;9,023;9,048;9,06;9,084;9,103;9,119;9,146;9,172;9,175;9,201;9,261;9,289;9,314;9,358;9,388;9,396;9,45;9,498;9,545;9,56;9,608;9,536;9,565;9,557;9,606;9,651;9,672;9,708;9,752;9,795;9,83;9,894;9,933;9,988;10,034;10,093;10,15;10,203;10,241;10,307;10,373;10,428;10,498;10,583;10,68;10,738;10,834;10,932;11,041;11,109;11,208;11,314;11,39;11,515;11,647;11,777;11,956;12,088;12,269;12,447;12,651;12,985;13,235;13,62;13,862;14,183;14,469;14,798;15,055;15,39;15,686;16,008;16,49;18,051;19,451;19,996;20,827;21,505;23,036;23,894;24,637;25,389;25,989;26,553;27,1;27,731;28,218;28,931;29,659;30,375;31,084;31,774;32,218;32,487;33,044;33,243;33,513;33,79;34,225;34,216;34,327;34,453;34,994;35,309;34,972;35,45;36,047;36,62;37,026;36,809;37,32;37,795;37,81;38,11;38,573;38,929;39,504;39,781;40,247;40,475;40,881;41,328;42,186;43,428;43,888;43,665;43,587;43,981;45,667;45,678;44,891;44,111;44,186;44,482;44,781;43,687;45,815;44,712
C07;X2;;1;8,689;8,768;8,773;8,81;8,849;8,852;8,865;8,859;8,887;8,93;8,932;8,948;8,963;8,992;9,003;9,028;9,043;9,075;9,088;9,128;9,161;9,142;9,199;9,226;9,231;9,261;9,291;9,324;9,374;9,404;9,419;9,474;9,503;9,503;9,516;9,56;9,602;9,669;9,667;9,739;9,747;9,854;9,892;9,906;9,965;10,048;10,105;10,084;10,133;10,166;10,198;10,222;10,266;10,316;10,349;10,374;10,428;10,494;10,472;10,507;10,561;10,574;10,597;10,629;10,737;10,72;10,739;10,805;10,85;10,853;10,87;10,951;10,922;10,983;10,953;11,029;11,023;11,025;11,074;11,11;11,079;11,168;11,2;11,18;11,251;11,297;11,306;11,33;11,349;11,407;11,488;11,569;11,593;11,696;11,8;11,795;11,892;12,021;12,13;12,209;12,311;12,477;12,558;12,717;12,839;12,95;13,016;13,249;13,198;13,585;13,47;13,686;13,806;14,085;14,265;14,165;14,552;14,657;14,883;15,118;15,157;15,33;15,608;15,867;15,822;16,066;16,433;16,67;16,843;17,14;17,215;17,805;18,043;17,858;18,029;18,002;18,539;18,628;18,459;18,939;18,922;18,727;19,201;18,856
C08;X2;;1;10,462;10,652;10,668;10,693;10,697;10,709;10,737;10,743;10,809;10,837;10,836;10,876;10,871;10,86;10,876;10,884;10,887;10,947;10,955;11,02;11,064;11,079;11,133;11,163;11,186;11,218;11,267;11,258;11,334;11,364;11,407;11,427;11,387;11,451;11,481;11,492;11,539;11,614;11,683;11,733;11,785;11,84;11,88;11,942;12,001;12,06;12,15;12,115;12,131;12,183;12,185;12,243;12,274;12,315;12,386;12,395;12,434;12,433;12,414;12,488;12,561;12,553;12,563;12,613;12,694;12,712;12,692;12,748;12,782;12,806;12,795;12,835;12,909;12,993;12,915;12,992;13,015;12,949;13,025;13,019;13,085;13,117;13,177;13,221;13,232;13,313;13,39;13,439;13,506;13,645;13,639;13,792;13,749;13,912;13,96;14,141;14,137;14,253;14,319;14,479;14,642;14,823;14,811;15,008;15,187;15,309;15,288;15,632;15,603;15,885;15,925;16,103;16,105;16,345;16,557;16,562;16,769;17,407;17,16;17,57;17,669;18,122;18,128;18,25;18,543;18,652;18,657;18,726;19,179;19,221;19,447;19,683;19,789;20,213;20,261;20,179;20,271;20,523;20,475;20,539;20,578;20,633;20,653;20,724
C09;X2;;1;11,944;9,483;9,519;9,553;9,586;9,573;9,62;9,652;9,685;9,722;9,76;9,785;9,816;9,871;9,874;9,88;9,946;9,988;10,014;10,043;10,09;10,179;10,18;10,25;10,28;10,246;10,324;10,3;10,375;10,394;10,5;10,534;10,493;10,55;10,604;10,654;10,69;10,697;10,761;10,814;10,862;10,896;10,976;11,059;11,1;11,126;11,1;11,113;11,151;11,218;11,265;11,3;11,346;11,362;11,398;11,384;11,407;11,431;11,427;11,443;11,527;11,555;11,601;11,611;11,639;11,677;11,668;11,748;11,736;11,806;11,866;11,918;11,917;12,008;12,092;12,155;12,208;12,244;12,367;12,449;12,456;12,603;12,683;12,754;12,821;13,045;13,067;13,255;13,252;13,368;13,475;13,733;13,834;13,968;14,17;14,131;14,173;14,439;14,606;14,677;14,886;15,242;15,302;15,615;15,697;15,765;16,287;16,455;16,265;16,278;16,825;17,306;16,921;17,365;17,628;17,212;17,644;17,929;17,893;17,961;18,222;18,693;18,683;19,022;18,93;18,943;19,026;19,291;19,301;19,291;19,4;19,412;19,428;19,566;19,492;19,378;19,706;19,886;19,587;19,826;19,601;19,807;19,607;19,639
C10;X2;;1;13,088;9,446;8,575;8,572;8,616;8,646;8,674;8,7;8,734;8,766;8,788;8,81;8,853;8,879;8,906;8,928;9,005;9,033;9,047;9,101;9,154;9,174;9,223;9,282;9,353;9,362;9,434;9,442;9,516;9,515;9,54;9,658;9,613;9,711;9,738;9,761;9,824;9,852;9,916;9,939;9,996;10,044;10,099;10,134;10,245;10,269;10,284;10,294;10,312;10,356;10,415;10,46;10,507;10,553;10,576;10,601;10,634;10,673;10,623;10,679;10,732;10,721;10,683;10,827;10,754;10,829;10,831;10,9;10,908;10,92;10,995;11,045;11,077;11,124;11,212;11,247;11,298;11,315;11,415;11,467;11,488;11,61;11,734;11,74;11,897;11,995;12,033;12,2;12,167;12,421;12,507;12,675;12,733;12,923;12,952;13,12;13,18;13,23;13,476;13,573;13,613;14,074;14,016;14,424;14,214;14,541;14,726;14,941;14,838;15,34;15,454;15,685;15,818;16,132;16,277;16,421;16,961;17,011;17,243;17,196;17,013;17,572;17,63;17,643;17,799;17,91;17,979;18,283;18,409;18,679;18,627;18,898;19,023;19,04;19,21;19,22;18,919;19,059;19,067;19,442;18,993;19,113;19,215;19,165
C11;X2;;1;11,921;11,84;11,879;11,897;11,926;11,961;11,985;12;12,052;12,083;12,089;12,118;12,129;12,162;12,202;12,199;12,257;12,268;12,311;12,342;12,396;12,415;12,434;12,525;12,591;12,61;12,676;12,689;12,71;12,701;12,763;12,796;12,807;12,883;12,912;12,946;12,992;13,027;13,086;13,171;13,163;13,246;13,289;13,343;13,429;13,417;13,494;13,488;13,469;13,51;13,545;13,637;13,65;13,733;13,794;13,808;13,867;13,864;13,855;13,896;14,003;13,986;14,024;14,051;14,093;14,11;14,122;14,206;14,178;14,211;14,21;14,254;14,297;14,371;14,369;14,349;14,344;14,368;14,428;14,404;14,461;14,442;14,491;14,53;14,603;14,65;14,669;14,708;14,742;14,853;14,879;14,947;14,931;15,055;15,119;15,171;15,29;15,341;15,436;15,485;15,544;15,768;15,815;15,988;15,995;15,963;16,255;16,306;16,323;16,536;16,776;16,905;16,78;17,008;17,208;17,27;17,414;17,633;17,765;17,831;17,922;18,219;18,096;18,402;18,491;18,694;19,068;19,116;19,331;19,394;19,663;19,944;20,628;20,575;20,399;20,448;20,527;20,978;21,343;21,386;21,618;21,608;22,029;21,819
D02;X3;;1;16,374;14,343;12,117;12,721;12,876;12,865;12,753;13,08;12,704;12,892;12,986;12,886;12,905;12,93;13,273;13,244;13,26;12,683;13,438;13,009;12,887;12,446;12,246;12,794;12,218;12,147;12,328;12,081;11,911;11,909;11,668;11,59;11,453;11,261;11,959;11,669;11,259;11,424;11,427;11,532;11,37;11,442;11,404;11,176;11,359;10,978;11,024;11,202;11,192;11,187;11,055;11,083;11,14;11,107;11,161;11,164;11,184;11,218;11,249;11,347;11,4;11,412;11,491;11,515;11,629;11,674;11,725;11,843;11,875;12,005;12,065;12,187;12,26;12,388;12,478;12,594;12,707;12,852;12,979;13,068;13,257;13,436;13,595;13,708;13,917;14,131;14,286;14,497;14,716;14,945;15,182;15,436;15,652;15,893;16,233;16,542;16,803;17,091;17,407;17,702;17,869;18,105;18,481;18,831;19,19;19,558;19,898;20,484;21,125;21,779;22,56;24,255;26,174;27,372;28,043;28,902;30,03;31,054;32,005;33,121;34,259;35,464;36,622;38,014;39,151;40,802;42,059;43,351;44,891;46,303;47,799;48,464;50,064;48,467;46,543;45,527;45,106;45,231;44,973;44,806;44,808;44,75;44,621;44,58
D03;X3;;1;15,776;16,502;15,293;15,08;15,76;14,811;15,708;15,377;16,1;15,099;15,034;15,024;14,741;14,736;14,43;14,603;14,634;14,898;14,538;14,306;14,511;14,171;14,374;13,86;14,246;14,013;13,953;13,637;13,065;13,66;13,74;13,293;13,299;12,62;13,286;12,725;12,184;12,691;12,549;12,248;12,172;12,124;11,639;11,052;11,487;11,15;11,62;10,703;10,804;10,98;10,663;10,676;10,473;10,508;10,576;10,343;10,291;10,367;10,212;10,405;10,373;10,417;10,369;10,442;10,519;10,554;10,62;10,703;10,772;10,853;10,934;11,011;11,117;11,255;11,353;11,475;11,602;11,723;11,869;11,966;12,157;12,277;12,48;12,615;12,775;12,988;13,156;13,351;13,614;13,836;14,054;14,314;14,568;14,829;15,129;15,443;15,715;16,016;16,225;16,41;16,745;17,069;17,425;17,636;17,951;18,337;18,667;18,989;19,423;19,808;20,276;20,817;21,362;22,081;23,851;25,304;26,503;27,464;28,452;29,306;30,311;31,483;32,538;33,978;35,133;36,535;38,157;39,573;41,148;42,401;43,491;44,474;45,045;45,837;46,566;46,529;46,694;46,525;45,918;44,729;43,365;42,743;42,391;42,218
D04;X3;;1;9,143;9,196;9,209;9,212;9,239;9,237;9,221;9,237;9,254;9,251;9,274;9,28;9,266;9,265;9,299;9,287;9,289;9,293;9,307;9,358;9,37;9,361;9,38;9,404;9,405;9,428;9,43;9,439;9,461;9,456;9,506;9,495;9,513;9,541;9,533;9,539;9,581;9,613;9,635;9,639;9,702;9,722;9,74;9,748;9,786;9,797;9,836;9,853;9,872;9,887;9,908;9,926;9,96;9,979;10,049;10,095;10,105;10,107;10,188;10,223;10,287;10,338;10,399;10,432;10,509;10,567;10,603;10,717;10,783;10,856;10,927;11,052;11,147;11,245;11,36;11,428;11,549;11,656;11,793;11,866;12,127;12,221;12,474;12,552;12,616;12,803;12,938;13,149;13,403;13,622;13,84;14,061;14,345;14,479;14,812;15,148;15,428;15,634;16,085;16,322;16,491;16,774;17,76;19,356;19,975;20,744;21,34;22,04;22,736;23,453;24,176;24,897;25,595;26,49;27,15;27,83;28,717;29,439;30,304;31,342;32,384;33,299;34,326;35,522;36,573;37,82;39,045;40,324;41,659;43,471;44,757;46,024;46,958;47,502;48,197;48,097;47,941;49,159;49,056;49,413;49,928;50,498;49,969;51,326
D05;X3;;1;8,837;8,886;8,908;8,91;8,911;8,915;8,926;8,919;8,945;8,971;8,935;8,941;8,946;8,996;8,982;8,997;8,991;9,006;9,009;9,027;9,043;9,048;9,032;9,059;9,078;9,083;9,097;9,119;9,124;9,13;9,147;9,196;9,187;9,184;9,232;9,221;9,241;9,298;9,275;9,286;9,339;9,366;9,367;9,41;9,437;9,445;9,454;9,505;9,517;9,511;9,55;9,599;9,603;9,624;9,705;9,71;9,765;9,767;9,825;9,894;9,934;9,983;10,02;10,053;10,151;10,187;10,237;10,344;10,4;10,457;10,552;10,654;10,704;10,838;10,926;10,996;11,134;11,222;11,345;11,473;11,588;11,739;11,896;12,048;12,205;12,389;12,584;12,714;12,919;13,128;13,32;13,542;13,765;14,027;14,271;14,569;14,846;15,123;15,45;15,67;15,876;16,183;16,672;18,792;19,365;19,898;20,513;21,185;21,855;22,634;23,279;24,037;24,713;25,489;26,14;26,876;27,775;28,658;29,453;30,427;31,376;32,36;33,582;34,446;35,601;36,928;38,153;39,504;40,962;42,058;43,115;44,179;44,771;45,391;45,945;46,348;46,563;46,674;46,654;45,835;46,91;47,089;47,679;48,129
D06;X3;;1;8,68;8,759;8,757;8,752;8,78;8,796;8,808;8,791;8,806;8,807;8,818;8,845;8,802;8,83;8,806;8,821;8,867;8,871;8,852;8,881;8,914;8,892;8,924;8,944;8,956;8,975;8,996;8,98;9,009;8,977;9,05;9,067;9,028;9,056;9,093;9,079;9,113;9,146;9,154;9,165;9,201;9,203;9,249;9,272;9,313;9,325;9,337;9,34;9,373;9,398;9,416;9,42;9,472;9,487;9,55;9,559;9,611;9,623;9,636;9,72;9,78;9,832;9,846;9,917;9,957;10,035;10,092;10,181;10,225;10,312;10,366;10,482;10,549;10,667;10,765;10,815;10,96;11,032;11,178;11,28;11,382;11,534;11,681;11,819;11,973;12,164;12,307;12,457;12,668;12,858;13,063;13,293;13,523;13,686;13,967;14,229;14,457;14,768;14,99;15,325;15,628;15,771;16,208;16,358;17,328;18,82;19,523;20,168;20,728;21,388;22,086;22,878;23,616;24,163;24,868;25,564;26,411;27,26;28,065;28,744;29,802;30,714;31,633;32,848;33,771;34,881;36,037;37,276;38,672;40,19;41,796;42,538;43,467;44,403;45,16;45,446;46,344;46,138;46,077;45,481;45,886;45,992;46,539;46,868
D07;X4;;1;8,879;8,925;8,942;8,932;8,944;8,948;8,973;8,953;8,962;8,985;8,979;8,979;9,001;9,003;9,013;8,994;9,022;9,03;9,026;9,048;9,071;9,031;9,07;9,104;9,109;9,111;9,104;9,109;9,137;9,14;9,165;9,186;9,163;9,201;9,215;9,21;9,259;9,25;9,275;9,314;9,308;9,376;9,381;9,427;9,43;9,473;9,502;9,526;9,555;9,608;9,636;9,685;9,723;9,776;9,843;9,889;9,971;10,021;10,037;10,134;10,208;10,311;10,372;10,462;10,587;10,652;10,749;10,883;10,972;11,123;11,238;11,402;11,517;11,702;11,867;12,027;12,242;12,474;12,691;12,872;13,008;13,29;13,529;13,751;13,96;14,29;14,59;14,982;15,398;15,83;16,287;16,782;17,201;17,759;18,299;18,8;19,374;19,975;20,577;21,213;21,847;22,487;23,111;23,841;24,572;25,311;25,905;26,692;27,519;28,324;28,953;29,608;30,289;30,752;31,486;32,027;33,065;33,704;34,311;35,296;36,051;36,572;37,559;38,118;38,42;39,056;39,723;40,353;40,856;41,42;42,059;42,689;43,289;43,83;44,603;44,894;45,617;46,343;46,783;47,354;47,86;48,389;49,028;49,478
D08;X4;;1;8,79;8,852;8,864;8,871;8,842;8,869;8,905;8,889;8,911;8,896;8,928;8,944;8,946;8,937;8,948;8,963;8,984;8,999;8,943;8,986;8,977;9;8,994;9,02;9,05;8,993;9,069;9,039;9,106;9,081;9,123;9,179;9,16;9,177;9,194;9,162;9,262;9,243;9,258;9,258;9,322;9,352;9,398;9,423;9,43;9,463;9,516;9,519;9,589;9,653;9,671;9,719;9,747;9,824;9,891;9,924;9,985;10,045;10,109;10,175;10,239;10,348;10,43;10,493;10,601;10,686;10,783;10,924;11,033;11,157;11,282;11,453;11,567;11,769;11,961;12,131;12,319;12,561;12,788;12,962;13,055;13,323;13,618;13,867;14,129;14,415;14,689;15,048;15,477;15,886;16,333;16,776;17,152;17,687;18,174;18,643;19,211;19,701;20,309;20,825;21,476;22,107;22,718;23,513;24,098;24,709;25,478;26,256;27,083;27,831;28,34;29,207;29,781;30,305;31,004;31,697;32,394;33,313;34,087;34,766;35,568;36,306;36,968;37,889;38,42;39,01;39,532;40,185;40,799;41,32;42,085;42,512;43,182;43,629;44,378;44,847;45,328;46,293;46,742;47,179;47,546;47,885;48,582;48,912
D09;X4;;1;8,576;8,635;8,644;8,633;8,609;8,669;8,667;8,649;8,677;8,698;8,709;8,701;8,712;8,703;8,724;8,756;8,76;8,729;8,773;8,767;8,786;8,756;8,789;8,822;8,862;8,805;8,832;8,855;8,87;8,866;8,935;8,914;8,903;8,952;8,958;8,957;9,016;9,008;9,026;9,079;9,115;9,106;9,149;9,178;9,223;9,218;9,261;9,292;9,335;9,349;9,416;9,423;9,459;9,528;9,588;9,628;9,7;9,75;9,801;9,884;9,945;10,017;10,102;10,197;10,281;10,364;10,451;10,584;10,671;10,792;10,913;11,065;11,171;11,393;11,531;11,723;11,887;12,09;12,287;12,606;12,772;12,958;13,217;13,433;13,682;14,061;14,418;14,804;15,26;15,712;16,202;16,677;17,175;17,723;18,318;18,905;19,485;20,102;20,762;21,461;22,205;22,801;23,547;24,269;25,1;25,794;26,416;27,328;28,21;28,928;29,65;30,401;31,018;31,714;32,35;32,99;33,809;34,609;35,357;36,179;36,947;37,587;38,069;38,854;39,125;39,667;40,068;40,657;41,065;41,739;42,089;42,685;43,129;43,833;44,489;44,992;45,002;46,151;46,239;46,602;46,897;47,431;47,804;48,221
D10;X4;;1;8,496;8,515;8,531;8,526;8,505;8,523;8,563;8,545;8,544;8,565;8,568;8,567;8,578;8,593;8,586;8,59;8,587;8,587;8,599;8,621;8,633;8,641;8,66;8,668;8,677;8,683;8,693;8,696;8,755;8,741;8,761;8,775;8,768;8,796;8,809;8,812;8,843;8,862;8,88;8,913;8,939;8,968;8,973;8,999;9,04;9,073;9,123;9,127;9,197;9,222;9,244;9,306;9,324;9,394;9,471;9,504;9,556;9,623;9,653;9,73;9,852;9,894;9,956;10,06;10,165;10,259;10,329;10,462;10,597;10,704;10,815;10,971;11,104;11,288;11,467;11,622;11,81;11,99;12,244;12,386;12,562;12,808;13,058;13,297;13,55;13,896;14,19;14,501;14,917;15,323;15,82;16,231;16,681;17,128;17,624;18,178;18,691;19,216;19,847;20,458;21,196;21,73;22,527;23,198;23,764;24,527;25,275;26,14;27,012;27,608;28,321;28,995;29,678;30,047;30,73;31,447;32,41;33,032;33,771;34,61;35,549;35,995;36,862;37,759;37,984;38,569;39,035;39,567;40,156;40,898;41,313;42,007;42,44;42,976;43,68;43,848;44,131;44,789;45,128;45,64;45,785;46,253;46,61;47,058
D11;X4;;1;15,366;15,543;15,569;15,588;15,616;15,612;15,611;15,647;15,648;15,663;15,702;15,669;15,717;15,666;15,701;15,714;15,762;15,738;15,87;16;15,982;16,021;16,026;16,041;16,145;16,078;16,158;16,099;16,183;16,154;16,268;16,275;16,247;16,274;16,287;16,249;16,351;16,35;16,371;16,371;16,434;16,402;16,476;16,473;16,576;16,576;16,611;16,604;16,641;16,678;16,693;16,743;16,809;16,843;16,898;16,956;16,996;17,025;17,112;17,198;17,29;17,309;17,416;17,51;17,627;17,656;17,759;17,903;18,011;18,141;18,24;18,386;18,493;18,698;18,847;18,954;19,184;19,341;19,553;19,749;19,84;20,099;20,296;20,498;20,757;21,027;21,29;21,593;21,946;22,324;22,771;23,119;23,413;23,872;24,274;24,777;25,301;25,739;26,319;26,782;27,35;27,881;28,447;29,146;29,7;30,248;30,848;31,641;32,337;32,908;33,462;34,115;34,525;35,126;35,738;36,22;37,011;37,798;38,385;39,222;40,019;40,581;41,142;41,812;42,291;42,731;43,435;43,804;44,303;44,887;45,311;46,315;46,797;47,345;48,073;48,71;49,021;49,965;50,302;50,631;51,435;51,565;51,955;52,566
E02;X5;;1;12,42;9,724;9,174;9,151;9,16;9,164;9,194;9,176;9,206;9,223;9,216;9,226;9,242;9,24;9,23;9,256;9,265;9,265;9,276;9,299;9,321;9,299;9,293;9,33;9,367;9,352;9,371;9,376;9,395;9,411;9,429;9,443;9,423;9,43;9,426;9,439;9,46;9,451;9,486;9,514;9,505;9,549;9,574;9,589;9,599;9,604;9,647;9,667;9,689;9,735;9,747;9,778;9,82;9,831;9,894;9,927;9,971;10,014;10,058;10,137;10,229;10,263;10,321;10,408;10,505;10,571;10,675;10,791;10,881;10,968;11,099;11,22;11,356;11,477;11,659;11,78;11,937;12,06;12,237;12,359;12,539;12,696;12,868;13,026;13,205;13,379;13,542;13,614;13,73;13,902;14,057;14,199;14,296;14,4;14,573;14,73;14,758;14,927;15,065;15,283;15,427;15,68;15,902;16,108;16,375;16,867;17,519;18,353;18,49;18,688;19,012;19,331;19,539;19,828;20,08;20,304;20,641;20,822;20,96;21,128;21,368;21,491;21,608;21,724;21,635;21,627;21,783;21,81;21,933;21,956;22,152;22,314;22,711;22,85;23,258;23,403;23,634;23,979;24,129;24,291;24,629;24,878;25,023;25,351
E03;X5;;1;11,549;9,247;8,597;8,623;8,6;8,61;8,644;8,653;8,673;8,664;8,685;8,663;8,716;8,696;8,693;8,701;8,697;8,722;8,721;8,732;8,754;8,742;8,733;8,804;8,771;8,763;8,804;8,786;8,835;8,841;8,869;8,883;8,855;8,862;8,882;8,871;8,891;8,904;8,929;8,906;8,973;8,999;8,994;8,999;9,044;9,049;9,075;9,102;9,122;9,136;9,154;9,189;9,245;9,256;9,327;9,363;9,401;9,437;9,458;9,582;9,647;9,713;9,761;9,808;9,916;10,021;10,098;10,211;10,285;10,39;10,515;10,654;10,737;10,922;11,027;11,137;11,341;11,442;11,609;11,743;11,91;12,071;12,238;12,416;12,573;12,753;12,845;12,902;13,06;13,257;13,392;13,516;13,624;13,709;13,839;13,974;14,049;14,171;14,29;14,482;14,603;14,781;14,935;15,196;15,385;15,746;16,236;17,443;17,525;17,73;18,005;18,381;18,599;18,881;19,162;19,427;19,782;19,974;20,154;20,241;20,35;20,3;20,478;20,578;20,731;20,836;21,003;21,076;21,216;21,368;21,516;21,712;21,809;21,955;22,093;22,131;22,292;23,072;23,373;23,599;23,842;24,056;24,384;24,659
E04;X5;;1;11,769;9,748;9,617;9,611;9,619;9,639;9,65;9,662;9,682;9,674;9,699;9,682;9,699;9,719;9,698;9,711;9,721;9,722;9,744;9,747;9,753;9,768;9,78;9,766;9,778;9,811;9,813;9,838;9,836;9,838;9,857;9,828;9,825;9,86;9,887;9,858;9,893;9,88;9,902;9,929;9,954;9,978;9,988;9,996;10,024;10;10,053;10,07;10,112;10,108;10,146;10,191;10,205;10,237;10,276;10,326;10,384;10,398;10,414;10,511;10,551;10,632;10,655;10,766;10,839;10,907;10,959;11,073;11,128;11,255;11,359;11,47;11,574;11,722;11,847;11,944;12,081;12,237;12,354;12,459;12,609;12,779;12,928;13,082;13,272;13,425;13,516;13,578;13,756;13,925;14,063;14,205;14,293;14,443;14,589;14,792;14,882;15,077;15,241;15,54;15,658;15,83;16,172;16,744;17,695;17,838;18,007;18,221;18,551;18,785;19,054;19,383;19,581;19,856;20,01;20,192;20,44;20,595;20,659;20,886;20,891;20,873;20,94;20,901;20,907;21,035;21,349;21,426;21,521;21,524;21,712;22,093;22,471;22,652;22,896;23,1;23,234;23,538;23,727;23,977;24,166;24,513;24,688;25,073
E05;X5;;1;9,03;8,735;8,738;8,758;8,757;8,772;8,808;8,788;8,816;8,821;8,815;8,81;8,816;8,81;8,861;8,839;8,881;8,895;8,859;8,888;8,918;8,871;8,938;8,989;8,977;8,972;8,971;8,987;8,985;8,991;9,029;9,033;9,014;9,045;9,062;9,013;9,064;9,087;9,085;9,096;9,118;9,13;9,135;9,137;9,189;9,177;9,22;9,226;9,252;9,294;9,282;9,337;9,335;9,39;9,447;9,48;9,508;9,554;9,575;9,678;9,725;9,815;9,857;9,914;10,019;10,089;10,173;10,3;10,35;10,444;10,552;10,671;10,781;10,915;11,017;11,1;11,294;11,416;11,555;11,69;11,851;12,018;12,165;12,306;12,493;12,687;12,736;12,83;12,952;13,095;13,261;13,378;13,483;13,578;13,702;13,817;13,892;14,005;14,16;14,342;14,547;14,681;14,87;15,154;15,723;16,75;16,982;17,055;17,344;17,624;17,892;18,224;18,487;18,736;18,935;19,229;19,507;19,624;19,684;19,724;19,841;19,865;20,028;20,123;20,208;20,264;20,72;20,719;20,844;21,092;21,026;21,11;21,337;21,476;21,509;21,996;22,245;22,566;22,721;22,948;23,126;23,419;23,69;23,961
E06;X5;;1;10,955;8,964;8,813;8,81;8,806;8,822;8,822;8,835;8,86;8,858;8,849;8,855;8,86;8,858;8,855;8,873;8,877;8,878;8,884;8,902;8,904;8,892;8,917;8,951;8,945;8,937;8,957;8,984;8,998;9,015;9,054;9,046;9,052;9,045;9,093;9,113;9,134;9,136;9,171;9,148;9,17;9,21;9,198;9,216;9,216;9,225;9,295;9,281;9,325;9,353;9,388;9,375;9,421;9,456;9,516;9,545;9,59;9,65;9,626;9,72;9,777;9,829;9,904;9,985;10,042;10,133;10,207;10,3;10,37;10,478;10,572;10,664;10,784;10,939;11,057;11,14;11,298;11,429;11,589;11,753;11,92;12,088;12,232;12,413;12,589;12,753;12,898;12,981;13,067;13,194;13,35;13,477;13,605;13,739;13,862;14,003;14,153;14,259;14,463;14,703;14,906;15,116;15,269;15,543;15,979;16,685;17,509;17,533;17,815;18,059;18,357;18,728;18,9;19,139;19,34;19,587;19,906;20,089;20,298;20,416;20,603;20,604;20,59;20,672;20,562;20,564;20,674;20,811;20,765;20,846;21,013;21,214;21,504;21,352;21,905;22,09;22,4;22,6;22,843;22,999;23,21;23,453;23,636;23,904
E07;X6;;1;13,189;11,503;10,006;9,016;8,688;8,603;8,661;8,659;8,677;8,671;8,682;8,677;8,664;8,689;8,703;8,714;8,704;8,694;8,696;8,735;8,758;8,718;8,771;8,783;8,785;8,777;8,797;8,814;8,832;8,796;8,883;8,873;8,872;8,914;8,91;8,93;8,988;8,997;9,015;9,065;9,087;9,085;9,111;9,096;9,189;9,201;9,213;9,216;9,239;9,229;9,209;9,227;9,173;9,249;9,32;9,26;9,284;9,266;9,229;9,343;9,318;9,309;9,352;9,358;9,372;9,37;9,397;9,411;9,42;9,396;9,431;9,444;9,473;9,497;9,526;9,482;9,503;9,522;9,541;9,548;9,529;9,562;9,531;9,569;9,575;9,611;9,571;9,554;9,618;9,63;9,642;9,626;9,624;9,62;9,655;9,685;9,674;9,675;9,671;9,734;9,745;9,702;9,719;9,725;9,754;9,825;9,786;9,753;9,81;9,836;9,783;9,828;9,81;9,853;9,85;9,875;9,843;9,898;9,895;9,89;9,881;9,895;9,903;9,948;9,899;9,893;9,931;9,976;9,931;9,974;9,985;9,994;9,978;9,984;10,011;10;10,033;10,069;10,108;10,04;10,064;10,112;10,112;10,132
E08;X6;;1;12,149;8,72;8,384;8,398;8,419;8,427;8,396;8,43;8,435;8,432;8,479;8,426;8,458;8,462;8,465;8,483;8,476;8,466;8,499;8,492;8,542;8,509;8,563;8,557;8,552;8,551;8,536;8,581;8,644;8,605;8,657;8,657;8,616;8,657;8,712;8,712;8,746;8,751;8,787;8,775;8,821;8,857;8,849;8,854;8,882;8,918;8,927;8,961;8,895;8,936;8,944;8,934;8,977;8,97;8,996;8,999;9,013;8,953;8,982;9,01;9,064;9,056;9,065;9,075;9,069;9,101;9,088;9,153;9,135;9,116;9,174;9,191;9,228;9,218;9,22;9,231;9,249;9,251;9,264;9,215;9,236;9,273;9,296;9,314;9,271;9,297;9,29;9,294;9,315;9,33;9,343;9,343;9,359;9,345;9,367;9,357;9,334;9,349;9,401;9,434;9,406;9,387;9,375;9,423;9,439;9,446;9,45;9,488;9,439;9,488;9,457;9,455;9,461;9,492;9,484;9,517;9,527;9,496;9,514;9,506;9,487;9,511;9,509;9,554;9,535;9,586;9,552;9,566;9,546;9,582;9,579;9,599;9,6;9,622;9,625;9,634;9,629;9,665;9,631;9,679;9,648;9,712;9,668;9,708
E09;X6;;1;8,02;7,939;8,007;8,005;7,98;8,008;7,939;7,977;7,984;8,05;8,096;8,045;8,049;8,086;8,056;8,08;8,075;8,072;8,072;8,096;8,177;8,113;8,142;8,111;8,179;8,185;8,168;8,171;8,22;8,227;8,264;8,251;8,255;8,29;8,324;8,306;8,34;8,378;8,392;8,405;8,434;8,435;8,483;8,488;8,55;8,543;8,579;8,589;8,578;8,553;8,613;8,618;8,668;8,626;8,656;8,672;8,659;8,648;8,63;8,685;8,712;8,725;8,703;8,758;8,749;8,748;8,749;8,801;8,77;8,812;8,843;8,817;8,845;8,804;8,834;8,809;8,864;8,861;8,833;8,849;8,874;8,884;8,878;8,907;8,853;8,88;8,884;8,849;8,919;8,876;8,869;8,884;8,881;8,87;8,912;8,883;8,916;8,919;8,925;8,972;8,915;8,939;8,933;8,956;8,946;8,96;8,987;8,946;8,971;8,997;8,961;8,977;8,994;8,958;9,002;9,001;8,993;8,971;8,993;9,004;8,991;8,967;9,001;9,006;8,999;9,007;9,032;9,017;9,009;9,031;9,045;9,041;9,038;9,073;9,092;9,075;9,041;9,064;9,098;9,098;9,064;9,089;9,151;9,128
E10;X6;;1;10,456;10,689;10,2;9,962;10,045;10,028;10,17;10,064;10,103;10,073;10,178;10,1;10,104;10,098;10,105;10,056;10,085;10,092;10,15;10,154;10,274;10,144;10,149;10,233;10,304;10,138;10,217;10,283;10,382;10,245;10,305;10,249;10,268;10,401;10,337;10,28;10,42;10,396;10,405;10,423;10,427;10,466;10,43;10,483;10,545;10,582;10,632;10,631;10,59;10,652;10,515;10,549;10,624;10,636;10,665;10,632;10,662;10,81;10,801;10,655;10,742;10,83;10,703;10,766;10,716;10,645;10,678;10,737;10,708;10,762;10,751;10,718;10,717;10,754;10,728;10,704;10,739;10,734;10,72;11,024;10,956;10,959;10,961;10,994;10,94;10,959;10,936;10,925;10,934;10,93;10,991;10,962;10,954;10,933;10,988;11,023;11,05;10,988;11,143;11,098;11,073;11,003;11,025;11,039;11,006;11,149;11,099;10,993;11,024;11,004;11,112;11,073;11,191;11,044;11,049;11,12;11,086;11,042;11,081;11,024;11,071;11,112;11,223;11,124;11,069;11,253;11,059;11,047;11,066;11,065;11,081;11,09;11,065;11,11;11,263;11,094;11,072;11,091;11,1;11,083;11,105;11,155;11,109;11,131
E11;X6;;1;14,909;12,977;12,067;11,665;11,661;11,695;11,703;11,733;11,719;11,766;11,75;11,73;11,761;11,752;11,754;11,778;11,78;11,763;11,784;11,823;11,833;11,834;11,853;11,863;11,848;11,844;11,866;11,877;11,918;11,892;11,971;11,928;11,959;11,989;12,008;11,997;12,045;12,04;12,057;12,065;12,092;12,183;12,167;12,177;12,236;12,273;12,295;12,277;12,265;12,273;12,264;12,298;12,316;12,311;12,335;12,347;12,348;12,32;12,321;12,399;12,403;12,403;12,447;12,439;12,439;12,437;12,424;12,467;12,46;12,481;12,467;12,481;12,505;12,526;12,532;12,49;12,54;12,558;12,531;12,529;12,522;12,54;12,57;12,562;12,559;12,598;12,564;12,589;12,576;12,585;12,58;12,607;12,592;12,576;12,602;12,603;12,621;12,611;12,638;12,678;12,675;12,636;12,619;12,639;12,664;12,685;12,66;12,649;12,645;12,649;12,661;12,678;12,655;12,695;12,655;12,654;12,702;12,695;12,69;12,666;12,696;12,678;12,706;12,716;12,721;12,724;12,665;12,974;13,09;13,059;13,047;13,045;12,998;13,013;13,015;13,032;12,983;13,02;13,019;12,979;13,028;13,01;13,004;13,03
F02;X7;;1;25,9;21,429;19,955;19,547;19,008;18,654;18,945;18,035;18,175;17,805;17,377;17,477;17,15;17,351;16,852;16,152;16,509;15,41;15,256;15,207;15,179;15,04;15,032;14,867;14,943;14,741;14,513;14,429;14,111;13,681;13,5;13,179;13,071;12,242;12,382;12,313;12,153;12,369;12,185;12,504;12,579;12,394;12,543;12,729;12,75;12,697;12,612;13,048;12,926;12,907;13,025;12,749;12,739;12,504;12,823;12,436;12,06;11,96;11,938;11,796;11,66;11,689;11,676;11,58;11,768;11,748;11,698;11,69;11,703;11,735;11,812;11,827;11,91;12,008;12,089;12,172;12,282;12,367;12,464;12,506;12,606;12,725;12,842;12,893;12,973;13,094;13,179;13,255;13,42;13,543;13,715;13,861;14,037;14,233;14,435;14,648;14,797;14,983;15,127;15,231;15,248;15,346;15,506;15,625;15,736;15,853;15,954;16,061;16,262;16,472;16,68;16,969;17,138;17,41;17,657;17,881;18,21;18,445;18,702;18,968;19,294;19,596;19,877;20,22;20,513;20,777;21,184;21,542;21,949;22,355;22,802;23,35;23,711;24,096;24,399;24,813;24,838;25,187;25,386;25,611;25,687;25,962;26,14;26,137
F03;X7;;1;18,539;15,727;15,738;15,498;15,108;14,917;14,49;14,6;14,585;14,339;14,161;14,416;14,019;13,936;13,852;14,037;13,72;13,974;13,851;13,969;13,926;13,795;14,079;13,699;14,235;14,156;14,029;14,13;14,188;13,955;14,133;13,86;13,542;13,4;13,214;13,334;13,009;12,791;12,955;12,718;12,783;12,886;12,277;12,267;12,287;11,76;11,82;11,564;11,639;11,756;11,121;11,183;11,05;10,777;11,054;10,879;10,631;10,601;10,657;10,614;10,629;10,659;10,625;10,646;10,655;10,7;10,749;10,812;10,793;10,853;10,907;10,991;10,989;11,107;11,115;11,19;11,284;11,342;11,432;11,493;11,614;11,7;11,797;11,899;11,957;12,101;12,198;12,273;12,411;12,549;12,662;12,794;12,956;13,084;13,224;13,434;13,565;13,728;13,906;14,127;14,189;14,229;14,396;14,589;14,749;14,878;15,017;15,118;15,306;15,482;15,654;15,904;16,092;16,3;16,474;16,684;16,993;17,26;17,522;17,951;18,389;18,837;19,958;20,307;20,842;21,254;21,727;22,322;22,925;23,552;24,148;24,814;25,554;26,274;27;27,626;28,138;28,667;29,002;29,09;29,222;29,232;29,144;28,9
F04;X7;;1;28,496;25,321;22,107;21,646;19,975;19,242;19,116;18,454;18,345;18,147;18,178;17,357;17,294;16,82;16,125;15,821;15,509;15,285;15,225;15,266;15,158;14,873;14,903;14,63;14,458;14,278;14,151;14,061;13,913;13,771;13,653;13,366;13,421;13,116;12,926;12,731;12,649;12,383;12,341;12,241;12,472;12,2;12,408;12,163;12,308;11,929;12,12;12,263;12,231;12,183;12,316;12,253;12,085;12,129;12,19;11,948;11,957;11,898;11,691;11,665;11,691;11,596;11,577;11,614;11,595;11,643;11,715;11,832;11,862;11,995;12,072;12,174;12,277;12,391;12,492;12,59;12,717;12,862;12,992;13,098;13,274;13,433;13,615;13,788;14,023;14,19;14,263;14,356;14,534;14,698;14,863;15,003;15,121;15,255;15,368;15,593;15,712;15,915;16,121;16,367;16,602;16,797;17,045;17,27;17,562;17,819;18,02;18,292;18,571;18,846;19,144;19,479;19,734;20,075;20,395;20,685;21,146;21,554;21,842;22,173;22,52;22,708;22,972;23,106;23,218;23,304;23,491;23,674;23,625;24,054;24,101;24,199;24,193;24,203;24,107;24,103;24,051;23,912;23,903;23,832;23,687;23,69;23,694;23,788
F05;X7;;1;24,444;16,086;15,722;15,543;14,499;14,21;13,87;13,35;13,268;13,185;12,866;12,214;12,094;12,372;11,944;12,15;12,205;12,289;12,38;12,307;12,389;12,289;12,552;12,456;12,657;12,527;12,565;12,474;12,703;12,819;12,61;12,637;12,541;12,273;12,136;12,046;12,007;11,805;12,075;11,564;11,429;11,321;11,269;11,176;10,949;10,995;10,776;10,755;10,704;10,735;10,556;10,446;10,452;10,429;10,4;10,405;10,342;10,36;10,338;10,415;10,434;10,389;10,433;10,445;10,471;10,52;10,58;10,612;10,624;10,67;10,785;10,866;10,888;11,003;11,081;11,116;11,237;11,272;11,348;11,423;11,515;11,57;11,648;11,72;11,791;11,873;11,97;12,075;12,193;12,352;12,465;12,639;12,828;12,992;13,191;13,434;13,575;13,731;13,906;13,984;14,059;14,174;14,295;14,424;14,532;14,654;14,706;14,854;15,019;15,217;15,402;15,679;15,875;16,181;16,401;16,655;17,028;17,285;17,566;17,932;18,219;18,635;18,905;19,238;19,593;19,95;20,348;20,676;21,13;21,524;21,952;22,424;22,718;22,974;23,248;23,453;23,695;23,892;24,177;24,204;24,423;24,631;24,668;24,781
F06;X7;;1;33,204;23,105;20,639;19,306;18,025;17,126;17,07;16,474;16,144;15,632;15,483;15,089;15,119;14,815;14,902;14,807;14,575;13,68;13,896;13,788;13,443;13,204;13,007;12,936;12,74;11,963;11,932;11,842;12,047;11,85;11,908;11,994;11,952;12,114;12,018;11,949;12,201;12,134;11,842;11,757;11,716;11,875;11,625;11,539;11,425;11,347;11,458;11,381;11,123;11,18;11,069;11,014;11,109;10,849;10,803;10,91;10,81;10,652;10,568;10,634;10,51;10,492;10,468;10,52;10,505;10,554;10,597;10,673;10,691;10,724;10,788;10,843;10,882;10,939;10,97;11,036;11,107;11,188;11,255;11,297;11,398;11,464;11,561;11,69;11,821;11,942;12,075;12,227;12,398;12,51;12,672;12,82;12,953;13,061;13,227;13,408;13,51;13,657;13,808;13,912;13,965;14,08;14,246;14,427;14,636;14,8;14,904;15,067;15,277;15,514;15,744;16,064;16,265;16,538;16,771;17,023;17,389;17,677;17,915;18,24;18,568;18,846;19,197;19,597;19,987;20,29;20,707;21,145;21,624;22,079;22,555;22,922;23,206;23,436;23,724;24,072;24,139;24,701;24,93;25,098;25,366;25,556;25,568;25,741
F07;X8;;1;10,896;9,398;9,215;9,119;9,199;9,228;9,231;9,196;9,22;9,275;9,205;9,236;9,231;9,265;9,24;9,218;9,199;9,262;9,279;9,247;9,241;9,24;9,293;9,278;9,322;9,251;9,264;9,265;9,276;9,279;9,335;9,307;9,257;9,302;9,357;9,297;9,328;9,288;9,365;9,383;9,364;9,418;9,343;9,416;9,41;9,449;9,419;9,447;9,476;9,518;9,488;9,485;9,514;9,562;9,623;9,631;9,642;9,66;9,691;9,774;9,784;9,764;9,863;9,914;9,927;9,957;10,007;10,032;10,093;10,13;10,187;10,253;10,273;10,33;10,406;10,467;10,554;10,641;10,717;10,8;10,896;10,996;11,117;11,167;11,304;11,379;11,458;11,558;11,695;11,832;11,971;12,078;12,245;12,429;12,569;12,812;13,039;13,164;13,427;13,664;13,87;14,07;14,279;14,544;14,782;15,085;15,363;15,599;15,894;16,149;16,528;16,902;17,132;17,497;17,644;17,945;18,408;18,719;19,012;19,304;19,521;19,692;20,003;20,252;20,461;20,597;20,885;21,092;21,335;21,614;21,962;22,344;22,604;22,994;23,439;23,864;24,166;24,566;24,99;25,226;25,694;26,073;26,197;26,486
F08;X8;;1;14,122;10,505;9,588;9,56;9,56;9,566;9,566;9,565;9,587;9,554;9,586;9,548;9,575;9,599;9,585;9,577;9,573;9,577;9,598;9,612;9,634;9,615;9,637;9,654;9,635;9,637;9,65;9,651;9,641;9,644;9,683;9,696;9,679;9,683;9,7;9,66;9,716;9,741;9,739;9,715;9,737;9,819;9,747;9,793;9,799;9,831;9,798;9,849;9,83;9,918;9,908;9,898;9,96;9,979;10,015;10,037;10,064;10,045;10,082;10,096;10,191;10,232;10,263;10,316;10,339;10,364;10,417;10,483;10,522;10,569;10,599;10,674;10,73;10,791;10,849;10,916;11,023;11,088;11,178;11,24;11,355;11,454;11,578;11,67;11,718;11,83;11,95;12,052;12,19;12,266;12,412;12,508;12,642;12,842;13,014;13,185;13,399;13,572;13,795;13,997;14,248;14,398;14,649;14,894;15,152;15,39;15,66;15,9;16,22;16,475;16,751;17,187;17,391;17,748;17,963;18,112;18,619;18,999;19,181;19,463;19,765;19,932;20,214;20,491;20,666;20,875;21,039;21,353;21,581;21,744;22,062;22,441;22,578;22,799;23,194;23,578;23,846;24,286;24,676;24,953;25,272;25,732;26,045;26,507
F09;X8;;1;11,87;9,89;9,93;9,923;9,917;9,898;9,918;9,879;9,913;9,943;9,945;9,908;9,963;9,961;9,936;9,942;9,97;9,95;9,994;9,987;10,031;10,001;10,002;10,01;10,012;10,023;10,011;10,026;10,003;10,03;10,051;10,096;10,001;10,058;10,053;10,055;10,08;10,074;10,114;10,06;10,12;10,162;10,14;10,179;10,203;10,196;10,174;10,239;10,236;10,273;10,291;10,315;10,315;10,35;10,383;10,401;10,463;10,453;10,458;10,514;10,551;10,598;10,631;10,663;10,71;10,7;10,753;10,839;10,867;10,934;10,998;11,042;11,1;11,198;11,256;11,311;11,421;11,512;11,582;11,643;11,794;11,912;12,039;12,187;12,208;12,303;12,399;12,51;12,652;12,723;12,886;12,984;13,146;13,297;13,489;13,696;13,895;14,051;14,274;14,495;14,71;14,908;15,159;15,401;15,638;15,879;16,132;16,423;16,682;16,978;17,309;17,714;17,934;18,292;18,413;18,774;19,146;19,484;19,661;20,029;20,264;20,502;20,718;21,017;21,151;21,45;21,628;21,935;22,135;22,335;22,645;22,942;23,233;23,48;23,869;24,224;24,586;25,129;25,382;25,702;25,985;26,456;26,803;27,158
F10;X8;;1;10,738;10,472;10,545;10,577;10,55;10,569;10,576;10,601;10,592;10,612;10,603;10,54;10,613;10,574;10,59;10,612;10,617;10,604;10,611;10,648;10,636;10,676;10,667;10,693;10,639;10,657;10,669;10,644;10,667;10,655;10,726;10,76;10,667;10,703;10,757;10,709;10,753;10,738;10,768;10,741;10,766;10,826;10,741;10,769;10,821;10,806;10,831;10,858;10,838;10,904;10,89;10,866;10,909;10,928;10,999;11,017;11,06;11,05;11,047;11,148;11,157;11,155;11,198;11,267;11,295;11,307;11,319;11,381;11,405;11,485;11,528;11,611;11,658;11,709;11,756;11,82;11,887;11,967;12,047;12,079;12,196;12,307;12,378;12,466;12,596;12,75;12,829;12,932;13,031;13,102;13,228;13,309;13,451;13,582;13,735;13,872;14,032;14,188;14,375;14,619;14,811;14,992;15,188;15,417;15,609;15,895;16,067;16,297;16,591;16,856;17,167;17,534;17,736;17,967;18,355;18,579;18,992;19,27;19,517;19,844;20,286;20,588;20,815;21,159;21,313;21,558;21,898;22,081;22,347;22,615;22,908;23,146;23,417;23,64;23,949;24,335;24,606;25,267;25,541;25,921;26,143;26,541;26,874;27,28
F11;X8;;1;11,588;11,225;11,298;11,275;11,28;11,284;11,307;11,307;11,312;11,322;11,305;11,277;11,345;11,315;11,31;11,322;11,344;11,334;11,333;11,34;11,37;11,361;11,369;11,389;11,336;11,371;11,396;11,345;11,414;11,36;11,435;11,392;11,425;11,445;11,439;11,43;11,477;11,448;11,461;11,418;11,474;11,546;11,525;11,501;11,549;11,533;11,568;11,581;11,564;11,6;11,61;11,637;11,631;11,647;11,67;11,742;11,768;11,723;11,76;11,854;11,876;11,897;11,925;11,975;11,986;12,006;12,068;12,124;12,169;12,248;12,251;12,343;12,418;12,465;12,559;12,567;12,67;12,762;12,868;12,945;13,015;13,121;13,273;13,363;13,513;13,614;13,658;13,789;13,901;14,023;14,152;14,281;14,384;14,538;14,727;14,929;15,107;15,283;15,524;15,755;15,941;16,125;16,373;16,608;16,887;17,097;17,383;17,627;17,957;18,211;18,505;18,895;19,2;19,412;19,787;19,952;20,369;20,771;21,046;21,318;21,585;21,844;22,041;22,377;22,522;22,758;23,089;23,32;23,605;23,801;24,105;24,453;24,698;25,084;25,486;25,852;26,113;26,559;26,939;27,163;27,61;27,966;28,125;28,446
G02;B3;;1;19,323;16,399;16,981;16,387;17,12;16,94;15,54;19,372;17,397;17,956;18,568;16,122;16,019;19,649;18,074;18,629;16,429;14,766;18,541;15,176;17,537;16,848;18,934;19,208;19,062;17,523;17,87;18,294;18,643;14,334;18,142;16,446;18,472;15,539;20,151;19,002;18,611;17,022;18,218;18,603;18,806;19,708;18,716;19,168;18,947;17,933;19,176;18,442;19,251;16,53;18,729;18,003;18,123;17,297;19,324;18,843;19,895;18,693;18,961;18,055;18,845;19,124;19,464;18,464;20,143;19,401;18,085;14,701;19,441;17,208;21,009;17,351;18,566;19,168;19,095;19,302;19,372;18,523;15,989;19,676;19,454;19,213;18,05;17,963;18,856;19,061;18,898;19,737;20,196;19,375;19,797;19,31;18,843;14,836;20,964;18,456;19,329;19,261;19,111;19,389;19,464;16,42;18,864;18,769;18,966;19,523;18,424;18,289;16,801;19,321;17,044;20,33;21,234;19,77;19,238;19,456;16,136;19,012;19,6;18,561;19,099;16,284;20,353;18,928;17,461;18,861;19,542;19,337;18,92;18,084;19,007;18,925;18,699;19,191;18,677;20,3;20,056;19,012;19,054;18,753;19,036;19,645;19,032;19,307
G03;B3;;1;15,672;15,232;16,56;16,972;14,669;14,449;16,348;13,864;16,008;14,734;15,308;14,989;15,806;14,946;15,608;16,035;14,582;14,465;14,507;14,501;14,987;15,499;13,696;14,738;14,814;14,738;14,788;14,578;14,855;15,06;14,908;15,789;16,178;15,549;15,092;14,123;14,756;14,775;14,58;14,919;14,534;15,305;15,184;15,244;14,489;14,75;14,706;14,972;14,917;15,293;14,238;15,021;15,424;15,233;15,16;15,255;14,842;14,657;15,54;14,701;14,417;14,519;14,488;15,002;14,536;14,908;15,153;14,8;15,139;14,404;15,612;15,029;14,66;14,832;14,591;14,858;14,856;14,575;14,779;14,907;15,729;15,697;15,562;16,1;16,093;16,448;15,832;15,252;14,894;15,458;15,777;16,073;16,127;15,238;15,434;16,179;16,061;16,136;17,121;16,641;16,237;16,437;15,62;16,218;16,362;16,011;16,792;16,452;15,849;16,617;16,993;16,022;16,562;15,965;16,012;16,533;16,216;15,989;16,402;16,405;15,938;16,694;16,34;16,823;16,303;16,906;16,739;16,633;17,009;16,535;16,422;17,263;17,137;17,248;16,21;16,047;16,097;16,709;16,038;15,908;16,242;17,485;16,722;16,206
G04;B3;;1;13,254;17,967;15,619;18,92;15,819;15,784;16,278;16,474;16,3;16,847;17,158;16,434;16,5;16,899;17,189;20,147;16,976;16,417;22,544;16,633;21,429;17,839;17,16;13,982;17,779;12,732;17,247;18,35;16,044;22,352;20,11;17,954;22,847;18,881;22,321;19,175;19,217;19,642;13,322;24,893;16,641;19,721;19,324;22,018;21,517;21,016;19,314;14,397;21,064;21,057;22,272;18,722;18,807;15,136;19,459;21,951;21,523;24,698;21,834;18,062;21,773;18,628;16,594;19,193;20,01;17,528;12,783;16,251;22,228;17,857;22,394;19,7;22,18;20,641;13,869;22,102;21,136;19,565;15,264;20,539;19,164;18,253;19,673;16,667;22,121;19,021;19,139;20,225;18,626;19,78;20,784;19,304;21,87;17,304;13,299;22,032;19,286;13,657;22,368;19,044;20,831;20,286;16,964;17,99;19,32;20,53;20,833;22,424;20,399;19,988;21,179;21,565;20,924;17,642;18,993;20,362;19,155;16,298;18,481;18,815;22,081;20,054;19,518;21,631;15,826;17,7;19,368;18,577;19,524;19,341;18,557;19,85;17,231;19,235;17,717;20,125;19,524;18,86;19,087;20,508;18,134;17,996;20,893;18,463
G05;B3;;1;12,182;17,403;15,17;18,321;16,612;17,894;14,997;16,096;17,312;15,256;17,325;19,336;17,047;14,925;15,719;15,224;16,218;16,098;14,649;15,61;14,514;17,28;15,185;16,103;17,243;16,273;14,972;15,335;14,563;16,589;15,312;14,051;13,833;13,154;13,647;16,042;15,546;12,985;13,173;15,514;15,242;13,893;15,188;14,61;15,679;15,474;15,378;15,919;14,99;15,486;14,644;15,176;13,949;16,127;15,046;15,416;14,622;14,798;14,818;15,27;15,499;14,157;14,509;15,131;14,444;15,892;14,756;14,929;15,386;14,64;15,082;15,477;14,788;14,546;15,115;15,092;14,591;14,942;14,559;15,929;15,06;15,478;14,554;15,073;14,808;15,829;14,428;13,697;14,636;14,912;13,53;15,761;15,318;14,033;15,345;15,047;15,333;14,918;15,202;14,759;15,641;15,291;15,113;15,193;14,805;14,502;15,201;15,089;14,967;15,011;14,802;15,111;15,379;15,064;15,55;14,699;14,942;15,941;15,082;16,151;15;15,279;15,618;15,26;14,639;15,592;15,406;15,714;15,379;15,339;15,665;15,372;14,706;16,048;15,21;14,752;15,633;15,225;14,95;15,402;15,177;15,579;14,892;15,772
G06;B3;;1;17,645;17,087;17,539;17,594;19,07;17,628;16,741;13,996;15,988;16,41;15,894;14,845;17,102;16,269;13,507;16,004;16,45;16,458;13,785;16,208;16,685;17,29;13,286;16,455;15,532;14,107;16,123;13,366;13,412;15,251;13,646;15,678;13,556;13,767;15,473;13,86;14,163;13,639;16,295;14,446;16,593;14,336;14,169;15,834;16,514;15,522;19,4;16,504;19,365;16,682;16,521;16,936;17,112;17,394;18,44;17,465;18,586;18,706;19,619;20,227;17,458;19,446;20,239;20,516;22,345;22,479;21,966;21,454;17,449;19,54;23,509;21,938;22,133;19,662;24,066;25,897;24,205;22,26;22,162;24,132;23,199;21,603;23,388;23,082;25,96;21,494;24,504;23,119;25,969;21,662;24,429;22,012;25,83;25,1;22,371;22,075;25,223;26,945;22,984;23,164;26,734;26,878;23,514;23,646;27,011;28,489;25,501;23,49;25,927;25,211;24,118;26,887;27,309;25,158;28,833;24,456;28,653;29,576;28,081;25,752;32,09;25,629;30,994;27,123;30,048;24,239;28,193;31,709;32,886;31,648;29,422;30,352;31,666;33,256;31,303;32;29,107;30,194;32,484;31,82;31,551;33,816;33,606;33,693
G07;B4;;1;21,952;39,589;34,09;27,636;25,012;25,59;23,989;24,499;21,622;21,774;21,671;21,017;22,305;20,889;21,139;20,34;21,425;20,755;21,115;20,903;23,356;20,308;20,628;20,852;20,626;20,183;19,675;19,61;21,045;20,462;20,635;22,486;19,005;20,07;19,819;19,632;20,694;18,981;21,97;19,723;19,943;19,804;18,796;20,72;20,689;21,698;19,028;19,895;19,471;19,688;19,993;20,279;20,052;18,526;19,283;20,215;19,507;18,559;19,704;20,032;22,06;19,134;20,7;18,72;21,201;19,879;19,18;19,599;19,949;21,094;18,696;20,155;19,35;19,538;20,093;20,073;20,352;19,969;19,794;19,25;20,944;18,881;17,374;19,407;18,475;20,133;19,327;20,416;20,351;19,605;17,873;19,603;20,071;20,572;20,207;20,017;20,018;19,173;18,811;19,998;20,174;19,841;19,491;19,505;19,865;19,085;19,714;19,832;19,643;20,472;19,67;19,19;18,73;20,14;19,512;19,591;20,507;20,07;20,205;18,669;19,333;18,878;20,147;18,234;19,899;18,904;19,016;19,459;19,849;19,095;19,823;19,529;20,541;18,578;19,284;19,156;19,471;19,336;19,911;19,857;19,641;19,726;20;18,782
G08;B4;;1;25,57;47,434;40,701;35,258;33,51;30,964;27,692;28,332;25,537;24,941;25,579;25,303;25,368;25,313;24,745;26,585;23,632;23,644;23,973;23,688;24,437;26,543;24,21;26,998;23,512;24,514;24,322;22,84;24,552;24,141;23,819;23,184;23,082;23,44;23,683;22,728;24,174;24,032;22,573;26,071;24,709;22,193;23,643;24,685;26,007;23,923;22,81;22,76;23,84;22,911;24,787;24,606;23,603;22,17;21,864;24,622;22,629;22,777;22,026;22,389;22,132;23,162;22,338;23,593;24,881;22,54;21,932;22,264;21,589;23,456;22,553;23,617;25,058;23,854;23,213;22,645;22,913;23,179;23,842;21,841;22,477;21,736;22,124;21,763;22,728;24,785;23,675;24,394;22,794;22,146;23,992;22,492;22,364;22,697;22,738;22,222;21,71;21,806;23,264;22,77;21,978;21,928;22,621;25,155;24,332;22,846;23,674;22,137;22,811;22,53;22,702;22,005;21,343;23,6;23,43;22,187;22,558;23,434;21,567;21,871;22,984;23,048;22,786;24,143;21,68;22,631;24,412;22,064;22,838;23,219;22,862;22,137;21,528;21,453;24,5;22,46;21,721;22,789;23,369;25,088;21,892;23,105;22,855;22,965
G09;B4;;1;43,289;28,752;23,62;22,065;21,227;20,544;20,565;20,024;19,886;20,696;18,969;19,508;19,917;19,153;19,731;18,295;18,671;18,454;19,627;18,177;18,062;17,947;19,615;17,971;18,518;17,92;17,563;17,78;17,948;18,183;17,683;17,426;17,349;17,675;17,015;14,65;14,541;15,879;15,21;14,836;14,569;15,648;15,416;15,451;14,792;14,843;14,585;15,282;14,666;14,658;15,388;14,667;15,668;15,573;15,656;15,052;15,835;16,067;15,074;14,824;14,828;15,278;15,044;14,916;15,39;14,501;14,932;15,376;15,643;15,593;15,831;14,554;14,902;15,622;15,29;15,333;15,653;14,829;15,447;15,516;15,439;15,215;15,32;15,464;15,113;15,693;15,944;15,39;15,431;15,62;15,514;15,118;13,212;13,234;13,05;12,374;11,977;12,702;12,489;12,502;12,633;12,253;12,626;12,853;12,414;12,345;12,524;12,581;11,886;12,378;12,412;11,84;12,547;12,16;12,604;12,206;11,903;11,809;12,06;12,508;12,184;12,073;11,72;11,679;12,217;12,195;11,958;12,082;12,373;11,849;11,991;12,256;11,894;12,001;11,914;11,733;11,681;11,641;12,242;11,99;11,777;11,93;11,732;11,86
G10;B4;;1;20,093;16,158;16,337;19,032;21,591;24,201;26,72;29,757;32,312;31,81;35,202;36,913;36,964;37,654;40,25;39,39;40,041;42,628;43,985;42,255;42,548;38,085;43,043;43,565;44,825;43,46;44,293;43,447;44,227;42,376;44,225;44,499;45,115;45,21;45,109;42,63;43,821;43,376;43,929;43,679;46,006;45,898;45,736;45,285;44,08;42,018;44,046;46,032;43,572;46,626;42,375;44,062;43,83;46,507;45,728;47,108;42,482;44,541;46,018;47,796;45,473;46,651;47,635;45,186;47,863;48,069;47,576;47,604;48,461;46,026;46,694;47,594;46,663;47,665;46,947;49,587;47,493;48,338;47,682;47,708;47,612;48,521;48,09;48,414;48,068;48,461;47,846;47,43;46,893;47,662;48,776;47,711;47,277;48,475;49,225;47,755;49,102;47,77;48,296;48,454;47,423;47,989;48,213;47,626;47,995;48,517;47,695;47,386;47,388;48,748;48,871;48,378;48,229;48,024;48,177;47,862;48,454;47,734;48,139;48,067;48,853;49,25;47,896;49,006;48,501;48,06;48,581;48,2;48,341;48,822;48,649;48,872;48,73;48,638;46,882;47,236;49,243;48,485;48,211;48,036;48,022;48,603;46,583;47,394
G11;B4;;1;19,745;18,13;17,279;19,261;20,372;20,694;22,691;23,773;24,814;25,19;25,551;25,989;25,9;25,623;26,192;26,188;26,635;26,82;26,741;27,145;28,267;26,926;28,415;28,695;28,199;28,229;29,147;30,122;28,101;28,723;29,577;30,427;30,939;30,589;29,456;30,553;30,077;30,488;30,084;30,585;29,593;29,849;31,114;30,458;30,24;31,495;31,354;31,934;30,189;30,978;32,636;31,578;32,271;31,956;31,686;31,974;30,636;32,584;33,717;33,126;33,008;33,36;35,065;36,202;35,475;34,244;35,254;34,87;35,341;34,167;34,456;33,384;35,94;34,131;34,808;33,992;34,686;35,489;33,547;35,049;33,769;36,46;33,307;33,41;35,85;34,857;36,418;34,05;35,567;36,41;36,795;35,403;33,129;36,953;34,986;33,644;34,622;36,183;34,827;34,594;34,119;34,376;35,26;34,844;34,416;35,022;35,979;34,815;34,294;34,925;36,227;35,521;35,494;34,347;35,697;36,777;35,004;35,829;34,871;35,357;37,222;34,826;34,387;35,577;34,863;34,711;36,14;37,14;36,814;36,448;37,215;38,29;37,401;37,474;35,011;35,657;38,12;36,041;38,296;36,876;38,891;37,225;38,937;37,723
B02;B1;;2;60,666;60,127;61,634;63,636;65,409;73,332;75,004;73,123;78,541;79,212;87,286;93,126;93,242;97,219;102,731;108,351;115,581;119,942;123,573;129,168;129,562;130,566;132,807;130,845;129,734;121,376;120,586;115,142;111,417;107,982;97,949;93,574;92,7;88,536;87,98;81,618;75,865;72,707;69,321;61,347;62,388;57,523;58,269;53,799;52,522;55,587;51,731;45,153;44,809;43,325;43,591;41,18;40,55;39,928;39,344;38,746;38,463;38,333;37,963;37,981;38,044;37,444;37,272;37,143;37,337;37,153;37,022;37,24;37,366;37,303;37,26;37,441;37,344;37,525;37,575;37,878;37,85;38,121;38,058;38,293;38,349;38,342;38,678;38,761;38,852;38,965;39,242;39,496;39,742;40,299;40,889;41,369;41,542;42,541;43,003;43,679;44,934;45,493;46,462;46,811;48,441;49,455;50,175;51,595;53,234;53,771;55,163;56,125;56,336;57,414;58,075;59,252;60,012;61,111;62,367;63,164;64,623;65,969;67,219;67,572;67,98;66,721;67,193;66,849;65,249;64,137;64,228;63,504;63,307;62,47;61,614;61,583;60,2;59,581;58,456;57,143;56,4;55,986;55,525;54,838;54,074;53,596;53,22;52,942
B03;B1;;2;78,986;83,713;88,985;93,914;96,374;101,086;103,057;103,803;119,577;114,011;137,538;124,054;126,796;117,714;119,198;127,024;122,565;127,999;133,075;127,236;127,588;128,687;124,978;124,071;118,047;120,555;118,127;114,588;111,846;110,491;103,093;99,176;95,034;92,585;91,435;85,98;81,229;77,49;82,251;70,685;69,481;72,359;66,641;63,199;62,213;60,663;58,515;58,988;56,691;54,963;53,801;51,749;51,467;49,472;47,752;46,774;44,849;43,87;42,59;41,674;40,738;39,654;38,35;37,751;37,63;37,388;37,107;37,08;36,942;36,782;36,861;36,937;36,683;36,716;36,852;37,199;37,119;37,351;37,457;37,512;37,7;37,727;37,953;38,124;38,405;38,643;38,901;39,367;39,725;40,497;40,886;41,477;41,791;42,509;43,14;43,898;44,584;46,252;47,481;47,284;49,057;49,673;50,341;50,401;51,761;51,999;53,285;54,686;56,055;55,443;56,616;57,053;58,009;59,698;60,738;62,188;62,684;65,037;64,651;64,092;64,764;63,261;63,061;62,452;62,124;61,136;61,126;60,137;59,778;58,895;57,936;57,271;56,39;55,621;54,519;54,081;53,513;53,084;52,509;52,059;51,601;51,104;50,56;50,135
B04;B1;;2;72,958;72,377;73,192;73,449;73,53;72,617;73,865;73,44;74,229;73,635;75,583;76,598;76,663;78,993;83,022;83,849;87,321;86,776;92,755;97,135;98,125;106,216;109,717;116,28;118,94;120,649;126,238;129,673;129,954;132,92;133,908;131,99;129,838;128,1;126,801;125,065;123,993;125,55;117,655;108,093;103,704;106,846;102,785;103,842;98,425;98,091;99,569;79,685;76,641;83,302;69,409;70,151;69,812;54,267;50,178;49,167;49,632;46,183;44,468;43,479;43,501;41,71;41,263;41,078;40,292;40,243;40,214;40,604;40,343;40,529;40,745;41,026;40,8;40,899;40,938;41,412;41,044;41,201;41,392;41,212;41,416;41,412;41,797;41,758;41,78;41,868;42,058;42,085;42,178;42,158;42,348;42,493;42,576;42,643;42,878;43,263;43,499;43,985;44,542;45,588;45,903;48,167;48,054;50,128;51,299;51,117;53,431;52,903;53,517;54,477;55,255;55,868;56,211;63,059;65,593;69,008;68,174;66,789;67,492;67,254;67,957;64,461;66,636;66,577;68,246;66,978;68,931;67,497;68,287;68,175;67,599;67,889;66,618;66,682;64,692;64,022;63,369;62,765;62,125;61,768;60,697;60,086;59,897;59,412
B05;B1;;2;73,366;70,238;75,003;76,395;77,074;77,695;79,667;80,53;82,974;82,664;86,295;84,121;86,326;81,061;87,801;85,798;88,82;87,051;90,853;94,749;98,732;98,692;105,18;113,008;114,385;122,703;119,512;122,549;126,436;126,72;124,94;123,039;120,764;122,567;122,407;114,501;110,823;110,475;107,15;100,217;100,191;101,546;106,575;101,94;98,494;96,933;92,329;88,012;78,284;81,734;78,256;72,794;69,982;61,298;50,405;43,288;47,791;43,908;40,76;39,56;38,611;38,119;37,258;37,29;36,632;36,346;36,287;36,138;36,148;36,264;36,185;36,68;36,535;36,806;37,007;37,38;37,518;38,037;38,018;38,24;38,176;38,335;38,308;38,386;38,113;38,511;38,676;38,627;39,144;38,97;39,1;39,367;39,262;39,496;39,589;39,47;39,702;39,912;40,16;40,593;40,93;41,396;41,757;42,569;43,584;44,179;44,897;46,507;48,807;50,664;52,266;49,908;49,824;50,879;51,492;51,696;54,967;57,129;59,58;62,449;60,408;62,767;63,389;62,825;62,606;61,861;63,022;61,476;63,121;62,663;61,915;62,577;62,14;61,833;60,675;59,814;59,274;58,837;58,03;57,284;56,496;55,763;55,298;55,125
B06;B1;;2;76,441;81,119;80,614;80,458;81,085;80,984;82,144;82,299;81,05;82,246;82,464;82,498;83,945;84,624;87,431;88,613;92,913;90,526;98,041;100,048;101,637;100,26;104,103;106,751;112,741;112,01;115,074;113,117;111,972;114,308;114,466;117,357;122,308;120,753;120,829;123,058;122,792;126,686;122,759;124,021;120,129;125,578;120,178;120,176;116,297;114,4;113,157;111,383;108,082;104,459;104,433;104,487;101,306;99,293;90,311;93,385;97,863;95,686;79,28;81,182;75,217;74,665;75,204;69,338;63,633;70,821;64,854;58,707;58,37;52,733;57,54;52,554;49,351;48,611;48,353;47,912;49,049;48,547;46,787;47,089;46,901;45,387;45,644;44,057;44,379;44,824;44,332;43,919;43,32;42,979;42,704;42,611;42,146;41,976;41,609;41,488;41,462;41,4;41,495;41,804;41,484;41,706;41,542;41,697;41,698;41,966;42,235;42,766;43,37;44,357;45,301;46,406;46,999;48,275;49,78;49,951;53,083;53,523;54,38;56,248;56,655;65,248;66,958;67,54;68,941;68,586;69,186;68,663;69,166;66,301;66,416;68,328;67,498;68,434;66,682;66,663;69,252;67,463;68,979;68,882;68,354;67,102;66,641;66,87
B07;B2;;2;82,718;79,366;66,331;70,986;81,505;80,232;83,087;84,108;102,624;104,314;106,203;105,745;109,64;107,082;108,324;112,747;112,45;113,055;114,739;116,658;120,466;122,288;121,17;126,592;126,69;128,51;125,188;129,088;129,437;124,462;125,836;125,929;128,62;132,201;129,94;125,145;126,319;122,319;127,202;124,184;122,488;117,315;115,155;119,955;111,32;114,967;106,947;105,689;105,658;111,311;100,722;101,135;95,035;94,384;95,053;88,698;94,677;90,098;82,772;82,205;72,993;77,938;66,325;60,64;61,714;58,397;52,555;48,609;47,413;45,13;42,04;39,822;39,102;39,31;37,794;37,948;37,367;37,16;37,069;36,914;36,963;36,567;36,632;36,571;36,359;36,469;36,505;36,366;36,374;36,557;36,518;36,554;36,635;36,829;36,704;36,673;36,715;37,043;37,028;37,001;37,134;37,319;37,641;37,56;37,893;37,973;38,115;38,507;38,848;39,261;40,003;40,647;40,722;41,342;42,32;43,067;43,15;43,892;44,409;44,861;45,515;45,621;47,648;48,729;48,701;49,247;51,144;50,591;51,505;52,773;53,528;53,907;55,007;55,238;55,34;56,308;56,512;57,729;59,668;59,301;58,414;58,668;59,687;58,611
B08;B2;;2;82,116;96,66;104,378;108,82;117,453;118,717;125,173;124,736;122,366;125,761;126,73;129,922;130,094;128,642;134,197;129,593;131,316;134,417;132,598;134,621;134,395;134,961;135,604;133,988;134,45;132,655;131,924;131,939;134,756;130,063;131,116;125,88;125,609;126,533;126,627;123,672;121,372;121,94;123,315;117,275;115,735;120,212;110,528;111,765;105,629;103,061;102,926;102,445;108,604;98,509;95,196;93,344;95,007;97,74;86,349;82,937;84,596;84,323;74,997;68,39;67,547;65,685;61,455;55,179;51,896;50,992;48,462;46,378;44,793;45,309;43,092;39,521;38,988;38,964;38,164;38,379;37,78;37,873;37,547;37,535;37,546;37,518;37,763;37,586;37,652;37,828;37,974;38,072;38,233;38,183;38,484;38,486;38,609;38,953;38,76;39,083;38,703;39,16;39,451;39,334;39,655;39,739;39,801;40,185;40,66;40,981;41,273;41,891;42,346;42,961;43,914;44,437;44,806;45,558;46,831;47,275;46,86;48,488;48,982;49,711;51,086;51,119;52,549;52,349;53,724;53,633;55,038;56,353;57,205;57,111;59,213;58,272;59,576;59,396;59,626;59,892;60,087;60,955;63,963;61,041;62,313;63,902;63,578;61,188
B09;B2;;2;105,494;88,062;79,027;91,25;115,339;113,07;112,261;107,592;113,816;110,569;114,979;114,608;119,913;121,009;127,603;128,324;128,008;131,37;131,719;132,315;130,943;136,089;137,891;132,64;128,386;125,786;127,714;121,706;124,813;120,01;116,923;105,241;105,092;98,938;101,14;91,172;89,434;84,922;78,916;77,722;70,805;63,344;64,366;58,52;59,439;56,251;52,976;48,456;45,797;46,573;43,059;41,764;40,819;40,27;39,989;39,214;38,945;38,491;38,386;38,156;38,195;38,311;38,223;37,96;37,988;37,833;38,011;37,968;37,845;37,73;37,825;37,969;37,768;37,885;37,888;38,288;38,279;38,245;38,162;38,457;38,796;38,372;38,545;38,532;38,62;38,875;39,272;39,136;39,762;40,065;40,527;40,79;41,259;41,815;42,085;42,66;43,352;43,239;44,144;44,844;45,042;46,04;47,39;47,415;48,705;50,103;50,785;51,363;51,684;52,596;52,68;53,086;52,9;53,647;54,786;55,146;55,432;56,284;57,23;57,469;59,135;58,601;59,637;60,955;59,537;60,473;60,624;60,962;61,493;61,146;61,159;61,148;60,868;61,145;60,668;60,151;59,709;60,08;59,976;59,589;59,383;59,077;60,453;58,655
B10;B2;;2;80,064;77,473;81,458;83,229;81,886;85,113;87,618;89,155;88,373;88,111;93,813;95,338;98,486;94,466;95,164;90,166;91,275;95,22;100,658;106,457;98,959;110,158;111,67;119,884;120,253;120,838;122,812;124,379;126,453;125,896;125,874;124,156;119,272;118,421;119,341;119,564;120,267;123,971;111,02;119,676;103,77;105,216;108,754;107,681;106,256;100,066;89,86;94,066;90,07;86,357;79,357;66,551;65,865;58,954;58,799;55,738;52,635;51,211;47,668;44,214;44,455;43,841;41,52;41,194;40,745;39,736;39,208;39,488;38,979;38,874;38,894;38,861;38,503;38,557;38,634;39,031;39,522;38,918;39,324;39,302;39,636;39,551;39,642;39,942;39,744;40,211;40,46;40,495;40,283;40,296;40,237;40,225;40,215;40,137;40,255;40,443;40,692;40,586;41,306;41,895;44,419;44,018;44,37;44,898;45,206;45,514;44,923;45,424;46,05;45,426;46,472;47,043;48,272;49,334;51,106;51,416;52,429;53,035;51,78;53,572;53,528;53,966;54,072;54,717;56,679;57,448;59,54;58,262;59,881;60,869;61,574;62,48;61,959;64,43;61,041;62,014;62,472;63,218;62,139;60,239;61,453;60,868;62,476;61,429
B11;B2;;2;65,879;68,835;71,148;71,93;72,259;73,847;74,582;80,068;81,231;82,458;87,881;89,869;95,23;102,493;101,044;109,595;113,89;117,714;128,549;130,923;133,143;138,561;138,829;145,357;146,709;142,217;144,135;143,361;139,877;143,179;134,79;135,816;136,112;134,495;130,1;127,312;124,931;113,654;121,661;122,611;120,216;105,618;117,587;102,974;98,526;94,837;109,551;105,395;101,245;97,41;96,146;89,347;91,878;87,954;91,193;83,071;75,698;83,26;72,747;75,045;72,554;70,66;65,11;56,596;46,28;47,069;45,67;46,263;44,783;45,072;44,57;44,607;44,355;44,29;44,348;44,855;44,629;44,78;44,545;44,755;44,998;44,815;45,352;45,119;45,427;45,666;45,692;45,837;45,635;45,659;46,077;45,733;45,896;46,001;46,013;45,952;45,812;45,584;45,561;45,467;45,515;46,445;45,899;46,215;46,175;46,243;46,617;47,013;47,427;47,911;48,349;48,499;49,032;49,112;49,888;50,305;51,094;52,454;52,334;52,787;53,845;54,403;54,308;55,213;56,918;56,317;57,126;57,092;57,984;59,305;58,537;59,497;59,952;61,393;62,07;63,106;63,97;64,815;67,435;66,452;68,184;69,539;68,756;70,217
C02;X1;;2;31,871;32,383;32,526;32,675;32,774;32,848;32,898;33,04;33,094;33,136;33,295;33,402;33,45;33,522;33,61;33,717;33,936;33,943;34,096;34,262;34,188;34,447;34,542;34,678;34,796;34,869;34,971;35,154;35,329;35,459;35,573;35,787;35,84;35,88;36,131;36,196;36,462;36,574;36,745;36,836;37,054;37,203;37,329;37,437;37,795;37,919;38,143;38,288;38,465;38,64;38,886;39,246;39,548;39,772;40,116;40,416;40,81;41,416;41,83;42,326;42,698;43,399;43,96;44,783;45,526;46,65;47,333;48,473;49,48;52,411;53,717;55,462;57,033;58,716;60,465;63,905;65,838;68,512;73,627;77,895;81,911;81,273;82,985;84,809;87,748;89,87;91,739;95,032;97,387;99,885;102,163;103,867;105,967;108,427;110,367;112,59;115,533;117,56;119,088;121,516;121,55;120,663;122,16;122,393;123,786;125,006;129,632;126,519;127,25;128,579;129,697;129,717;132,508;133,62;136,557;136,442;139,851;137,922;138,178;139,133;140,071;139,871;140,981;143,485;145,678;150,996;152,318;151,399;153,82;149,367;148,892;148,787;149,497;150,798;148,986;146,035;146,239;143,473;147,746;140,133;145,177;142,129;141,254;140,567
C03;X1;;2;35,841;32,533;32,77;32,883;33,042;33,049;33,145;33,261;33,418;33,503;33,574;33,633;33,746;33,83;33,939;34,018;34,088;34,221;34,288;34,489;34,509;34,701;34,793;34,908;34,998;35,19;35,302;35,325;35,611;35,714;35,845;35,944;35,955;35,943;36,071;36,244;36,337;36,359;36,568;36,576;36,776;36,946;37,069;37,285;37,563;37,577;37,839;38,122;38,41;38,592;38,862;39,363;39,828;40,149;40,526;41,019;41,56;42,205;42,862;43,671;44,077;44,968;45,576;46,839;48,706;51,115;52,419;51,776;54,052;57,15;59,16;63,29;65,345;65,685;67,487;68,785;70,137;72,164;77,279;78,874;80,328;84,024;90,301;89,561;90,96;93,605;98,054;94,133;96,878;99,476;102,034;107,154;106,161;111,249;106,531;113,753;109,184;119,592;114,507;113,712;114,427;118,116;123,947;118,334;117,367;121,522;118,391;120,996;118,933;121,102;120,045;119,028;123,596;122,197;128,877;121,802;125,866;126,753;124,27;122,86;122,935;122,465;124,975;126,499;122,032;122,298;118,925;120,921;120,162;118,967;116,75;113,866;113,036;114,041;112,357;110,312;109,184;109,108;107,049;106,829;104,58;103,728;103,905;100,854
C04;X1;;2;30,751;31,324;31,457;31,449;31,57;31,571;31,702;31,941;31,949;32,005;32,109;32,155;32,287;32,35;32,415;32,468;32,571;32,453;32,664;32,731;32,853;32,924;33;33,156;33,309;33,35;33,453;33,53;33,639;33,854;34,004;34,05;34,132;34,299;34,365;34,491;34,628;34,734;34,9;34,979;35,333;35,288;35,527;35,604;35,807;35,847;35,955;36,163;36,342;36,322;36,594;37,055;37,365;37,304;37,639;37,961;38,336;38,715;39,17;39,532;40,155;40,62;41,239;41,761;42,504;43,275;44,008;44,953;45,747;46,849;48,109;51,177;53,044;55,456;56,675;59,497;62,383;64,059;64,932;66,815;69,047;71,815;73,993;77,254;79,956;82,682;85,815;87,991;90,22;92,241;94,758;96,18;98,151;100,07;102,246;103,684;105,797;107,753;109,948;112,463;114,31;116,792;117,936;118,633;118,85;118,496;118,258;118,863;120,065;120,556;121,184;121,993;122,272;123,912;125,657;126,287;126,842;127,215;127,116;127,593;128,029;127,665;132,611;128,359;129,189;129,662;130,91;129,987;131,525;134,626;136,198;136,927;136,647;137,052;136,806;137,051;134,585;136,41;134,15;136,441;127,293;130,35;126,901;128,187
C05;X1;;2;32,275;32,904;32,926;32,938;33,059;33,116;33,114;33,288;33,507;33,445;33,533;33,623;33,757;33,744;33,887;34,077;34,036;34,183;34,372;34,517;34,561;34,862;35,044;35,219;35,431;35,463;35,319;35,161;35,22;35,312;35,304;35,404;35,579;35,658;35,804;35,901;36,115;36,296;36,464;36,652;36,842;37,016;37,19;37,389;37,698;37,85;38,064;38,294;38,607;38,775;39,117;39,456;39,776;40,076;40,295;40,671;41,109;41,468;41,833;42,223;42,811;43,331;43,762;44,421;45,06;45,711;46,446;47,395;48,364;49,385;50,436;51,242;52,168;53,108;54,19;55,266;57,614;63,449;65,437;67,904;70,523;73,025;76,101;79,4;82,708;85,519;88,112;90,863;93,003;95,072;96,609;98,582;100,335;102,895;104,708;107,074;110,315;112,503;114,928;116,609;118,194;118,674;119,27;120,028;120,847;121,354;121,876;122,094;123,003;124,043;125,78;125,318;126,987;129,526;131,414;130,457;131,48;133,154;134,323;135,17;136,34;137,255;138,801;140,944;141,953;143,818;146,468;148,771;149,782;149,96;149,189;150,092;151,706;152,11;152,082;151,515;152,49;148,897;152,258;148,001;148,494;148,193;146,463;145,747
C06;X1;;2;28,816;29,316;29,416;29,569;29,647;29,609;29,722;29,819;29,885;29,866;29,963;30,084;30,124;30,24;30,32;30,374;30,461;30,53;30,664;30,85;30,938;31,035;31,107;31,239;31,361;31,468;31,517;31,477;31,496;31,561;31,777;31,842;31,889;31,984;32,112;32,254;32,389;32,53;32,781;32,803;33,086;33,197;33,366;33,522;33,881;33,945;34,264;34,456;34,619;34,739;35,162;35,452;35,759;36;36,257;36,587;36,97;37,277;37,677;37,977;38,398;38,887;39,271;39,934;40,408;41,107;41,924;43,039;44,043;45,072;46,045;47,109;47,842;48,756;49,701;50,754;51,867;52,94;55,382;62,314;64,135;66,322;69,348;71,284;76,392;79,079;81,545;83,789;85,875;87,84;89,808;91,43;93,579;95,877;98,58;100,213;103,16;105,32;106,382;107,765;108,779;110,1;110,852;112,229;112,949;112,41;113,64;114,636;114,582;115,312;115,801;117,946;118,291;119,85;120,715;122,095;122,774;124,145;125,022;125,769;127,828;128,339;129,094;131,165;133,175;133,766;134,157;136,011;137,664;142,908;145,959;146,035;145,032;144,271;150,787;149,127;147,187;146,442;151,114;142,005;143,948;143,399;149,697;143,022
C07;X2;;2;28,436;28,801;28,95;29,097;29,223;29,128;29,296;29,228;29,311;29,393;29,423;29,564;29,569;29,6;29,613;29,667;29,746;29,865;29,995;30,013;30,136;30,208;30,242;30,383;30,432;30,514;30,606;30,693;30,816;31,038;30,993;31,212;31,26;31,376;31,403;31,563;31,59;31,721;31,916;32,013;32,198;32,406;32,524;32,633;32,998;33,015;33,278;33,208;33,327;33,191;33,526;33,686;33,801;33,842;34,014;34,142;34,262;34,375;34,495;34,586;34,74;34,782;35,006;34,968;35,16;35,234;35,512;35,509;35,846;35,821;35,863;36,051;35,932;36,074;36,223;36,341;36,195;36,417;36,364;36,533;36,43;36,521;36,832;36,82;37,042;37,052;37,167;37,301;37,408;37,543;37,766;37,97;38,218;38,45;38,658;38,956;39,345;39,869;40,163;40,336;40,809;40,949;41,269;41,558;42,325;42,426;43,504;43,8;43,461;44,454;44,807;44,757;45,444;46,469;46,774;47,221;47,013;48,902;49,158;49,364;51,266;50,667;51,367;51,655;52,69;53,777;54,282;54,769;57,105;56,064;57,183;56,943;59,126;58,057;58,338;60,023;59,73;60,914;61,993;61,457;62,273;62,7;62,385;62,206
C08;X2;;2;34,287;35,016;35,144;35,319;35,296;35,366;35,51;35,543;35,609;35,666;35,771;35,839;35,658;35,715;35,805;35,766;35,848;36,029;36,187;36,282;36,459;36,479;36,61;36,78;36,824;36,961;37,004;37,085;37,318;37,486;37,73;37,584;37,648;37,701;37,886;37,887;38,007;38,243;38,374;38,565;38,77;38,986;39,248;39,27;39,721;39,79;39,83;39,825;39,988;39,974;40,074;40,393;40,574;40,694;40,623;40,899;40,789;40,856;41,001;41,083;41,294;41,203;41,437;41,515;41,689;41,699;41,951;42,151;42,04;42,229;42,202;42,372;42,502;42,536;42,65;42,865;42,675;42,939;42,755;42,875;43,135;43,3;43,36;43,317;43,623;43,913;44,13;44,346;44,41;44,752;45,118;45,309;45,63;45,64;45,849;46,309;46,497;47,128;47,305;47,708;47,964;48,467;48,698;49,357;49,661;49,993;51,381;51,869;51,445;52,225;52,149;52,379;53,522;53,84;54,358;54,651;55,015;56,536;56,903;57,078;59,151;58,697;61;59,973;60,747;60,972;60,726;62,046;62,392;63,233;63,757;65,141;65,578;65,669;65,818;66,245;67,498;67,136;67,303;67,352;67,229;67,999;68,058;67,98
C09;X2;;2;34,943;31,167;31,295;31,514;31,56;31,591;31,719;31,816;31,911;32,074;32,119;32,224;32,363;32,492;32,588;32,562;32,721;32,957;33,02;33,111;33,316;33,322;33,426;33,571;33,801;33,807;33,913;34,185;34,062;34,311;34,436;34,576;34,56;34,719;34,834;35,053;35,094;35,376;35,407;35,644;35,906;35,985;36,175;36,324;36,648;36,587;36,632;36,556;36,708;36,94;36,929;37,287;37,341;37,342;37,397;37,51;37,51;37,751;37,78;37,864;38,206;38,164;38,083;38,305;38,281;38,34;38,405;38,73;38,816;38,891;39,013;39,257;39,267;39,387;39,687;39,99;40,109;40,381;40,607;40,814;41,199;41,346;41,867;41,897;42,582;42,782;43,204;43,41;43,687;44,195;44,528;45,303;45,64;45,656;45,99;46,309;47,133;48,093;48,291;48,671;49,041;50,104;50,816;51,084;50,958;51,218;53,596;53,924;53,375;54,318;54,601;55,465;56,414;56,901;57,07;57,019;57,96;59,679;59,814;59,633;61,784;62,099;61,959;61,613;62,368;63,478;62,996;61,976;63,29;63,087;63,326;63,963;64,222;64,685;64,013;64,039;64,543;64,69;65,049;64,52;65,312;64,674;65,191;64,348
C10;X2;;2;42,055;29,065;28,258;28,336;28,436;28,469;28,607;28,714;28,733;28,824;28,973;29,074;29,148;29,272;29,367;29,535;29,558;29,754;29,831;30,062;30,157;30,236;30,402;30,631;30,729;30,863;30,924;31,038;31,193;31,422;31,519;31,613;31,92;31,967;32,074;32,147;32,33;32,422;32,541;32,702;32,94;33,068;33,303;33,436;33,659;33,835;33,859;33,816;33,98;34,013;34,171;34,426;34,696;34,667;34,816;34,896;34,837;35,078;35,039;35,026;35,399;35,429;35,376;35,436;35,586;35,601;35,771;35,747;35,707;36,129;36,178;36,383;36,407;36,588;36,839;36,983;37,059;37,271;37,56;37,816;38,096;38,219;38,461;38,718;39,2;39,617;39,864;40,065;40,521;40,754;41,281;41,543;42,143;42,061;42,77;43,115;43,503;43,922;44,336;44,583;44,609;45,721;47,081;46,775;47,365;47,157;48,424;49,525;49,81;50,076;51,308;50,756;51,754;53,547;53,131;54,455;55,027;56,357;56,503;56,14;58,011;57,006;58,298;57,912;58,787;58,741;59,947;60,084;60,544;61,503;61,196;62,041;62,409;62,782;62,853;62,142;62,833;62,616;63,283;63,058;62,774;63,404;62,934;63,724
C11;X2;;2;38,456;38,957;39,136;39,274;39,323;39,404;39,568;39,668;39,672;39,745;39,822;39,874;39,98;40,09;40,231;40,179;40,295;40,461;40,574;40,692;40,727;40,745;40,937;41,197;41,348;41,476;41,596;41,725;42,02;42,036;42,087;42,165;42,26;42,306;42,405;42,568;42,688;42,999;43,113;43,16;43,341;43,787;43,806;43,925;44,348;44,341;44,363;44,421;44,446;44,434;44,733;44,936;45,209;45,088;45,257;45,537;45,592;45,553;45,617;45,703;45,913;45,996;46,106;46,361;46,307;46,528;46,463;46,776;46,711;46,778;46,837;46,984;46,882;47,066;47,065;47,327;47,159;47,158;47,331;47,577;47,418;47,6;47,806;47,863;47,944;48,214;48,34;48,501;48,679;48,764;49,051;49,227;49,42;49,629;49,842;50,121;50,232;50,704;50,887;51,046;51,461;51,709;52,252;52,366;53,124;52,919;53,466;54,284;54,461;54,331;55,025;54,975;55,718;55,82;56,652;58,535;56,915;58,227;58,145;58,772;59,583;59,676;60,243;61,153;61,351;61,474;62,662;62,878;63,23;63,993;65,499;65,375;66,622;67,028;66,292;68,589;67,64;70,318;69,415;69,894;70,214;72,194;72,4;71,85
D02;X3;;2;50,934;41,704;42,033;42,182;43,053;43,696;43,549;41,678;44,422;43,683;42,398;44,123;42,968;43,642;43,462;43,878;42,506;43,484;42,951;42,014;42,304;40,476;41,757;42,87;40,538;40,509;39,942;40,421;39,925;38,551;40,219;38,005;37,808;37,59;39,485;37,352;37,507;38,059;37,718;38,063;37,393;37,283;36,747;37,631;37,026;36,252;37,272;36,266;36,352;36,384;36,826;36,43;36,82;36,521;36,836;36,704;36,781;36,946;37,213;37,208;37,451;37,598;37,888;38,079;38,223;38,456;38,647;38,958;39,26;39,521;39,835;40,177;40,416;40,617;41,167;41,567;41,932;42,444;42,685;43,232;43,785;44,264;44,866;45,394;46,05;46,73;47,327;47,979;48,728;49,259;50,128;50,887;51,673;52,642;53,403;54,474;55,441;56,598;57,676;58,399;58,991;60,084;61,047;62,325;63,538;64,358;66,103;68,154;69,932;72,215;75,025;83,778;86,697;90,17;93,729;95,881;99,487;102,793;106,416;110,071;114,195;117,834;121,268;125,763;129,985;134,081;138,771;144,198;149,053;154,592;158,589;162,046;163,629;158,235;151,729;149,986;148,651;148,282;147,743;146,939;147,159;147,252;146,44;146,199
D03;X3;;2;51,104;51,705;51,689;52,802;50,819;51,987;52,713;50,123;50,519;49,942;49,523;54,151;48,902;48,352;50,486;48,663;48,803;47,634;48,146;46,525;47,378;46,118;45,453;47,214;47,045;45,649;45,642;44,726;45,855;44,106;43,178;43,506;44,152;42,32;44,174;42,176;41,108;41,992;39,444;38,86;37,976;40,332;38,881;38,409;36,447;36,332;36,777;36,543;35,989;34,801;34,506;35,051;34,765;35,057;35,037;34,369;34,166;33,642;34,172;33,951;34,046;33,905;34,335;34,527;34,74;34,965;34,921;35,325;35,608;35,838;36,009;36,467;36,724;36,971;37,464;37,811;38,282;38,697;39,06;39,619;40,089;40,525;41,138;41,665;42,314;42,898;43,531;44,276;45,097;45,725;46,488;47,216;48,103;49,119;49,918;50,789;51,903;53,183;53,676;54,39;55,299;56,64;57,455;58,406;59,568;60,434;61,508;62,832;64,314;65,611;67,161;68,336;70,435;73,413;80,666;83,924;87,425;91,362;94,016;97,546;101,321;104,411;108,615;112,215;117,211;121,025;126,539;131,425;135,516;140,521;144,25;146,404;149,363;150,822;152,105;152,802;154,021;151,295;150,691;145,392;142,535;139,857;139,472;138,632
D04;X3;;2;29,828;30,237;30,298;30,379;30,378;30,425;30,465;30,462;30,49;30,483;30,482;30,556;30,535;30,61;30,628;30,61;30,7;30,673;30,769;30,746;30,868;30,861;30,932;30,963;31,022;31,028;31,07;31,076;31,175;31,233;31,272;31,355;31,374;31,39;31,497;31,515;31,642;31,627;31,784;31,829;31,945;32,066;32,049;32,122;32,267;32,31;32,379;32,438;32,488;32,5;32,608;32,778;32,862;32,876;33,066;33,15;33,295;33,426;33,504;33,666;33,899;34,031;34,198;34,428;34,55;34,774;35,03;35,237;35,601;35,814;36,124;36,42;36,68;36,88;37,441;37,76;37,991;38,476;38,766;39,212;39,809;40,575;40,633;41,104;41,744;42,531;43,101;43,615;44,275;44,67;45,546;46,341;47,164;47,879;48,862;49,643;50,762;51,96;52,784;53,868;54,755;56,049;59,219;64,595;66,478;68,464;70,845;73,13;75,375;77,644;80,304;82,213;85,132;86,929;90,023;92,292;94,938;98,22;101,937;103,944;106,944;110,16;114,209;117,29;122,156;125,64;129,463;133,804;138,932;144,032;148,139;152,134;154,629;156,775;157,712;159,209;161,169;161,229;161,911;162,983;164,675;166,103;167,68;169,391
D05;X3;;2;28,834;29,172;29,324;29,325;29,343;29,372;29,445;29,459;29,502;29,448;29,451;29,464;29,507;29,521;29,579;29,57;29,569;29,712;29,723;29,724;29,745;29,73;29,747;29,866;29,888;29,9;29,957;29,891;30,083;30,127;30,08;30,269;30,23;30,278;30,305;30,355;30,5;30,513;30,606;30,648;30,745;30,879;30,948;30,98;31,204;31,21;31,169;31,332;31,372;31,412;31,479;31,669;31,667;31,736;31,901;32,082;32,105;32,242;32,328;32,499;32,718;32,842;32,976;33,192;33,435;33,6;33,765;34,084;34,383;34,534;34,862;35,189;35,366;35,677;36,048;36,445;36,647;37,117;37,403;37,939;38,356;38,774;39,269;39,687;40,185;40,923;41,433;42,081;42,614;43,391;44,146;44,744;45,522;46,442;47,072;48,107;49,039;50,046;51,083;51,581;52,429;53,91;55,919;62,224;64,293;65,943;68,001;70,31;72,754;74,859;77,021;79,101;81,949;83,99;86,64;89,166;91,693;95,281;98,188;100,912;104,275;107,175;110,937;113,916;117,939;121,95;126,189;131,431;135,633;139,417;143,658;147,06;149,175;150,127;150,666;151,407;152,79;152,69;153,703;153,507;152,783;155,364;156,98;158,881
D06;X3;;2;28,376;28,782;28,839;28,918;28,955;28,924;29,029;29,092;28,979;29,061;29,014;29,047;29,151;29,078;29,118;29,175;29,159;29,329;29,148;29,277;29,334;29,359;29,391;29,444;29,486;29,613;29,567;29,529;29,692;29,726;29,724;29,799;29,785;29,826;29,943;29,924;29,983;30,023;30,158;30,149;30,246;30,442;30,491;30,541;30,663;30,691;30,775;30,842;30,882;30,98;31,03;31,13;31,28;31,233;31,415;31,466;31,499;31,691;31,87;31,954;32,241;32,301;32,504;32,618;32,832;32,94;33,262;33,543;33,792;34,02;34,243;34,563;34,712;35,093;35,433;35,82;36,131;36,484;36,752;37,301;37,743;38,033;38,545;38,98;39,486;40,141;40,745;41,262;41,944;42,527;43,122;43,847;44,537;45,508;46,291;46,872;47,955;48,708;49,643;50,791;51,581;52,367;52,841;54,711;60,092;62,894;64,572;66,543;68,652;70,975;73,647;75,289;78,352;80,353;82,506;84,807;87,454;90,666;93,241;95,842;98,864;102,091;104,66;108,388;111,845;116,12;119,226;123,827;129,271;133,152;136,924;141,299;144,918;147,429;147,486;149,113;149,633;151,191;151,821;151,013;151,869;151,091;152,774;154,909
D07;X4;;2;29,023;29,332;29,435;29,448;29,452;29,452;29,546;29,585;29,55;29,568;29,557;29,605;29,586;29,625;29,645;29,684;29,725;29,726;29,779;29,874;29,832;29,838;29,848;29,967;29,93;29,9;30,041;30,013;30,149;30,11;30,146;30,293;30,282;30,299;30,374;30,379;30,431;30,548;30,599;30,651;30,769;30,893;30,899;30,991;31,186;31,2;31,332;31,439;31,573;31,664;31,769;31,907;32,085;32,261;32,449;32,565;32,7;32,899;33,181;33,371;33,727;33,901;34,191;34,538;34,744;35,121;35,495;35,873;36,28;36,674;37,142;37,661;37,92;38,557;39,109;39,852;40,444;41,071;41,796;42,514;43,209;43,918;44,736;45,421;46,064;47,174;48,31;49,678;51,168;52,397;54,057;55,642;57,184;58,851;60,325;62,154;64,224;66,18;68,378;69,964;72,307;74,701;76,885;79,375;81,587;83,28;86,008;88,606;90,907;93,305;96,005;97,485;99,632;101,362;104,099;105,952;108,391;111,451;114,059;116,437;118,666;121,55;123,954;125,242;127,695;128,691;130,923;132,767;134,964;137,013;138,322;140,154;142,639;144,996;146,928;148,551;151,211;152,538;154,336;156,161;157,96;159,962;160,884;163,138
D08;X4;;2;28,729;29,077;29,28;29,178;29,197;29,168;29,333;29,289;29,304;29,3;29,426;29,388;29,444;29,434;29,454;29,497;29,433;29,608;29,458;29,413;29,452;29,607;29,579;29,667;29,703;29,749;29,814;29,762;29,898;29,911;30,059;30,015;30,126;30,222;30,277;30,285;30,323;30,489;30,513;30,63;30,696;30,904;30,834;30,863;31,138;31,29;31,415;31,47;31,745;31,771;31,879;32,076;32,188;32,42;32,542;32,74;32,889;33,092;33,353;33,491;33,823;33,99;34,29;34,568;34,829;35,199;35,55;36,067;36,433;36,796;37,314;37,806;38,22;38,728;39,398;40,124;40,789;41,499;42,167;42,664;43,252;43,961;45,059;45,856;46,707;47,644;48,741;49,83;51,188;52,482;54,057;55,481;56,902;58,591;59,909;61,761;63,68;65,424;67,31;68,923;71,283;73,286;75,587;77,892;80,137;81,948;84,143;87,153;89,527;92,268;94,071;96,112;98,154;99,797;102,678;104,297;107,093;109,759;112,279;115,096;118,189;119,875;122,438;124,347;126,224;128,439;130,771;132,76;135,193;136,733;139,168;140,884;143,495;144,341;146,622;148,423;149,936;151,684;153,141;155,328;156,693;157,971;159,336;160,745
D09;X4;;2;28,023;28,297;28,283;28,443;28,462;28,442;28,536;28,534;28,631;28,622;28,636;28,678;28,658;28,719;28,741;28,741;28,767;28,911;28,894;28,932;28,94;28,989;28,899;29,084;29,036;29,072;29,162;29,145;29,287;29,44;29,355;29,43;29,361;29,513;29,55;29,646;29,653;29,635;29,793;29,913;30,02;30,075;30,186;30,178;30,372;30,515;30,516;30,569;30,806;30,848;30,934;31,15;31,242;31,422;31,519;31,738;31,898;32,17;32,269;32,51;32,794;32,979;33,336;33,564;33,827;34,148;34,472;34,863;35,306;35,594;36,093;36,494;36,872;37,445;38,046;38,803;39,361;39,909;40,56;41,693;42,219;42,911;43,829;44,475;45,291;46,488;47,847;48,944;50,478;51,952;53,728;55,34;57,086;58,979;60,561;62,534;65,017;67,04;68,714;70,959;73,383;75,911;77,92;81,271;83,451;84,994;87,75;90,363;93,471;95,996;98,651;100,593;102,544;104,461;107,22;109,055;111,693;114,658;116,992;119,549;122,052;123,489;125,925;127,338;129,757;130,64;132,607;134,397;135,603;137,086;139,405;140,355;143,206;144,862;146,585;147,547;149,211;151,42;152,221;154,726;155,033;156,322;157,407;158,555
D10;X4;;2;27,615;27,95;28,007;28,034;28,092;28,078;28,127;28,194;28,282;28,173;28,278;28,158;28,282;28,234;28,29;28,305;28,326;28,358;28,375;28,461;28,483;28,511;28,47;28,564;28,589;28,656;28,607;28,692;28,795;28,794;28,797;28,876;29,03;29,002;28,998;29,021;29,063;29,18;29,258;29,327;29,372;29,475;29,645;29,677;29,901;29,927;30,039;30,178;30,292;30,306;30,495;30,677;30,793;30,956;31,109;31,252;31,441;31,653;31,915;32,143;32,406;32,644;32,959;33,23;33,49;33,852;34,074;34,591;34,933;35,289;35,846;36,187;36,626;37,058;37,713;38,392;38,969;39,742;40,426;40,915;41,549;42,316;43,227;43,921;44,873;46,077;46,897;48,101;49,441;50,699;52,239;53,743;55,263;56,677;58,436;60,287;61,94;63,929;66,183;67,726;70,301;72,164;74,464;77,157;79,038;81,109;84,003;86,742;89,188;91,143;93,563;95,472;97,255;99,064;101,687;103,793;106,494;109,06;111,667;114,149;117,188;119,329;121,449;123,336;125,637;127,012;129,215;130,759;133,342;135,096;137,476;138,433;140,914;141,982;143,681;145,711;146,178;147,08;149,719;149,328;150,747;151,924;153,035;155,643
D11;X4;;2;50,326;51,192;51,372;51,491;51,395;51,302;51,517;51,548;51,606;51,529;51,807;51,494;51,661;51,672;51,76;51,79;51,764;51,75;52,303;52,724;52,641;52,787;52,752;52,906;52,916;52,972;53,262;52,819;53,314;53,38;53,342;53,373;53,386;53,459;53,358;53,583;53,656;53,785;53,9;53,863;54,162;54,256;54,188;54,269;54,406;54,567;54,705;54,728;54,847;54,9;54,892;55,152;55,404;55,503;55,646;55,772;55,887;56,204;56,464;56,525;56,971;57,098;57,385;57,686;57,88;58,179;58,555;58,931;59,337;59,621;60,154;60,497;60,931;61,384;61,989;62,654;63,184;63,821;64,388;64,945;65,544;66,096;67,02;67,67;68,384;69,365;70,365;71,472;72,445;73,728;75,042;76,351;77,529;78,982;80,271;81,665;83,317;85,182;86,704;88,546;90,753;92,276;94,148;96,46;98,3;99,911;102,363;104,83;106,488;108,776;110,48;112,05;114,661;115,688;118,092;119,881;122,05;124,624;126,735;129,43;132,116;134;135,919;138,18;139,154;140,836;142,745;144,457;146,146;147,933;151,644;152,406;154,774;156,543;158,973;160,694;162,286;163,938;166,632;167,501;168,639;170,342;171,106;172,816
E02;X5;;2;37,252;30,424;30,175;30,262;30,335;30,261;30,361;30,37;30,421;30,401;30,334;30,435;30,376;30,462;30,496;30,489;30,443;30,558;30,542;30,55;30,687;30,62;30,619;30,718;30,799;30,822;30,899;30,853;31,06;31,01;30,958;31,073;31,089;31,056;31,132;31,112;31,201;31,224;31,294;31,233;31,376;31,479;31,499;31,565;31,675;31,711;31,757;31,84;31,89;31,996;32,024;32,228;32,344;32,417;32,577;32,661;32,848;33,016;33,205;33,416;33,617;33,815;34,109;34,36;34,58;34,937;35,298;35,597;35,917;36,285;36,679;37,106;37,431;37,855;38,456;38,91;39,355;39,832;40,296;40,831;41,439;41,974;42,419;43,009;43,587;44,118;44,66;44,914;45,288;45,87;46,403;46,778;47,174;47,629;47,869;48,333;48,813;49,431;49,8;50,325;51,011;51,956;52,483;53,485;54,401;55,469;58,532;60,65;60,913;62,028;62,791;63,509;64,444;65,611;66,383;66,968;67,686;68,449;69,016;69,791;69,964;70,987;70,658;71,218;71,071;71,217;71,67;72,142;72,186;72,973;72,692;73,533;74,319;75,84;76,411;77,209;78,019;79,015;79,42;80,006;80,889;81,867;82,408;83,504
E03;X5;;2;33,934;29,04;28,296;28,388;28,548;28,469;28,532;28,581;28,617;28,577;28,55;28,671;28,623;28,642;28,682;28,672;28,656;28,716;28,716;28,771;28,762;28,853;28,809;28,85;29,05;28,939;29,064;28,989;29,109;29,122;29,065;29,169;29,26;29,124;29,182;29,261;29,26;29,353;29,436;29,421;29,524;29,631;29,625;29,597;29,79;29,83;29,824;29,995;30,033;30,078;30,188;30,339;30,416;30,549;30,771;30,784;30,966;31,203;31,354;31,538;31,751;31,91;32,206;32,43;32,685;32,94;33,265;33,713;33,986;34,342;34,767;35,108;35,443;35,889;36,331;36,812;37,237;37,83;38,248;38,807;39,356;39,841;40,493;41,011;41,568;42,189;42,475;42,607;43,311;43,721;44,255;44,534;45,003;45,469;45,616;45,955;46,389;46,834;47,233;47,594;48,232;48,783;49,466;50,167;51,017;51,859;54,276;57,114;57,655;58,716;59,463;60,247;61,358;62,425;63,255;64,163;64,961;65,867;66,396;66,838;66,568;67,151;67,241;67,65;68,439;68,563;68,855;69,548;70,371;70,432;70,91;71,086;71,962;72,743;72,283;74,144;74,396;76,357;77,119;77,718;78,595;79,337;80,479;81,532
E04;X5;;2;35,323;31,756;31,584;31,732;31,844;31,772;31,824;31,918;31,877;31,892;31,885;31,921;31,908;31,969;31,982;31,966;31,995;32,028;32,148;32,11;32,179;32,104;32,132;32,29;32,244;32,313;32,326;32,387;32,477;32,406;32,408;32,452;32,459;32,408;32,467;32,584;32,556;32,679;32,764;32,709;32,75;32,815;32,881;32,921;33,039;33,115;33,119;33,236;33,327;33,367;33,391;33,569;33,673;33,763;33,886;33,925;34,066;34,238;34,478;34,59;34,808;35,015;35,293;35,453;35,701;35,986;36,253;36,557;36,786;37,08;37,484;37,945;38,075;38,483;39,045;39,505;39,83;40,291;40,69;41,132;41,722;42,064;42,685;43,178;43,783;44,254;44,547;44,937;45,453;45,88;46,442;46,686;47,128;47,675;47,96;48,732;49,305;49,948;50,561;51,307;51,705;52,576;53,586;55,833;58,3;58,703;59,536;60,391;61,249;62,008;62,94;63,72;64,37;65,337;66,111;66,563;67,02;67,743;68,222;68,443;68,533;68,618;68,536;68,846;68,928;69,452;69,988;70,976;70,768;70,909;72,531;72,593;74,087;74,478;75,197;75,913;76,434;77,137;78,012;78,828;79,483;80,55;81,313;82,947
E05;X5;;2;28,511;28,73;28,848;28,879;28,916;28,927;28,965;29;29,095;29,071;29,093;29,205;29,106;29,168;29,187;29,119;29,319;29,204;29,26;29,413;29,421;29,366;29,37;29,447;29,574;29,561;29,587;29,588;29,737;29,618;29,689;29,774;29,813;29,822;29,78;29,768;29,865;29,881;29,922;29,975;30,051;30,141;30,04;30,04;30,234;30,297;30,371;30,392;30,44;30,558;30,695;30,76;30,897;30,991;31,123;31,173;31,317;31,461;31,719;31,868;32,022;32,27;32,548;32,697;32,961;33,318;33,592;33,917;34,122;34,501;34,896;35,172;35,561;35,842;36,358;36,872;37,25;37,76;38,021;38,587;39,163;39,561;40,167;40,656;41,22;41,792;42,068;42,296;42,779;43,223;43,712;44,06;44,478;44,929;45,17;45,529;45,927;46,278;46,809;47,245;47,837;48,591;49,111;50,343;52,659;55,161;55,588;56,751;57,199;58,254;59,278;59,924;60,972;61,8;62,575;63,678;64,046;64,945;64,994;65,115;65,228;65,636;65,782;66,153;66,527;66,847;67,729;68,01;69,562;68,812;69,917;69,161;69,918;70,434;70,272;72,352;73,428;74,165;74,861;75,214;76,383;76,815;77,843;78,904
E06;X5;;2;33,829;28,957;28,902;29,006;29,114;29,064;29,181;29,139;29,15;29,088;29,134;29,167;29,196;29,279;29,239;29,275;29,249;29,291;29,333;29,392;29,355;29,447;29,367;29,475;29,521;29,515;29,574;29,567;29,699;29,701;29,822;29,858;29,868;29,899;30,061;30,011;30,08;30,02;30,085;30,176;30,232;30,269;30,286;30,368;30,507;30,456;30,582;30,641;30,817;30,745;30,83;30,957;31,055;31,143;31,326;31,37;31,544;31,702;31,86;31,964;32,217;32,455;32,671;32,813;33,07;33,423;33,67;33,955;34,291;34,572;34,906;35,304;35,588;35,902;36,334;36,889;37,31;37,736;38,295;38,794;39,433;39,824;40,47;40,901;41,498;42,047;42,555;42,759;43,066;43,506;44,008;44,435;44,924;45,436;45,701;46,02;46,697;47,177;47,965;48,596;49,298;49,954;50,485;51,335;52,964;55,456;57,498;58,131;58,877;59,776;60,737;61,371;62,36;63,455;64,089;64,745;65,525;66,317;66,723;67,165;67,64;67,806;67,624;67,689;67,826;67,841;67,967;68,464;68,98;69,062;69,599;69,6;70,321;70,494;71,425;72,874;73,803;74,283;75,142;75,914;76,654;77,252;78,066;78,707
E07;X6;;2;41,016;36,517;31,507;28,996;28,565;28,442;28,482;28,568;28,648;28,618;28,581;28,647;28,613;28,684;28,72;28,624;28,649;28,678;28,775;28,82;28,824;28,804;28,85;28,962;28,942;28,904;28,984;29,017;29,2;29,203;29,17;29,169;29,218;29,273;29,449;29,424;29,569;29,565;29,745;29,83;29,874;30,002;30,092;30,109;30,164;30,252;30,322;30,551;30,423;30,296;30,15;30,504;30,441;30,542;30,399;30,46;30,574;30,669;30,67;30,608;30,567;30,725;30,642;30,692;30,872;30,953;31,062;31,006;30,996;31,044;31,141;31,182;31,202;31,181;31,27;31,277;31,269;31,385;31,334;31,374;31,434;31,47;31,501;31,501;31,505;31,518;31,541;31,549;31,663;31,636;31,607;31,483;31,801;31,915;31,805;31,799;32,017;31,826;32,123;31,827;32,043;32,167;32,027;32,024;32,265;32,28;32,121;32,166;32,225;32,285;32,343;32,34;32,277;32,226;32,484;32,324;32,426;32,531;32,659;32,583;32,596;32,59;32,653;32,537;32,616;32,648;32,718;32,744;32,835;32,657;32,85;32,879;32,89;32,955;33,059;32,893;33,017;33,068;33,139;33,182;33,171;33,095;33,238;33,41
E08;X6;;2;36,815;27,907;27,595;27,731;27,84;27,72;27,809;27,775;27,841;27,696;27,827;27,916;27,889;27,857;27,972;27,837;27,951;27,919;27,866;28,077;28,04;28,043;28,108;28,176;28,306;28,188;28,262;28,309;28,348;28,348;28,466;28,458;28,488;28,596;28,664;28,556;28,719;28,843;28,928;29,099;29,049;29,142;29,209;29,327;29,437;29,36;29,499;29,428;29,301;29,328;29,394;29,523;29,622;29,541;29,575;29,558;29,573;29,647;29,665;29,664;29,733;29,807;29,841;29,855;29,966;29,857;29,985;30,163;30,154;30,137;30,207;30,198;30,336;30,297;30,379;30,376;30,367;30,447;30,502;30,506;30,451;30,459;30,547;30,568;30,6;30,563;30,564;30,647;30,554;30,644;30,685;30,631;30,842;30,771;30,805;30,853;30,91;30,932;30,922;30,976;30,924;31,032;30,966;30,967;31,091;31,107;31,042;31,025;31,077;31,07;31,282;31,025;31,108;31,241;31,241;31,203;31,227;31,392;31,224;31,305;31,271;31,22;31,342;31,361;31,39;31,398;31,42;31,333;31,554;31,41;31,636;31,479;31,604;31,596;31,627;31,586;31,708;31,754;31,717;31,713;31,819;31,883;31,96;32,038
E09;X6;;2;25,921;26,241;26,389;26,287;26,427;26,276;26,481;26,466;26,515;26,497;26,4;26,576;26,547;26,664;26,632;26,661;26,528;26,651;26,782;26,772;26,854;26,748;26,894;26,971;26,771;26,91;27,006;26,971;27,046;27,084;27,18;27,222;27,253;27,261;27,322;27,455;27,417;27,521;27,667;27,661;27,738;27,775;27,965;28,089;27,982;28,205;28,303;28,264;28,209;28,274;28,245;28,348;28,486;28,554;28,397;28,46;28,561;28,515;28,643;28,638;28,734;28,7;28,78;28,694;28,811;28,867;28,955;28,955;28,881;28,919;29,013;29,045;29,029;28,953;29,098;29,165;28,96;29,118;29,136;29,167;29,251;29,173;29,263;29,175;29,31;29,271;29,24;29,245;29,217;29,249;29,291;29,274;29,206;29,37;29,31;29,438;29,426;29,346;29,488;29,413;29,492;29,528;29,508;29,474;29,433;29,493;29,462;29,534;29,474;29,542;29,461;29,639;29,507;29,571;29,628;29,488;29,423;29,65;29,591;29,456;29,626;29,506;29,645;29,637;29,609;29,781;29,696;29,626;29,812;29,663;29,78;29,822;29,795;29,811;29,926;29,808;29,779;29,792;29,846;29,842;29,918;29,96;29,984;30,029
E10;X6;;2;34,461;33,89;33,364;33,078;33,019;33,163;33,05;33,05;33,241;33,102;33,746;33,358;33,308;33,087;33,305;33,203;33,193;33,438;33,208;33,31;33,588;33,483;33,74;33,875;33,546;33,612;33,652;33,722;33,573;34,119;33,889;33,931;33,736;33,68;33,781;33,893;34,035;34,172;34,181;34,279;34,511;34,518;34,363;34,587;35,149;34,675;34,807;34,722;34,95;35,102;34,724;35,068;35,103;35,074;35,158;34,906;35,043;35,308;34,977;35,063;35,285;35,34;35,482;35,395;35,425;35,325;35,448;35,608;35,391;35,313;35,261;35,26;35,228;35,197;35,332;35,423;35,26;35,392;35,362;36,243;36,127;35,999;36,074;36,037;36,008;35,962;36,141;35,939;35,985;36,185;36,189;36,034;36,024;36,256;36,107;36,031;36,132;36,045;36,803;36,388;36,357;36,387;36,427;36,529;36,924;36,259;36,862;36,51;36,579;36,683;36,739;36,995;36,499;36,275;36,563;36,324;36,612;36,479;36,315;36,55;36,238;36,644;36,852;36,694;36,442;36,506;36,375;36,336;36,471;36,355;36,458;36,507;36,374;36,939;36,575;36,457;36,572;36,527;36,513;36,556;36,525;36,986;36,512;36,485
E11;X6;;2;45,93;41,787;39,345;38,448;38,575;38,431;38,609;38,658;38,688;38,693;38,701;38,754;38,683;38,852;38,832;38,73;38,736;38,717;38,915;38,941;38,928;38,947;39,023;39,053;39,034;38,997;39,08;39,093;39,269;39,322;39,375;39,31;39,412;39,491;39,422;39,533;39,594;39,629;39,747;39,76;39,988;40,079;40,072;40,183;40,347;40,45;40,498;40,478;40,375;40,34;40,419;40,555;40,55;40,618;40,519;40,582;40,548;40,635;40,708;40,565;40,697;40,833;40,886;40,886;40,943;40,971;40,993;41,134;41,036;41,03;41,191;41,215;41,093;40,993;41,187;41,244;41,134;41,134;41,185;41,289;41,339;41,23;41,371;41,293;41,356;41,404;41,307;41,41;41,416;41,433;41,324;41,441;41,407;41,621;41,471;41,465;41,504;41,574;41,633;41,624;41,621;41,647;41,545;41,684;41,646;41,681;41,681;41,674;41,664;41,668;41,753;41,579;41,685;41,696;41,697;41,637;41,664;41,764;41,739;41,692;41,684;41,696;41,822;41,895;41,776;41,787;41,924;42,831;43,019;42,99;42,865;42,757;42,836;42,758;42,814;42,659;42,803;42,732;42,9;42,834;42,833;42,806;42,788;42,701
F02;X7;;2;81,424;67,921;63,824;64,755;60,237;60,057;60,12;60,958;58,622;59,338;59,606;57,542;55,249;55,826;54,146;53,773;51,948;50,012;50,874;50,122;49,893;50,57;49,492;48,97;48,305;48,289;47,826;47,015;45,998;45,013;44,206;43,206;42,879;40,138;40,427;40,432;41,076;40,795;40,66;41,195;41,149;41,709;41,853;42,275;42,862;42,428;43,191;43,194;42,716;42,963;42,417;41,516;41,461;41,088;41,508;40,234;40,445;39,107;38,599;38,399;38,165;38,29;38,648;38,513;38,332;38,446;38,633;38,56;38,741;38,871;38,911;39,078;39,234;39,495;39,862;40,249;40,521;40,726;40,961;41,392;41,749;41,944;42,312;42,451;42,732;43,147;43,405;43,833;44,185;44,7;45,237;45,799;46,419;47,096;47,724;48,257;48,898;49,47;49,934;50,051;50,332;50,782;51,174;51,553;52,099;52,196;52,673;53,217;53,718;54,38;55,193;55,807;56,62;57,452;58,501;59,136;59,927;60,892;61,712;62,776;63,538;64,58;65,502;66,619;67,545;68,842;70,025;71,244;72,582;73,913;75,621;77,209;78,542;79,643;80,458;81,508;82,728;83,288;83,468;84,341;85,209;85,676;85,499;86,175
F03;X7;;2;57,884;51,671;50,373;51,491;48,89;47,039;47,634;49,082;47,173;47,694;47,04;47,442;45,417;46,19;45,599;45,251;45,235;45,002;45,477;45,681;45,728;46,045;46,018;46,344;47,045;46,962;46,532;46,632;46,85;46,988;45,74;45,964;44,636;44,113;43,465;43,342;42,684;42,478;42,394;41,191;41,739;41,435;41,191;41,304;40,458;41,322;39,848;39,293;38,662;36,95;37,844;36,986;36,581;35,823;35,461;35,371;35,501;34,819;35,218;34,778;34,918;34,809;34,948;35,06;35,105;35,285;35,37;35,611;35,656;35,723;35,982;36,244;36,208;36,42;36,751;36,916;37,15;37,324;37,64;38,036;38,353;38,501;38,954;39,12;39,449;39,906;40,222;40,607;40,927;41,294;41,775;42,18;42,747;43,308;43,744;44,216;44,833;45,45;45,966;46,413;46,751;47,032;47,579;48,066;48,718;49,024;49,518;49,937;50,462;51,152;51,658;52,318;52,942;53,695;54,636;55,13;56,009;56,948;57,857;59,382;60,837;62,507;65,882;67,41;68,765;69,987;71,818;74,038;75,901;77,731;80,139;82,31;84,869;87,539;89,36;91,36;92,919;94,587;95,271;96;96,107;95,819;95,694;93,81
F04;X7;;2;85,73;80,217;69,615;71,673;65,333;64,243;62,36;60,067;59,114;59,9;57,309;56,829;57,571;54,321;53,118;51,634;51,445;50,709;50,39;50,188;49,485;49,575;48,386;48,185;47,338;46,924;46,595;45,977;45,918;45,543;44,617;44,185;43,22;42,765;42,189;41,832;41,635;40,132;40,434;40,443;40,66;40,8;40,675;40,477;40,067;40,36;40,716;40,471;40,475;40,181;40,239;40,223;39,9;39,631;39,92;39,776;39,172;39,238;38,493;38,808;38,504;38,249;38,08;38,12;38,189;38,446;38,667;39,032;39,162;39,49;39,845;40,211;40,467;40,765;41,251;41,654;41,915;42,39;42,781;43,299;43,855;44,377;45,039;45,527;46,193;46,799;47,079;47,347;47,896;48,49;49,028;49,444;49,854;50,425;50,846;51,271;52,063;52,611;53,248;54,008;54,745;55,638;56,274;57,222;58,167;58,84;59,539;60,673;61,308;62,193;63,302;64,185;65,046;66,326;67,52;68,333;69,704;71,053;72,086;73,363;73,858;74,806;75,321;76,169;76,656;77,03;77,563;78,06;78,238;79,122;79,808;79,405;79,351;79,401;79,134;78,964;78,889;78,549;78,591;78,07;78,263;77,868;77,673;78,381
F05;X7;;2;57,147;51,413;51,058;48,512;48,43;45,612;45,407;43,045;43,65;43,748;42,611;40,563;40,343;40,453;39,823;40,221;39,969;40,172;40,609;40,706;41,299;41,112;41,22;40,873;41,376;41,116;41,452;39,982;42,114;41,883;41,31;41,399;40,577;40,29;39,826;40,366;39,42;39,948;39,91;37,945;38,004;37,449;37,131;36,5;36,233;35,896;36,463;35,34;34,985;34,86;35,003;34,695;34,45;34,453;34,482;34,087;33,832;34,011;34,168;34,03;34,173;34,168;34,29;34,353;34,498;34,696;34,815;35,05;35,215;35,296;35,572;35,75;35,939;36,114;36,415;36,825;36,851;37,194;37,363;37,776;37,923;37,986;38,398;38,618;38,826;39,16;39,437;39,754;40,306;40,741;41,205;41,71;42,251;43,054;43,55;44,183;44,892;45,434;45,75;45,953;46,337;46,836;47,068;47,48;48,038;48,094;48,466;49,113;49,57;50,147;50,907;51,643;52,394;53,29;54,342;54,982;56,07;57,181;58,046;59,172;60,091;61,217;62,317;63,629;64,733;66,201;67,164;68,259;69,762;71,262;72,816;73,741;75,185;76,189;76,727;77,186;78,582;78,694;79,495;80,713;80,811;80,77;81,374;81,433
F06;X7;;2;100,562;73,931;63,237;61,131;59,622;58,76;54,676;52,929;51,643;51,471;51,191;50,005;48,394;49,185;48,675;48,455;47,092;45,541;45,972;44,836;44,536;43,416;45,46;42,294;40,552;38,784;39,945;39,797;39,842;39,144;39,093;39,439;38,953;39,408;39,468;39,557;39,385;39,302;38,833;38,873;38,254;38,323;38,112;37,928;37,712;37,732;37,586;36,743;36,311;36,643;36,294;36,022;35,787;35,979;35,53;35,605;35,532;35,205;35,004;34,933;34,709;34,816;34,917;34,551;34,761;34,927;34,846;35,193;35,143;35,418;35,501;35,754;35,77;35,929;36,287;36,566;36,553;36,862;36,969;37,335;37,56;37,883;38,249;38,565;38,975;39,458;39,848;40,389;40,778;41,314;41,722;42,332;42,701;43,295;43,675;44,127;44,666;45,208;45,623;45,728;46,008;46,549;47,126;47,676;48,318;48,7;49,318;49,927;50,54;51,246;52,098;52,779;53,702;54,513;55,594;56,425;57,214;58,53;59,17;60,275;61,285;62,423;63,563;64,727;65,842;67,149;68,205;69,949;71,37;72,78;74,514;75,572;76,628;77,411;78,179;79,476;79,945;81,403;82,216;82,869;83,44;84,382;84,692;84,254
F07;X8;;2;35,228;30,087;30,463;30,349;30,524;30,451;30,475;30,316;30,374;30,339;30,754;30,47;30,607;30,458;30,49;30,319;30,495;30,52;30,406;30,352;30,547;30,578;30,381;30,634;30,635;30,444;30,606;30,728;30,732;30,72;30,47;30,687;30,529;30,518;30,607;30,646;30,753;30,662;30,891;30,807;30,814;30,966;30,868;30,807;31,01;31,086;31,204;31,229;31,234;31,311;31,217;31,337;31,339;31,46;31,722;31,845;31,754;31,863;32,059;31,926;32,279;32,198;32,49;32,499;32,576;32,763;32,959;33,247;33,151;33,397;33,665;33,691;33,84;33,994;34,35;34,566;34,774;35,004;35,279;35,578;35,913;36,202;36,656;37,019;37,238;37,327;37,842;38,21;38,662;39,007;39,42;40,008;40,589;41,084;41,639;42,382;43,096;43,671;44,415;44,952;45,874;46,552;47,286;48,007;48,978;49,805;50,717;51,664;52,706;53,73;54,627;55,42;56,64;57,365;58,514;59,557;60,651;62,175;62,759;63,682;64,226;65,042;65,924;66,697;67,385;68,304;68,806;69,651;70,448;71,329;72,662;73,282;75,041;75,968;77,671;78,405;79,888;81,302;82,663;83,417;84,436;85,381;86,407;87,418
F08;X8;;2;45,136;33,435;31,504;31,371;31,679;31,501;31,57;31,486;31,573;31,559;31,648;31,576;31,601;31,534;31,601;31,518;31,585;31,558;31,668;31,656;31,604;31,783;31,584;31,692;31,706;31,709;31,785;31,599;31,769;31,886;31,899;31,94;31,83;31,859;31,911;31,931;31,875;32,061;32,076;32,131;32,153;32,284;32,24;32,301;32,277;32,379;32,421;32,472;32,571;32,517;32,697;32,774;32,786;32,945;32,849;33,078;33,13;33,333;33,301;33,34;33,576;33,63;33,709;33,919;34,069;34,199;34,319;34,502;34,641;34,822;35,062;35,223;35,288;35,519;35,914;36,075;36,335;36,487;36,795;37,221;37,516;37,817;38,212;38,476;38,66;39,001;39,424;39,731;40,29;40,401;40,787;41,326;41,814;42,387;42,947;43,459;44,256;44,966;45,613;46,211;47,025;47,655;48,431;49,253;50,122;51,069;51,743;52,669;53,579;54,525;55,607;56,249;57,358;58,436;59,421;60,087;61,193;62,478;63,294;64,251;65,183;65,896;66,484;67,287;68,073;68,924;69,486;70,489;71,217;71,856;73,036;73,433;74,618;75,817;76,475;77,738;79,082;80,049;81,394;82,358;83,762;84,646;86,373;86,932
F09;X8;;2;33,245;32,607;32,675;32,61;32,691;32,758;32,75;32,696;32,752;32,797;32,731;32,792;32,701;32,668;32,793;32,774;32,703;32,822;32,856;32,895;32,894;32,97;32,784;32,876;32,974;32,843;32,926;33,056;33,102;32,981;33,168;33,179;33,023;33,114;33,266;33,202;33,26;33,335;33,306;33,309;33,294;33,391;33,511;33,46;33,479;33,613;33,679;33,747;33,776;33,799;33,719;34,011;33,988;34,053;34,189;34,231;34,252;34,493;34,574;34,549;34,911;34,878;35,002;35,186;35,18;35,404;35,57;35,798;35,812;35,98;36,249;36,44;36,495;36,766;37,024;37,471;37,612;37,944;38,122;38,5;38,899;39,286;39,782;40,088;40,314;40,615;40,9;41,341;41,633;42,069;42,368;42,89;43,325;44,002;44,57;45,09;45,819;46,543;47,308;47,79;48,63;49,367;50;50,84;51,768;52,624;53,34;54,183;55,318;56,341;57,053;58,151;59,12;60,136;61,063;61,789;63,01;64,182;65,106;65,802;66,658;67,661;68,236;68,936;69,828;70,587;71,277;72,129;73,158;73,847;74,842;75,545;76,857;77,431;78,686;79,955;81,126;82,836;83,651;85,17;86,211;87,328;88,8;89,468
F10;X8;;2;34,17;34,528;34,779;34,835;34,952;34,734;34,909;34,979;34,922;34,874;34,967;34,915;34,93;34,944;34,933;34,829;35,026;35,001;35,006;35,128;35,13;35,005;35,075;35,073;35,159;34,851;35,278;35,109;35,234;35,246;35,269;35,195;35,12;35,244;35,119;35,331;35,17;35,355;35,404;35,388;35,354;35,59;35,593;35,411;35,627;35,657;35,785;35,807;35,817;35,841;35,762;35,925;36,011;36,131;36,226;36,263;36,382;36,389;36,446;36,549;36,775;36,834;36,844;37,058;37,065;37,309;37,307;37,58;37,76;37,767;38,052;38,202;38,287;38,355;38,766;39,058;39,05;39,383;39,591;39,806;40,199;40,505;40,819;41,154;41,571;41,917;42,27;42,696;42,858;43,081;43,633;44,021;44,399;44,821;45,311;45,686;46,3;46,984;47,641;48,159;48,865;49,533;50,159;50,863;51,738;52,394;53,11;54,041;54,623;55,675;56,655;57,437;58,434;59,608;60,619;61,385;62,713;63,812;64,274;65,697;66,556;67,809;68,867;69,824;70,429;71,256;72,093;72,643;73,701;74,347;75,601;76,174;77,162;78,102;79,026;80,403;81,433;82,754;84,271;85,099;86,452;87,68;88,959;90,256
F11;X8;;2;36,713;36,931;37,172;37,176;37,288;37,151;37,308;37,373;37,325;37,308;37,381;37,293;37,345;37,427;37,364;37,405;37,324;37,209;37,368;37,447;37,456;37,522;37,443;37,472;37,463;37,394;37,423;37,479;37,597;37,661;37,65;37,573;37,614;37,67;37,604;37,661;37,736;37,733;37,811;37,723;37,851;38,036;37,886;37,831;38,03;38,099;38,081;38,194;38,134;38,167;38,279;38,396;38,408;38,516;38,39;38,484;38,68;38,808;38,847;38,774;39,016;39,209;39,308;39,524;39,522;39,773;39,837;40,066;40,133;40,292;40,508;40,704;40,831;40,859;41,368;41,573;41,7;41,998;42,234;42,741;43,029;43,28;43,745;44,067;44,565;44,821;45,057;45,489;45,889;46,265;46,6;47,055;47,548;48,205;48,59;49,233;49,901;50,655;51,318;51,972;52,693;53,414;53,96;54,903;55,852;56,477;57,447;58,388;59,174;60,247;61,223;62,181;63,049;64,353;65,149;65,966;67,049;68,647;69,505;70,264;71,106;71,866;72,78;73,453;74,082;75,262;76,096;76,897;77,632;78,465;79,547;80,603;81,71;82,811;84,048;85,018;86,29;87,487;88,688;90,043;91,209;91,601;92,962;93,759
G02;B3;;2;58,145;53,414;54,901;57,053;58,55;53,371;62,427;59,727;63,174;57,041;52,054;65,013;62,066;57,458;59,989;51,998;52,625;54,118;59,056;59,935;61,67;63,017;53;48,059;45,82;61,196;53,412;61,94;61,223;57,512;61,877;63,051;62,905;56,687;60,342;58,782;53,556;63,428;57,752;63,1;52,827;61,731;64,217;63,655;62,636;52,135;61,343;48,795;50,472;66,465;62,306;60,615;59,61;61,119;58,258;61,337;54,015;64,343;58,381;64,91;44,355;62,299;61,79;63,184;61,329;62,885;61,829;58,754;63,756;61,381;53,7;64,257;48,58;58,666;62,513;65,039;60,104;63,493;61,628;62,344;63,658;63,946;66,042;61,631;61,965;56,284;60,04;55,995;62,808;62,316;51,976;62,968;63,766;61,821;62,446;44,573;60,627;50,432;61,445;63,769;64,946;69,969;61,571;61,85;61,747;66,789;64,789;61,804;64,915;67,378;64,182;64,316;61,706;63,287;64,399;63,213;63,019;63,904;56,861;63,498;69,154;71,619;63,103;63,735;62,378;62,904;63,508;63,55;62,308;62,163;44,232;62,708;62,923;46,842;62,191;60,835;62,991;62,822;62,433;62,445;63,425;61,904;62,249;61,446
G03;B3;;2;48,942;45,661;59,988;48,707;56,713;50,463;54,767;52,412;51,677;54,244;53,265;55,202;50,081;48,072;50,662;50,167;55,749;49,417;52,028;48,58;49,181;48,479;55,493;50,406;49,418;49,176;52,449;51,648;49,405;49,664;47,873;48,93;49,734;48,194;48,87;51,389;46,611;51,487;48,317;50,065;48,939;53,458;49,335;49,694;50,098;47,46;49,273;47,917;47,848;51,096;50,563;50,212;51,442;50,456;50,03;52,535;48,063;51,63;50,09;46,959;48,24;50,173;47,369;47,686;48,866;48,835;47,037;49,358;48,014;47,137;48,724;49,953;48,253;49,835;49,947;50,848;47,833;50,676;50,802;52,422;51,777;51,501;50,566;52,917;50,848;52,735;50,965;53,922;52,482;52,865;50,839;54,219;53,19;52,26;50,01;52,659;53,223;53,491;50,704;51,666;53,975;51,024;55,275;51,494;54,336;54,406;52,216;52,53;53,459;52,658;52,757;54,165;53,396;54,091;53,371;53,687;53,099;55,531;52,459;54,51;53,541;55,208;55,058;55,009;52,631;52,478;55,058;54,836;55,327;54,654;54,224;56,91;57,052;56,081;55,165;54,166;54,983;55,527;55,007;55,978;55,388;56,03;53,624;55,061
G04;B3;;2;54,884;66,674;51,899;52,977;51,964;51,245;56,328;62,866;54,384;55,999;56,054;52,349;58,126;60,083;53,128;54,883;56,145;56,914;57,502;59,206;58,559;56,202;69,648;59,484;63,315;60,183;74,441;58,385;75,816;61,371;57,681;58,417;62,888;75,434;45,672;72,641;65,208;67,802;59,893;42,83;71,794;70,139;81,277;63,337;62,13;46,004;53,951;63,307;53,294;83,627;69,195;78,664;74,282;74,374;67,145;63,814;58,271;66,019;50,877;81,539;63,611;55,292;62,416;58,994;68,21;63,396;65,103;56,71;66,108;66,049;59,965;73,706;70,573;69,533;58,36;70,022;79,155;71,585;66,883;60,771;63,838;58,809;72,43;58,973;62,131;56,284;50,69;59,803;62,349;72,607;59,186;68,217;67,007;60,232;63,768;56,75;73,187;60,835;66,477;67,413;66,544;66,535;63,953;69,656;70,344;64,757;60,893;55,746;62,096;67,139;74,779;59,216;61,326;64,098;72,58;73,149;71,454;59,919;59,32;48,503;56,837;61,679;66,343;60,936;61,106;64,931;63,613;70,416;75,758;56,441;59,4;66,082;62,181;61,615;68,178;63,601;66,452;46,255;58,087;65,972;62,523;56,45;65,293;69,596
G05;B3;;2;52,03;47,398;49,973;50,404;53,225;51,813;57,704;51,021;56,547;58,961;62,316;66,174;59,327;53,474;59,76;55,791;61,394;46,328;52,045;50,303;57,234;49,847;49,272;49,044;52,602;51,016;53,167;51,362;51,101;52,47;50,801;54,024;52,75;48,075;53,417;50,722;51,271;48,956;50,554;49,414;51,88;51,075;50,478;47,764;44,365;50,769;48,211;50,664;46,77;50,875;49,227;48,833;49,498;43,207;46,894;47,142;50,829;49,817;52,099;50,446;50,141;49,217;50,847;50,022;48,123;48,529;52,153;52,643;51,615;49,138;50,825;48,756;46,969;50,94;50,189;52,391;52,085;48,487;46,697;48,709;51,254;48,165;44,856;47,687;46,79;48,088;45,342;51,334;48,286;52,838;50,25;47,176;47,657;52,908;52,702;47,301;48,902;49,12;49,764;51,979;52,586;49,38;49,817;49,813;49,55;48,291;50,921;48,403;48,1;51,598;53,993;50,618;49,534;49,604;52,492;49,874;53,319;49,742;48,841;48,938;50,341;49,059;49,422;50,375;48,89;51,169;48,841;53,076;48,056;49,532;51,084;51,273;49,069;50,48;47,82;50,528;50,285;51,399;51,602;51,223;52,983;52,452;50,207;52,8
G06;B3;;2;56,549;53,289;55,897;61,619;49,893;56,57;54,581;49,643;52,139;53,021;46,948;51,794;54,908;51,686;51,653;54,158;55,77;46,429;46,404;52,076;56,209;49,037;54,412;47,032;52,229;53,307;44,359;44,652;44,452;46,555;50,881;48,686;46,917;45,173;46,319;51,597;45,955;48,296;46,292;47,272;46,865;48,518;54,469;45,796;55,657;52,461;52,26;54,106;54,409;56,611;56,079;56,908;59,918;58,361;57,938;59,557;58,76;62,846;57,655;66,619;64,428;57,811;64,689;71,51;64,038;63,022;73,537;72,521;74,607;69,55;68,026;66,384;72,524;64,509;77,491;76,176;69,025;69,807;65,273;80,557;86,124;70,682;78,872;79,198;83,315;75,225;82,578;84,414;73,35;74,288;72,045;77,094;82,528;86,037;82,421;78,986;73,505;82,595;77,942;80,994;88,337;78,615;93,367;83,928;72,577;73,562;83,028;94,979;88,684;94,381;91,153;85,59;88,794;93,981;102,144;88,897;83,743;102,885;94,774;94,74;80,063;93,82;89,984;89,623;82,181;106,656;91,856;95,161;109,512;101,395;103,592;101,776;96,977;103,111;108;104,063;105,025;100,14;99,606;101,614;108,714;107,307;97,93;105,946
G07;B4;;2;88,257;125,307;106,581;89,376;83,676;79,858;75,362;75,861;76,59;71,938;71,171;74,772;69,635;68,839;69,412;70,061;66,125;74,153;74,482;74,619;67,009;72,175;72,947;66,486;68,869;67,248;66,958;64,711;68,605;68,447;70,061;63,744;64,415;65,623;69,299;63,331;63,361;69,385;67,494;70,096;67,015;67,323;65,18;62,601;66,927;64,388;64,583;65,688;63,197;70,891;72,264;63,42;70,451;66,272;69,84;66,837;65,345;60,254;66,042;59,439;67,465;68,953;58,932;63,717;65,664;66,162;66,983;65,607;66,872;69,712;65,983;66,158;64,694;65,615;64,736;63,166;61,123;66,687;63,573;65,656;67,934;66,076;65,929;65,941;66,292;64,328;67,069;62,739;67,665;64,373;65,655;63,471;63,414;67,014;69,326;66,032;66,999;65,185;65,318;63,019;65,181;62,562;65,242;62,504;65,265;62,239;64,118;65,568;63,89;66,096;65,02;66,963;63,871;68,379;67,025;67,37;61,846;67,096;64,888;66,886;65,573;63,155;64,204;64,351;61,993;62,454;62,52;66,085;65,564;64,464;62,483;62,644;64,984;65,031;62,453;64,857;64,128;61,755;63,817;63,207;62,002;64,542;65,533;65,961
G08;B4;;2;123,644;149,331;131,243;120,656;106,179;95,185;95,069;89,465;86,846;93,581;85,944;92,836;79,93;82,134;87,479;80,972;81,239;77,872;83,33;78,698;78,054;84,849;78,272;81,438;79,764;80,672;80,055;77,897;93,156;78,825;83,526;78,133;80,712;80,626;84,723;82,896;87,125;84,679;80,58;82,002;83,131;78,18;78,793;78,253;76,081;83,608;75,246;76,406;83,716;79,858;75,301;92,021;85,596;74,774;75,432;72,495;73,696;73,376;74,58;77,623;74,421;72,818;80,698;73,368;72,507;72,676;79,218;77,534;71,936;81,556;78,286;77,405;73,852;82,699;72,467;74,75;78,578;74,056;71,062;77,845;72,736;75,879;72,892;71,291;76,726;71,861;76,032;72,632;76,558;75,472;75,773;78,665;73,152;75,604;80,716;72,281;79,346;71,27;79,804;78,534;75,94;73,7;74,354;71,709;74,353;72,006;74,647;78,054;74,932;75,534;77,409;74,364;74,931;72,432;78,235;76,975;83,211;74,933;74,01;71,875;74,373;71,715;71,151;74,575;75,83;72,581;73,417;74,24;73,018;72,993;75,748;72,636;70,586;73,562;80,297;78,409;71,853;73,797;73,751;76,483;71,579;70,975;77,351;73,87
G09;B4;;2;125,276;92,528;82,499;76,913;68,348;65,884;66,273;66,267;63,573;63,945;65,985;61,439;61,425;62,051;61,516;61,473;60,849;59,929;62,046;63,068;60,017;61,432;59,961;60,686;59,325;58,451;58,205;57,615;56,605;57,84;59,588;57,011;57,601;56,475;53,879;49,128;48,628;48,605;51,169;50,817;49,036;52,029;50,177;48,466;48,532;49,981;50,037;50,125;48,67;50,498;49,327;47,779;50,392;49,955;52,218;49,174;48,028;51,74;47,974;48,754;49,259;49,995;48,472;52,778;52,874;51,176;50,705;51,112;47,715;50,894;48,433;50,369;48,169;50,043;49,893;49,513;49,445;51,025;50,354;46,966;50,5;51,544;50,313;51,922;51,137;52,221;52,351;52,61;51,009;50,979;50,217;52,109;43,193;43,14;41,53;41,979;43,313;41,649;42,586;41,813;40,962;40,933;41,275;41,424;40,475;41,366;40,8;40,714;40,177;39,055;39,618;40,129;40,342;40,308;39,921;40,339;39,321;39,941;39,088;40,961;40,58;39,683;40,347;40,917;37,949;39,737;39,506;40,7;40,13;37,475;38,835;38,77;39,65;39,167;39,641;39,432;40,145;39,209;39,482;37,25;39,381;38,096;40,27;39,659
G10;B4;;2;71,746;51,505;54,879;63,002;71,905;78,116;88,527;101,058;107,962;110,422;116,052;118,626;126,647;129,441;129,404;133,188;129,765;136,033;143,738;142,914;141,165;140,394;138,763;143,094;146,458;140,146;142,91;144,288;135,039;149,09;142,381;144,778;138,64;149,057;142,749;136,608;138,031;133,264;145,09;136,634;144,229;150,012;146,689;145,011;144,359;151,115;151,324;154,657;151,172;150,085;150,302;151,496;137,038;153,877;141,037;154,165;150,195;149,695;146,168;154,034;152,617;150,855;156,98;154,209;154,171;156,227;157,732;157,381;158,549;149,749;147,665;157,35;155,894;154,944;153,223;155,153;149,855;158,287;158,963;160,025;158,137;153,975;161,424;152,227;159,279;155,175;157,345;159,757;159,347;160,602;156,576;160,131;159,624;153,392;158,213;158,702;156,215;156,619;157,609;158,178;156,166;161,234;156,651;161,202;162,642;160,29;158,313;158,741;160,27;159,779;157,15;155,255;156,952;157,741;157,54;161,397;157,157;160,213;160,537;157,869;159,294;160,249;159,715;158,971;155,94;159,784;160,225;158,423;157,905;158,103;159,913;158,625;161,645;157,419;158,264;155,503;162,238;158,189;162,73;155,623;157,492;155,32;154,963;156,291
G11;B4;;2;57,881;54,516;56,465;65,272;66,852;67,305;79,417;80,381;82,612;83,37;82,688;84,142;86,533;85,319;84,681;86,772;86,356;90,178;89,117;88,731;91,495;92,314;90,698;92,479;92,187;95,342;91,777;94,132;98,754;96,586;98,193;99,127;97,076;100,954;99,521;99,294;98,892;96,246;97,701;96,849;98,776;102,871;106,353;99,851;102,637;104,886;101,17;106,615;104,698;106,961;105,506;101,481;101,645;108,292;101,93;109,031;106,261;106,162;101,837;108,485;109,645;119,531;113,489;113,78;108,219;116,814;112,551;114,87;117,37;107,432;115,008;115,989;115,976;115,389;108,694;114,625;116,107;112,278;112,497;112,378;114,118;117,192;111,434;113,805;116,819;113,619;112,973;118,945;113,633;116,423;117,334;114,7;115,294;112,321;112,977;120,005;111,281;114,24;116,339;116,074;114,343;114,747;111,691;120,214;115,098;118,781;116,995;125,816;114,314;114,43;112,702;114,3;114,358;117,835;123,443;114,805;113,051;121,608;116,79;114,216;117,223;120,825;115,658;120,459;119,661;121,655;123,811;117,647;119,084;124,536;120,389;124,562;123,754;124,709;120,684;123,142;123,885;120,072;125,993;123,344;125,741;125,505;123,956;124,27
B02;B1;;3;169,808;174,195;179,33;188,913;193,847;195,194;233,99;217,072;233,93;253,905;239,481;256,93;268,019;273,431;290,413;318,163;327,54;330,394;340,294;346,541;347,548;344,851;346,334;333,97;337,394;335,498;331,701;318,461;312,414;304,143;290,659;278,186;282,64;235,869;240,452;229,971;202,018;204,542;207,716;175,8;193,299;173,155;187,871;157,309;156,324;145,479;151,107;142,301;130,22;125,053;120,132;118,413;115,967;113,993;112,628;111,115;109,691;110,293;108,642;108,611;107,267;106,774;106,643;106,461;107,918;106,837;106,289;106,903;106,641;107,06;106,75;106,433;107,484;107,427;107,747;107,992;108,645;108,95;108,232;109,521;109,685;110,252;110,301;111,301;111,385;111,931;112,539;113,229;113,942;116,013;117,564;118,504;120,059;122,565;124,188;126,259;127,839;130,686;133,554;136,604;138,708;142,566;145,834;147,562;152,378;155,446;157,49;160,942;164,078;165,09;168,338;170,393;170,959;175,741;177,321;182,752;188,407;187,095;194,103;194,621;192,787;195,065;190,22;192,235;185,887;185,112;185,223;182,94;181,441;179,668;175,734;174,154;172,749;169,759;166,001;164,07;162,133;159,649;157,932;155,982;155,315;153,025;152,198;151,573
B03;B1;;3;232,8;247,423;260,954;269,261;263,999;287,422;298,144;303,176;313,669;323,946;321,549;337,572;337,22;333,193;333,63;333,087;343,332;340,171;343,684;344,999;342,949;344,547;332,651;342,212;339,995;331,317;322,64;319,43;307,774;304,876;291,268;283,476;272,884;271,284;243,461;237,242;232,347;224,579;224,343;197,506;195,197;188,159;191,11;179,89;175,339;173,726;166,444;163,335;159,684;156,007;152,85;149,825;143,704;142,086;135,873;131,665;129,413;124,604;122,023;118,101;114,262;111,232;110,062;107,758;108,269;105,905;106,003;106,319;106,115;104,937;105,415;105,091;105,339;105,354;105,08;105,94;106,5;106,808;106,743;107,473;107,652;107,911;109,048;109,162;109,822;110,765;111,5;113,007;114,137;115,268;117,551;118,346;119,429;122,046;124,93;126,433;129,216;131,784;133,887;137,129;139,034;144,369;147,672;145,679;148,775;151,781;151,774;154,685;158,683;163,226;162,779;165,309;167,223;169,083;173,413;180,58;182,634;182,793;186,765;186,93;182,355;185,278;177,747;180,144;176,834;174,711;175,241;172,885;171,008;169,959;164,53;163,389;160,665;158,613;156,223;154,977;152,838;151,257;149,811;148,858;147,646;146,145;144,549;143,442
B04;B1;;3;214,857;208,222;209,639;209,958;209,992;209,847;210,465;209,469;212,702;212,21;215,766;216,135;223,14;228,882;238,179;242,678;244,24;266,668;257,848;285,853;291,516;299,863;323,195;323,729;339,608;342,592;345,51;346,059;347,903;341,084;343,029;343,6;345,859;342,374;330,905;312,084;308,685;308,783;307,088;278,86;278,223;297,914;283,083;275,67;233,822;252,28;254,882;232,893;212,826;202,23;182,46;167,761;159,245;163,495;145,284;137,462;132,601;136,806;137,417;124,821;120,867;121,333;118,807;115,219;115,234;115,091;114,663;115,992;115,72;116,36;116,659;116,699;117,063;116,906;116,806;117,08;117,704;117,671;117,384;117,648;118,486;118,702;119,006;118,72;119,114;119,836;120,401;120,623;120,374;120,873;121,425;121,433;122,491;122,069;123,203;123,965;124,81;126,227;127,946;130,269;133,161;133,618;137,909;140,789;146,397;147,757;147,668;150,756;154,413;155,622;159,278;168,697;166,427;181,244;195,625;197,402;198,037;196,806;193,76;195,737;187,411;192,044;189,482;194,871;195,928;195,464;196,419;196,448;198,064;197,209;192,81;194,186;193,032;189,372;184,325;183,441;182,487;179,442;177,954;175,235;174,283;171,716;171,022;168,776
B05;B1;;3;204,709;204,764;214,21;217,624;220,726;224,845;229,829;231,865;229,254;238,574;243,439;239,332;241,669;249,326;245,682;253,242;237,387;265,48;260,421;267,864;289,988;296,785;303,206;311,645;322,239;337,019;338,21;342,961;345,332;344,908;346,35;342,945;328,803;332,913;329,112;314,668;299,593;282,773;282,207;285,667;261,728;286,255;281,252;273,519;249,589;265,812;255,314;237,711;239,35;235,945;206,037;183,008;146,7;174,54;140,306;141,034;131,649;120,959;121,662;114,717;114,129;109,414;105,682;105,461;105,007;104,081;103,38;103,53;103,169;103,725;103,867;104,334;105,008;105,229;106,312;106,618;107,94;108,689;108,215;108,679;108,815;109,354;109,536;110,068;109,914;110,148;111,405;111,93;112,273;111,081;111,237;112,832;112,708;112,565;113,111;113,604;113,906;114,26;115,203;116,314;117,553;118,088;120,35;122,198;123,682;130,165;129,548;132,511;136,367;135,637;141,293;141,854;144,459;146,6;146,865;157,325;162,495;159,962;171,206;182,684;181,287;184,211;179,562;179,769;176,648;178,485;179,076;183,036;183,043;182,151;177,357;179,943;177,978;177,311;171,43;170,956;170,217;167,118;165,251;163,408;161,738;160,111;158,097;156,386
B06;B1;;3;223,064;228,1;231,022;232,479;233,886;231,385;233,553;233,258;233,262;234,63;235,086;236,744;240,716;249,699;252,88;256,973;267,653;273,387;276,55;284,646;296,515;303,773;307,922;298,388;315,664;315,863;322,703;309,767;329,433;325,335;328,786;336,228;331,907;341,504;336,341;342,735;344,373;344,406;344,509;343,643;321,414;320,77;338,018;321,845;327,554;307,449;322,976;304,615;312,4;306,867;295,065;298,518;289,538;285,298;271,915;263,398;244,123;259,905;231,466;224,276;224,891;212,154;198,088;201,375;179,161;176,529;165,512;173,725;164,342;146,673;152,173;149,078;139,121;134,944;137,218;134,346;136,652;134,669;136,162;136,492;133,208;131,814;131,759;128,246;127,052;125,131;129,484;126,497;123,875;122,721;121,346;120,417;119,806;119,866;119,394;118,652;118,475;118,261;119,573;118,885;119,087;119,186;118,607;119,22;119,058;120,619;121,159;122,666;124,986;125,444;129,719;133,223;136,017;138,88;143,009;145,576;151,192;153,9;159,961;161,304;178,809;170,195;192,827;196,25;198,305;196,768;199,98;201,468;203,812;198,278;190,287;194,652;196,71;199,543;187,604;192,835;199,007;195,208;197,202;193,949;193,859;192,581;190,428;188,872
B07;B2;;3;232,583;181,015;187,765;204,063;225,054;232,121;228,057;253,194;297,443;293,803;306,122;329,395;312,867;314,217;311,17;311,057;309,68;322,763;331,747;319,66;338,906;340,791;341,974;343,03;344,374;344,733;343,2;343,118;347,635;331,714;330,854;336,96;333,58;333,4;329,633;327,074;319,62;334,417;308,827;322,453;314,669;316,977;319,177;297,8;301,575;309,76;294,208;289,545;288,08;273,777;265,259;275,038;280,209;286,937;276,721;262,937;247,239;226,218;245,084;214,158;213,126;182,66;192,075;164,903;160,304;152,27;141,926;146,331;131,723;124,445;117,994;113,999;115,508;113,748;107,857;106,971;106,957;106,124;106,047;104,811;105,18;104,863;104,9;104,489;104,275;104,154;104,829;104,665;104,126;104,023;104,182;104,918;104,527;104,562;105,153;105,524;105,846;105,366;106,039;106,431;105,961;107,021;107,334;107,574;108,115;108,902;109,694;110,48;111,405;113,601;114,653;117,888;118,314;119,951;120,736;123,056;123,795;124,652;127,497;128,416;132,099;134,599;136,163;137,71;140,659;143,564;144,78;146,815;153,178;151,977;150,79;156,457;161,406;160,843;159,868;160,343;162,484;165,522;166,401;167,224;167,185;170,574;167,436;168,008
B08;B2;;3;243,966;276,215;297,312;307,285;323,94;328,427;334,247;337,739;337,866;339,634;343,147;341,049;343,431;344,811;344,81;344,926;345,327;347,245;347,555;347,594;348,186;348,296;348,978;347,186;348,659;349,462;349,21;336,811;343,029;347,836;323,898;322,756;329,809;321,984;319,446;322,148;303,438;321,174;319,76;314,416;296,9;306,275;300,772;306,616;300,041;304,31;279,037;284,857;274,946;276,576;276,571;281,914;272,613;264,883;258,717;250,53;248,615;224,661;208,749;202,425;182,687;189,302;170,631;158,174;154,291;145,618;137,018;132,288;128,067;124,076;118,424;112,864;112,373;109,686;108,294;108,856;108,507;108,209;108,088;107,573;107,189;107,872;107,652;107,774;107,749;108,24;108,58;109,066;109,016;109,255;109,732;110,429;110,621;111,028;111,571;111,976;112,3;111,854;113,347;113,251;113,28;113,565;113,847;115,322;116,634;118,191;119,137;120,244;121,332;123,344;125,985;127,611;128,271;131,414;133,618;136,101;137,5;137,776;141,634;144,253;143,939;150,001;151,781;152,197;153,592;156,954;160,609;159,381;164,799;170,4;165,778;167,701;175,605;170,734;171,444;169,788;172,07;173,16;176,253;176,733;182,546;184,929;176,212;174,337
B09;B2;;3;277,641;248,909;255,977;274,447;322,155;329,995;335,006;316,283;327,64;335,615;336,387;331,091;338,526;343,067;343,475;345,777;345,992;347,402;348,033;348,166;348,455;349,079;335,728;339,133;330,965;339,671;347,005;334,526;319,521;323,751;302,04;304,107;288,572;276,865;269,504;270,204;246,554;235,35;233,176;215,095;200,82;190,711;172,452;163,895;157,228;149,696;145,208;139,705;131,947;124,921;121,595;120,27;118,114;117,096;113,122;111,515;109,653;110,103;109,876;109,171;109,53;108,4;109,098;108,496;108,778;108,15;108,732;108,423;108,135;107,835;107,605;108,261;108,419;108,37;108,936;109,269;109,33;109,504;109,754;110,219;109,818;110,302;110,022;110,995;110,514;111,507;111,626;112,938;113,731;114,636;116,474;116,748;118,51;120,023;122,086;122,941;125,141;125,031;128,057;131,163;129,363;132,376;133,042;134,872;139,235;138,925;142,516;146,847;146,307;148,713;151,866;152,306;152,218;156,306;155,243;157,306;161,459;162,656;165,348;166,087;165,873;168,559;170,931;170,55;172,185;171,125;173,407;178,234;175,659;174,84;174,975;176,228;176,8;174,853;173,477;173,656;171,861;171,563;171,307;170,674;172,577;168,85;168,713;167,804
B10;B2;;3;222,769;222,952;234,754;238,312;240,049;245,376;243,359;254,56;257,294;261,943;259,286;272,25;261,86;268,551;272,021;262,408;272,52;274,724;282,792;295,874;305,07;310,03;311,646;339,748;331,831;334,749;341,911;343,548;334,189;337,94;329,674;328,725;339,422;331,897;326,915;319,362;311,578;317,124;306,449;299,365;290,186;291,018;285,284;289,395;270,185;263,981;251,229;248,056;227,483;254,458;204,142;186,442;184,977;177,827;168,397;166,295;155,79;139,204;137,307;134,575;123,592;120,018;117,416;116,171;114,777;112,965;112,335;111,323;111,583;110,808;110,863;110,251;111,452;110,635;110,481;112,592;112,361;113,245;113,315;112,758;112,42;112,765;113,023;113,622;114,057;114,734;114,557;114,914;115,114;114,837;117,143;115,045;115,648;114,132;115,56;116,394;115,407;115,937;119,527;122,541;124,445;127,717;128,741;129,156;131,431;128,986;128,553;130,79;129,709;129,618;133,342;135,886;137,951;143,556;145,926;147,472;149,045;152,782;150,573;154,315;151,591;155,031;155,2;157,459;163,767;162,517;166,75;176,968;175,806;175,087;169,943;183,113;185,706;179,157;173,564;175,209;180,609;170,034;172,903;172,268;181,474;185,593;174,778;174,725
B11;B2;;3;193,248;198,759;204,496;202,311;215,431;216,155;221,718;236,746;232,369;241,738;251,669;251,306;278,938;281,55;296,074;301,77;318,629;332,999;342,627;346,314;348,608;345,616;348,227;349,098;346,92;344,659;349,074;348,913;328,47;347,309;345,926;341,629;322,683;338,609;337,123;319,504;317,59;294,713;309,348;287,492;265,492;267,24;291,497;241,689;245,878;280,524;269,368;256,495;264,102;240,131;255,748;235,607;232,931;243,836;224,691;238,857;229,265;219,827;218,996;198,58;193;185,252;147,721;139,692;138,607;132,896;130,694;137,275;129,001;130,594;127,687;126,534;127,545;127,094;127,02;127,684;127,301;128,061;128,045;128,431;128,447;129,277;128,854;129,212;129,609;130,356;130,492;131,215;131,068;131,063;130,624;131,034;130,646;132,267;130,954;132,285;130,439;130,16;131,636;131,306;130,666;131,287;130,803;132,238;132,406;134,748;133,579;134,965;135,362;136,563;140,715;141,202;142,174;142,948;144,852;146,494;147,99;153,759;151,16;150,714;152,563;155,423;157,002;157,928;158,647;161,831;165,747;164,1;167,221;169,377;170,405;172,861;174,239;177,072;192,592;181,804;185,289;185,845;188,306;189,791;193,344;193,309;202,338;200,086
C02;X1;;3;92,531;92,716;93,295;93,648;94,003;94,183;94,368;94,47;94,816;95,07;94,961;95,308;95,844;96,067;96,287;96,559;96,759;97,084;97,463;98,005;98,157;98,401;98,818;99,181;99,509;100,26;100,542;100,697;100,899;101,572;101,742;102,229;102,552;103,015;103,115;103,679;104,067;104,654;104,885;105,519;105,74;106,759;106,959;107,552;108,073;108,573;108,93;109,393;110,232;111,224;111,573;112,158;113,22;114,224;115,107;116,382;116,86;118,626;119,996;120,915;123;124,086;126,206;128,319;130,993;133,495;136,865;139,474;144,481;151,057;156,823;159,781;167,06;169,121;176,365;180,899;188,87;200,993;213,589;226,401;229,13;238,611;239,52;245,431;250,773;258,725;263,525;274,115;281,145;287,839;293,876;298,427;305,49;312,614;318,121;324,436;326,249;326,28;326,226;325,607;325,127;325,487;324,747;324,548;324,329;323,992;323,457;323,595;322,471;323,003;322,648;320,634;321,765;321,237;318,933;320,265;317,994;318,971;319,704;317,25;320,013;320,828;321,706;323,22;326,35;327,826;329,172;330,798;333,048;333,509;333,952;334,437;334,988;335,625;335,988;336,929;337,036;337,66;337,488;337,682;338,72;338,113;339,002;339,303
C03;X1;;3;93,561;93,364;94,012;94,184;94,705;94,858;95,144;95,277;95,552;95,877;95,936;96,421;96,597;96,932;97,401;97,647;97,677;98,146;98,457;98,696;99,12;99,386;99,586;99,998;100,046;100,84;101,084;101,07;101,642;102,179;102,066;102,713;102,987;103,147;103,233;103,686;103,959;104,394;104,813;104,889;104,795;105,858;106,159;106,364;107,215;107,758;108,606;108,844;109,9;111,055;111,981;112,666;113,727;115,153;116,654;117,756;119,23;121,086;122,6;124,962;127,328;128,848;131,529;134,82;141,739;145,104;150,799;151,641;159,635;168,571;168,737;177,641;186,885;194,578;195,793;198,158;207,858;217,076;228,513;232,08;235,65;248,521;245,972;264,532;264,328;267,611;271,473;273,676;288,84;295,193;292,793;309,343;298,995;304,374;318,358;312,207;315,704;320,108;321,726;323,183;324,537;324,564;323,254;323,212;321,977;322,995;323,476;322,817;321,873;322,753;322,745;320,531;321,339;321,331;319,006;320,326;318,086;319,067;319,8;317,352;320,109;320,922;321,793;323,304;326,16;327,921;327,972;329,43;329,361;327,539;328,635;324,161;320,393;325,004;313,567;314,533;318,929;307,148;306,89;304,739;298,97;291,874;297,087;291,119
C04;X1;;3;89,328;89,959;90,148;90,076;90,676;91,002;91,203;91,006;91,266;91,518;91,633;92;92,183;92,347;92,846;92,942;93,049;93,358;93,634;93,415;93,939;94,47;94,311;94,934;95,154;95,548;95,853;96,235;96,604;96,958;97,119;97,434;97,758;98,317;98,541;98,903;99,275;99,631;100,007;100,574;100,373;101,41;101,428;101,76;102,178;102,491;102,838;102,98;103,882;104,44;105,034;105,555;106,328;107,15;107,882;108,931;109,691;110,982;112,281;113,868;114,598;116,847;118,575;120,408;122,128;123,689;127,095;128,719;132,364;134,877;138,374;147,392;153,389;158,495;161,261;171,774;179,767;186,04;188,148;193,337;199,221;207,791;214,021;223,724;233,893;240,76;247,447;254,322;260,05;266,005;271,904;277,257;282,501;287,001;294,77;300,166;303,73;310,809;317,556;323,255;324,82;325,627;324,943;324,743;324,528;324,19;323,661;323,793;322,675;323,206;322,852;320,836;321,968;321,44;319,134;320,467;318,194;319,173;319,906;317,45;320,215;321,031;321,909;323,424;326,556;328,033;329,38;331,007;333,258;333,72;334,162;334,648;335,199;335,837;336,2;337,142;337,249;337,873;337,701;337,895;338,774;338,08;338,89;338,456
C05;X1;;3;93,907;93,984;94,293;94,35;94,615;94,922;95,09;95,529;95,802;95,585;95,856;96,186;96,663;96,953;97,279;97,661;97,614;98,118;98,45;98,71;99,071;99,693;100,358;100,788;101,174;101,295;101,084;100,446;100,795;101,027;100,899;101,487;101,734;102,34;102,448;102,922;103,73;104,036;104,448;104,871;105,183;106,142;106,315;107,112;107,7;108,093;109,017;109,534;110,505;111,283;111,939;112,828;113,634;114,628;115,977;116,857;117,806;119,233;120,188;121,248;122,565;124,561;125,064;127,462;129,27;130,998;134,126;136,583;139,108;141,445;144,217;147,263;150,096;152,938;155,638;159,312;168,462;180,397;192,13;195,531;203,658;210,773;218,049;230,605;238,685;246,608;254,379;261,795;268,607;273,155;278,402;284,494;288,881;294,492;302,239;309,523;316,296;323,609;326,072;325,868;325,41;325,783;325,05;324,854;324,635;324,297;323,761;323,9;322,775;323,307;322,952;320,936;322,068;321,54;319,233;320,567;318,293;319,272;320,005;317,549;320,315;321,131;322,009;323,524;326,657;328,135;329,482;331,11;333,361;333,823;334,266;334,752;335,303;335,941;336,304;337,246;337,354;337,978;337,806;338;339,038;338,432;339,321;339,626
C06;X1;;3;83,659;83,87;84,567;84,681;84,822;84,932;85,284;85,328;85,57;85,517;85,672;86,221;86,421;86,56;86,748;86,958;87,152;87,332;87,747;88,276;88,486;88,792;89,1;89,614;89,742;90,265;90,22;90,022;89,958;90,496;90,528;90,777;91,303;91,717;91,837;92,403;92,923;93,369;93,803;94,127;94,56;95,288;95,638;96,109;96,789;97,532;97,682;98,444;99,336;100,035;100,648;101,595;102,083;103,269;104,215;105,053;105,632;107,233;107,928;109,058;110,362;111,595;113,128;114,317;116,439;118,661;120,712;123,439;126,496;129,764;132,571;134,837;137,971;140,43;142,736;146,468;149,122;152,432;162,621;182,43;184,745;191,323;200,925;209,28;220,614;228,636;235,259;242,574;247,742;251,916;258,426;263,787;269,965;275,598;282,928;291,301;296,102;301,238;305,643;311,147;312,492;315,284;317,505;320,617;320,261;322,593;322,397;323,229;322,71;323,365;323,042;321,032;322,165;321,643;319,336;320,669;318,395;319,374;320,107;317,65;320,417;321,233;322,112;323,628;326,762;328,24;329,588;331,216;333,468;333,93;334,373;334,859;335,41;336,049;336,412;337,354;337,462;338,086;337,914;338,108;339,147;338,54;339,43;339,734
C07;X2;;3;82,452;82,648;82,948;83,23;83,649;83,726;84,01;83,482;83,892;84,036;84,061;84,243;84,4;84,691;84,785;85,04;85,23;85,668;85,819;86,037;86,169;86,42;86,441;86,727;86,878;87,268;87,617;87,908;88,266;88,618;88,707;89,586;89,581;90,05;90,033;89,929;90,458;90,987;91,164;91,773;92,064;92,788;93,132;93,962;94,227;94,769;94,838;95,076;95,336;95,41;95,533;96,397;96,509;96,947;97,397;97,93;97,913;98,507;98,822;99,214;99,104;99,337;100,215;100,605;101,202;101,002;101,228;101,83;101,951;102,316;102,191;102,705;102,815;103,381;103,048;103,433;104,221;104,012;103,992;104,176;104,574;104,767;105,392;105,389;105,311;105,785;106,232;106,628;107,089;107,871;108,233;108,574;109,672;110,473;111,542;112,846;113,729;113,525;115,723;115,851;116,403;117,53;118,987;119,62;120,524;122,086;123,735;125,136;125,238;127,693;129,715;131,132;129,805;131,942;132,398;134,568;138,905;138,53;141,391;145,658;145,147;149,419;145,899;148,632;154,223;153,013;158,334;158,563;160,892;166,237;163,015;172,107;169,484;171,323;170,612;171,799;174,316;173,258;177,196;178,54;178,902;177,853;177,363;178,188
C08;X2;;3;99,862;100,203;100,323;100,696;101,253;101,324;101,568;101,415;101,772;101,892;101,949;102,392;102,197;102,39;102,441;102,696;102,415;102,94;103,461;103,499;104,193;104,658;104,756;104,993;105,375;105,773;106,08;106,098;106,652;107,326;107,504;107,57;107,621;108,022;108,242;108,793;109,022;109,421;110,038;110,574;111,052;112,209;112,278;112,662;113,093;113,494;113,831;113,973;114,56;114,812;115,007;115,793;115,774;116,375;116,329;117,012;117,036;117,169;117,312;117,846;117,796;118,032;118,489;118,93;119,712;119,365;120,053;120,331;120,275;120,352;120,448;121,008;121,648;122,089;121,582;121,959;122,581;123,277;122,955;122,966;123,32;123,499;124,091;124,366;124,88;125,231;126,427;126,57;127,877;128,108;129,027;129,538;130,498;131,452;132,303;132,659;134,397;134,419;136,512;136,313;137,904;138,376;140,368;141,15;142,433;144,306;145,491;146,649;147,813;149,71;150,942;152,589;151,908;153,703;153,588;157,951;160,809;161,78;165,252;166,265;167,348;169,452;170,341;173,072;175,87;173,464;182,179;179,222;179,366;184,038;185,403;186,393;190,16;190,764;189,802;189,787;192,842;189,343;192,945;192,193;194,657;191,548;196,493;195,653
C09;X2;;3;92,097;89,537;89,604;89,74;90,463;90,515;91,085;91,135;91,478;91,906;91,877;92,265;92,556;92,79;93,193;93,442;93,748;94,023;94,443;94,75;95,453;95,735;95,499;96,251;95,87;96,957;96,981;97,048;97,878;97,96;98,424;98,844;99,076;99,737;99,754;100,372;100,447;101,08;101,893;102,212;102,416;103,393;103,477;104,185;104,605;104,204;104,708;104,554;105,209;105,886;105,865;106,366;106,828;106,742;107,564;107,161;106,901;108,153;108,268;108,051;108,441;108,708;109,108;109,305;109,713;109,522;110,034;110,479;110,826;111,265;111,823;112,225;112,754;113,018;113,89;114,255;115,079;116,206;116,888;116,997;118,496;119,364;119,747;120,7;122,227;122,948;123,242;124,277;126,455;126,899;128,19;128,324;131,069;132,681;132,828;134,415;137,151;135,994;139,567;140,867;141,653;143,883;145,219;146,265;148,723;150,038;149,775;153,139;155,789;155,877;157,859;159,475;160,773;160,654;161,952;168,073;165,897;167,484;174,201;173,203;177,303;177,214;174,808;177,547;178,476;177,651;180,244;183,162;180,807;182,361;181,924;181,793;184,861;184,352;182,814;183,424;185,431;185,04;185,05;184,68;184,643;184,763;185,826;184,99
C10;X2;;3;108,216;81,184;80,779;81,096;81,381;81,61;82,041;82,177;82,297;82,442;82,815;83,137;83,34;83,791;83,914;84,418;84,625;85,145;85,362;85,622;86,441;86,839;86,965;87,548;87,964;88,104;89,221;88,857;89,497;89,983;90,037;90,818;90,629;91,64;91,677;92,125;92,554;93,028;93,57;93,985;94,262;94,993;95,209;96,134;96,543;96,406;96,594;97,005;97,488;97,531;97,994;98,313;99,18;99,399;100,103;100,272;99,791;100,546;100,509;99,881;100,665;100,631;101,33;101,162;101,751;102,053;102,313;102,451;102,64;103,315;103,3;103,847;104,715;104,802;105,143;105,701;106,524;107,173;107,603;108,408;108,479;109,87;110,221;111,022;112,358;113,167;114,133;115,251;116,282;117,067;119,129;118,839;120,236;121,229;123,019;123,962;126,053;125,505;128,979;129,581;130,741;132,588;133,364;134,592;135,622;136,838;139,049;142,032;141,271;143,316;147,225;151,702;150,239;150,475;152,431;157,091;161,463;158,684;163,538;161,733;165,486;162,635;163,46;170,297;167,504;167,516;172,979;171,003;171,522;175,98;176,447;178,63;180,303;180,663;178,169;180,363;180,12;180,064;180,435;180,326;179,326;181,661;180,141;181,186
C11;X2;;3;111,542;111,667;111,984;112,261;112,795;112,92;113,2;113,303;113,637;113,681;113,769;114,146;114,277;114,697;114,887;115,225;115,3;116,013;116,016;116,182;116,481;117,009;117,493;117,598;118,438;118,894;119,425;119,309;119,614;120,311;120,267;120,506;120,411;121,042;121,282;121,991;122,356;122,716;123,332;123,652;124,226;124,88;125,457;126,103;126,877;126,539;126,707;126,807;127,429;127,869;128,034;128,392;128,975;129,533;129,921;129,973;130,221;130,674;130,854;131,273;131,427;132,108;131,878;132,017;133,082;133,424;133,402;133,584;133,752;133,848;133,845;134,039;134,772;134,775;134,678;135,109;135,444;135,732;135,45;135,72;136,396;135,899;136,794;137,17;137,491;137,854;138,215;138,698;139,258;140,134;139,965;140,973;141,371;142,008;142,805;143,46;144,023;145,091;146,094;146,526;147,128;148,262;149,286;150,225;150,458;152,538;153,19;153,836;155,127;157,078;158,418;162,225;158,149;159,846;159,78;166,447;167,031;165,225;168,64;167,988;171,343;171,271;177,444;174,957;176,338;175,595;181,582;180,816;181,211;184,102;185,229;190,685;193,321;192,102;194,373;192,166;197,576;199,058;198,878;199,622;203,965;208,454;207,093;206,922
D02;X3;;3;142,195;126,942;115,765;118,761;123,432;121,563;122,152;122,251;124,969;124,295;124,535;120,248;122,577;128,354;128,932;123,339;123,878;121,476;121,972;122,646;115,989;121,258;120,095;116,025;119,248;117,18;116,762;111,624;111,907;112,878;110,916;109,816;108,937;109,177;106,685;106,264;110,298;109,08;108,385;107,686;105,429;106,842;107,294;105,099;104,899;104,522;103,757;106,197;104,117;104,575;104,606;105,317;104,502;104,526;105,458;105,011;105,36;106,152;106,271;106,766;107,113;107,667;108,215;108,817;109,416;109,845;110,52;111,588;112,289;113,09;113,935;114,851;115,791;117,128;117,914;119,143;120,272;121,496;122,948;124,095;125,855;126,923;128,548;130,388;131,901;133,845;135,801;137,333;139,954;141,656;143,928;146,197;148,587;151,325;154,085;157,021;159,569;162,305;165,625;168,068;169,094;172,314;175,852;179,113;182,053;186,018;190,63;196,365;201,808;208,208;217,618;243,331;252,886;260,334;267,821;279,245;288,29;297,303;309,212;314,943;319,875;320,832;321,71;323,223;326,353;327,83;329,176;330,802;333,051;333,513;333,955;334,44;334,991;335,629;335,991;336,932;337,04;337,664;337,491;337,685;338,723;338,117;339,005;339,309
D03;X3;;3;143,583;146,426;151,551;148,919;150,819;145,896;148,923;142,994;142,623;136,277;140,127;140,275;140,243;140,356;138,763;137,519;137,208;137,446;138,125;137,345;133,712;137,411;131,906;131,097;131,1;131,809;127,685;128,16;128,308;125,723;124,236;125,635;119,541;121,807;119,857;122,971;115,447;119,504;113,548;114,3;108,251;111,152;110,769;111,855;110,753;107,437;107,624;101,24;101,253;104,301;100,03;97,505;100,682;100,234;98,067;98,195;97,386;97,353;97,193;96,603;96,944;97,851;97,781;98,943;99,574;99,637;100,243;101,046;101,876;102,472;103,137;104,317;105,305;106,559;107,25;108,493;109,766;110,962;112,184;113,523;115,211;116,299;118,168;119,57;121,33;123,156;125,104;127,039;129,167;131,228;133,75;135,722;138,112;140,572;144,046;147,06;149,538;152,681;154,14;156,403;159,381;162,636;165,142;167,97;171,204;174,278;177,668;181,456;184,763;188,993;193,44;198,454;204,186;214,134;233,321;244,267;252,961;263,204;272,905;279,931;291,535;302,274;315,883;321,105;326,376;327,935;329,281;330,908;333,158;333,62;334,062;334,548;335,098;335,736;336,099;337,04;337,148;337,772;337,599;337,793;338,831;338,225;339,114;339,418
D04;X3;;3;86,531;86,454;86,933;87,001;86,936;87,041;86,958;87,079;87,226;87,303;87,035;87,286;87,488;87,457;87,234;87,473;87,483;87,746;87,768;87,802;87,91;88,282;88,317;88,576;88,561;89,097;88,882;89,195;89,152;89,48;89,428;89,429;89,63;89,852;89,769;90,169;90,416;90,622;90,879;90,869;91,17;91,668;91,644;91,942;92,192;92,044;92,658;92,708;93,242;93,182;93,325;93,549;93,783;94,248;94,773;94,774;95,26;95,971;96,117;96,775;96,916;97,354;97,771;98,502;99,161;99,576;100,27;100,979;101,832;102,401;103,408;104,178;105,238;106,222;107,199;108,268;109,155;110,563;111,411;112,704;114,509;116,003;117,341;118,196;119,972;121,433;123,375;125,539;127,712;129,518;131,724;133,299;135,437;138,228;140,73;143,135;145,793;149,867;152,774;155,007;156,645;161,38;178,143;185,898;192,261;198,851;204,116;211,828;217,285;225,095;231,006;237,691;244,712;251,487;258,818;265,417;273,815;282,313;292,153;298,819;309,373;318,746;321,768;323,42;326,559;328,036;329,384;331,011;333,261;333,723;334,166;334,651;335,202;335,84;336,203;337,145;337,252;337,877;337,704;337,898;338,937;338,33;339,219;339,524
D05;X3;;3;83,641;83,631;83,908;83,851;84,084;84,072;84,217;84,367;84,197;84,256;84,515;84,264;84,531;84,591;84,712;84,919;84,503;84,975;84,609;84,942;85,122;85,145;85,299;85,433;85,335;86,106;85,678;85,72;85,984;86,019;86,402;86,111;86,269;86,577;86,578;87,028;87,238;87,469;87,602;87,465;87,916;88,313;88,246;88,62;89,035;89,08;89,212;89,598;89,681;89,795;90,139;90,37;90,573;90,937;91,328;91,55;91,714;92,454;92,585;93,068;93,386;93,9;94,355;94,886;95,872;95,997;96,688;97,365;98,248;98,931;99,792;100,559;101,57;102,267;103,121;104,354;105,305;106,369;107,533;108,769;109,798;110,967;112,774;114,197;115,551;117,391;118,956;120,679;122,578;124,52;126,438;128,482;130,715;133,068;135,891;138,409;141,243;144,415;146,931;148,598;150,6;154,663;163,721;179,178;184,977;190,38;196,955;202,926;210,608;217,158;222,153;228,806;237,256;243,908;249,015;256,847;265,172;271,947;283,701;290,407;300,444;310,682;318,406;323,097;326,651;328,138;329,486;331,113;333,364;333,827;334,269;334,755;335,306;335,945;336,307;337,25;337,357;337,982;337,809;338,003;339,042;338,435;339,324;339,629
D06;X3;;3;82,476;82,372;82,83;82,769;82,907;83,051;83,139;83,145;82,982;82,834;82,832;83,054;83,112;83,096;83,647;83,512;83,422;83,613;83,521;83,515;83,629;83,925;84,247;84,018;84,438;84,501;84,675;84,52;84,62;84,658;84,902;85,028;85,009;85,255;85,435;85,722;86,018;86,235;86,227;86,482;86,33;86,985;87,273;87,418;87,425;87,668;88,117;87,938;88,599;88,521;88,793;89,041;89,2;89,483;90,081;90,283;90,183;91,114;91,444;91,652;92,061;92,444;92,762;93,548;94,121;94,353;95,138;95,855;96,69;97,512;98,041;98,927;99,883;100,961;101,717;102,744;103,869;104,713;105,766;106,995;107,859;109,265;110,6;112,158;113,491;115,178;116,716;118,419;120,189;122,115;124,178;125,602;128,004;130,027;132,782;135,19;137,619;140,172;142,878;146,138;147,633;150,284;152,981;158,964;174,261;180,802;187,875;193,013;198,713;204,868;211,783;218,774;224,939;232,764;236,941;244,213;252,343;260,133;268,376;274,767;284,383;294,1;304,303;311,712;323,82;327,971;329,568;331,216;333,468;333,93;334,373;334,859;335,41;336,049;336,412;337,354;337,462;338,086;337,914;338,108;339,147;338,54;339,43;339,734
D07;X4;;3;84,195;83,873;84,029;84,106;84,337;84,324;84,501;84,51;84,751;84,781;84,642;84,691;84,828;84,65;84,934;84,978;84,715;85,006;85,024;85,259;85,262;85,567;85,484;85,521;85,548;85,914;85,79;85,853;85,956;86,099;86,071;86,396;86,373;86,765;86,808;86,934;87,082;87,347;87,508;87,427;87,888;88,358;88,308;88,838;89,177;89,322;89,585;90,064;90,282;90,646;90,747;91,191;91,622;92,394;92,857;93,162;93,561;94,693;95,272;95,865;96,557;97,19;98,061;98,984;100,11;100,784;101,738;102,953;104,144;105,347;106,683;107,791;109,229;110,948;112,19;114,238;116,177;118,211;120,884;121,864;123,677;126,049;128,319;130,534;132,685;135,605;139,046;143,175;147,052;150,934;155,914;160,101;164,891;169,92;174,765;180,28;185,081;191,779;196,924;202,677;208,03;215,365;221,412;228,471;234,695;241,572;247,541;257,871;262,503;269,226;275,563;284,208;288,554;294,61;298,759;305,718;312,339;317,799;320,159;317,752;320,52;321,336;322,216;323,731;326,867;328,345;329,694;331,322;333,575;334,037;334,48;334,966;335,518;336,156;336,519;337,462;337,57;338,195;338,022;338,216;339,256;338,649;339,538;339,843
D08;X4;;3;83,177;83,228;83,092;83,243;83,466;83,544;83,929;83,86;83,926;83,93;83,858;84,236;84,12;84,2;84,49;84,544;84,454;84,097;84,337;84,561;84,596;84,568;84,848;84,57;84,905;85,396;85,363;85,521;85,415;85,474;85,817;85,818;86,325;86,55;86,422;86,994;87,221;87,274;87,553;87,694;87,784;88,184;88,453;89,101;89,232;89,526;89,772;89,922;90,579;90,992;91,092;91,83;92,023;92,791;93,123;93,751;93,874;95,155;95,544;96,036;96,858;97,536;98,215;99,076;100,601;101,08;102,16;103,384;104,656;105,678;107,051;108,467;109,964;111,668;113,218;115,226;117,359;119,478;121,784;122,308;124,133;126,79;129,21;132,028;134,053;137,076;139,958;143,921;147,342;151,165;155,789;160,069;164,31;168,77;173,117;177,832;183,348;188,746;194,221;199,51;205,075;212,029;216,665;224,944;230,79;236,703;242,683;251,54;257,308;264,735;272,234;279,67;284,221;289,249;294,874;301,547;309,746;315,009;319,531;317,803;320,616;321,436;322,315;323,832;326,968;328,447;329,796;331,425;333,678;334,141;334,584;335,07;335,622;336,261;336,624;337,567;337,675;338,3;338,127;338,321;339,361;338,754;339,644;339,948
D09;X4;;3;80,971;81,166;81,16;81,273;81,378;81,714;81,855;81,472;81,766;81,793;81,851;81,866;82,037;82,013;82,221;82,038;82,174;82,339;82,415;82,51;82,652;82,957;82,902;83,098;83,146;83,416;83,466;83,557;83,831;84,089;83,707;83,952;84,011;84,719;84,555;84,655;84,881;85,164;85,182;85,748;85,613;86,031;86,093;86,617;86,871;86,87;87,381;87,43;87,902;88,476;88,676;89,069;89,279;90,004;90,606;90,858;91,242;92,275;92,857;93,212;93,91;94,543;95,381;96,061;97,342;98,045;99,013;100,195;101,031;102,293;103,533;104,435;105,966;107,764;109,214;111,345;113,207;114,784;116,972;119,335;120,905;123,516;125,567;127,379;130,271;134,018;137,534;141,215;145,606;149,87;155,377;159,381;164,533;169,903;175,802;181,091;187,008;193,146;199,493;206,217;212,176;219,056;224,509;231,742;239,962;245,967;252,732;261,729;270,03;276,164;284,2;289,769;295,69;301,085;307,351;313,572;317,516;319,55;320,405;317,949;320,719;321,535;322,415;323,932;327,069;328,549;329,898;331,528;333,782;334,244;334,688;335,174;335,726;336,365;336,728;337,672;337,779;338,404;338,232;338,426;339,466;338,859;339,749;340,054
D10;X4;;3;80,266;80,198;80,197;80,292;80,634;80,377;80,422;80,61;80,739;80,47;80,663;80,639;80,759;80,857;80,927;80,975;81,005;81,389;81,268;81,23;81,229;81,745;81,558;81,879;81,49;81,978;82,075;82,26;82,254;82,41;82,322;82,601;82,678;83,007;82,87;83,103;83,399;83,679;83,876;83,657;84,055;84,683;84,556;85,072;85,459;85,464;85,957;86,201;86,786;86,933;87,182;87,709;88,116;88,554;89,135;89,659;90,169;90,797;91,448;92,13;92,742;93,403;94,003;95,187;96,203;97,164;97,776;99,109;100,091;101,351;102,543;104,03;105,092;106,838;108,368;110,485;112,112;114,144;116,457;117,625;119,223;121,85;124,061;126,788;128,764;132,218;135,106;138,615;142,495;146,285;150,914;154,529;158,842;164,048;168,918;172,919;178,232;184,611;190,008;195,955;201,727;208,694;215,318;221,985;228,376;234,746;243,182;249,627;256,213;263,178;267,961;275,346;280,885;285,5;291,404;298,413;307;313,814;319,438;317,93;320,812;321,632;322,518;324,036;327,174;328,654;330,003;331,634;333,888;334,351;334,795;335,281;335,833;336,472;336,836;337,78;337,887;338,513;338,34;338,534;339,575;338,967;339,857;340,163
D11;X4;;3;146,359;146,603;146,941;146,994;146,98;147,367;147,937;147,33;147,58;148,004;147,662;147,811;147,362;147,911;148,181;148,002;147,979;148,242;149,382;150,143;150,787;151,282;151,28;150,573;151,461;151,64;152,235;152,016;151,781;152,359;152,044;152,819;152,828;153,21;153,157;153,74;153,632;154,15;154,351;153,886;154,319;154,906;155,311;155,972;155,573;155,992;156,367;156,522;156,813;157,267;157,475;157,488;158,223;158,948;159,618;159,741;160,139;161,243;161,168;162,267;162,807;163,407;164,327;164,961;165,9;166,948;167,806;168,31;169,725;171,006;172,512;173,596;174,726;176,395;177,77;179,921;181,492;182,999;184,953;185,774;188;190,083;192,174;194,172;196,154;199,058;201,76;204,619;208,41;211,565;215,307;218,937;222,974;226,812;231,629;235,531;239,736;245,338;250,172;255,054;259,606;266,565;270,765;277,479;282,532;287,873;295,184;301,723;306,803;312,163;318,207;320,84;322,535;322,139;319,837;321,173;318,895;319,876;320,61;318,149;320,921;321,738;322,618;324,136;327,275;328,756;330,106;331,736;333,992;334,455;334,898;335,385;335,937;336,577;336,94;337,884;337,992;338,618;338,445;338,639;339,68;339,072;339,963;340,268
E02;X5;;3;99,022;86,109;86,195;86,243;86,66;86,709;86,771;86,874;86,819;86,884;86,694;86,924;87,053;87,124;87,112;87,16;87,246;87,377;87,451;87,38;87,641;87,877;87,831;87,835;88,16;88,244;88,218;88,344;88,702;88,681;88,623;88,938;88,812;89,097;88,942;89,231;89,133;89,444;89,387;89,567;89,643;89,869;90,142;90,272;90,596;90,6;90,888;91,123;91,242;91,607;91,644;92,072;92,54;92,697;93,513;93,548;93,915;94,634;95,049;95,676;96,218;96,995;97,552;98,383;99,291;100,121;100,848;101,823;102,81;103,864;105,087;106,314;107,63;108,875;110,027;111,732;113,173;114,446;115,764;117,257;118,699;120,092;122,15;123,088;124,711;126,983;127,959;128,542;129,87;131,505;133,16;134,236;135,516;136,342;137,897;138,928;139,804;141,407;143,015;144,674;146,678;148,888;150,841;153,086;156,196;161,665;171,239;173,536;175,001;178,011;180,168;183,881;185,465;187,774;188,74;192,765;195,122;195,799;199,384;198,718;201,401;202,991;203,121;203,073;205,01;205,353;205,929;205,985;209,851;207,683;212,8;212,322;210,835;217,292;220,472;221,613;223,159;225,896;228,266;230,856;231,084;233,38;237,525;239,856
E03;X5;;3;92,672;81,252;81,326;81,155;81,342;81,623;81,743;81,578;81,934;81,848;81,376;81,717;81,719;81,926;82,01;82,111;81,944;82,29;82,182;82,074;82,394;82,325;82,539;82,427;82,576;83,171;83,389;83,024;83,151;83,192;83,443;83,475;83,517;83,522;83,634;83,561;83,817;84,1;84,265;84,027;84,287;84,745;84,47;84,896;85,238;85,306;85,511;85,704;85,953;86,266;86,433;86,725;87,07;87,412;87,872;88,32;88,652;89,391;89,572;90,391;90,856;91,551;92,109;92,94;93,766;94,493;95,499;96,232;97,342;98,206;99,734;100,742;101,884;103,166;104,411;105,721;107,057;108,598;109,875;111,395;112,75;114,337;116,237;117,654;119,114;120,642;121,241;122,321;124,013;125,251;126,797;127,618;128,844;129,948;131,207;132,364;133,069;134,053;135,201;136,63;138,291;139,762;141,728;143,784;146,585;150,1;158,401;163,756;166,411;168,636;171,147;174,98;176,468;179,358;181,845;183,942;186,769;188,251;191,06;189,244;191,021;192,754;192,424;194,107;195,048;196,837;197,853;198,343;201,287;202,114;203,847;203,644;205,768;206,745;211,162;214,265;215,846;219,012;220,916;222,122;224,878;226,897;230,441;233,231
E04;X5;;3;97,54;90,833;90,561;90,566;91,018;90,85;90,936;91,125;91,15;91,342;91,141;91,321;91,45;91,409;91,379;91,535;91,596;91,677;91,723;91,695;91,748;91,993;92,076;92,015;92,424;92,494;92,292;92,181;92,756;92,823;92,679;92,838;92,845;93,007;92,994;93,024;93,344;93,327;93,199;93,546;93,428;93,984;94,005;94,124;94,296;94,43;94,786;94,813;95,063;95,576;95,333;95,869;96,15;96,547;96,969;97,337;97,62;98,362;98,299;99,238;99,809;100,176;100,831;101,408;102,274;102,887;103,886;104,551;105,42;106,511;107,467;108,518;109,597;110,655;111,922;113,019;114,546;115,606;116,862;118,286;119,426;120,999;122,592;123,765;125,125;127,02;127,559;128,492;130,299;131,624;133,098;134,058;134,928;136,586;137,963;139,86;141,455;143,31;145,127;146,729;148,46;150,516;154,917;161,695;166,934;168,406;171,051;173,565;175,676;178,81;180,786;183,608;184,952;187,21;188,615;190,491;191,959;193,402;196,422;195,511;196,615;196,871;195,944;196,487;197,026;198,203;200,062;200,978;202,247;203,965;206,436;209,169;211,93;214,246;215,06;218,936;219,6;221,614;224,736;226,631;228,515;230,362;233,355;238,582
E05;X5;;3;82,175;81,987;82,587;82,668;82,814;82,889;83,004;83,1;83,276;83,28;82,491;83,154;83,257;83,487;83,571;83,578;83,415;83,634;83,904;84,045;83,908;84,012;84,31;84,248;84,263;84,333;84,759;84,761;84,829;84,867;84,571;84,895;84,989;84,911;84,757;85,079;85,454;85,518;85,606;85,499;85,796;86,066;85,851;86,538;86,425;86,438;86,752;86,836;87,473;87,48;87,727;87,75;88,244;88,717;89,274;89,415;89,708;90,352;90,681;91,247;91,958;92,345;93,005;93,555;94,53;95,442;96,372;96,982;97,814;98,89;99,977;101,12;102,005;103,152;104,237;105,577;106,846;108,401;109,611;110,944;112,117;113,646;115,702;116,468;117,945;119,959;120,461;121,231;122,739;124,227;125,17;126,391;127,292;128,339;129,627;130,72;131,512;132,974;134,159;135,967;137,594;139,364;141,565;144,915;153,161;158,403;160,05;162,284;164,854;168,28;170,235;173,541;175,482;178,531;178,992;181,86;184,09;184,145;186,823;185,904;187,202;188,119;188,802;189,968;191,099;191,244;194,526;194,522;197,086;197,196;201,027;197,881;198,761;199,623;204,433;208,77;211,078;212,115;214,451;216,702;219,173;221,152;223,744;226,501
E06;X5;;3;93,16;82,487;82,705;82,874;83,333;83,118;83,434;83,438;83,296;83,39;83,283;83,44;83,478;83,549;83,546;83,737;83,679;83,795;83,884;83,832;83,79;84,103;83,916;84,144;84,116;84,56;84,318;84,702;84,84;84,986;85,041;85,244;85,357;85,624;85,782;86,073;86,098;86,224;86,126;86,441;86,42;86,704;86,422;87,026;86,989;87,084;87,37;87,565;87,926;88,151;88,086;88,696;88,993;89,314;89,588;89,935;90,235;90,883;91,104;91,958;92,28;92,91;93,483;94,207;94,988;95,565;96,484;97,365;98,099;99,076;100,207;101,259;102,319;103,428;104,321;105,832;107,084;108,474;110,002;111,448;112,626;114,48;116,121;117,648;118,71;121,009;122,038;122,526;123,373;124,978;126,253;127,71;128,637;129,942;131,403;132,83;133,599;135,465;137,482;139,699;141,255;143,71;145,069;147,471;153,408;161,541;164,872;167,192;169,024;171,901;174,531;177,383;179,314;181,743;182,682;185,691;188,582;188,951;192,674;191,532;193,342;194,175;193,878;192,63;194,891;194,377;194,803;195,337;196,652;197,329;198,561;199,423;202,06;205,01;207,183;209,512;211,338;213,712;215,219;217,582;219,866;221,84;223,574;225,777
E07;X6;;3;114,842;101,227;86,828;82,145;81,608;81,67;81,814;81,704;81,91;81,673;81,324;81,473;81,795;81,846;81,656;82,104;82,111;82,089;82,241;82,071;82,16;82,639;82,546;82,672;82,611;82,79;83,141;82,95;83,144;82,92;83,182;83,332;83,879;83,745;84,288;84,197;84,78;84,541;85,279;85,194;85,353;86,111;85,989;86,004;86,134;86,38;86,797;87,192;87,135;86,857;86,547;87,108;87,101;86,966;87,578;87,493;87,218;87,696;87,541;87,674;87,99;87,928;88,123;88,143;88,002;88,593;88,334;88,727;88,453;88,55;88,939;89,137;89,33;89,231;89,457;89,52;89,68;89,461;89,892;89,568;89,872;89,923;90,069;90,115;90,114;90,182;90,451;90,363;90,373;90,686;90,249;90,731;90,668;91,244;91,214;91,346;91,167;91,402;91,133;91,703;91,617;92,132;91,89;91,98;92,094;92,413;92,082;92,585;92,416;92,837;92,466;92,936;92,732;92,934;92,105;92,358;92,649;92,531;93,704;92,203;92,814;93,022;93,025;93,035;93,671;93,809;93,172;93,308;94,206;93,544;94,19;93,848;94,274;94,212;94,539;94,639;94,179;94,384;94,768;94,83;94,772;94,639;95,143;94,959
E08;X6;;3;94,521;79,184;79,139;79,208;79,39;79,47;79,348;79,432;79,678;79,323;79,524;79,591;79,398;79,763;79,585;79,912;79,778;80,195;80,295;80,159;80,193;80,18;80,538;80,715;80,74;80,789;80,985;80,801;81,18;81,377;81,079;81,594;81,68;81,546;81,896;81,876;82,322;82,726;82,842;83,259;82,777;83,528;83,127;83,839;83,964;84,28;84,599;83,999;83,863;83,982;83,834;84,215;84,641;84,632;84,654;84,352;83,998;84,826;84,562;85,19;84,963;85,09;85,507;85,422;85,477;85,436;85,782;85,999;86,213;86,356;86,601;86,703;86,941;86,643;86,535;86,947;86,478;87,439;86,94;87,307;87,204;87,317;87,005;87,285;87,508;87,677;87,6;87,634;87,538;87,803;87,357;87,779;87,977;87,875;88,18;88,419;87,962;88,398;88,604;88,731;88,571;88,809;88,617;88,612;89,095;88,927;88,534;88,776;88,743;89,222;89,069;89,397;89,022;88,944;88,884;89,274;89,218;89,393;89,858;89,06;89,692;89,229;89,731;89,366;90,14;89,76;89,977;89,652;90,168;90,003;90,286;90,099;90,556;90,389;90,47;90,973;90,478;90,785;90,617;90,787;90,859;90,886;91,094;91,118
E09;X6;;3;75,221;75,304;75,08;75,616;75,415;75,839;75,756;75,62;75,615;75,809;75,679;75,267;75,892;75,745;75,468;76,079;75,846;76,511;76,536;76,148;76,442;77,178;77,02;76,978;77,3;77,35;77,194;77,11;77,255;77,532;77,556;77,618;78,18;78,202;78,247;77,881;78,97;78,864;78,814;79,249;79,311;79,76;80,119;80,188;80,506;80,754;81,008;80,775;80,571;81,034;80,97;81,019;81,379;81,601;81,799;81,851;81,631;81,653;81,74;81,61;81,765;82,172;82,256;82,39;82,488;82,458;82,441;82,708;82,772;83,031;82,886;82,966;83,122;83,162;82,78;83,402;83,206;83,376;83,239;83,659;83,526;83,225;83,611;83,931;83,547;83,589;83,73;83,792;83,608;83,777;83,912;83,537;83,543;84,009;84,027;83,945;83,935;84,165;84,028;84,015;84,07;84,306;83,926;84,382;84,185;84,688;84,118;84,536;84,271;84,802;84,392;84,697;84,438;85,014;84,194;84,196;84,541;84,242;85,268;84,197;84,713;84,704;84,739;84,762;85,4;85,017;84,47;84,449;85,284;84,984;85,231;85,191;85,254;84,925;85,229;85,63;85,34;85,349;85,474;85,571;85,735;85,934;85,834;85,822
E10;X6;;3;100,747;96,798;94,527;94,465;95,143;95,043;94,852;95,676;94,676;95,118;94,748;95,566;95,019;94,866;95,274;95,253;95,67;94,932;96,518;95,654;95,422;97,034;95,524;95,682;95,273;96,38;95,689;96,567;96,489;97,154;95,928;96,901;96,408;96,661;97,092;97,78;98,173;97,826;97,553;98,483;97,946;100,339;99,168;99,567;99,077;100,692;99,686;100,388;99,685;99,755;99,792;99,825;99,519;101,108;99,979;101,419;100,382;100,712;100,117;101,19;100,563;100,508;100,636;100,363;101,366;101,291;100,549;100,843;101,88;100,928;100,985;101,171;100,899;100,911;100,868;101,058;100,915;101,192;101,392;103,602;103,088;103,174;104,238;102,925;102,98;103,213;102,911;102,785;102,839;103,311;103,642;102,952;102,912;104,039;103,397;103,627;104,044;103,705;104,853;103,488;104,069;105,054;105,473;103,958;104,522;105,818;105,251;104,587;103,606;104,201;104,636;104,834;103,769;104,076;103,613;103,963;104,77;105,367;105,612;104,605;104,564;104,779;103,857;104,332;104,215;103,839;103,992;103,601;104,082;104,57;104,24;104,469;104,483;104,191;104,24;104,312;104,362;104,275;104,279;104,64;104,826;104,239;104,828;104,545
E11;X6;;3;127,019;115,494;110,449;109,931;110,162;110,179;110,557;110,493;110,676;110,747;110,543;110,39;110,442;110,62;110,718;111,035;110,951;111,16;111,154;111,19;111,275;111,51;111,547;111,659;111,72;111,88;111,804;112,234;112,12;112,33;112,336;112,442;112,433;112,869;113,139;113,115;113,274;113,715;114,02;113,794;113,905;114,605;114,638;115,042;115,402;115,387;115,645;115,596;115,535;115,372;115,808;115,845;115,929;115,957;116,34;116,103;115,962;116,366;116,123;116,634;116,152;116,683;116,623;116,905;117,152;117,092;117,171;117,101;117,285;117,528;117,417;117,679;117,906;117,868;117,612;117,914;118,003;117,775;117,745;118,059;117,87;118,071;118,271;118,295;118,088;118,345;118,294;118,455;118,308;118,5;118,388;118,55;118,421;118,506;118,804;118,921;118,514;118,752;119,138;118,93;119,11;119,252;118,981;119,113;119,221;119,249;119,133;119,175;119,142;119,105;119,314;119,369;119,084;119,539;118,748;119,232;119,103;118,871;120,198;118,716;119,436;119,576;119,317;119,205;119,803;119,255;120,592;122,752;123,073;122,776;122,654;122,742;122,491;122,741;122,692;122,293;122,433;122,179;121,992;122,255;122,749;122,123;122,509;122,19
F02;X7;;3;218,039;189,883;183,095;180,146;175,508;174,734;174,241;169,821;167,829;171,548;162,297;165,426;160,012;157,512;155,323;153,784;147,568;147,661;144,772;142,159;143,576;141,82;140,604;139,265;138,223;137,976;136,228;134,942;129,916;127,273;124,275;125,2;120,867;115,746;116,462;115,814;115,795;116,406;117,242;117,914;119,199;118,616;116,781;118,419;121,124;122,64;122,124;123,206;123,283;121,693;122,302;122,065;118,373;118,84;115,649;115,045;114,218;114,272;113,216;110,697;109,243;109,287;109,733;110,032;109,501;109,651;109,871;110,658;110,881;110,875;111,445;112,036;112,444;113,476;114,139;115,313;116,157;117,238;117,521;118,57;119,302;120,035;121,066;121,699;122,529;123,67;124,774;125,896;126,927;128,329;129,791;131,221;133,045;134,884;137,021;138,892;140,543;142,038;143,411;143,339;144,327;145,53;146,702;147,942;148,895;150,152;151,294;152,374;154,061;156,45;158,124;160,612;162,804;165,806;166,822;169,501;172,348;174,21;178,592;178,899;183,173;185,828;188,409;191,124;194,917;197,484;200,613;204,643;208,89;213,039;217,674;221,897;225,299;228,358;231,152;234,5;236,385;239,752;239,974;242,521;243,995;244,372;246,579;247,046
F03;X7;;3;160,099;146,842;146,209;146,511;137,616;142,08;137,623;139,615;136,82;136,469;134,603;133,821;132,457;130,423;131,111;129,878;131,822;131,21;132,252;131,977;130,89;132,271;134,107;131,153;133,942;132,866;132,94;133,773;133,203;132,727;131,663;129,883;126,288;125,009;124,271;122,523;124,199;119,897;123,999;117,402;116,976;117,801;119,93;117,955;114,83;111,274;111,543;110,48;111,624;109,477;104,05;107,45;103,508;103,138;100,904;100,134;100,692;100,216;100,138;100,482;99,717;100,186;100,386;100,284;100,741;100,873;100,946;101,213;102,049;102,574;103,066;103,631;104,08;104,728;105,15;106,087;106,631;107,227;107,958;108,709;109,365;110,478;111,517;112,164;113,147;114,161;115,142;116,549;117,305;118,286;119,801;120,91;122,166;123,905;125,99;127,356;128,673;130,222;132,214;133,267;134,08;134,89;136,334;138,071;139,339;141,067;142,082;143,43;145,025;146,752;148,511;150,822;152,269;154,952;155,961;158,285;160,975;163,122;167,401;169,717;174,677;182,363;188,286;193,634;197,997;202,147;205,919;212,954;218,776;224,218;229,751;237,091;244,747;251,053;258,006;263,69;268,069;271,173;273,121;275,342;276,147;273,112;273,497;267,916
F04;X7;;3;245,922;218,489;197,984;192,027;183,223;175,846;175,816;175,166;171,95;168,196;164,745;162,105;157,411;156,788;152,638;147,276;144,686;145,067;145,236;142,598;141,468;142,005;139,032;136,315;135,014;135,696;133,712;132,772;129,568;129,084;126,489;125,795;125,213;122,009;121,063;120,178;118,792;113,385;114,836;115,792;113,739;115,395;117,805;115,544;114,491;116,036;114,397;115,402;115,877;115,632;114,237;114,695;113,969;113,982;113,267;112,162;112,691;110,982;110,147;109,917;109,195;108,897;109,07;108,933;109,747;110,022;110,612;111,384;112,489;113,168;114,101;115,189;116,061;117,155;118,092;119,389;120,467;121,701;122,935;124,463;125,739;127,04;129,17;130,869;132,629;134,027;134,905;135,847;137,483;139,211;140,667;141,63;143,107;144,008;146,151;147,644;149,171;150,92;153,068;155,252;157,238;159,678;161,554;164,505;166,652;169,166;171,725;173,724;176,005;179,557;181,878;184,899;187,508;191,288;193,347;195,913;200,79;203,395;208,871;209,047;213,199;214,825;216;217,641;220,043;220,384;221,448;223,715;224,208;227,991;227,316;229,76;227,209;227,443;227,396;225,005;225,34;224,996;223,931;223,982;222,468;222,07;223,808;224,492
F05;X7;;3;159,533;148,759;148,435;139,214;132,493;130,192;131,267;125,555;126,276;122,062;120,735;116,189;111,406;115,078;114,242;112,494;115,728;116,152;116,35;115,704;113,592;117,869;119,117;118,311;118,291;117,544;119,442;118,584;118,916;119,508;117,935;119,249;116,72;118,926;114,275;115,112;111,855;111,674;109,493;110,394;106,987;106,551;105,259;103,939;104,688;102,571;101,362;100,695;102,148;99,762;100,516;98,392;97,948;98,083;97,476;97,368;98,184;98,421;97,42;97,321;97,642;97,964;98,068;98,649;98,707;99,345;99,193;100,178;100,522;101,192;101,603;102,536;103,385;103,54;104,509;105,116;105,893;106,352;107,161;107,774;108,715;109,118;109,998;110,802;111,431;112,196;113,498;113,939;115,272;116,58;118,17;120,056;121,739;123,071;125,383;127,441;128,788;130,369;131,188;131,87;133,174;134,447;135,339;136,107;137,367;138,295;139,532;140,752;142,004;144,387;146,129;148,952;150,848;153,996;155,131;158,329;161,622;163,237;168,048;168,808;173,173;176,607;179,581;183,178;187,247;189,75;192,887;195,954;201,563;205,281;209,176;212,067;215,017;218,372;220,674;222,484;224,996;225,456;227,224;229,249;230,436;232,157;233,056;233,354
F06;X7;;3;227,661;196,399;184,147;177,93;170,585;160,596;154,677;152,559;149,644;146,943;144,619;145,031;140,796;140,069;136,071;138,572;124,726;128,689;127,36;125,869;131,466;124,581;123,914;121,247;114,485;111,821;112,999;112,754;113,016;112,717;113,332;113,225;112,625;113,495;114,213;114,685;112,259;112,265;111,496;110,816;109,899;110,704;110,707;108,515;107,516;108,169;106,245;105,127;104,252;103,63;103,947;103,905;103,246;103,804;101,464;102,018;100,149;99,84;99,598;99,359;98,395;99,149;98,673;99,38;99,445;99,396;100,07;100,392;100,984;101,196;101,505;102,201;102,373;103,149;103,639;104,051;105,074;105,554;106,315;107,002;107,666;108,563;109,586;110,743;111,59;112,931;114,262;115,835;117,117;118,444;119,873;121,187;122,622;123,623;125,57;126,84;128,225;129,565;130,714;131,179;131,959;133,622;135,14;136,969;138,264;139,996;141,641;142,856;144,721;147,251;149,685;152,858;154,626;157,6;158,952;161,993;164,823;167,251;171,504;172,854;176,482;179,522;182,633;185,688;189,503;193,119;196,376;200,467;206,275;210,727;213,372;217,769;219,407;222,46;225,561;228,499;230,219;233,517;236,786;237,923;239,431;240,632;241,091;242,589
F07;X8;;3;93,25;86,286;86,658;87,269;86,644;87,196;87,063;86,704;86,953;87,828;87,344;86,917;86,631;87,505;86,994;87,08;87,142;86,733;87,468;87,198;87,355;87,898;87,171;87,712;87,332;87,215;87,715;87,203;87,872;87,557;87,182;87,942;87,327;87,799;87,444;87,886;87,874;88,029;88,3;87,843;87,587;88,524;88,436;88,751;88,952;88,853;89,16;89,077;89,58;89,673;89,667;90,028;90,093;90,087;90,119;90,634;90,871;91,2;91,248;92,092;91,927;92,527;92,858;93,114;93,845;93,584;94,442;94,865;95,374;95,846;95,959;96,507;97,403;97,905;98,385;99,19;99,75;100,589;101,155;102,152;103,075;103,879;105,275;106,189;106,139;107,296;108,61;109,591;110,808;112,29;113,286;114,417;116,209;117,291;120,038;122,029;123,76;125,364;127,361;129,466;131,106;133,765;135,859;138,117;140,876;143,657;145,919;148,454;150,898;154,279;157,132;160,818;163,435;165,324;167,259;171,163;174,932;177,169;181,042;181,12;184,936;187,078;189,015;190,836;193,989;194,903;196,821;199,182;203,115;206,156;208,076;210,817;215,353;218,977;223,35;226,791;230,202;233,02;236,536;239,875;243,134;244,28;247,897;250,917
F08;X8;;3;112,268;92,828;89,985;89,988;89,921;90,004;90,315;90,175;90,438;90,195;90,026;90,025;89,941;90,142;90,647;90,058;90,445;90,396;90,408;90,401;90,296;90,843;90,713;90,865;90,412;90,734;90,867;90,915;90,638;90,911;91,123;91,365;91,001;91,49;91,065;91,534;91,546;91,752;91,546;91,683;92,032;91,925;92,181;92,101;92,635;92,576;92,63;92,963;93,066;93,088;93,421;93,822;93,579;94,12;94,524;94,657;94,404;95,131;95,152;95,875;95,796;96,454;96,413;97,137;97,718;97,797;98,194;98,821;99,344;99,648;100,359;100,961;101,415;101,964;102,517;103,561;104,231;104,857;105,562;106,752;107,396;108,603;109,546;109,952;110,58;111,881;113,124;114,051;115,068;115,851;117,08;118,576;119,892;121,468;123,488;125,393;127,247;128,819;130,652;132,921;135,148;137,094;139,22;141,407;143,817;146,523;149,02;151,139;153,288;156,651;159,941;162,912;164,873;168,722;169,796;172,722;176,171;179,055;182,765;183,65;187,209;190,225;191,177;192,685;195,594;198,157;198,836;201,69;205,417;206,788;208,745;211,903;214,121;216,926;220,438;223,439;226,698;231,42;233,232;237,446;241,206;243,207;247,391;249,547
F09;X8;;3;94,22;93,37;93,468;93,252;93,827;94,109;93,829;93,724;93,762;93,599;93,45;93,95;93,613;93,745;93,807;93,797;93,852;94,02;93,815;93,781;93,911;94,183;94,056;93,99;94,232;94,439;94,441;94,365;94,18;94,453;94,605;94,534;94,198;94,768;94,788;94,789;94,905;95,104;95,018;95,017;94,976;95,714;95,493;96,006;95,83;96,012;96,227;96,215;96,386;96,994;96,927;97,056;97,334;97,151;97,525;97,565;98,198;98,503;98,341;98,974;99,224;99,936;100,184;100,38;101,069;101,233;101,46;102,193;102,881;103,01;103,472;104,378;104,839;105,498;106,218;107,253;107,849;108,722;109,53;110,473;111,677;112,532;113,994;114,775;114,852;116,145;117,375;118,383;119,222;120,326;121,659;123,261;124,414;126,03;128,124;130,096;131,784;133,638;135,472;137,556;139,353;142,162;143,547;145,855;148,83;151,149;153,728;156,313;158,538;161,365;164,466;167,814;170,179;173,189;174,087;177,676;181,692;183,468;188,001;188,704;191,764;193,297;195,812;197,05;200,191;202,482;204,429;206,916;209,791;212,357;214,068;216,831;219,92;222,746;226,834;230,46;234,099;237,587;240,461;243,42;248,546;251,041;254,859;255,951
F10;X8;;3;99,226;99,291;99,59;99,559;100,053;100,064;99,932;99,634;99,681;99,398;99,55;99,935;99,869;100,065;100,172;99,752;99,763;100,203;100,117;100,412;100,299;100,48;100,491;100,376;100,235;100,193;100,042;100,456;100,596;100,546;100,423;100,975;100,426;100,944;100,953;100,865;101,285;101,327;101,094;101,256;101,35;101,857;101,262;101,673;102,109;101,918;101,736;102,555;102,038;102,886;102,922;103,266;102,89;103,217;103,68;103,802;103,62;104,519;104,199;104,976;105,069;105,346;105,241;105,966;106,611;106,715;106,761;107,493;108,101;108,18;108,839;109,2;109,846;110,483;111,112;111,789;112,371;113,121;113,639;114,548;115,048;115,744;117,015;117,807;118,786;120,194;121,139;122,195;122,69;123,37;124,824;126,154;127,226;128,369;130,271;131,576;132,817;134,988;136,453;138,548;140,298;142,331;143,976;146,307;148,206;150,989;153,021;155,23;157,207;160,44;163,176;166,137;167,945;171,322;173,135;176,605;181,347;181,237;185,952;187,706;192,553;194,74;197,868;199,398;203,441;204,653;206,368;208,414;212,978;214,041;216,373;219,093;221,564;224,525;228,19;230,44;234,075;237,702;241,293;244,506;248,923;251,214;256,106;258,514
F11;X8;;3;106,446;105,873;105,818;106,245;106,449;106,551;106,793;106,661;106,743;106,656;106,403;106,455;106,266;106,481;106,711;106,903;106,768;107,173;106,879;106,869;106,998;107,136;107,1;106,993;107,152;107,434;107,212;107,368;107,371;107,354;107,57;107,368;107,176;107,837;107,623;107,758;107,975;108,121;108,111;107,984;107,807;108,552;108,253;108,203;108,863;108,808;109,079;109,1;108,964;109,065;109,527;109,697;109,745;109,905;110,226;110,485;110,489;111,247;110,883;111,659;111,246;112,132;112,424;112,948;113,371;113,39;113,895;114,167;114,468;115,439;115,767;116,449;117,171;117,596;117,901;119,217;119,775;120,39;121,162;122,549;123,084;124,327;125,44;126,475;127,526;128,163;128,968;130,386;131,444;132,764;133,826;135,091;136,1;137,912;139,86;141,642;143,32;145,356;147,271;149,191;151,31;153,18;155,35;157,683;160,238;162,781;165,26;167,646;169,981;173,28;176,212;179,224;181,661;185,823;186,12;189,628;193,542;196,173;200,137;201,709;204,226;206,52;208,432;210,841;213,801;215,287;217,504;219,944;223,714;225,882;227,985;231,362;234,602;237,728;241,523;245,112;247,544;251,96;254,083;258,082;260,986;263,98;267,326;268,787
G02;B3;;3;157,495;153,132;146,759;165,464;142,891;146,088;163,872;145,021;152,095;160,25;179,115;168,8;178,413;176,436;144,174;160,098;146,943;171,962;181,368;163,87;168,19;172,735;170,371;169,647;186,184;173,223;154,147;163,93;162,649;142,257;177,421;178,663;184,702;188,771;156,379;176,363;144,331;144,537;166,489;163,695;177,32;135,513;178,028;157,178;153,022;162,806;176,078;184,856;128,427;178,181;175,119;169,684;170,948;186,562;170,966;182,464;173,923;177,497;180,765;135,314;171,775;186,967;163,643;179,65;163,539;184,44;179,578;176,701;162,679;184,088;177,649;185,465;182,016;179,101;177,669;175,181;174,695;175,019;179,074;170,007;181,234;181,466;176,659;163,61;179,807;180,235;165,073;176,689;179,092;181,685;175,186;170,317;178,083;177,95;178,304;186,457;173,948;178,887;182,492;167,853;181,933;183,416;178,569;183,352;148,102;183,583;180,247;170,463;190,126;184,916;177,114;176,651;179,105;178,962;180,592;181,712;194,979;166,995;152,114;180,739;179,172;181,052;172,978;183,246;180,287;174,468;177,787;180,564;177,14;185,672;180,411;177,695;171,598;147,716;185,318;180,633;180,602;187,523;182,626;170,275;174,032;176,343;177,247;198,284
G03;B3;;3;145,296;130,602;125,444;123,708;139,77;163,424;135,854;153,468;135,061;151,79;140,241;136,623;147,376;134,635;132,935;149,226;135,65;135,433;136,381;147,046;135,443;138,938;136,957;146,626;137,671;141,488;140,268;142,467;142,801;143,517;139,381;155,407;141,176;162,104;138,935;142,436;136,858;142,051;142,442;140,06;138,52;149,442;141,696;138,093;141,931;138,057;143,74;141,086;142,594;139,722;138,091;140,626;138,4;139,455;137,834;141,333;136,444;136,341;140,781;135,448;137,107;140,284;141,977;133,297;137,3;138,909;138,942;145,503;136,909;135,303;138,414;139,376;143,683;136,687;139,408;146,172;141,731;140,624;146,582;139,482;145,288;148,355;150,438;146,373;148,495;153,175;152,663;156,876;148,692;144,73;152,735;152,691;145,926;160,356;149,456;153,795;149,037;149,691;152,268;155,239;153,896;143,906;147,509;153,642;150,741;157,692;149,81;153,132;159,646;156,207;155,415;152,11;155,596;156,799;144,664;154,123;146,028;153,082;150,199;150,746;151,995;159,922;155,635;158,534;160,219;155,555;157,335;157,24;157,332;159,1;153,992;164,659;159,446;163,734;158,229;159,327;161,549;156,663;159,051;156,568;159,143;160,345;155,203;159,615
G04;B3;;3;149,92;175,048;142,332;179,541;151,484;153,726;152,85;142,18;155,101;175,093;152,181;156,433;162,897;151,677;186,837;167,002;157,727;169,086;156,58;156,509;153,198;159,266;213,132;172,852;158,818;184,137;138,566;165,977;153,952;177,296;217,222;158,042;185,157;214,175;180,347;187,817;227,177;221,252;175,013;231,078;170,232;179,794;221,379;170,422;192,38;169,751;191,342;207,292;148,408;192,639;180,776;198,527;208,846;138,482;182,217;192,325;190,077;193,62;206,203;119,777;170,693;176,051;171,014;179,636;149,22;183,433;132,597;189,702;175,372;188,358;168,899;157,368;198,997;166,361;187,94;125,167;156,815;191,102;173,241;182,109;194,377;179,252;187,026;199,24;152,82;153,119;162,456;186,808;172,681;165,547;159,148;195,712;215,761;140,898;137,283;201,705;199,95;194,787;177,717;170,909;172,439;190,032;167,849;163,389;192,525;170,354;178,812;178,259;155,004;184,01;187,719;199,926;184,871;158,379;186,273;196,343;198,416;177,278;181,067;190,744;193,576;174,302;197,861;185,286;205,997;160,412;170,384;189,124;180,31;194,028;202,408;157,546;168,397;172,278;206,715;178,945;178,992;180,264;192,58;188,36;163,455;165,802;187,358;195,324
G05;B3;;3;162,652;151,33;150,457;140,472;157,365;152,614;143,048;173,514;162,82;151,367;168,71;171,529;157,283;148,912;178,158;180,14;163,582;145,895;156,855;140,596;161,533;127,736;155,591;136,997;135,957;142,664;123,146;146,727;141,221;153,134;150,449;150,163;135,758;152,744;138,741;136,144;143,875;149,286;150,313;136,809;141,857;146,038;134,005;141,644;142,194;141,576;151,156;121,809;142,225;136,456;129,574;149,611;133,603;136,068;144,29;134,527;138,054;140,913;147,65;142,526;149,098;137,727;143,994;137,142;139,624;138,231;134,194;143,953;145,543;152,005;141,439;137,824;138,524;137,367;137,433;146,203;137,521;140,205;136,698;151,788;139,891;146,693;148,195;143,905;142,081;138,202;149,511;144,678;139,278;143,831;143,434;141,41;146,776;142,724;142,024;144,356;143,997;137,047;138,995;138,636;144,698;140,707;142,193;144,889;144,19;142,632;137,286;143,261;144,269;145,173;141,546;139,274;132,126;143,279;148,9;146,484;140,399;144,723;144,395;142,715;139,665;145,919;145,506;138,549;132,865;140,901;138,254;139,236;140,676;141,757;132,219;141,28;139,623;151,364;150,541;145,195;146,862;154,833;148,221;144,836;146,15;147,622;152,405;140,158
G06;B3;;3;167,315;159,642;158,559;174,47;146,93;168,919;149,747;148,059;157,097;146,163;164,239;146,888;156,019;150,265;150,328;136,473;128,575;154,798;123,426;152,048;137,843;128,854;158,417;125,619;154,202;153,421;152,752;144,17;129,613;130,699;131,102;147,387;130,386;133,982;130,048;156,638;132,46;129,465;135,071;155,177;152,484;135,509;138,162;138,945;158,2;130,5;170,345;174,429;157,173;165,636;176,911;157,53;156,167;167,628;158,455;155,817;185,374;176,935;189,603;176,354;196,4;175,199;190,543;177,424;214,17;194,518;191,391;197,672;205,772;200,224;193,919;219,587;200,876;213,424;189,821;202,075;237,037;219,845;194,034;234,775;240,764;222,867;225,208;193,75;238,113;258,208;216,922;225,77;213,406;234,774;211,687;221,265;203,684;234,717;252,499;258,098;236,675;257,815;269,749;219,969;231,211;244,307;239,513;245,521;216,23;234,532;239,926;262,737;230,747;255,972;236,423;231,192;262,35;277,168;282,717;288,142;282,066;241,171;277,843;288,907;245,582;224,265;278,781;236,596;294,356;258,776;241,771;283,962;316,725;318,505;298,114;281,822;304,261;320,064;272,139;286,849;321,542;315,148;299,672;276,082;306,789;285,151;331,024;309,098
G07;B4;;3;300,955;298,454;288,001;256,389;241,724;236,448;230,876;218,002;219,418;221,316;204,166;202,266;210,528;203,49;194,656;210,766;193,646;204,341;208,767;186,449;201,607;194,058;200,308;196,065;215,558;200,208;186,681;194,703;218,067;190,787;187,082;181,536;184,475;204,752;184,963;203,277;186,736;192,513;184,571;191,474;197,111;196,535;182,794;181,469;198,998;178,527;188,899;182,751;198,576;194,933;184,793;181,955;192,159;189,7;182,859;189,673;189,451;179,633;191,183;197,422;195,315;186,44;188,693;190,442;190,788;193,899;188,982;185,58;196,415;184,403;195,108;193,66;197,823;195,349;166,416;189,406;190,132;191,324;174,148;182,036;176,993;179,019;182,296;188,423;189,693;186,342;179,877;172,166;183,804;182,297;186,342;185,618;184,561;184,016;190,93;183,103;190,638;188,511;184,701;186,514;179,539;190,394;179,564;186,685;189,47;188,816;188,429;182,02;183,093;189,375;188,097;180,277;185,561;187,581;184,851;176,223;185,393;178,815;182,55;183,297;182,958;184,983;168,469;178,224;182,245;181,845;184,3;180,527;187,22;179,805;190,164;177,518;179,971;178,791;191,963;188,963;178,573;186,491;177,643;188,6;177,605;182,934;193,885;189,814
G08;B4;;3;301,087;309,759;310,228;293,969;289,775;279,078;260,622;256,416;261,265;238,155;238,404;231,731;241,065;244,245;226,191;226,392;221,85;238,098;225,36;235,389;240,944;221,109;226,263;236,88;267,148;235,763;248,759;240,639;239,527;243,162;224,798;227,234;221,86;225,26;215,344;224,68;226,117;217,42;225,742;229,551;229,783;245,465;217,704;212,166;224,894;222,002;213,876;212,528;213,399;228,344;238,303;233,526;234,036;213,495;222,015;219,929;212,826;236,922;206,543;211,285;214,869;216,263;206,902;210,675;220,893;224,854;221,781;214,721;222,725;211,462;217,046;208,61;231,548;221,553;219,047;217,688;228,675;206,555;218,589;214,976;210,901;210,547;208,331;229,118;213,606;209,104;213,512;211,921;209,74;210,652;221,723;215,765;208,771;210,811;205,575;210,152;204,719;200,876;226,354;204,889;218,908;210,735;210,399;200,188;221,741;214,181;206,67;217,722;212,814;214,482;217,282;220,146;215,465;217,419;218,735;216,742;235,402;206,858;216,388;201,213;204,354;226,049;208,316;210,43;211,199;206,939;222,902;209,892;206,144;211,843;209,467;203,869;213,742;211,553;205,191;210,319;200,655;210,065;210,607;208,042;203,313;222,246;229,636;204,454
G09;B4;;3;297,932;241,189;226,553;201,733;194,605;190,31;190,159;183,48;196,705;185,783;179,143;185,55;175,139;174,332;173,954;179,532;175,748;178,72;177,165;176,207;174,491;169,922;173,469;168,221;166,012;167,196;165,635;168,116;170,259;162,559;161,03;167,59;165,03;158,906;148,347;140,112;138,493;136,752;139,119;145,15;141,362;140,706;139,629;146,033;143,035;148,401;137,734;144,793;141,506;137,705;146,121;150,004;139,049;140,878;139,246;140,651;149,853;150,987;142,049;147,27;134,854;147,906;144,319;144,25;142,552;150,341;143,391;143,267;149,487;145,156;151,159;139,575;150,208;137,926;139,885;146,088;141,079;147,011;141,643;140,357;143,579;144,173;136,312;147,004;151,092;148,384;149,689;144,354;141,822;146,391;144,158;115,324;117,21;116,959;118,469;122,561;119,152;116,637;122,282;117,492;122,178;115,192;117,907;117,055;120,017;116,633;112,439;116,056;115,785;114,264;115,131;118,974;114,278;118,705;115,234;114,412;118,523;112,215;113,757;112,267;115,252;117,095;114,36;114,934;114,402;114,013;115,042;111,978;114,328;113,955;108,783;111,857;111,383;111,632;111,147;109,578;114,509;111,967;112,258;113,371;110,859;110,522;110,272;108,379
G10;B4;;3;166,701;149,097;159,716;181,822;207,802;221,09;261,181;286,435;297,426;310,305;319,666;324,016;327,389;333,546;334,924;334,682;321,671;339,064;337,77;334,991;346,508;344,666;346,893;347,032;346,476;348,364;339,067;346,921;348,51;347,829;345,612;347,674;347,71;347,224;344,672;347,046;345,621;346,899;347,331;346,302;345,433;346,733;346,275;346,67;346,288;345,519;345,805;345,406;345,091;346,173;345,321;345,322;345,371;344,585;345,08;344,688;344,244;344,769;343,84;343,603;342,653;342,649;342,141;341,678;341,502;340,497;340,101;339,518;339,647;338,822;338,217;338,196;337,636;336,842;336,138;336,223;335,904;335,521;334,865;334,295;333,391;332,68;332,618;332,368;331,412;331,578;330,999;330,627;330,216;329,723;329,62;329,027;328,416;328,66;328,538;328,437;327,322;327,12;327,059;326,435;325,954;326,315;325,574;325,374;325,155;324,816;324,28;324,419;323,292;323,825;323,469;321,45;322,584;322,055;319,745;321,08;318,803;319,783;320,517;318,057;320,828;321,645;322,525;324,042;327,18;328,66;330,01;331,64;333,895;334,358;334,801;335,288;335,84;336,479;336,842;337,786;337,894;338,519;338,347;338,541;339,581;338,974;339,864;340,169
G11;B4;;3;163,736;157,775;162,451;181,763;199,009;209,978;223,632;234,038;234,382;238,103;239,409;241,479;239,797;249,769;252,363;242,046;252,178;249,789;258,894;258,979;267,069;260,035;265,286;275,095;271,491;262,086;262,575;279,537;278,429;281,851;279,508;284,482;283,816;287,947;290,723;268,62;278,48;286,963;290,971;278,223;290,473;288,9;295,224;300,89;289,11;294;303,645;290,977;294,937;305,891;295,255;290,823;299,471;286,212;298,094;304,212;318,664;305,697;312,244;312,884;320,619;323,893;321,323;319,127;330,159;332,78;319,577;323,408;323,576;313,588;321,843;325,644;325,554;330,595;324,117;323,809;329,442;323,988;324,903;320,973;322,234;322,711;324,967;326,791;324,097;327,877;314,557;326,653;326,804;325,222;327,384;324,033;324,16;319,12;313,43;320,855;323,178;321,354;323,7;324,746;322,765;325,249;320,212;323,683;321,178;322,284;314,082;321,563;319,56;320,032;319,581;319,548;320,198;317,575;315,105;317,179;315,429;317,361;318,916;313,757;318,131;316,647;320,604;322,235;324,791;326,099;328,252;328,349;330,865;333,506;331,653;333,415;333,407;334,193;326,445;333,625;336,445;336,652;334,381;336,738;336,27;337,094;336,003;337,26
C02;X1;;Blanked.1;-12,862;-12,341;-13,322;-13,507;-13,863;-14,072;-14,783;-15,235;-16,084;-16,916;-17,549;-17,152;-18,233;-18,535;-18,964;-19,528;-20,837;-21,316;-21,806;-23,142;-23,775;-24,275;-24,357;-24,892;-25,104;-25,635;-25,443;-25,71;-25,755;-25,26;-24,974;-24,464;-23,8;-23,252;-22,041;-21,26;-20,538;-19,462;-18,645;-18,717;-17,654;-17,049;-16,457;-15,737;-14,556;-13,952;-13,647;-12,399;-11,445;-10,739;-8,585;-8,288;-7,514;-5,85;-5,477;-5,425;-3,66;-3,416;-2,696;-2,308;-2,042;-0,97;-0,562;0,093;0,693;1,061;1,126;1,866;2,41;3,365;3,707;4,415;5,244;5,517;5,973;6,861;7,595;8,481;9,805;11,215;11,809;12,417;13,393;13,46;14,253;14,643;15,425;16,357;16,933;17,725;18,493;18,946;19,411;20,02;20,841;21,234;22,07;22,466;22,829;23,08;23,587;22,949;22,705;22,754;22,599;22,96;23,514;23,635;23,021;23,321;23,091;23,669;23,773;23,452;23,772;23,333;23,192;24,091;22,97;22,596;22,681;23,125;23,418;22,906;24,79;26,024;26,587;26,426;26,516;26,212;25,682;25,76;25,79;26,4;27,265;26,335;26,91;25,7;26,538;25,805;26,5;24,609;25,582;24,362
C03;X1;;Blanked.1;-9,918;-12,278;-13,244;-13,433;-13,794;-14,039;-14,719;-15,161;-15,979;-16,834;-17,48;-17,08;-18,151;-18,438;-18,84;-19,452;-20,743;-21,219;-21,726;-23,037;-23,681;-24,195;-24,26;-24,826;-25,021;-25,537;-25,349;-25,63;-25,7;-25,181;-24,922;-24,395;-23,762;-23,256;-21,982;-21,277;-20,534;-19,514;-18,683;-18,834;-17,744;-17,136;-16,56;-15,816;-14,659;-14,069;-13,737;-12,423;-11,465;-10,763;-8,575;-8,229;-7,473;-5,719;-5,315;-5,25;-3,44;-3,152;-2,381;-1,938;-1,638;-0,522;-0,005;0,607;1,769;2,337;2,804;3,182;3,529;4,413;5,291;6,582;7,392;7,033;8,2;8,811;8,729;10,267;11,021;12,144;12,405;13,399;13,413;15,22;14,716;15,941;16,482;17,013;16,887;19,775;19,138;20,532;19,493;20,364;20,277;21,502;20,707;21,476;23,282;23,037;22,636;21,644;21,796;22,41;22,427;22,429;21,694;21,87;19,95;19,695;21,404;21,32;19,741;20,835;19,711;18,375;19,033;18,519;18,438;19,014;18,199;18,581;18,278;17,755;17,642;18,073;17,541;16,767;15,785;16,692;18,166;16,151;15,574;15,119;15,407;14,918;14,815;14,68;14,786;14,54;15,162;13,928;14,669;13,888
C04;X1;;Blanked.1;-13,569;-12,67;-13,642;-13,848;-14,23;-14,47;-15,142;-15,607;-16,458;-17,298;-17,949;-17,54;-18,611;-18,934;-19,34;-19,928;-21,245;-21,7;-22,25;-23,587;-24,213;-24,724;-24,82;-25,38;-25,589;-26,112;-25,884;-26,169;-26,29;-25,768;-25,443;-24,954;-24,316;-23,748;-22,515;-21,775;-21,089;-20,016;-19,182;-19,27;-18,228;-17,582;-17,037;-16,341;-15,118;-14,569;-14,271;-13,05;-12,126;-11,439;-9,312;-8,969;-8,267;-6,552;-6,189;-6,164;-4,426;-4,157;-3,505;-3,123;-2,816;-1,825;-1,453;-0,77;-0,26;0,101;0,116;0,665;1,205;1,713;1,933;2,828;3,842;4,273;4,814;5,559;6,611;7,105;7,473;7,841;8,66;9,698;10,085;10,945;11,831;12,67;13,486;14,238;14,767;15,47;16,227;16,72;17,023;17,545;18,123;18,62;19,175;19,436;20,158;20,667;21,024;21,277;21,679;21,751;21,548;21,036;20,925;20,795;21,219;20,572;20,794;21,066;21,237;20,732;20,788;20,279;20,113;20,128;19,327;19,249;19,341;19,302;19,203;19,157;19,683;19,629;19,723;19,729;21,13;20,385;21,877;22,415;23,185;22,436;22,361;23,576;23,603;22,028;22,158;21,533;22,066;20,52;20,812;23,189
C05;X1;;Blanked.1;-13,07;-12,229;-13,209;-13,416;-13,787;-14,049;-14,682;-15,194;-15,976;-16,841;-17,511;-17,08;-18,185;-18,445;-18,878;-19,445;-20,754;-21,215;-21,736;-23,027;-23,653;-24,157;-24,183;-24,749;-24,941;-25,443;-25,31;-25,672;-25,814;-25,34;-25,054;-24,527;-23,894;-23,37;-22,103;-21,332;-20,677;-19,552;-18,721;-18,779;-17,723;-17,074;-16,526;-15,803;-14,604;-13,959;-13,64;-12,403;-11,448;-10,712;-8,558;-8,229;-7,469;-5,792;-5,374;-5,329;-3,564;-3,344;-2,662;-2,308;-2,063;-0,974;-0,63;-0,033;0,509;0,827;0,807;1,513;2,078;2,477;2,649;3,165;3,62;3,823;4,129;4,52;4,846;6,533;6,885;8,111;8,949;9,894;10,599;11,555;12,673;13,465;14,278;15,052;15,611;16,214;16,779;17,308;17,701;18,36;18,837;19,474;20,276;20,941;21,572;21,966;22,076;21,998;22,127;22,007;21,856;21,59;21,985;22,002;21,6;21,869;21,933;22,074;21,813;21,965;21,846;21,832;21,985;21,654;21,575;21,65;21,984;21,684;22,162;22,876;23,503;23,905;23,885;25,719;26,406;26,318;26,281;26,763;26,355;27,365;28,459;27,597;27,666;26,547;29,061;29,251;27,645;27,615;28,39;27,979
C06;X1;;Blanked.1;-14,157;-13,267;-14,254;-14,417;-14,807;-15,065;-15,759;-16,214;-17,059;-17,93;-18,579;-18,161;-19,254;-19,565;-19,98;-20,569;-21,857;-22,329;-22,846;-24,171;-24,808;-25,319;-25,387;-25,944;-26,15;-26,655;-26,455;-26,811;-26,933;-26,456;-26,198;-25,66;-24,992;-24,494;-23,226;-22,461;-21,782;-20,674;-19,858;-19,923;-18,86;-18,23;-17,648;-16,924;-15,75;-15,141;-14,822;-13,59;-12,628;-11,901;-9,732;-9,427;-8,666;-6,982;-6,613;-6,574;-4,835;-4,614;-3,95;-3,606;-3,357;-2,345;-1,968;-1,376;-0,866;-0,564;-0,572;0,109;0,661;1,223;1,282;1,84;2,326;2,559;2,778;3,174;3,397;3,741;4,243;5,7;7,196;7,795;8,562;9,226;10,742;11,534;12,29;13,038;13,54;14,068;14,602;15,187;15,602;16,248;16,885;17,491;18,136;18,709;18,937;19,019;19,325;19,294;19,431;19,382;19,657;19,18;19,292;19,2;19,401;19,272;18,92;19,256;19,36;19,519;19,73;18,996;18,93;19,032;18,71;18,658;18,947;19,273;19,687;19,957;20,655;20,796;21,193;21,607;22,534;24,044;24,542;24,263;24,395;24,976;27,046;27,271;26,523;25,93;26,133;26,507;27,03;26,075;28,441;27,49
C07;X2;;Blanked.1;-18,852;-15,822;-14,699;-16,781;-18,342;-18,859;-20,154;-20,291;-21,961;-22,327;-23,712;-23,315;-23,54;-24,816;-25,455;-25,872;-26,528;-27,03;-27,456;-28,665;-29,024;-29,951;-29,581;-30,346;-30,245;-30,818;-30,583;-31,061;-29,658;-30,143;-29,987;-28,052;-28,019;-27,205;-27,388;-26,415;-25,656;-25,612;-24,414;-24,897;-23,014;-21,838;-21,587;-19,947;-19,816;-19,529;-17,823;-17,069;-16,457;-17,039;-16,297;-15,683;-13,891;-13,198;-11,929;-11,435;-11,389;-10,387;-9,321;-8,723;-7,495;-6,713;-5,612;-4,773;-4,037;-4,11;-2,896;-2,582;-2,221;-1,929;-1,578;-1,554;-1,273;-1,199;-1,093;-0,932;-0,973;-0,947;-0,913;-0,912;-0,868;-0,865;-0,864;-0,844;-0,79;-0,769;-0,78;-0,815;-0,836;-0,76;-0,753;-0,726;-0,71;-0,673;-0,542;-0,634;-0,568;-0,44;-0,483;-0,477;-0,557;-0,478;-0,52;-0,469;-0,382;-0,395;-0,376;-0,303;-0,51;-0,214;-0,484;-0,587;-0,571;-0,516;-0,576;-0,743;-0,703;-0,752;-0,644;-0,519;-0,598;-0,915;-0,723;-0,537;-0,67;-0,735;-0,557;-0,613;-0,702;-0,588;-0,67;-0,46;0,035;-0,392;-0,097;-0,387;0,12;0,083;-0,035;0,232;0,369;-0,351;0,129;-0,092
C08;X2;;Blanked.1;-17,079;-13,937;-12,804;-14,898;-16,493;-17,002;-18,283;-18,406;-20,039;-20,419;-21,808;-21,387;-21,632;-22,948;-23,581;-24,016;-24,684;-25,159;-25,59;-26,774;-27,121;-28,014;-27,647;-28,409;-28,29;-28,862;-28,607;-29,127;-27,697;-28,184;-27,998;-26,099;-26,135;-25,256;-25,423;-24,483;-23,718;-23,666;-22,397;-22,903;-20,976;-19,851;-19,599;-17,912;-17,781;-17,517;-15,777;-15,038;-14,458;-15,022;-14,31;-13,662;-11,883;-11,199;-9,892;-9,413;-9,383;-8,448;-7,379;-6,742;-5,496;-4,734;-3,646;-2,79;-2,079;-2,118;-0,944;-0,639;-0,29;0,024;0,347;0,33;0,713;0,811;0,869;1,03;1,018;0,977;1,038;0,996;1,137;1,084;1,113;1,197;1,191;1,248;1,304;1,295;1,321;1,478;1,399;1,496;1,446;1,544;1,619;1,712;1,677;1,792;1,706;1,792;1,774;1,869;1,733;1,822;1,966;1,963;1,896;2,079;1,896;2,087;1,97;1,83;1,728;1,744;1,716;1,654;1,514;1,997;1,633;1,933;1,913;1,878;1,797;1,846;2,051;1,851;1,667;1,443;1,634;1,493;1,563;1,419;1,78;1,963;2,135;1,79;1,852;1,978;1,981;1,831;2,025;1,555;1,58;1,776
C09;X2;;Blanked.1;-15,596;-15,107;-13,952;-16,038;-17,604;-18,138;-19,399;-19,497;-21,163;-21,535;-22,884;-22,478;-22,687;-23,937;-24,583;-25,02;-25,625;-26,117;-26,53;-27,751;-28,095;-28,914;-28,6;-29,322;-29,196;-29,833;-29,55;-30,085;-28,657;-29,153;-28,905;-26,992;-27,028;-26,158;-26,3;-25,321;-24,567;-24,584;-23,319;-23,822;-21,898;-20,796;-20,503;-18,795;-18,681;-18,45;-16,827;-16,04;-15,439;-15,988;-15,229;-14,605;-12,811;-12,152;-10,879;-10,424;-10,41;-9,45;-8,365;-7,787;-6,53;-5,732;-4,608;-3,792;-3,135;-3,153;-1,967;-1,639;-1,335;-0,976;-0,582;-0,587;-0,278;-0,174;0,046;0,193;0,212;0,273;0,38;0,427;0,509;0,569;0,619;0,73;0,78;0,979;0,981;1,11;1,067;1,202;1,234;1,437;1,531;1,6;1,828;1,702;1,713;1,978;1,993;1,991;2,018;2,288;2,224;2,429;2,476;2,42;2,895;2,902;2,557;2,48;2,87;3,034;2,543;2,764;2,787;2,304;2,39;2,52;2,365;2,324;2,467;2,448;2,352;2,618;2,438;2,142;2,036;2,008;1,757;1,563;1,516;1,148;1,419;1,317;1,367;0,989;1,287;1,341;1,093;1,119;1,048;0,729;0,535;0,691
C10;X2;;Blanked.1;-14,453;-15,143;-14,897;-17,019;-18,574;-19,065;-20,345;-20,45;-22,114;-22,491;-23,856;-23,452;-23,65;-24,929;-25,551;-25,972;-26,566;-27,072;-27,498;-28,693;-29,031;-29,919;-29,557;-30,291;-30,123;-30,717;-30,441;-30,943;-29,515;-30,032;-29,865;-27,868;-27,908;-26,997;-27,166;-26,214;-25,434;-25,428;-24,164;-24,697;-22,765;-21,647;-21,38;-19,72;-19,537;-19,308;-17,644;-16,859;-16,278;-16,849;-16,08;-15,446;-13,65;-12,96;-11,702;-11,208;-11,183;-10,208;-9,17;-8,551;-7,324;-6,566;-5,526;-4,575;-4,02;-4,001;-2,805;-2,487;-2,163;-1,862;-1,453;-1,46;-1,119;-1,058;-0,834;-0,715;-0,699;-0,656;-0,573;-0,556;-0,459;-0,424;-0,33;-0,284;-0,144;-0,07;-0,054;0,055;-0,018;0,254;0,267;0,38;0,43;0,555;0,61;0,691;0,719;0,769;0,863;0,887;0,745;1,119;0,938;1,238;0,993;1,195;1,334;1,388;1,13;1,541;1,499;1,413;1,44;1,531;1,436;1,513;1,706;1,602;1,716;1,558;1,257;1,327;1,299;1,239;1,306;1,109;0,989;1;0,864;0,951;0,743;0,633;1,015;0,791;1,085;0,831;0,5;0,515;0,573;0,734;0,44;0,035;0,143;0,217
C11;X2;;Blanked.1;-15,62;-12,749;-11,593;-13,695;-15,264;-15,75;-17,035;-17,15;-18,796;-19,174;-20,555;-20,145;-20,374;-21,646;-22,255;-22,701;-23,314;-23,837;-24,234;-25,452;-25,789;-26,678;-26,347;-27,047;-26,886;-27,469;-27,199;-27,696;-26,321;-26,846;-26,642;-24,73;-24,714;-23,825;-23,992;-23,029;-22,266;-22,254;-20,994;-21,465;-19,598;-18,446;-18,19;-16,511;-16,352;-16,16;-14,434;-13,665;-13,121;-13,695;-12,95;-12,268;-10,508;-9,781;-8,484;-8,001;-7,95;-7,017;-5,937;-5,334;-4,054;-3,301;-2,185;-1,352;-0,68;-0,719;0,487;0,819;1,107;1,429;1,763;1,749;2,102;2,189;2,323;2,387;2,347;2,397;2,441;2,382;2,514;2,408;2,427;2,506;2,562;2,585;2,583;2,563;2,557;2,686;2,639;2,652;2,629;2,687;2,778;2,742;2,83;2,881;2,823;2,799;2,676;2,813;2,737;2,802;2,774;2,617;2,863;2,754;2,616;2,738;2,822;2,633;2,403;2,407;2,367;2,362;2,16;2,224;2,237;2,193;2,166;1,974;1,765;1,998;1,999;1,894;2,078;1,833;1,786;1,666;1,779;1,679;2,62;2,325;2,273;2,059;2,107;2,433;2,849;2,678;3,066;2,53;2,957;2,871
D02;X3;;Blanked.1;0,758;-2,475;-4,256;-4,918;-3,782;-3,674;-3,228;-2,88;-3,897;-3,349;-3,864;-3,459;-3,589;-3,607;-2,746;-3,964;-2,871;-2,957;-3,367;-2,616;-4,144;-4,505;-3,406;-3,304;-4,668;-2,927;-3,872;-3,903;-3,592;-4,808;-4,756;-4,393;-5,524;-4,117;-5,378;-4,772;-5,2;-4,189;-3,691;-6,143;-4,993;-5,15;-5,113;-6,199;-6,07;-5,961;-6,57;-4,845;-6,725;-5,823;-6,225;-5,689;-5,543;-5,13;-6,325;-6,622;-6,71;-7,092;-6,905;-5,916;-6,198;-5,763;-5,567;-6,146;-6,667;-6,368;-4,823;-4,584;-6,054;-4,725;-7,456;-5,712;-6,206;-5,382;-4,869;-6,857;-6,125;-5,121;-3,572;-5,968;-5,264;-4,613;-4,65;-4,069;-5,65;-4,24;-4,274;-3,909;-4,149;-3,292;-3,682;-3,056;-3,945;-1,409;-1,25;-2,216;-2,243;-1,092;-1,95;-0,897;-1,913;-0,957;0,466;0,467;-0,103;-0,253;0,548;1,335;2,337;2,549;3,733;4,272;5,892;8,653;8,318;9,801;11,01;11,691;12,476;13,984;13,418;16,676;16,057;18,061;20,296;22,142;22,21;22,957;24,147;26,113;27,985;28,112;30,176;27,471;26,719;24,882;25,023;25,23;24,65;24,328;24,78;23,846;23,592;23,892
D03;X3;;Blanked.1;0,161;-0,316;-1,081;-2,559;-0,898;-1,728;-0,273;-0,584;-0,501;-1,141;-1,816;-1,322;-1,754;-1,802;-1,589;-2,605;-1,497;-0,743;-2,267;-1,319;-2,52;-2,781;-1,278;-2,237;-2,64;-1,061;-2,247;-2,348;-2,439;-3,057;-2,683;-2,69;-3,678;-2,758;-4,05;-3,716;-4,275;-2,922;-2,568;-5,427;-4,192;-4,468;-4,878;-6,323;-5,942;-5,788;-5,975;-5,344;-7,114;-6,029;-6,618;-6,095;-6,21;-5,729;-6,91;-7,443;-7,603;-7,943;-7,943;-6,858;-7,226;-6,758;-6,69;-7,219;-7,777;-7,487;-5,928;-5,724;-7,156;-5,877;-8,588;-6,888;-7,349;-6,515;-5,994;-7,975;-7,23;-6,25;-4,681;-7,07;-6,365;-5,771;-5,765;-5,162;-6,793;-5,382;-5,404;-5,055;-5,25;-4,402;-4,81;-4,179;-5,03;-2,473;-2,353;-3,315;-3,331;-2,168;-3,132;-2,19;-3,036;-1,993;-0,59;-0,727;-1,342;-1,474;-0,683;-0,159;0,635;0,578;1,449;0,834;1,08;3,361;4,126;6,203;7,483;8,101;8,923;10,169;9,469;12,695;11,974;14,025;16,277;17,876;18,307;19,179;20,404;22,211;23,677;24,121;25,157;24,841;26,743;25,885;26,61;26,525;25,596;24,25;23,337;21,838;21,362;21,529
D04;X3;;Blanked.1;-6,472;-7,622;-7,165;-8,427;-7,42;-7,302;-6,76;-6,724;-7,347;-6,99;-7,577;-7,065;-7,229;-7,273;-6,721;-7,921;-6,842;-6,348;-7,498;-6,268;-7,66;-7,59;-6,272;-6,694;-7,48;-5,646;-6,769;-6,546;-6,043;-7,261;-6,918;-6,489;-7,464;-5,837;-7,803;-6,901;-6,878;-5,999;-5,482;-8,036;-6,661;-6,87;-6,777;-7,627;-7,644;-7,142;-7,759;-6,194;-8,046;-7,122;-7,372;-6,846;-6,722;-6,259;-7,437;-7,691;-7,788;-8,204;-7,967;-7,04;-7,311;-6,837;-6,659;-7,23;-7,787;-7,474;-5,945;-5,71;-7,146;-5,874;-8,594;-6,847;-7,318;-6,525;-5,988;-8,022;-7,283;-6,317;-4,758;-7,17;-6,395;-5,828;-5,772;-5,225;-6,952;-5,568;-5,622;-5,256;-5,461;-4,615;-5,024;-4,431;-5,253;-2,824;-2,671;-3,609;-3,619;-2,549;-3,272;-2,278;-3,29;-2,288;-0,255;0,993;0,682;0,933;1,99;2,891;3,948;4,223;5,349;4,914;5,313;7,771;7,425;8,729;9,697;10,076;10,775;12,205;11,543;14,511;13,762;15,569;17,718;19,161;19,195;19,929;20,915;23,281;24,943;25,672;27,07;26,506;28,374;27,453;27,858;29,159;28,733;28,934;29,9;29,594;28,94;30,637
D05;X3;;Blanked.1;-6,778;-7,932;-7,466;-8,729;-7,747;-7,624;-7,055;-7,041;-7,656;-7,27;-7,916;-7,404;-7,549;-7,542;-7,038;-8,211;-7,14;-6,635;-7,797;-6,598;-7,987;-7,903;-6,62;-7,039;-7,808;-5,991;-7,103;-6,865;-6,38;-7,587;-7,276;-6,787;-7,79;-6,194;-8,105;-7,22;-7,218;-6,314;-5,842;-8,389;-7,024;-7,227;-7,15;-7,965;-7,992;-7,494;-8,141;-6,542;-8,4;-7,498;-7,73;-7,173;-7,08;-6,613;-7,781;-8,076;-8,128;-8,544;-8,33;-7,369;-7,664;-7,192;-7,038;-7,608;-8,144;-7,854;-6,311;-6,083;-7,528;-6,272;-8,969;-7,245;-7,762;-6,932;-6,421;-8,454;-7,698;-6,751;-5,205;-7,563;-6,933;-6,309;-6,349;-5,729;-7,363;-5,981;-5,976;-5,692;-5,946;-5,109;-5,544;-4,95;-5,832;-3,276;-3,211;-4,189;-4,2;-3,06;-3,907;-2,929;-3,906;-2,879;-1,343;0,428;0,073;0,087;1,163;2,036;3,066;3,404;4,452;4,054;4,431;6,77;6,414;7,775;8,754;9,295;9,924;11,29;10,535;13,572;13,017;14,493;16,746;18,268;18,304;19,11;20,219;21,869;23,3;23,827;24,883;24,396;26,122;25,703;26,479;26,674;26,332;25,357;26,882;26,185;26,65;27,441
D06;X3;;Blanked.1;-6,936;-8,059;-7,617;-8,887;-7,879;-7,743;-7,173;-7,169;-7,796;-7,433;-8,032;-7,501;-7,693;-7,707;-7,213;-8,387;-7,264;-6,77;-7,953;-6,744;-8,116;-8,059;-6,728;-7,154;-7,93;-6,099;-7,204;-7,004;-6,495;-7,74;-7,374;-6,916;-7,949;-6,322;-8,244;-7,362;-7,346;-6,467;-5,963;-8,51;-7,162;-7,389;-7,267;-8,103;-8,116;-7,614;-8,258;-6,707;-8,545;-7,612;-7,865;-7,352;-7,211;-6,751;-7,936;-8,227;-8,283;-8,688;-8,518;-7,543;-7,818;-7,343;-7,212;-7,744;-8,338;-8,007;-6,457;-6,246;-7,704;-6,418;-9,155;-7,417;-7,917;-7,103;-6,582;-8,635;-7,873;-6,942;-5,372;-7,757;-7,14;-6,515;-6,565;-5,958;-7,595;-6,207;-6,253;-5,949;-6,196;-5,379;-5,8;-5,2;-6,075;-3,616;-3,516;-4,529;-4,589;-3,416;-4,367;-3,274;-4,153;-3,291;-1,807;-2,005;-1,964;-0,991;0,173;1,019;1,939;2,159;3,259;2,895;3,334;5,444;5,143;6,462;7,39;7,897;8,536;9,607;8,96;11,926;11,069;12,895;14,915;16,221;16,188;16,882;17,929;20,001;21,981;22,186;23,579;23,407;25,337;24,801;26,261;26,137;25,754;25,003;25,858;25,088;25,51;26,18
D07;X4;;Blanked.1;-17,251;-21,088;-17,463;-15,718;-15,399;-15,45;-15,359;-16,324;-15,872;-15,897;-16,415;-16,767;-17,09;-16,724;-17,398;-17,166;-17,058;-17,43;-18,062;-17,385;-18,263;-16,931;-18,112;-18,512;-18,027;-17,75;-17,897;-17,651;-18,037;-17,637;-18,023;-18,419;-17,935;-18,195;-17,802;-16,828;-17,403;-17,301;-17,478;-17,665;-17,656;-17,302;-17,56;-17,893;-17,732;-17,323;-16,863;-17,655;-16,793;-17,364;-17,399;-17,354;-17,362;-17,171;-17,001;-17,905;-16,246;-16,885;-17,271;-17,499;-17,292;-17,206;-17,784;-17,261;-18,375;-17,194;-17,026;-17,06;-17,224;-16,944;-16,408;-16,458;-16,865;-16,46;-16,203;-16,299;-15,978;-15,886;-15,371;-15,001;-15,04;-14,873;-13,714;-13,941;-14,086;-14,496;-14,052;-13,354;-12,809;-12,458;-12,303;-11,283;-10,009;-10,627;-9,743;-8,403;-8,112;-7,552;-6,961;-6,451;-5,418;-4,791;-4,531;-4,156;-3,233;-2,252;-2,012;-0,658;0,315;0,514;0,977;2,222;3,02;3,098;3,602;4,302;5,38;5,929;6,943;8,002;7,936;8,957;10,172;10,39;10,988;11,756;11,702;12,564;12,813;13,534;13,951;14,472;15,271;16,201;17,085;17,645;17,57;18,685;18,377;18,985;19,815;20,272;21,007;21,734
D08;X4;;Blanked.1;-17,34;-21,16;-17,542;-15,78;-15,5;-15,53;-15,426;-16,388;-15,923;-15,986;-16,466;-16,802;-17,144;-16,789;-17,464;-17,197;-17,096;-17,461;-18,145;-17,448;-18,357;-16,962;-18,188;-18,596;-18,086;-17,868;-17,932;-17,72;-18,068;-17,696;-18,065;-18,426;-17,939;-18,22;-17,823;-16,877;-17,4;-17,308;-17,496;-17,721;-17,642;-17,326;-17,543;-17,896;-17,732;-17,333;-16,849;-17,662;-16,758;-17,32;-17,365;-17,319;-17,338;-17,123;-16,952;-17,871;-16,232;-16,861;-17,199;-17,458;-17,261;-17,169;-17,726;-17,23;-18,362;-17,16;-16,992;-17,019;-17,164;-16,91;-16,364;-16,408;-16,815;-16,393;-16,109;-16,195;-15,901;-15,799;-15,274;-14,911;-14,994;-14,84;-13,625;-13,825;-13,917;-14,37;-13,953;-13,289;-12,73;-12,402;-12,257;-11,289;-10,058;-10,699;-9,867;-8,56;-8,275;-7,826;-7,228;-6,838;-5,789;-5,17;-4,924;-4,484;-3,706;-2,854;-2,439;-1,094;-0,121;0,02;0,364;1,82;2,512;2,65;3,12;3,973;4,709;5,537;6,719;7,472;7,453;8,691;9,581;10,161;10,988;11,71;11,511;12,396;12,756;13,434;13,978;14,295;15,164;16;16,86;17,598;17,281;18,634;18,336;18,809;19,501;19,767;20,561;21,167
D09;X4;;Blanked.1;-17,554;-21,377;-17,761;-16,018;-15,733;-15,729;-15,664;-16,628;-16,158;-16,184;-16,686;-17,045;-17,378;-17,024;-17,688;-17,404;-17,321;-17,731;-18,315;-17,667;-18,548;-17,206;-18,393;-18,795;-18,274;-18,056;-18,168;-17,904;-18,305;-17,911;-18,252;-18,69;-18,195;-18,445;-18,058;-17,081;-17,646;-17,544;-17,728;-17,9;-17,849;-17,572;-17,792;-18,141;-17,939;-17,578;-17,104;-17,889;-17,013;-17,623;-17,62;-17,615;-17,626;-17,418;-17,255;-18,166;-16,518;-17,156;-17,507;-17,749;-17,556;-17,5;-18,054;-17,527;-18,682;-17,483;-17,324;-17,358;-17,526;-17,275;-16,733;-16,796;-17,212;-16,769;-16,539;-16,603;-16,333;-16,27;-15,775;-15,267;-15,276;-15,205;-14,026;-14,259;-14,365;-14,725;-14,224;-13,532;-12,948;-12,577;-12,388;-11,388;-10,035;-10,663;-9,723;-8,298;-8,001;-7,425;-6,775;-6,203;-5,06;-4,476;-4,096;-3,728;-2,704;-1,769;-1,501;-0,022;1,006;1,117;1,673;3,014;3,749;4,06;4,465;5,266;6,124;6,834;7,989;8,885;8,832;9,972;10,682;11,126;11,693;12,367;12,047;12,868;13,022;13,853;13,981;14,468;15,11;16,205;16,971;17,743;16,955;18,493;17,833;18,232;18,852;19,314;19,783;20,476
D10;X4;;Blanked.1;-17,634;-21,498;-17,874;-16,124;-15,838;-15,875;-15,768;-16,733;-16,29;-16,317;-16,826;-17,179;-17,512;-17,134;-17,826;-17,569;-17,494;-17,873;-18,489;-17,813;-18,701;-17,321;-18,522;-18,948;-18,459;-18,178;-18,307;-18,064;-18,419;-18,037;-18,426;-18,829;-18,33;-18,601;-18,207;-17,226;-17,819;-17,689;-17,873;-18,066;-18,025;-17,711;-17,968;-18,321;-18,121;-17,722;-17,241;-18,054;-17,15;-17,751;-17,792;-17,732;-17,76;-17,553;-17,372;-18,29;-16,662;-17,283;-17,654;-17,904;-17,648;-17,623;-18,201;-17,663;-18,797;-17,588;-17,446;-17,48;-17,6;-17,363;-16,831;-16,89;-17,279;-16,874;-16,603;-16,704;-16,41;-16,371;-15,819;-15,487;-15,486;-15,354;-14,186;-14,395;-14,497;-14,89;-14,452;-13,836;-13,291;-12,965;-12,77;-11,834;-10,53;-11,259;-10,417;-9,024;-8,795;-8,311;-7,691;-7,206;-6,069;-5,547;-5,115;-4,799;-4,04;-3,036;-2,643;-1,21;-0,192;-0,203;0,344;1,609;2,41;2,393;2,846;3,723;4,725;5,257;6,402;7,316;7,434;8,38;9,475;10,032;10,552;11,269;11,014;11,777;12,112;13,012;13,205;13,79;14,421;15,347;16,162;16,599;16,084;17,13;16,722;17,27;17,74;18,136;18,588;19,313
D11;X4;;Blanked.1;-10,763;-14,47;-10,837;-9,062;-8,726;-8,787;-8,721;-9,63;-9,186;-9,219;-9,692;-10,077;-10,374;-10,06;-10,71;-10,445;-10,319;-10,722;-11,218;-10,434;-11,352;-9,941;-11,156;-11,576;-10,991;-10,783;-10,842;-10,66;-10,992;-10,623;-10,92;-11,329;-10,851;-11,123;-10,729;-9,789;-10,311;-10,201;-10,382;-10,608;-10,53;-10,276;-10,465;-10,847;-10,586;-10,22;-9,754;-10,577;-9,707;-10,294;-10,342;-10,296;-10,275;-10,103;-9,945;-10,838;-9,222;-9,881;-10,196;-10,435;-10,21;-10,208;-10,74;-10,214;-11,335;-10,19;-10,016;-10,04;-10,186;-9,926;-9,406;-9,475;-9,89;-9,464;-9,224;-9,372;-9,035;-9,02;-8,509;-8,124;-8,209;-8,064;-6,947;-7,194;-7,29;-7,759;-7,352;-6,743;-6,261;-5,965;-5,819;-4,947;-3,798;-4,514;-3,768;-2,425;-2,185;-1,788;-1,218;-0,882;0,085;0,604;0,805;1,149;1,896;2,685;2,931;4,291;5,132;5,098;5,486;6,728;7,257;7,472;7,854;8,496;9,325;10,023;11,017;11,928;11,904;12,966;13,754;14,084;14,859;15,431;15,413;16,015;16,26;17;17,203;18,098;18,778;19,716;20,555;21,461;20,974;22,307;21,896;22,262;23,391;23,447;23,933;24,821
C02;X1;;Blanked.2;-40,613;-41,132;-43,36;-44,895;-45,92;-48,294;-49,849;-49,599;-54,18;-53,217;-60,538;-58,677;-59,945;-58,4;-62,427;-65,01;-67,505;-68,516;-73,563;-75,405;-76,941;-78,438;-80,815;-83,513;-83,973;-84,59;-84,937;-83,86;-82,996;-83,025;-79,299;-77,24;-76,289;-74,628;-73,76;-69,849;-66,478;-66,008;-63,082;-56,037;-54,125;-55,568;-53,561;-51,154;-47,796;-47,216;-44,917;-38,357;-34,436;-34,917;-31,012;-28,827;-27,075;-21,079;-15,482;-13,856;-14,91;-12,18;-7,182;-6,449;-4,524;-2,919;-1,909;0,263;2,422;2,26;4,236;6,52;7,646;11,689;11,999;14,534;16,89;18,604;20,32;23,549;25,322;27,86;33,285;37,426;41,403;41,032;42,509;44,592;47,442;49,308;51,097;54,333;56,565;58,905;60,978;62,404;64,504;66,594;68,324;70,23;72,697;74,152;75,06;77,1;76,387;74,584;75,786;75,115;75,471;76,4;79,83;75,922;75,633;76,108;76,194;76,019;78,297;77,016;78,563;77,24;79,145;76,232;75,514;75,61;76,519;75,379;75,534;78,236;80,245;86,456;87,019;87,143;89,088;85,666;85,796;85,257;86,928;88,368;87,981;85,69;85,877;83,845;88,313;81,167;86,933;84,599;84,131;83,67
C03;X1;;Blanked.2;-36,642;-40,982;-43,115;-44,687;-45,652;-48,094;-49,603;-49,378;-53,856;-52,851;-60,259;-58,446;-59,648;-58,092;-62,098;-64,709;-67,352;-68,237;-73,371;-75,178;-76,62;-78,183;-80,564;-83,282;-83,771;-84,268;-84,605;-83,689;-82,714;-82,771;-79,027;-77,083;-76,174;-74,566;-73,819;-69,8;-66,603;-66,223;-63,26;-56,297;-54,403;-55,824;-53,821;-51,306;-48,028;-47,558;-45,221;-38,523;-34,491;-34,965;-31,036;-28,709;-26,796;-20,703;-15,072;-13,253;-14,16;-11,392;-6,15;-5,104;-3,145;-1,35;-0,294;2,319;5,601;6,725;9,322;9,822;12,218;16,428;17,442;22,363;25,202;25,574;27,342;28,429;29,621;31,513;36,936;38,405;39,82;43,784;49,825;49,344;50,655;53,043;57,412;53,434;56,056;58,496;60,849;65,69;64,698;69,416;64,487;71,393;66,348;76,184;70,479;69,296;69,264;72,036;77,573;71,055;69,052;72,916;68,589;70,398;67,316;68,631;66,542;65,331;69,385;65,592;70,883;62,601;65,16;65,063;61,605;59,337;59,382;57,974;59,528;61,25;56,599;57,758;53,627;56,665;55,43;55,267;53,655;50,337;50,466;51,611;51,352;49,967;48,823;49,48;47,616;47,863;46,336;46,198;46,782;43,957
C04;X1;;Blanked.2;-41,733;-42,191;-44,429;-46,122;-47,125;-49,571;-51,046;-50,698;-55,325;-54,348;-61,724;-59,924;-61,107;-59,572;-63,621;-66,258;-68,869;-70,006;-74,995;-76,937;-78,276;-79,96;-82,357;-85,035;-85,46;-86,109;-86,454;-85,484;-84,686;-84,63;-80,867;-78,977;-77,996;-76,209;-75,526;-71,554;-68,312;-67,847;-64,927;-57,894;-55,845;-57,482;-55,362;-52,987;-49,784;-49,287;-47,106;-40,482;-36,56;-37,235;-33,304;-31,017;-29,258;-23,547;-17,96;-16,311;-17,384;-14,881;-9,842;-9,243;-7,067;-5,698;-4,63;-2,759;-0,601;-1,115;0,911;3;3,913;6,127;6,391;10,25;12,901;15,345;16,531;19,141;21,867;23,407;24,59;26,346;28,539;31,575;33,517;37,036;39,65;42,12;45,173;47,292;49,398;51,26;53,573;54,716;56,687;58,237;60,202;61,325;62,961;64,345;65,92;68,047;69,147;70,712;71,562;71,355;70,535;69,889;68,456;68,265;68,447;68,085;67,681;68,295;68,061;67,308;67,663;67,086;66,136;65,526;64,452;64,07;64,477;63,173;67,164;63,11;63,756;65,123;65,611;65,731;66,793;70,925;73,103;73,397;74,078;74,622;75,801;76,706;74,223;76,783;74,716;77,475;69,048;72,82;69,778;71,29
C05;X1;;Blanked.2;-40,209;-40,611;-42,96;-44,632;-45,636;-48,027;-49,633;-49,351;-53,767;-52,909;-60,301;-58,456;-59,638;-58,179;-62,15;-64,65;-67,404;-68,276;-73,288;-75,15;-76,567;-78,022;-80,313;-82,972;-83,338;-83,996;-84,588;-83,853;-83,104;-83,172;-79,567;-77,623;-76,55;-74,851;-74,087;-70,144;-66,826;-66,285;-63,364;-56,22;-54,337;-55,755;-53,7;-51,202;-47,893;-47,285;-44,997;-38,35;-34,295;-34,782;-30,78;-28,616;-26,847;-20,775;-15,303;-13,601;-14,61;-12,128;-7,179;-6,552;-4,411;-2,988;-2,108;-0,099;1,955;1,321;3,349;5,441;6,53;8,662;8,718;10,314;12,025;12,996;14,045;14,91;17,098;22,798;25,094;27,435;30,015;32,784;35,626;39,183;42,402;44,957;47,47;50,164;52,181;54,092;55,424;57,119;58,871;61,062;62,664;64,715;67,478;69,095;70,9;72,193;73,031;72,594;72,896;72,75;72,531;72,748;72,074;71,497;71,386;71,572;72,277;71,621;72,776;72,922;73,42;71,255;70,774;71,464;71,659;71,647;72,787;72,763;73,354;75,696;76,52;79,278;81,169;84,516;85,05;86,26;86,093;86,563;89,136;89,68;91,077;91,171;92,128;89,27;92,824;89,035;90,25;90,663;89,34;88,85
C06;X1;;Blanked.2;-43,667;-44,199;-46,469;-48,002;-49,048;-51,534;-53,026;-52,82;-57,389;-56,487;-63,87;-61,996;-63,27;-61,682;-65,717;-68,353;-70,979;-71,928;-76,995;-78,817;-80,191;-81,849;-84,25;-86,952;-87,408;-87,991;-88,391;-87,537;-86,829;-86,923;-83,094;-81,185;-80,24;-78,524;-77,778;-73,79;-70,551;-70,052;-67,046;-60,07;-58,093;-59,574;-57,524;-55,069;-51,709;-51,189;-48,796;-42,189;-38,283;-38,818;-34,736;-32,62;-30,864;-24,852;-19,341;-17,685;-18,75;-16,319;-11,335;-10,798;-8,824;-7,432;-6,599;-4,587;-2,697;-3,283;-1,173;1,085;2,209;4,35;4,327;6,182;7,699;8,644;9,556;10,398;11,351;12,288;15,039;21,845;23,626;26,082;28,872;31,067;36,086;38,517;40,903;43,09;45,053;46,859;48,623;49,967;52,116;54,044;56,536;57,853;60,323;61,911;62,354;63,349;63,616;64,02;64,478;64,95;64,633;63,804;63,838;64,038;62,965;62,841;62,298;64,249;64,08;63,246;62,721;62,893;62,068;62,456;62,358;62,245;64,275;63,847;63,647;65,916;67,742;69,227;68,858;71,755;72,932;79,208;82,863;82,506;82,463;81,841;89,783;88,782;86,825;86,814;91,68;83,038;85,703;85,869;92,573;86,125
C07;X2;;Blanked.2;-54,818;-53,279;-51,519;-56,146;-64,465;-65,068;-67,248;-67,904;-72,371;-72,849;-76,498;-77,533;-81,104;-81,138;-83,653;-84,418;-85,642;-88,49;-91,658;-94,182;-93,446;-98,204;-98,791;-101,309;-100,865;-99,487;-99,748;-99,401;-100,251;-97,684;-95,915;-92,192;-91,681;-90,742;-90,027;-85,81;-84,874;-81,64;-80,507;-80,281;-74,405;-69,935;-70,754;-67,545;-63,236;-60,821;-59,174;-58,002;-56,948;-54,841;-49,37;-44,742;-43,92;-42,018;-40,263;-35,79;-35,048;-35,101;-28,819;-27,016;-24,409;-24,505;-19,521;-15,346;-12,565;-11,572;-9,269;-8,232;-6,917;-6,602;-5,421;-4,105;-3,811;-3,727;-3,142;-3,359;-3,321;-2,978;-2,965;-2,859;-3,158;-2,844;-2,755;-2,73;-2,519;-2,757;-2,814;-2,68;-2,65;-2,609;-2,602;-2,387;-2,305;-2,297;-2,105;-2,006;-1,709;-1,253;-1,335;-1,373;-1,544;-1,763;-1,751;-1,697;-1,403;-1,737;-0,838;-1,039;-1,81;-1,177;-1,477;-1,985;-1,703;-1,329;-2,213;-2,221;-2,78;-1,928;-1,789;-2,316;-1,356;-2,075;-2,276;-2,737;-2,422;-1,646;-2,413;-1,883;-0,509;-2,177;-1,619;-2,118;-0,346;-2,263;-1,411;-0,271;-0,82;-0,445;-0,643;0,133;0,323;0,289;-0,605;0,186
C08;X2;;Blanked.2;-48,967;-47,063;-45,324;-49,924;-58,393;-58,83;-61,034;-61,589;-66,073;-66,577;-70,15;-71,258;-75,015;-75,024;-77,461;-78,319;-79,54;-82,326;-85,466;-87,913;-87,123;-91,933;-92,423;-94,912;-94,474;-93,041;-93,35;-93,009;-93,749;-91,236;-89,178;-85,821;-85,292;-84,416;-83,544;-79,486;-78,458;-75,118;-74,049;-73,729;-67,833;-63,355;-64,03;-60,909;-56,513;-54,046;-52,622;-51,385;-50,286;-48,058;-42,822;-38,036;-37,147;-35,166;-33,654;-29,033;-28,521;-28,621;-22,313;-20,518;-17,855;-18,084;-13,089;-8,799;-6,035;-5,106;-2,83;-1,59;-0,722;-0,194;0,918;2,216;2,759;2,735;3,284;3,164;3,16;3,544;3,425;3,482;3,547;3,935;3,773;3,767;4,063;4,103;4,15;4,365;4,353;4,6;4,75;4,952;5,108;4,893;5,086;5,347;5,442;6,006;5,807;6;5,611;5,754;5,678;6,102;5,933;5,83;7,038;7,029;6,174;6,593;5,866;5,636;6,375;6,042;5,372;5,209;5,222;5,705;5,956;5,398;6,529;5,955;7,357;5,581;5,635;5,548;4,032;5,394;4,778;4,992;4,955;6,08;6,105;5,348;6,069;5,951;6,948;5,777;4,667;6,028;5,28;5,588;5,068;5,96
C09;X2;;Blanked.2;-48,311;-50,912;-49,174;-53,729;-62,129;-62,604;-64,825;-65,316;-69,77;-70,169;-73,802;-74,873;-78,309;-78,247;-80,678;-81,523;-82,667;-85,398;-88,633;-91,084;-90,265;-95,089;-95,607;-98,121;-97,497;-96,194;-96,441;-95,909;-97,006;-94,411;-92,472;-88,829;-88,381;-87,398;-86,596;-82,32;-81,371;-77,985;-77,015;-76,65;-70,697;-66,356;-67,103;-63,855;-59,586;-57,249;-55,82;-54,654;-53,567;-51,092;-45,967;-41,142;-40,38;-38,518;-36,879;-32,422;-31,8;-31,725;-25,533;-23,738;-20,943;-21,123;-16,444;-12,009;-9,443;-8,465;-6,376;-5,012;-3,947;-3,532;-2,272;-0,899;-0,476;-0,414;0,321;0,289;0,593;0,986;1,277;1,422;1,611;1,981;2,28;2,347;3,022;2,973;3,223;3,429;3,63;4,043;4,16;4,945;5,117;4,909;5,227;5,347;6,078;6,971;6,793;6,962;6,688;7,391;7,796;7,829;7,23;7,055;9,253;9,084;8,104;8,687;8,318;8,722;9,268;9,103;8,084;7,577;8,167;8,849;8,867;7,953;9,163;9,357;8,317;7,22;7,257;8,054;6,301;5,324;5,677;4,846;4,524;4,902;4,749;4,365;4,264;3,744;3,993;3,331;2,413;3,195;3,362;2,263;2,201;2,328
C10;X2;;Blanked.2;-41,199;-53,015;-52,21;-56,907;-65,253;-65,727;-67,937;-68,418;-72,949;-73,418;-76,948;-78,022;-81,525;-81,467;-83,899;-84,55;-85,83;-88,601;-91,821;-94,133;-93,425;-98,176;-98,631;-101,061;-100,568;-99,138;-99,431;-99,056;-99,875;-97,3;-95,389;-91,792;-91,021;-90,151;-89,356;-85,226;-84,135;-80,939;-79,881;-79,591;-73,662;-69,273;-69,975;-66,743;-62,575;-60,001;-58,593;-57,394;-56,295;-54,019;-48,725;-44,002;-43,025;-41,193;-39,46;-35,036;-34,473;-34,399;-28,275;-26,576;-23,75;-23,858;-19,151;-14,878;-12,139;-11,204;-9,01;-7,994;-7,056;-6,294;-5,107;-3,773;-3,336;-3,213;-2,527;-2,717;-2,456;-2,125;-1,769;-1,577;-1,492;-1,146;-1,125;-0,832;-0,36;-0,192;-0,116;0,084;0,464;0,602;0,912;1,185;1,62;1,314;2,007;2,153;2,448;2,8;2,838;2,875;2,256;3,008;4,061;3,52;3,637;2,994;4,081;4,685;4,538;4,445;5,025;4,013;4,607;5,749;4,145;5,013;5,234;5,527;5,556;4,46;5,39;4,264;4,655;3,52;3,675;3,317;3,252;3,432;2,93;3,262;2,394;2,981;2,937;2,462;3,104;1,848;2,283;1,257;0,646;1,733;0,825;0,993;-0,056;1,703
C11;X2;;Blanked.2;-44,799;-43,122;-41,333;-45,969;-54,365;-54,792;-56,976;-57,463;-62,01;-62,498;-66,099;-67,222;-70,692;-70,649;-73,035;-73,906;-75,093;-77,894;-81,079;-83,503;-82,854;-87,666;-88,095;-90,495;-89,95;-88,525;-88,759;-88,37;-89,048;-86,686;-84,821;-81,239;-80,681;-79,811;-79,025;-74,805;-73,777;-70,362;-69,31;-69,134;-63,262;-58,554;-59,472;-56,254;-51,886;-49,495;-48,089;-46,79;-45,828;-43,598;-38,163;-33,492;-32,512;-30,772;-29,019;-24,394;-23,718;-23,923;-17,696;-15,899;-13,236;-13,29;-8,42;-3,953;-1,418;-0,278;1,681;3,035;3,948;4,355;5,552;6,828;7,139;7,264;7,699;7,627;7,644;7,762;8,002;8,184;7,83;8,235;8,219;8,313;8,383;8,405;8,359;8,52;8,621;8,612;8,682;8,869;8,897;8,882;9,079;9,159;9,177;9,581;9,389;9,337;9,108;8,996;9,231;9,111;9,396;8,756;9,124;9,444;9,19;8,7;8,741;8,232;8,572;8,021;7,665;9,093;7,121;7,397;7,198;7,092;6,961;6,934;6,6;6,76;6,239;6,05;5,968;6,225;5,617;5,752;6,697;6,315;7,149;6,707;6,543;8,295;7,09;8,958;6,779;8,569;8,264;9,783;9,41;9,83
D02;X3;;Blanked.2;-3,176;-11,583;-12,498;-11,97;-11,016;-8,996;-13,613;-13,455;-11,162;-12,17;-11,729;-13,983;-13,934;-10,513;-11,576;-9,521;-13,83;-7,158;-10,456;-12,006;-14,267;-12,84;-14,608;-7,935;-12,139;-14,467;-15,624;-13,176;-16,474;-14,964;-13,604;-16,617;-17,23;-17,123;-11,439;-19,674;-15,013;-17,934;-14,844;-12,474;-17,067;-19,701;-23,208;-16,418;-17,951;-13,514;-15,736;-16,692;-14,207;-25,351;-20,648;-22,617;-22,13;-20,983;-19,217;-20,173;-17,207;-21,985;-16,607;-24,886;-16,704;-17,36;-19,534;-20,2;-19,89;-18,877;-21,285;-19,04;-21,56;-19,13;-16,413;-20,434;-16,964;-18,08;-18,533;-21,328;-19,709;-18,366;-15,572;-17,728;-19,545;-14,357;-17,687;-14,687;-14,959;-10,994;-10,595;-13,115;-11,127;-13,724;-6,731;-11,048;-11,156;-10,01;-8,866;-1,58;-6,448;-2,696;-3,59;-4,765;-6,287;-3,021;-3,749;-1,023;1,827;2,797;3,734;5,462;6,481;5,585;7,652;20,997;23,746;25,158;24,732;30,117;34,561;36,397;43,965;48,034;52,208;51,557;56,487;61,828;68,548;66,453;74,196;76,791;78,86;89,755;96,082;94,297;97,989;94,609;83,458;83,348;80,704;85,054;82,396;79,492;78,553;80,423;80,579;77,229
D03;X3;;Blanked.2;-3,005;-1,583;-2,842;-1,35;-3,25;-0,705;-4,449;-5,011;-5,065;-5,911;-4,604;-3,955;-8;-5,803;-4,553;-4,737;-7,533;-3,007;-5,261;-7,495;-9,192;-7,198;-10,912;-3,591;-5,632;-9,327;-9,923;-8,872;-10,544;-9,409;-10,645;-11,116;-10,887;-12,393;-6,75;-14,851;-11,413;-14,001;-13,117;-11,677;-16,485;-16,652;-21,075;-15,64;-18,53;-13,434;-16,23;-16,415;-14,569;-26,934;-22,968;-23,995;-24,185;-22,446;-21,016;-22,508;-19,822;-25,288;-19,648;-28,143;-20,109;-21,054;-23,087;-23,752;-23,373;-22,369;-25,011;-22,672;-25,212;-22,813;-20,239;-24,144;-20,656;-21,726;-22,236;-25,085;-23,358;-22,113;-19,196;-21,342;-23,241;-18,096;-21,415;-18,417;-18,696;-14,825;-14,391;-16,817;-14,758;-17,258;-10,371;-14,719;-14,726;-13,532;-12,352;-5,265;-9,986;-6,111;-7,59;-8,774;-9,978;-6,465;-7,342;-4,943;-2,143;-1,127;-0,861;0,139;0,863;-1,02;-0,212;5,555;7,483;8,401;11,669;18,16;22,498;24,966;31,564;35,508;39,334;38,134;43,833;48,279;55,774;53,397;61,964;64,017;65,324;75,684;81,744;78,654;83,722;87,196;83,835;86,164;86,074;88,067;85,344;77,946;73,928;73,029;73,611;69,663
D04;X3;;Blanked.2;-24,281;-23,05;-24,233;-23,773;-23,69;-22,268;-26,696;-24,672;-25,094;-25,37;-23,645;-27,55;-26,367;-23,544;-24,41;-22,789;-25,636;-19,968;-22,638;-23,274;-25,702;-22,456;-25,433;-19,842;-21,654;-23,948;-24,495;-22,521;-25,224;-22,281;-22,551;-23,267;-23,664;-23,323;-19,427;-25,512;-20,878;-24,367;-20,778;-18,707;-22,516;-24,919;-27,906;-21,928;-22,71;-17,456;-20,628;-20,52;-18,071;-29,235;-24,866;-26,269;-26,088;-24,628;-22,987;-23,727;-20,692;-25,505;-20,316;-28,428;-20,256;-20,927;-23,224;-23,851;-23,564;-22,559;-24,902;-22,76;-25,219;-22,837;-20,124;-24,191;-20,7;-21,816;-22,259;-25,135;-23,65;-22,334;-19,49;-21,749;-23,521;-18,046;-21,92;-18,977;-19,266;-15,193;-14,822;-17,478;-15,58;-18,313;-11,313;-15,594;-15,666;-14,772;-13,407;-6,411;-11,126;-7,335;-8,482;-9,296;-10,523;-7,055;-5,578;1,247;4,767;6,903;8,475;10,438;11,925;11,013;12,931;19,432;22,18;21,916;21,026;26,528;30,012;31,824;39,486;41,906;44,957;43,883;49,427;53,354;60,719;58,013;64,888;66,396;68,74;79,195;85,633;84,385;88,989;93,15;89,442;92,57;93,222;98,001;96,564;95,537;96,068;99,275;101,819;100,421
D05;X3;;Blanked.2;-25,276;-24,115;-25,207;-24,827;-24,726;-23,321;-27,717;-25,675;-26,082;-26,405;-24,677;-28,643;-27,395;-24,634;-25,46;-23,829;-26,768;-20,929;-23,684;-24,297;-26,825;-23,587;-26,619;-20,939;-22,789;-25,076;-25,608;-23,706;-26,317;-23,387;-23,743;-24,353;-24,809;-24,435;-20,619;-26,672;-22,02;-25,481;-21,955;-19,889;-23,716;-26,105;-29,007;-23,069;-23,773;-18,556;-21,838;-21,626;-19,186;-30,323;-25,995;-27,378;-27,283;-25,767;-24,152;-24,795;-21,883;-26,689;-21,492;-29,595;-21,437;-22,116;-24,446;-25,087;-24,678;-23,733;-26,167;-23,913;-26,437;-24,117;-21,386;-25,422;-22,014;-23,019;-23,651;-26,45;-24,993;-23,693;-20,853;-23,021;-24,974;-19,847;-23,284;-20,394;-20,825;-16,8;-16,49;-19,012;-17,241;-19,592;-12,713;-17,191;-17,308;-16,209;-15,198;-7,947;-12,849;-9,248;-10,183;-11,583;-12,848;-9,194;-8,878;-1,124;2,582;4,382;5,632;7,618;9,303;8,228;9,648;16,32;18,998;18,978;17,643;23,402;26,766;28,884;35,736;38,874;42,288;40,898;46,155;49,981;56,501;54,322;61,614;64,023;65,44;74,58;81,152;79,31;83,534;86,501;82,396;84,769;84,843;89,462;88,356;86,061;84,177;88,535;91,119;89,912
D06;X3;;Blanked.2;-25,734;-24,505;-25,693;-25,234;-25,113;-23,769;-28,132;-26,042;-26,605;-26,793;-25,113;-29,06;-27,751;-25,076;-25,92;-24,225;-27,178;-21,312;-24,259;-24,743;-27,237;-23,957;-26,974;-21,361;-23,19;-25,363;-25,999;-24,069;-26,708;-23,788;-24,099;-24,823;-25,254;-24,887;-20,981;-27,102;-22,538;-25,97;-22,403;-20,388;-24,215;-26,542;-29,465;-23,508;-24,314;-19,075;-22,232;-22,116;-19,676;-30,755;-26,444;-27,917;-27,67;-26,271;-24,638;-25,411;-22,488;-27,24;-21,95;-30,141;-21,914;-22,658;-24,919;-25,661;-25,281;-24,393;-26,67;-24,454;-27,028;-24,631;-22,005;-26,048;-22,668;-23,604;-24,267;-27,075;-25,509;-24,326;-21,505;-23,659;-25,587;-20,588;-24,009;-21,101;-21,524;-17,582;-17,178;-19,832;-17,911;-20,456;-13,737;-18,088;-18,293;-17,144;-15,978;-9,182;-13,934;-10,586;-11,623;-12,373;-13,696;-10,737;-11,956;-8,637;-1,619;1,333;2,202;3,851;5,201;4,344;6,274;12,508;15,4;15,341;13,509;19,043;22,527;24,27;30,79;33,805;36,877;35,814;39,878;44,452;50,408;48,493;54,651;56,419;59,078;68,315;74,417;73,549;79,278;83,803;79,216;82,475;81,685;87,962;86,474;83,567;83,262;84,262;86,913;85,94
D07;X4;;Blanked.2;-64,338;-65,306;-56,898;-53,595;-49,94;-47,818;-51,383;-53,022;-53,966;-55,083;-54,811;-56,758;-55,248;-55,932;-56,854;-56,809;-55,142;-57,907;-60,764;-59,732;-57,716;-60,395;-58,28;-58,869;-59,391;-58,472;-57,94;-57,715;-60,283;-60,048;-60,604;-58,266;-57,407;-60,248;-59,66;-55,873;-56,777;-55,888;-57,807;-56,629;-57,668;-59,19;-58,539;-55,846;-56,521;-59,596;-57,14;-59,259;-58,718;-59,995;-58,771;-59,332;-56,94;-58,373;-55,642;-57,776;-56,005;-55,346;-54,139;-56,296;-56,954;-58,53;-57,523;-57,033;-55,943;-57,49;-57,942;-57,428;-56,208;-55,195;-53,933;-55,793;-53,797;-55,181;-50,694;-51,59;-50,578;-51,396;-49,494;-50,06;-49,477;-49,016;-47,662;-45,616;-47,987;-44,267;-44,844;-43,659;-42,475;-41,173;-39,054;-38,173;-33,751;-31,443;-32,228;-29,646;-27,207;-23,613;-23,954;-21,56;-18,211;-15,934;-12,957;-12,036;-9,979;-7,656;-4,967;-5,173;0,191;2,326;5,625;7,283;9,542;10,023;10,866;13,775;17,473;18,692;22,996;26,076;27,257;30,425;33,739;33,387;37,42;37,449;39,027;41,348;43,824;45,499;46,848;48,707;50,515;53,018;54,661;56,282;58,761;61,934;61,181;64,979;66,721;69,074;68,47;71,128
D08;X4;;Blanked.2;-64,631;-65,561;-57,054;-53,865;-50,195;-48,102;-51,596;-53,318;-54,212;-55,351;-54,942;-56,975;-55,389;-56,122;-57,044;-56,996;-55,433;-58,025;-61,084;-60,193;-58,096;-60,625;-58,549;-59,169;-59,618;-58,622;-58,167;-57,966;-60,534;-60,247;-60,691;-58,544;-57,563;-60,325;-59,758;-55,966;-56,885;-55,947;-57,894;-56,649;-57,741;-59,179;-58,605;-55,974;-56,57;-59,506;-57,057;-59,228;-58,545;-59,888;-58,661;-59,163;-56,836;-58,214;-55,549;-57,6;-55,816;-55,154;-53,967;-56,175;-56,858;-58,44;-57,424;-57,002;-55,858;-57,412;-57,888;-57,234;-56,055;-55,073;-53,76;-55,648;-53,497;-55,01;-50,405;-51,317;-50,233;-50,967;-49,123;-49,91;-49,433;-48,972;-47,34;-45,181;-47,344;-43,797;-44,414;-43,507;-42,455;-41,087;-39,054;-38,334;-34,034;-31,703;-32,644;-30,039;-27,751;-24,368;-25,021;-22,6;-19,235;-17,35;-14,256;-13,519;-11,429;-8,988;-6,832;-6,625;-1,19;1,289;3,691;5,91;8,063;8,458;9,445;12,12;16,176;17,001;21,216;24,735;26,78;28,75;32,223;32,493;35,949;37,196;38,875;41,341;44,053;45,219;47,694;49,436;51,371;52,364;54,355;56,154;57,486;61,08;59,987;64,147;65,454;67,083;66,921;68,735
D09;X4;;Blanked.2;-65,338;-66,34;-58,05;-54,6;-50,93;-48,827;-52,394;-54,073;-54,886;-56,029;-55,733;-57,685;-56,176;-56,838;-57,758;-57,752;-56,1;-58,722;-61,649;-60,674;-58,609;-61,243;-59,229;-59,753;-60,284;-59,3;-58,819;-58,583;-61,145;-60,718;-61,395;-59,129;-58,328;-61,034;-60,484;-56,605;-57,555;-56,801;-58,613;-57,367;-58,417;-60,008;-59,253;-56,658;-57,335;-60,281;-57,956;-60,13;-59,484;-60,81;-59,606;-60,089;-57,783;-59,212;-56,573;-58,602;-56,807;-56,076;-55,051;-57,157;-57,888;-59,451;-58,379;-58,006;-56,86;-58,463;-58,966;-58,438;-57,182;-56,275;-54,982;-56,96;-54,845;-56,293;-51,756;-52,639;-51,66;-52,557;-50,73;-50,881;-50,466;-50,023;-48,57;-46,562;-48,759;-44,953;-45,307;-44,393;-43,165;-41,618;-39,383;-38,475;-33,85;-31,315;-31,991;-29,266;-26,414;-22,753;-23,617;-20,564;-17,135;-14,724;-11,922;-10,139;-8,116;-5,942;-3,224;-3,416;2,754;5,018;8,271;10,391;12,453;13,122;13,988;16,878;20,776;21,9;25,929;29,188;30,643;32,364;35,71;35,484;39,482;39,398;40,711;42,978;44,463;45,572;47,931;48,907;51,083;52,884;54,318;55,278;56,761;60,816;59,066;63,544;63,794;65,434;64,992;66,545
D10;X4;;Blanked.2;-65,745;-66,687;-58,326;-55,01;-51,3;-49,192;-52,803;-54,413;-55,234;-56,478;-56,09;-58,206;-56,552;-57,322;-58,208;-58,189;-56,541;-59,275;-62,168;-61,145;-59,066;-61,722;-59,658;-60,273;-60,731;-59,715;-59,374;-59,036;-61,637;-61,363;-61,953;-59,683;-58,659;-61,545;-61,037;-57,23;-58,145;-57,256;-59,148;-57,952;-59,066;-60,608;-59,793;-57,16;-57,806;-60,869;-58,433;-60,52;-59,999;-61,353;-60,045;-60,562;-58,232;-59,678;-56,983;-59,088;-57,264;-56,592;-55,405;-57,524;-58,275;-59,787;-58,755;-58,341;-57,197;-58,759;-59,363;-58,71;-57,556;-56,579;-55,229;-57,268;-55,091;-56,68;-52,089;-53,049;-52,052;-52,725;-50,863;-51,66;-51,136;-50,617;-49,172;-47,116;-49,177;-45,364;-46,257;-45,236;-44,201;-42,871;-40,872;-40,072;-35,673;-33,617;-34,116;-31,512;-29,49;-25,863;-26,148;-23,797;-20,217;-18,472;-15,378;-14,254;-12,528;-9,827;-6,971;-7,037;-1,529;0,165;3,183;5,27;7,165;7,724;8,454;11,616;15,577;16,302;20,604;23,788;25,779;28,204;31,234;31,482;35,362;35,769;37,319;39,34;42,202;43,582;46,002;46,986;48,79;50,005;51,413;53,443;53,729;56,476;56,565;58,147;59,508;61,036;60,62;63,633
D11;X4;;Blanked.2;-43,035;-43,445;-34,961;-31,553;-27,997;-25,968;-29,413;-31,059;-31,911;-33,122;-32,561;-34,869;-33,172;-33,885;-34,738;-34,703;-33,102;-35,883;-38,239;-36,882;-34,907;-37,446;-35,376;-35,931;-36,404;-35,4;-34,719;-34,91;-37,118;-36,777;-37,408;-35,186;-34,303;-37,088;-36,676;-32,668;-33,551;-32,651;-34,507;-33,417;-34,276;-35,827;-35,25;-32,567;-33,301;-36,229;-33,767;-35,97;-35,443;-36,758;-35,649;-36,087;-33,621;-35,132;-32,445;-34,568;-32,818;-32,042;-30,856;-33,142;-33,711;-35,333;-34,33;-33,885;-32,807;-34,432;-34,883;-34,37;-33,152;-32,248;-30,921;-32,957;-30,786;-32,354;-27,814;-28,787;-27,838;-28,645;-26,902;-27,629;-27,141;-26,837;-25,379;-23,367;-25,666;-22,076;-22,789;-21,864;-21,197;-19,842;-18,069;-17,464;-13,406;-11,312;-12,282;-10,135;-8,114;-4,61;-5,627;-2,977;0,235;1,641;4,306;5,05;6,734;8,975;11,388;11,051;15,771;17,797;20,1;21,848;24,57;24,349;24,859;27,704;31,133;31,866;35,672;39,069;40,707;42,875;45,704;46,326;48,88;49,594;50,849;53,038;55,006;56,419;60,17;60,958;62,65;64,566;66,706;68,426;69,836;73,334;73,478;76,32;77,4;79,455;78,691;80,806
C02;X1;;Blanked.3;-116,516;-119,825;-125,736;-129,999;-130,487;-135,556;-146,829;-144,498;-149,747;-157,583;-156,103;-162,035;-166,309;-170,839;-175,87;-184,27;-187,272;-198,136;-198,296;-207,975;-215,546;-219,563;-223,844;-222,808;-231,472;-232,198;-231,611;-226,638;-227,672;-222,497;-218,277;-214,658;-209,867;-201,774;-192,939;-183,661;-173,336;-168,362;-168,287;-150,777;-144,232;-146,491;-149,308;-134,095;-120,452;-120,376;-121,214;-106,778;-100,664;-93,996;-79,735;-71,347;-57,811;-61,658;-46,094;-40,553;-32,635;-31,887;-24,247;-17,19;-13,283;-8,096;-1,651;1,065;7,875;11,807;17,696;18,18;25,283;35,306;39,85;43,454;52,257;55,149;61,733;66,503;73,382;85,636;98,242;110,438;113,561;123,005;123,59;129,932;135,316;143,162;146,459;157,058;164,225;170,648;176,052;180,121;186,592;192,792;197,156;202,653;203,4;202,036;200,193;197,767;195,618;193,921;190,673;189,458;186,271;182,838;181,929;179,283;174,766;173,999;170,367;164,739;164,748;158,928;151,686;147,538;141,441;142,86;138,545;132,995;135,483;135,47;135,739;134,566;139,63;141,718;141,985;143,443;145,574;148,057;153,808;153,172;154,761;156,706;162,871;163,674;163,7;167,125;167,858;170,195;172,151;173,398;175,743;177,493
C03;X1;;Blanked.3;-115,487;-119,177;-125,019;-129,463;-129,786;-134,881;-146,053;-143,691;-149,011;-156,776;-155,128;-160,922;-165,556;-169,974;-174,756;-183,182;-186,354;-197,074;-197,302;-207,285;-214,583;-218,578;-223,075;-221,99;-230,934;-231,617;-231,069;-226,265;-226,929;-221,89;-217,953;-214,174;-209,432;-201,642;-192,821;-183,654;-173,444;-168,623;-168,36;-151,407;-145,177;-147,393;-150,108;-135,283;-121,31;-121,191;-121,539;-107,327;-100,996;-94,166;-79,328;-70,839;-57,304;-60,73;-44,547;-39,179;-30,265;-29,427;-21,642;-13,143;-8,955;-3,333;3,673;7,565;18,621;23,416;31,63;30,347;40,437;52,821;51,764;61,314;72,082;80,606;81,161;83,763;92,37;101,719;113,166;116,117;120,081;132,915;130,042;149,032;148,87;152,049;154,407;156,619;171,92;178,002;174,968;191,037;180,097;184,552;197,393;190,425;192,855;195,865;195,693;195,343;195,028;192,998;189,18;188,122;183,919;181,842;181,949;178,505;174,168;173,75;170,464;164,636;164,323;159,021;151,76;147,599;141,533;142,956;138,641;133,096;135,58;135,563;135,826;134,65;139,44;141,813;140,784;142,074;141,887;142,086;148,492;142,897;140,166;146,084;140,45;141,278;145,592;136,613;137,26;137,253;132,402;127,159;133,828;129,31
C04;X1;;Blanked.3;-119,719;-122,582;-128,883;-133,571;-133,814;-138,737;-149,993;-147,962;-153,297;-161,135;-159,431;-165,343;-169,97;-174,559;-179,311;-187,887;-190,981;-201,862;-202,125;-212,566;-219,764;-223,494;-228,35;-227,055;-235,826;-236,91;-236,3;-231,101;-231,967;-227,111;-222,9;-219,453;-214,661;-206,472;-197,513;-188,438;-178,128;-173,386;-173,165;-155,721;-149,599;-151,84;-154,839;-139,887;-126,347;-126,458;-127,306;-113,191;-107,014;-100,781;-86,275;-77,95;-64,703;-68,733;-53,32;-48,003;-39,804;-39,532;-31,961;-24,237;-21,686;-15,334;-9,282;-6,846;-0,99;2,001;7,925;7,425;13,167;19,126;21,401;31,065;38,586;44,523;46,628;57,378;64,279;70,682;72,801;77,374;83,651;92,185;98,091;108,225;118,436;125,197;130,381;137,265;143,13;148,814;154,079;158,951;163,603;167,178;173,805;178,383;180,88;186,565;191,523;195,415;195,312;194,061;190,868;189,654;186,47;183,036;182,133;179,481;174,969;174,203;170,57;164,941;164,951;159,131;151,888;147,74;141,641;143,062;138,747;133,195;135,685;135,672;135,942;134,77;139,836;141,925;142,192;143,652;145,784;148,267;154,018;153,383;154,972;156,917;163,083;163,886;163,913;167,338;168,071;170,409;172,205;173,364;175,631;176,646
C05;X1;;Blanked.3;-115,141;-118,556;-124,738;-129,297;-129,875;-134,817;-146,107;-143,439;-148,762;-157,068;-155,208;-161,156;-165,49;-169,953;-174,877;-183,168;-186,416;-197,102;-197,309;-207,271;-214,632;-218,27;-222,303;-221,2;-229,806;-231,163;-231,069;-226,89;-227,777;-223,042;-219,119;-215,4;-210,684;-202,449;-193,606;-184,418;-173,674;-168,981;-168,724;-151,424;-144,789;-147,108;-149,952;-134,535;-120,826;-120,856;-121,128;-106,636;-100,391;-93,937;-79,37;-70,677;-57,397;-61,254;-45,224;-40,078;-31,689;-31,28;-24,054;-16,857;-13,718;-7,62;-2,793;0,208;6,152;9,309;14,957;15,29;19,91;25,694;27,244;30,936;35,293;38,966;41,005;44,917;52,974;65,04;76,783;79,569;88,089;95,167;102,119;115,106;123,228;131,045;137,314;144,738;151,687;155,964;160,578;166,187;169,983;174,669;181,274;187,74;193,447;199,366;200,04;198,028;195,901;194,218;190,976;189,764;186,577;183,143;182,234;179,588;175,069;174,303;170,671;165,041;165,051;159,23;151,987;147,84;141,74;143,161;138,846;133,293;135,785;135,772;136,042;134,87;139,937;142,027;142,295;143,755;145,888;148,371;154,122;153,487;155,076;157,022;163,187;163,991;164,017;167,443;168,176;170,513;172,47;173,716;176,062;177,816
C06;X1;;Blanked.3;-125,388;-128,671;-134,465;-138,966;-139,668;-144,807;-155,913;-153,64;-158,994;-167,136;-165,392;-171,122;-175,732;-180,346;-185,409;-193,87;-196,878;-207,888;-208,012;-217,704;-225,217;-229,171;-233,562;-232,375;-241,238;-242,192;-241,933;-237,314;-238,613;-233,573;-229,491;-226,111;-221,115;-213,072;-204,217;-194,938;-184,48;-179,648;-179,369;-162,168;-155,412;-157,963;-160,629;-145,537;-131,737;-131,418;-132,462;-117,727;-111,56;-105,185;-90,661;-81,909;-68,948;-72,613;-56,986;-51,882;-43,863;-43,28;-36,314;-29,047;-25,921;-20,586;-14,728;-12,937;-6,679;-3,028;1,543;2,146;7,298;14,013;15,598;18,51;23,168;26,458;28,104;32,073;33,633;37,075;47,273;66,467;69,176;75,716;84,995;93,781;105,156;113,074;118,193;125,516;130,822;134,725;140,601;145,48;151,067;155,776;161,963;169,519;173,253;176,994;179,61;183,307;182,984;183,718;183,431;185,528;182,203;181,439;180,869;178,917;175,005;174,361;170,761;165,137;165,148;159,333;152,089;147,942;141,842;143,263;138,949;133,395;135,887;135,875;136,145;134,974;140,041;142,132;142,4;143,861;145,994;148,478;154,229;153,594;155,184;157,129;163,295;164,099;164,125;167,551;168,284;170,622;172,579;173,825;176,171;177,925
C07;X2;;Blanked.3;-151,589;-142,922;-153,113;-162,053;-181,677;-186,689;-188,467;-196,223;-206,63;-210,511;-215,262;-220,775;-222,724;-225,748;-228,725;-228,147;-233,2;-239,359;-244,732;-245,485;-251,676;-252,343;-250,87;-256,912;-253,672;-255,387;-258,463;-253,476;-246,303;-249,092;-237,771;-237,25;-233,232;-230,501;-226,491;-221,729;-209,298;-209,568;-204,348;-195,992;-181,55;-181,656;-180,704;-165,917;-160,754;-166,885;-152,972;-148,656;-141,976;-138,563;-129,13;-123,457;-121,26;-121,168;-110,933;-108,097;-100,2;-85,496;-85,181;-72,567;-65,283;-57,789;-47,173;-36,882;-34,149;-29,378;-24,913;-25,298;-19,751;-17,235;-14,324;-11,677;-12,244;-10,525;-9,47;-9,641;-8,67;-9,017;-9,057;-8,582;-8,037;-8,249;-7,498;-7,829;-7,929;-8,014;-7,785;-7,932;-7,522;-6,891;-7,398;-7,06;-6,318;-5,929;-5,523;-4,978;-4,098;-4,145;-3,998;-5,087;-4,34;-4,863;-3,766;-4,212;-5,041;-3,864;-2,961;-3,529;-3,585;-2,675;-3,597;-3,847;-5,98;-6,893;-7,677;-7,518;-5,053;-7,795;-5,852;-3,099;-4,066;-3,303;-8,316;-6,537;-3,547;-6,185;-3,925;-6,537;-6,441;-2,1;-3,364;0,835;-5,267;-1,209;-3,577;-0,36;-0,147;0,033;2,162;3,202;-0,523;-2,798;-0,533;1,197
C08;X2;;Blanked.3;-134,18;-125,367;-135,738;-144,587;-164,073;-169,091;-170,909;-178,289;-188,75;-192,655;-197,374;-202,626;-204,928;-208,049;-211,069;-210,492;-216,014;-222,087;-227,09;-228,023;-233,652;-234,104;-232,554;-238,646;-235,175;-236,882;-240;-235,286;-227,916;-230,384;-218,974;-219,265;-215,192;-212,53;-208,282;-202,865;-190,735;-191,134;-185,474;-177,19;-162,561;-162,235;-161,558;-147,217;-141,889;-148,16;-133,979;-129,758;-122,751;-119,161;-109,656;-104,061;-101,995;-101,741;-92;-89,015;-81,077;-66,834;-66,691;-53,935;-46,592;-39,094;-28,899;-18,557;-15,64;-11,015;-6,088;-6,797;-1,427;0,8;3,933;6,626;6,588;8,183;9,064;8,885;9,69;10,248;9,905;10,208;10,709;10,484;11,201;11,148;11,639;11,432;12,411;12,01;13,266;13,345;13,396;13,903;14,508;15,05;15,238;14,835;16,571;16,749;16,791;15,375;17,161;15,983;17,615;17,318;16,868;18,356;18,795;17,983;18,99;19,342;17,63;17,61;16,123;14,868;13,513;15,865;16,852;15,455;18,009;17,508;18,135;16,73;16,126;17,904;18,1;14,265;19,921;14,122;12,033;15,702;19,025;15,121;15,408;18,232;15,613;17,627;18,379;16,118;17,911;16,855;15,232;10,897;18,598;18,661
C09;X2;;Blanked.3;-141,944;-136,033;-146,457;-155,544;-174,863;-179,9;-181,393;-188,569;-199,044;-202,641;-207,445;-212,753;-214,569;-217,65;-220,317;-219,745;-224,682;-231,003;-236,108;-236,771;-242,392;-243,028;-241,812;-247,388;-244,68;-245,697;-249,099;-244,335;-236,691;-239,75;-228,054;-227,991;-223,737;-220,814;-216,77;-211,286;-199,309;-199,475;-193,619;-185,552;-171,197;-171,051;-170,359;-155,694;-150,377;-157,45;-143,102;-139,178;-132,103;-128,087;-118,798;-113,488;-110,941;-111,374;-100,766;-98,866;-91,211;-75,85;-75,735;-63,731;-55,946;-48,418;-38,28;-28,182;-25,638;-20,858;-16,107;-16,649;-10,876;-8,287;-4,692;-2,157;-2,305;-0,889;1,372;1,181;2,188;3,177;3,839;4,238;5,885;6,348;6,857;7,481;8,987;9,149;9,225;9,717;11,844;12,136;12,559;12,69;15,079;16,278;15,763;16,591;19,325;18,325;19,846;19,928;20,909;21,49;22,466;22,432;23,159;24,088;23,079;24,474;26,966;25,51;24,547;24,497;24,988;21,819;21,877;25,988;21,939;21,159;26,958;24,446;28,089;24,492;20,593;22,379;20,706;18,452;17,985;18,062;13,475;14,025;15,545;10,521;10,109;11,82;8,625;11,264;10,968;11,815;10,016;9,342;5,218;4,112;7,931;7,998
C10;X2;;Blanked.3;-125,825;-144,386;-155,281;-164,187;-183,944;-188,805;-190,436;-197,527;-208,225;-212,104;-216,508;-221,881;-223,785;-226,648;-229,596;-228,769;-233,805;-239,881;-245,189;-245,9;-251,404;-251,923;-250,346;-256,091;-252,586;-254,551;-256,859;-252,527;-245,071;-247,727;-236,441;-236,017;-232,185;-228,911;-224,847;-219,534;-207,202;-207,527;-201,942;-193,779;-179,351;-179,451;-178,627;-163,745;-158,439;-165,248;-151,216;-146,727;-139,824;-136,442;-126,669;-121,542;-118,589;-118,717;-108,226;-105,755;-98,322;-83,456;-83,494;-71,901;-63,722;-56,495;-46,058;-36,325;-33,6;-28,327;-23,828;-24,677;-19,062;-16,237;-13,215;-10,534;-10,345;-9,105;-7,374;-7,373;-6,367;-5,855;-5,447;-4,35;-4,132;-3,146;-2,669;-2,197;-0,882;-0,632;0,116;0,691;1,671;2,304;3,498;3,204;4,246;4,826;5,954;6,138;8,227;7,835;9,257;8,642;9,998;10,195;10,61;10,76;10,058;10,888;12,353;13,367;12,448;12,948;13,912;16,724;14,453;11,64;12,356;15,005;17,505;12,359;16,296;12,976;16,273;9,913;9,245;15,129;9,734;8,317;10,72;5,903;4,189;7,643;10,069;7,358;5,552;8,131;3,98;8,203;5,657;6,839;5,401;4,988;-0,099;1,009;2,246;4,195
C11;X2;;Blanked.3;-122,499;-113,903;-124,076;-133,023;-152,531;-157,495;-159,277;-166,402;-176,885;-180,866;-185,554;-190,872;-192,848;-195,742;-198,623;-197,962;-203,129;-209,014;-214,535;-215,34;-221,364;-221,753;-219,818;-226,042;-222,112;-223,761;-226,655;-222,074;-214,955;-217,399;-206,211;-206,329;-202,402;-199,509;-195,242;-189,667;-177,4;-177,839;-172,18;-164,113;-149,387;-149,564;-148,379;-133,776;-128,105;-135,115;-121,103;-116,925;-109,883;-106,104;-96,629;-91,462;-88,794;-88,583;-78,408;-76,053;-67,892;-53,329;-53,148;-40,508;-32,961;-25,018;-15,51;-5,47;-2,269;3,044;7,261;6,456;12,051;14,296;17,33;19,658;19,713;20,869;22,161;22,035;22,553;22,703;22,4;22,962;23,785;22,883;23,904;23,951;24,25;24,056;24,199;24,138;24,647;25,371;24,334;25,338;25,38;25,605;25,74;25,636;26,196;27,422;26,373;25,588;26,385;25,869;26,532;26,392;24,894;26,587;26,494;25,171;26,304;26,71;25,106;27,246;22,364;21,011;19,705;24,361;23,073;18,9;21,398;19,231;22,13;18,549;23,229;19,788;18,567;16,397;19,324;15,716;13,878;15,765;18,851;19,413;18,57;19,57;20,183;20,006;23,113;25,833;23,845;24,284;24,54;27,802;29,197;29,93
D02;X3;;Blanked.3;-14,34;-27,009;-28,945;-37,97;-24,256;-35,392;-26,922;-30,198;-27,466;-32,637;-36,362;-35,806;-37,82;-24,031;-29,554;-35,249;-22,618;-33,959;-28,95;-29,368;-35,253;-24,247;-46,798;-34,324;-35,318;-41,807;-25,014;-41,03;-34,14;-36,503;-52,199;-48,116;-46,499;-61,178;-42,205;-53,616;-46,643;-48,238;-45,48;-57,678;-50,654;-42,417;-55,36;-44,157;-52,646;-44,016;-62,775;-59,698;-39,648;-57,952;-55,488;-57,879;-57,09;-49,113;-53,294;-56,282;-59,414;-58,91;-66,729;-35,118;-57,902;-55,578;-54,019;-52,613;-51,354;-58,061;-44,82;-59,118;-52,966;-58,906;-50,129;-53,073;-57,028;-49,46;-48,54;-39,816;-49,288;-51,863;-42,978;-51,537;-54,455;-48,803;-48,957;-38,988;-40,363;-42,743;-33,524;-40,831;-30,675;-32,457;-24,51;-30,082;-29,459;-20,004;-17,828;-31,861;-21,152;-21,341;-18,619;-2,453;-7,742;-8,16;0,725;0,954;11,695;8,259;13,413;14,794;25,849;22,952;37,974;63,5;70,077;77,416;79,192;85,884;95,913;120,653;128,088;124,172;137,878;143,74;131,557;142,781;131,608;149,807;152,07;140,777;138,614;133,7;140,526;149,84;146,326;144,597;141,402;146,743;139,13;138,778;141,061;150,461;148,809;151,064;138,358;138,814
D03;X3;;Blanked.3;-12,952;-7,524;6,84;-7,812;3,131;-11,058;-0,151;-9,454;-9,812;-20,656;-20,77;-15,779;-20,155;-12,029;-19,724;-21,069;-9,288;-17,989;-12,797;-14,669;-17,529;-8,095;-34,987;-19,252;-23,467;-27,178;-14,091;-24,494;-17,739;-23,657;-38,879;-32,297;-35,894;-48,548;-29,033;-36,909;-41,493;-37,814;-40,317;-51,064;-47,832;-38,107;-51,885;-37,402;-46,793;-41,101;-58,908;-64,654;-42,512;-58,226;-60,064;-65,69;-60,911;-53,405;-60,686;-63,098;-67,388;-67,709;-75,807;-45,281;-68,071;-65,395;-64,453;-62,487;-61,196;-68,269;-55,098;-69,66;-63,379;-69,524;-60,927;-63,607;-67,514;-60,029;-59,205;-50,467;-59,794;-62,397;-53,742;-62,109;-65,099;-59,428;-59,337;-49,805;-50,934;-53,431;-44,22;-51,125;-41,462;-42,885;-34,688;-40,557;-39,934;-30,756;-27,867;-41,822;-31,184;-30,964;-30,104;-14,118;-17,454;-17,838;-9,984;-10,188;0,846;-3,481;0,452;-0,115;8,805;3,737;13,797;18,624;21,377;31,216;44,692;50,906;60,584;86,554;91,781;89,161;109,537;125,182;125,73;140,663;131,631;149,912;152,175;140,883;138,721;133,807;140,633;149,947;146,433;144,705;141,51;146,851;139,238;138,886;141,169;150,569;148,918;151,173;138,466;138,922
D04;X3;;Blanked.3;-70,005;-67,497;-57,777;-69,73;-60,752;-69,913;-62,117;-65,37;-65,208;-69,63;-73,863;-68,769;-72,909;-64,928;-71,253;-71,115;-59,013;-67,689;-63,154;-64,212;-63,331;-57,224;-78,576;-61,773;-66,005;-69,89;-52,894;-63,459;-56,895;-59,9;-73,688;-68,503;-65,806;-80,503;-59,121;-69,711;-66,524;-66,696;-62,986;-74,495;-64,912;-57,591;-71,01;-57,314;-65,354;-56,494;-73,874;-73,187;-50,523;-69,345;-66,769;-69,646;-67,81;-59,391;-63,979;-66,519;-69,514;-69,09;-76,883;-45,109;-68,098;-65,891;-64,464;-62,927;-61,609;-68,33;-55,07;-69,728;-63,423;-69,595;-60,656;-63,745;-67,582;-60,366;-59,255;-50,692;-60,405;-62,796;-54,515;-62,928;-65,802;-59,724;-60,165;-51,18;-52,291;-55,154;-45,95;-52,625;-42,917;-44,595;-36,714;-42,98;-42,609;-33,101;-31,183;-45,747;-34,929;-33,778;-31,47;-15,514;-20,19;-19,094;3,016;7,739;21,904;21,093;26,9;30,258;41,327;39,84;51,363;57,86;61,902;68,569;70,188;72,056;81,437;105,663;111,03;108,049;127,375;141,654;131,615;142,978;131,814;150,014;152,277;140,985;138,824;133,911;140,737;150,051;146,537;144,809;141,614;146,955;139,343;138,991;141,274;150,674;149,023;151,278;138,572;139,028
D05;X3;;Blanked.3;-72,895;-70,319;-60,803;-72,88;-63,604;-72,883;-64,858;-68,081;-68,238;-72,677;-76,382;-71,791;-75,866;-67,794;-73,775;-73,669;-61,992;-70,46;-66,313;-67,072;-66,119;-60,361;-81,595;-64,915;-69,232;-72,881;-56,098;-66,934;-60,063;-63,362;-76,713;-71,822;-69,167;-83,778;-62,312;-72,851;-69,702;-69,849;-66,264;-77,899;-68,167;-60,947;-74,408;-60,637;-68,511;-59,458;-77,32;-76,297;-54,085;-72,732;-69,955;-72,825;-71,019;-62,702;-67,424;-69,743;-73,061;-72,608;-80,415;-48,816;-71,629;-69,346;-67,879;-66,543;-64,899;-71,909;-58,652;-73,341;-67,007;-73,065;-64,273;-67,365;-71,249;-64,321;-63,333;-54,606;-64,255;-66,99;-58,393;-66,863;-70,513;-64,76;-64,731;-55,179;-56,712;-59,197;-50,369;-57,485;-48,052;-49,593;-42;-47,797;-47,331;-38,261;-36,022;-50,473;-39,479;-39,231;-37,313;-21,923;-26,236;-25,811;-11,406;1,019;14,619;12,621;19,739;21,356;34,649;31,902;42,509;48,975;54,446;60,991;60,386;63,486;72,794;95,297;102,577;99,637;118,447;133,59;128,254;142,654;131,906;150,116;152,38;141,088;138,928;134,015;140,84;150,155;146,641;144,913;141,719;147,06;139,448;139,096;141,379;150,779;149,128;151,383;138,677;139,133
D06;X3;;Blanked.3;-74,06;-71,579;-61,88;-73,961;-64,781;-73,904;-65,935;-69,304;-69,453;-74,099;-78,065;-73;-77,286;-69,289;-74,84;-75,076;-63,074;-71,821;-67,401;-68,499;-67,612;-61,58;-82,646;-66,331;-70,129;-74,486;-57,101;-68,134;-61,427;-64,723;-78,214;-72,905;-70,426;-85,1;-63,455;-74,158;-70,923;-71,083;-67,639;-78,882;-69,753;-62,274;-75,381;-61,839;-70,12;-60,87;-78,415;-77,957;-55,166;-74,006;-71,3;-74,154;-72,393;-64,156;-68,671;-71,01;-74,591;-73,948;-81,556;-50,231;-72,954;-70,801;-69,472;-67,882;-66,649;-73,553;-60,202;-74,851;-68,565;-74,484;-66,023;-68,997;-72,936;-65,627;-64,737;-56,215;-65,691;-68,647;-60,16;-68,637;-72,452;-66,462;-66,905;-57,218;-58,772;-61,41;-52,608;-59,745;-50,441;-51,998;-44,26;-50,677;-50,042;-41,302;-39,131;-53,692;-43,103;-43,473;-41,366;-24,383;-29,203;-30,19;-22,145;-19,195;3,904;3,043;10,659;11,442;22,755;19,612;32,14;38,944;42,129;49,846;48,312;50,852;59,966;83,483;87,252;83,997;102,385;117,008;114,151;131,27;129,075;149,948;152,462;141,191;139,031;134,118;140,944;150,259;146,746;145,018;141,823;147,165;139,552;139,2;141,484;150,884;149,233;151,488;138,782;139,239
D07;X4;;Blanked.3;-161,887;-147,381;-145,361;-139,029;-142,246;-143,057;-148,793;-151,164;-157,088;-153,951;-151,515;-152,317;-153,955;-156,426;-151,484;-153,706;-148,303;-156,996;-156,567;-153,144;-160,862;-152,391;-156,96;-159,138;-167,789;-156,809;-154,754;-160,13;-165,002;-159,139;-153,535;-155,307;-154,205;-158,053;-150,002;-149,813;-148,008;-148,762;-150,039;-150,713;-152,945;-155,31;-148,017;-148,608;-151,288;-148,368;-148,406;-145,227;-148,42;-151,964;-151,212;-149,135;-150,395;-142,58;-144,602;-146,668;-149,446;-148,909;-143,9;-146,629;-145,105;-146,24;-142,615;-142,251;-145,069;-147,69;-141,028;-138,346;-142,226;-133,34;-137,992;-133,346;-139,325;-133,505;-124,93;-128,405;-128,87;-122,669;-117,946;-116,663;-113,743;-111,777;-108,586;-114,207;-109,294;-105,052;-98,681;-93,969;-91,425;-87,923;-85,932;-73,852;-67,733;-61,993;-56,624;-52,741;-47,92;-39,12;-39,895;-29,338;-25,839;-18,212;-9,319;-2,126;-0,817;8,226;18,361;25,515;31,594;36,83;42,851;52,13;56,936;61,943;68,025;76,591;77,629;90,792;89,733;92,034;92,215;88,053;95,361;93,758;94,903;96,834;93,592;98,845;99,084;99,344;99,506;102,577;100,649;101,627;102,202;101,408;103,955;101,456;103,375;101,158;105,73;100,295;97,606;103,828
D08;X4;;Blanked.3;-162,905;-148,027;-146,298;-139,892;-143,117;-143,836;-149,366;-151,814;-157,913;-154,803;-152,3;-152,772;-154,663;-156,876;-151,928;-154,14;-148,564;-157,905;-157,254;-153,842;-161,528;-153,39;-157,596;-160,088;-168,432;-157,327;-155,18;-160,462;-165,543;-159,764;-153,789;-155,885;-154,254;-158,269;-150,388;-149,753;-147,869;-148,835;-149,994;-150,446;-153,049;-155,483;-147,872;-148,345;-151,233;-148,164;-148,22;-145,369;-148,123;-151,618;-150,867;-148,496;-149,994;-142,183;-144,336;-146,079;-149,133;-148,447;-143,628;-146,457;-144,804;-145,894;-142,461;-142,159;-144,577;-147,394;-140,607;-137,915;-141,714;-133,008;-137,624;-132,67;-138,589;-132,785;-123,902;-127,417;-127,688;-121,402;-117,046;-116,219;-113,287;-111,036;-107,695;-112,712;-107,927;-103,581;-97,768;-93,223;-91,135;-87,692;-86,057;-73,885;-68,314;-63,143;-58,272;-55,19;-49,654;-42,154;-42,598;-32,505;-28,794;-21,548;-14,066;-5,653;-4,722;3,357;13,503;19,184;26,399;32,339;39,522;47,591;52,604;56,582;64,14;72,42;75,036;88,002;89,105;92,084;92,311;88,152;95,461;93,859;95,004;96,936;93,694;98,947;99,188;99,447;99,61;102,681;100,753;101,731;102,306;101,513;104,059;101,561;103,48;101,263;105,835;100,4;97,711;103,933
D09;X4;;Blanked.3;-165,111;-150,089;-148,23;-141,862;-145,205;-145,667;-151,439;-154,202;-160,073;-156,94;-154,306;-155,143;-156,746;-159,064;-154,196;-156,646;-150,845;-159,663;-159,176;-155,893;-163,471;-155,001;-159,541;-161,56;-170,192;-159,307;-157,077;-162,426;-167,127;-161,149;-155,899;-157,751;-156,567;-160,099;-152,254;-152,092;-150,209;-150,946;-152,365;-152,392;-155,22;-157,636;-150,232;-150,828;-153,594;-150,82;-150,611;-147,861;-150,8;-154,133;-153,282;-151,257;-152,738;-144,97;-146,853;-148,972;-151,765;-151,327;-146,316;-149,281;-147,752;-148,887;-145,295;-145,173;-147,836;-150,429;-143,754;-141,104;-145,339;-136,394;-141,142;-136,702;-142,588;-136,689;-127,906;-131,298;-131,84;-126,096;-121,858;-119,192;-116,515;-114,31;-111,338;-117,362;-111,709;-106,639;-100,193;-95,929;-92,87;-88,987;-86,469;-74,572;-68,091;-62,01;-55,586;-51,931;-45,994;-37,754;-37,326;-25,799;-21,693;-14,521;-6,222;1,145;4,45;12,621;23,552;29,373;39,121;43,768;51,488;57,69;64,073;68,418;76,617;84,445;82,806;92,543;89,98;92,231;92,414;88,252;95,56;93,959;95,106;97,037;93,797;99,05;99,291;99,551;99,714;102,785;100,857;101,835;102,411;101,617;104,164;101,665;103,585;101,367;105,94;100,505;97,817;104,039
D10;X4;;Blanked.3;-165,816;-151,057;-149,193;-142,843;-145,949;-147,004;-152,873;-155,064;-161,1;-158,262;-155,494;-156,369;-158,024;-160,22;-155,49;-157,709;-152,013;-160,613;-160,323;-157,173;-164,895;-156,213;-160,886;-162,78;-171,847;-160,745;-158,468;-163,724;-168,704;-162,827;-157,284;-159,102;-157,9;-161,811;-153,94;-153,644;-151,69;-152,43;-153,67;-154,484;-156,778;-158,985;-151,769;-152,374;-155,006;-152,225;-152,035;-149,09;-151,916;-155,676;-154,777;-152,617;-153,901;-146,42;-148,323;-150,171;-152,838;-152,805;-147,724;-150,363;-148,92;-150,027;-146,673;-146,048;-148,976;-151,31;-144,991;-142,19;-146,279;-137,335;-142,132;-137,107;-143,461;-137,615;-128,752;-132,158;-132,934;-126,736;-122,373;-120,903;-118,197;-115,976;-112,844;-117,953;-113,215;-108,439;-102,62;-98,529;-95,982;-92,572;-90,932;-79,425;-73,781;-67,865;-62,471;-60,103;-54,77;-46,289;-46,811;-36,061;-32,142;-24,883;-15,413;-8,612;-7,136;1,4;14,002;17,272;25,304;30,783;35,249;43,267;49,268;52,833;60,67;69,285;72,29;86,807;89,012;92,212;92,507;88,348;95,664;94,063;95,21;97,143;93,902;99,156;99,398;99,658;99,821;102,892;100,965;101,943;102,518;101,725;104,272;101,774;103,693;101,476;106,049;100,613;97,925;104,147
D11;X4;;Blanked.3;-99,723;-84,652;-82,448;-76,141;-79,603;-80,013;-85,357;-88,344;-94,259;-90,728;-88,495;-89,197;-91,421;-93,165;-88,237;-90,681;-85,04;-93,76;-92,209;-88,26;-95,337;-86,676;-91,164;-94,086;-101,876;-91,083;-88,308;-93,968;-99,177;-92,878;-87,562;-88,884;-87,75;-91,608;-83,652;-83,007;-81,458;-81,959;-83,196;-84,254;-86,514;-88,762;-81,014;-81,474;-84,892;-81,698;-81,625;-78,769;-81,888;-85,342;-84,484;-82,838;-83,794;-76,026;-77,841;-80,09;-82,869;-82,359;-78,004;-80,226;-78,855;-80,024;-76,349;-76,273;-79,279;-81,526;-74,961;-72,989;-76,645;-67,68;-72,163;-67,541;-73,828;-68,058;-59,351;-62,722;-63,554;-57,881;-53,877;-52,753;-49,419;-47,744;-44,731;-50,569;-45,826;-41,599;-35,967;-32,525;-30,067;-27,292;-26,539;-15,016;-9,65;-5,102;0,24;2,51;6,735;14,439;13,353;23,039;25,737;32,988;40,034;46,882;47,02;54,527;66,004;69,367;75,894;79,767;85,495;88,761;90,918;89,471;89,103;92,046;84,185;92,869;90,185;92,431;92,616;88,454;95,764;94,163;95,312;97,244;94,004;99,259;99,501;99,761;99,925;102,996;101,069;102,047;102,623;101,83;104,377;101,879;103,798;101,581;106,154;100,718;98,031;104,253
B02;B1;;Cal.Biomass[DCW [g/L]]:FS=1;0;0;0;0;0;0;0;0;0;0;0;0;0;0;0;0;0;0;0;0;0;0;0;0;0;0;0;0;0;0;0;0;0;0;0;0;0;0;0;0;0;0;0;0;0;0;0;0;0;0;0;0;0;0;0;0;0;0;0;0;0;0;0;0;0;0;0;0;0;0;0;0;0;0;0;0;0;0;0;0;0;0;0;0;0;0;0;0;0;0;0;0;0;0;0;0;0;0;0;0;0;0;0;0;0;0;0;0;0;0;0;0;0;0;0;0;0;0;0;0;0;0;0;0;0;0;0;0;0;0;0;0;0;0;0;0;0;0;0;0;0;0;0;0
B03;B1;;Cal.Biomass[DCW [g/L]]:FS=1;0;0;0;0;0;0;0;0;0;0;0;0;0;0;0;0;0;0;0;0;0;0;0;0;0;0;0;0;0;0;0;0;0;0;0;0;0;0;0;0;0;0;0;0;0;0;0;0;0;0;0;0;0;0;0;0;0;0;0;0;0;0;0;0;0;0;0;0;0;0;0;0;0;0;0;0;0;0;0;0;0;0;0;0;0;0;0;0;0;0;0;0;0;0;0;0;0;0;0;0;0;0;0;0;0;0;0;0;0;0;0;0;0;0;0;0;0;0;0;0;0;0;0;0;0;0;0;0;0;0;0;0;0;0;0;0;0;0;0;0;0;0;0;0
B04;B1;;Cal.Biomass[DCW [g/L]]:FS=1;0;0;0;0;0;0;0;0;0;0;0;0;0;0;0;0;0;0;0;0;0;0;0;0;0;0;0;0;0;0;0;0;0;0;0;0;0;0;0;0;0;0;0;0;0;0;0;0;0;0;0;0;0;0;0;0;0;0;0;0;0;0;0;0;0;0;0;0;0;0;0;0;0;0;0;0;0;0;0;0;0;0;0;0;0;0;0;0;0;0;0;0;0;0;0;0;0;0;0;0;0;0;0;0;0;0;0;0;0;0;0;0;0;0;0;0;0;0;0;0;0;0;0;0;0;0;0;0;0;0;0;0;0;0;0;0;0;0;0;0;0;0;0;0
B05;B1;;Cal.Biomass[DCW [g/L]]:FS=1;0;0;0;0;0;0;0;0;0;0;0;0;0;0;0;0;0;0;0;0;0;0;0;0;0;0;0;0;0;0;0;0;0;0;0;0;0;0;0;0;0;0;0;0;0;0;0;0;0;0;0;0;0;0;0;0;0;0;0;0;0;0;0;0;0;0;0;0;0;0;0;0;0;0;0;0;0;0;0;0;0;0;0;0;0;0;0;0;0;0;0;0;0;0;0;0;0;0;0;0;0;0;0;0;0;0;0;0;0;0;0;0;0;0;0;0;0;0;0;0;0;0;0;0;0;0;0;0;0;0;0;0;0;0;0;0;0;0;0;0;0;0;0;0
B06;B1;;Cal.Biomass[DCW [g/L]]:FS=1;0;0;0;0;0;0;0;0;0;0;0;0;0;0;0;0;0;0;0;0;0;0;0;0;0;0;0;0;0;0;0;0;0;0;0;0;0;0;0;0;0;0;0;0;0;0;0;0;0;0;0;0;0;0;0;0;0;0;0;0;0;0;0;0;0;0;0;0;0;0;0;0;0;0;0;0;0;0;0;0;0;0;0;0;0;0;0;0;0;0;0;0;0;0;0;0;0;0;0;0;0;0;0;0;0;0;0;0;0;0;0;0;0;0;0;0;0;0;0;0;0;0;0;0;0;0;0;0;0;0;0;0;0;0;0;0;0;0;0;0;0;0;0;0
B07;B2;;Cal.Biomass[DCW [g/L]]:FS=1;0;0;0;0;0;0;0;0;0;0;0;0;0;0;0;0;0;0;0;0;0;0;0;0;0;0;0;0;0;0;0;0;0;0;0;0;0;0;0;0;0;0;0;0;0;0;0;0;0;0;0;0;0;0;0;0;0;0;0;0;0;0;0;0;0;0;0;0;0;0;0;0;0;0;0;0;0;0;0;0;0;0;0;0;0;0;0;0;0;0;0;0;0;0;0;0;0;0;0;0;0;0;0;0;0;0;0;0;0;0;0;0;0;0;0;0;0;0;0;0;0;0;0;0;0;0;0;0;0;0;0;0;0;0;0;0;0;0;0;0;0;0;0;0
B08;B2;;Cal.Biomass[DCW [g/L]]:FS=1;0;0;0;0;0;0;0;0;0;0;0;0;0;0;0;0;0;0;0;0;0;0;0;0;0;0;0;0;0;0;0;0;0;0;0;0;0;0;0;0;0;0;0;0;0;0;0;0;0;0;0;0;0;0;0;0;0;0;0;0;0;0;0;0;0;0;0;0;0;0;0;0;0;0;0;0;0;0;0;0;0;0;0;0;0;0;0;0;0;0;0;0;0;0;0;0;0;0;0;0;0;0;0;0;0;0;0;0;0;0;0;0;0;0;0;0;0;0;0;0;0;0;0;0;0;0;0;0;0;0;0;0;0;0;0;0;0;0;0;0;0;0;0;0
B09;B2;;Cal.Biomass[DCW [g/L]]:FS=1;0;0;0;0;0;0;0;0;0;0;0;0;0;0;0;0;0;0;0;0;0;0;0;0;0;0;0;0;0;0;0;0;0;0;0;0;0;0;0;0;0;0;0;0;0;0;0;0;0;0;0;0;0;0;0;0;0;0;0;0;0;0;0;0;0;0;0;0;0;0;0;0;0;0;0;0;0;0;0;0;0;0;0;0;0;0;0;0;0;0;0;0;0;0;0;0;0;0;0;0;0;0;0;0;0;0;0;0;0;0;0;0;0;0;0;0;0;0;0;0;0;0;0;0;0;0;0;0;0;0;0;0;0;0;0;0;0;0;0;0;0;0;0;0
B10;B2;;Cal.Biomass[DCW [g/L]]:FS=1;0;0;0;0;0;0;0;0;0;0;0;0;0;0;0;0;0;0;0;0;0;0;0;0;0;0;0;0;0;0;0;0;0;0;0;0;0;0;0;0;0;0;0;0;0;0;0;0;0;0;0;0;0;0;0;0;0;0;0;0;0;0;0;0;0;0;0;0;0;0;0;0;0;0;0;0;0;0;0;0;0;0;0;0;0;0;0;0;0;0;0;0;0;0;0;0;0;0;0;0;0;0;0;0;0;0;0;0;0;0;0;0;0;0;0;0;0;0;0;0;0;0;0;0;0;0;0;0;0;0;0;0;0;0;0;0;0;0;0;0;0;0;0;0
B11;B2;;Cal.Biomass[DCW [g/L]]:FS=1;0;0;0;0;0;0;0;0;0;0;0;0;0;0;0;0;0;0;0;0;0;0;0;0;0;0;0;0;0;0;0;0;0;0;0;0;0;0;0;0;0;0;0;0;0;0;0;0;0;0;0;0;0;0;0;0;0;0;0;0;0;0;0;0;0;0;0;0;0;0;0;0;0;0;0;0;0;0;0;0;0;0;0;0;0;0;0;0;0;0;0;0;0;0;0;0;0;0;0;0;0;0;0;0;0;0;0;0;0;0;0;0;0;0;0;0;0;0;0;0;0;0;0;0;0;0;0;0;0;0;0;0;0;0;0;0;0;0;0;0;0;0;0;0
C02;X1;;Cal.Biomass[DCW [g/L]]:FS=1;0;0;0;0;0;0;0;0;0;0;0;0;0;0;0;0;0;0;0;0;0;0;0;0;0;0;0;0;0;0;0;0;0;0;0;0;0;0;0;0;0;0;0;0;0;0;0;0;0;0;0;0;0;0;0;0;0;0;0;0;0;0;0;0;0;0;0;0;0;0;0;0;0;0;0;0;0;0;0;0;0;0;0;0;0;0;0;0;0;0;0;0;0;0;0;0;0;0;0;0;0;0;0;0;0;0;0;0;0;0;0;0;0;0;0;0;0;0;0;0;0;0;0;0;0;0;0;0;0;0;0;0;0;0;0;0;0;0;0;0;0;0;0;0
C03;X1;;Cal.Biomass[DCW [g/L]]:FS=1;0;0;0;0;0;0;0;0;0;0;0;0;0;0;0;0;0;0;0;0;0;0;0;0;0;0;0;0;0;0;0;0;0;0;0;0;0;0;0;0;0;0;0;0;0;0;0;0;0;0;0;0;0;0;0;0;0;0;0;0;0;0;0;0;0;0;0;0;0;0;0;0;0;0;0;0;0;0;0;0;0;0;0;0;0;0;0;0;0;0;0;0;0;0;0;0;0;0;0;0;0;0;0;0;0;0;0;0;0;0;0;0;0;0;0;0;0;0;0;0;0;0;0;0;0;0;0;0;0;0;0;0;0;0;0;0;0;0;0;0;0;0;0;0
C04;X1;;Cal.Biomass[DCW [g/L]]:FS=1;0;0;0;0;0;0;0;0;0;0;0;0;0;0;0;0;0;0;0;0;0;0;0;0;0;0;0;0;0;0;0;0;0;0;0;0;0;0;0;0;0;0;0;0;0;0;0;0;0;0;0;0;0;0;0;0;0;0;0;0;0;0;0;0;0;0;0;0;0;0;0;0;0;0;0;0;0;0;0;0;0;0;0;0;0;0;0;0;0;0;0;0;0;0;0;0;0;0;0;0;0;0;0;0;0;0;0;0;0;0;0;0;0;0;0;0;0;0;0;0;0;0;0;0;0;0;0;0;0;0;0;0;0;0;0;0;0;0;0;0;0;0;0;0
C05;X1;;Cal.Biomass[DCW [g/L]]:FS=1;0;0;0;0;0;0;0;0;0;0;0;0;0;0;0;0;0;0;0;0;0;0;0;0;0;0;0;0;0;0;0;0;0;0;0;0;0;0;0;0;0;0;0;0;0;0;0;0;0;0;0;0;0;0;0;0;0;0;0;0;0;0;0;0;0;0;0;0;0;0;0;0;0;0;0;0;0;0;0;0;0;0;0;0;0;0;0;0;0;0;0;0;0;0;0;0;0;0;0;0;0;0;0;0;0;0;0;0;0;0;0;0;0;0;0;0;0;0;0;0;0;0;0;0;0;0;0;0;0;0;0;0;0;0;0;0;0;0;0;0;0;0;0;0
C06;X1;;Cal.Biomass[DCW [g/L]]:FS=1;0;0;0;0;0;0;0;0;0;0;0;0;0;0;0;0;0;0;0;0;0;0;0;0;0;0;0;0;0;0;0;0;0;0;0;0;0;0;0;0;0;0;0;0;0;0;0;0;0;0;0;0;0;0;0;0;0;0;0;0;0;0;0;0;0;0;0;0;0;0;0;0;0;0;0;0;0;0;0;0;0;0;0;0;0;0;0;0;0;0;0;0;0;0;0;0;0;0;0;0;0;0;0;0;0;0;0;0;0;0;0;0;0;0;0;0;0;0;0;0;0;0;0;0;0;0;0;0;0;0;0;0;0;0;0;0;0;0;0;0;0;0;0;0
C07;X2;;Cal.Biomass[DCW [g/L]]:FS=1;0;0;0;0;0;0;0;0;0;0;0;0;0;0;0;0;0;0;0;0;0;0;0;0;0;0;0;0;0;0;0;0;0;0;0;0;0;0;0;0;0;0;0;0;0;0;0;0;0;0;0;0;0;0;0;0;0;0;0;0;0;0;0;0;0;0;0;0;0;0;0;0;0;0;0;0;0;0;0;0;0;0;0;0;0;0;0;0;0;0;0;0;0;0;0;0;0;0;0;0;0;0;0;0;0;0;0;0;0;0;0;0;0;0;0;0;0;0;0;0;0;0;0;0;0;0;0;0;0;0;0;0;0;0;0;0;0;0;0;0;0;0;0;0
C08;X2;;Cal.Biomass[DCW [g/L]]:FS=1;0;0;0;0;0;0;0;0;0;0;0;0;0;0;0;0;0;0;0;0;0;0;0;0;0;0;0;0;0;0;0;0;0;0;0;0;0;0;0;0;0;0;0;0;0;0;0;0;0;0;0;0;0;0;0;0;0;0;0;0;0;0;0;0;0;0;0;0;0;0;0;0;0;0;0;0;0;0;0;0;0;0;0;0;0;0;0;0;0;0;0;0;0;0;0;0;0;0;0;0;0;0;0;0;0;0;0;0;0;0;0;0;0;0;0;0;0;0;0;0;0;0;0;0;0;0;0;0;0;0;0;0;0;0;0;0;0;0;0;0;0;0;0;0
C09;X2;;Cal.Biomass[DCW [g/L]]:FS=1;0;0;0;0;0;0;0;0;0;0;0;0;0;0;0;0;0;0;0;0;0;0;0;0;0;0;0;0;0;0;0;0;0;0;0;0;0;0;0;0;0;0;0;0;0;0;0;0;0;0;0;0;0;0;0;0;0;0;0;0;0;0;0;0;0;0;0;0;0;0;0;0;0;0;0;0;0;0;0;0;0;0;0;0;0;0;0;0;0;0;0;0;0;0;0;0;0;0;0;0;0;0;0;0;0;0;0;0;0;0;0;0;0;0;0;0;0;0;0;0;0;0;0;0;0;0;0;0;0;0;0;0;0;0;0;0;0;0;0;0;0;0;0;0
C10;X2;;Cal.Biomass[DCW [g/L]]:FS=1;0;0;0;0;0;0;0;0;0;0;0;0;0;0;0;0;0;0;0;0;0;0;0;0;0;0;0;0;0;0;0;0;0;0;0;0;0;0;0;0;0;0;0;0;0;0;0;0;0;0;0;0;0;0;0;0;0;0;0;0;0;0;0;0;0;0;0;0;0;0;0;0;0;0;0;0;0;0;0;0;0;0;0;0;0;0;0;0;0;0;0;0;0;0;0;0;0;0;0;0;0;0;0;0;0;0;0;0;0;0;0;0;0;0;0;0;0;0;0;0;0;0;0;0;0;0;0;0;0;0;0;0;0;0;0;0;0;0;0;0;0;0;0;0
C11;X2;;Cal.Biomass[DCW [g/L]]:FS=1;0;0;0;0;0;0;0;0;0;0;0;0;0;0;0;0;0;0;0;0;0;0;0;0;0;0;0;0;0;0;0;0;0;0;0;0;0;0;0;0;0;0;0;0;0;0;0;0;0;0;0;0;0;0;0;0;0;0;0;0;0;0;0;0;0;0;0;0;0;0;0;0;0;0;0;0;0;0;0;0;0;0;0;0;0;0;0;0;0;0;0;0;0;0;0;0;0;0;0;0;0;0;0;0;0;0;0;0;0;0;0;0;0;0;0;0;0;0;0;0;0;0;0;0;0;0;0;0;0;0;0;0;0;0;0;0;0;0;0;0;0;0;0;0
D02;X3;;Cal.Biomass[DCW [g/L]]:FS=1;0;0;0;0;0;0;0;0;0;0;0;0;0;0;0;0;0;0;0;0;0;0;0;0;0;0;0;0;0;0;0;0;0;0;0;0;0;0;0;0;0;0;0;0;0;0;0;0;0;0;0;0;0;0;0;0;0;0;0;0;0;0;0;0;0;0;0;0;0;0;0;0;0;0;0;0;0;0;0;0;0;0;0;0;0;0;0;0;0;0;0;0;0;0;0;0;0;0;0;0;0;0;0;0;0;0;0;0;0;0;0;0;0;0;0;0;0;0;0;0;0;0;0;0;0;0;0;0;0;0;0;0;0;0;0;0;0;0;0;0;0;0;0;0
D03;X3;;Cal.Biomass[DCW [g/L]]:FS=1;0;0;0;0;0;0;0;0;0;0;0;0;0;0;0;0;0;0;0;0;0;0;0;0;0;0;0;0;0;0;0;0;0;0;0;0;0;0;0;0;0;0;0;0;0;0;0;0;0;0;0;0;0;0;0;0;0;0;0;0;0;0;0;0;0;0;0;0;0;0;0;0;0;0;0;0;0;0;0;0;0;0;0;0;0;0;0;0;0;0;0;0;0;0;0;0;0;0;0;0;0;0;0;0;0;0;0;0;0;0;0;0;0;0;0;0;0;0;0;0;0;0;0;0;0;0;0;0;0;0;0;0;0;0;0;0;0;0;0;0;0;0;0;0
D04;X3;;Cal.Biomass[DCW [g/L]]:FS=1;0;0;0;0;0;0;0;0;0;0;0;0;0;0;0;0;0;0;0;0;0;0;0;0;0;0;0;0;0;0;0;0;0;0;0;0;0;0;0;0;0;0;0;0;0;0;0;0;0;0;0;0;0;0;0;0;0;0;0;0;0;0;0;0;0;0;0;0;0;0;0;0;0;0;0;0;0;0;0;0;0;0;0;0;0;0;0;0;0;0;0;0;0;0;0;0;0;0;0;0;0;0;0;0;0;0;0;0;0;0;0;0;0;0;0;0;0;0;0;0;0;0;0;0;0;0;0;0;0;0;0;0;0;0;0;0;0;0;0;0;0;0;0;0
D05;X3;;Cal.Biomass[DCW [g/L]]:FS=1;0;0;0;0;0;0;0;0;0;0;0;0;0;0;0;0;0;0;0;0;0;0;0;0;0;0;0;0;0;0;0;0;0;0;0;0;0;0;0;0;0;0;0;0;0;0;0;0;0;0;0;0;0;0;0;0;0;0;0;0;0;0;0;0;0;0;0;0;0;0;0;0;0;0;0;0;0;0;0;0;0;0;0;0;0;0;0;0;0;0;0;0;0;0;0;0;0;0;0;0;0;0;0;0;0;0;0;0;0;0;0;0;0;0;0;0;0;0;0;0;0;0;0;0;0;0;0;0;0;0;0;0;0;0;0;0;0;0;0;0;0;0;0;0
D06;X3;;Cal.Biomass[DCW [g/L]]:FS=1;0;0;0;0;0;0;0;0;0;0;0;0;0;0;0;0;0;0;0;0;0;0;0;0;0;0;0;0;0;0;0;0;0;0;0;0;0;0;0;0;0;0;0;0;0;0;0;0;0;0;0;0;0;0;0;0;0;0;0;0;0;0;0;0;0;0;0;0;0;0;0;0;0;0;0;0;0;0;0;0;0;0;0;0;0;0;0;0;0;0;0;0;0;0;0;0;0;0;0;0;0;0;0;0;0;0;0;0;0;0;0;0;0;0;0;0;0;0;0;0;0;0;0;0;0;0;0;0;0;0;0;0;0;0;0;0;0;0;0;0;0;0;0;0
D07;X4;;Cal.Biomass[DCW [g/L]]:FS=1;0;0;0;0;0;0;0;0;0;0;0;0;0;0;0;0;0;0;0;0;0;0;0;0;0;0;0;0;0;0;0;0;0;0;0;0;0;0;0;0;0;0;0;0;0;0;0;0;0;0;0;0;0;0;0;0;0;0;0;0;0;0;0;0;0;0;0;0;0;0;0;0;0;0;0;0;0;0;0;0;0;0;0;0;0;0;0;0;0;0;0;0;0;0;0;0;0;0;0;0;0;0;0;0;0;0;0;0;0;0;0;0;0;0;0;0;0;0;0;0;0;0;0;0;0;0;0;0;0;0;0;0;0;0;0;0;0;0;0;0;0;0;0;0
D08;X4;;Cal.Biomass[DCW [g/L]]:FS=1;0;0;0;0;0;0;0;0;0;0;0;0;0;0;0;0;0;0;0;0;0;0;0;0;0;0;0;0;0;0;0;0;0;0;0;0;0;0;0;0;0;0;0;0;0;0;0;0;0;0;0;0;0;0;0;0;0;0;0;0;0;0;0;0;0;0;0;0;0;0;0;0;0;0;0;0;0;0;0;0;0;0;0;0;0;0;0;0;0;0;0;0;0;0;0;0;0;0;0;0;0;0;0;0;0;0;0;0;0;0;0;0;0;0;0;0;0;0;0;0;0;0;0;0;0;0;0;0;0;0;0;0;0;0;0;0;0;0;0;0;0;0;0;0
D09;X4;;Cal.Biomass[DCW [g/L]]:FS=1;0;0;0;0;0;0;0;0;0;0;0;0;0;0;0;0;0;0;0;0;0;0;0;0;0;0;0;0;0;0;0;0;0;0;0;0;0;0;0;0;0;0;0;0;0;0;0;0;0;0;0;0;0;0;0;0;0;0;0;0;0;0;0;0;0;0;0;0;0;0;0;0;0;0;0;0;0;0;0;0;0;0;0;0;0;0;0;0;0;0;0;0;0;0;0;0;0;0;0;0;0;0;0;0;0;0;0;0;0;0;0;0;0;0;0;0;0;0;0;0;0;0;0;0;0;0;0;0;0;0;0;0;0;0;0;0;0;0;0;0;0;0;0;0
D10;X4;;Cal.Biomass[DCW [g/L]]:FS=1;0;0;0;0;0;0;0;0;0;0;0;0;0;0;0;0;0;0;0;0;0;0;0;0;0;0;0;0;0;0;0;0;0;0;0;0;0;0;0;0;0;0;0;0;0;0;0;0;0;0;0;0;0;0;0;0;0;0;0;0;0;0;0;0;0;0;0;0;0;0;0;0;0;0;0;0;0;0;0;0;0;0;0;0;0;0;0;0;0;0;0;0;0;0;0;0;0;0;0;0;0;0;0;0;0;0;0;0;0;0;0;0;0;0;0;0;0;0;0;0;0;0;0;0;0;0;0;0;0;0;0;0;0;0;0;0;0;0;0;0;0;0;0;0
D11;X4;;Cal.Biomass[DCW [g/L]]:FS=1;0;0;0;0;0;0;0;0;0;0;0;0;0;0;0;0;0;0;0;0;0;0;0;0;0;0;0;0;0;0;0;0;0;0;0;0;0;0;0;0;0;0;0;0;0;0;0;0;0;0;0;0;0;0;0;0;0;0;0;0;0;0;0;0;0;0;0;0;0;0;0;0;0;0;0;0;0;0;0;0;0;0;0;0;0;0;0;0;0;0;0;0;0;0;0;0;0;0;0;0;0;0;0;0;0;0;0;0;0;0;0;0;0;0;0;0;0;0;0;0;0;0;0;0;0;0;0;0;0;0;0;0;0;0;0;0;0;0;0;0;0;0;0;0
E02;X5;;Cal.Biomass[DCW [g/L]]:FS=1;0;0;0;0;0;0;0;0;0;0;0;0;0;0;0;0;0;0;0;0;0;0;0;0;0;0;0;0;0;0;0;0;0;0;0;0;0;0;0;0;0;0;0;0;0;0;0;0;0;0;0;0;0;0;0;0;0;0;0;0;0;0;0;0;0;0;0;0;0;0;0;0;0;0;0;0;0;0;0;0;0;0;0;0;0;0;0;0;0;0;0;0;0;0;0;0;0;0;0;0;0;0;0;0;0;0;0;0;0;0;0;0;0;0;0;0;0;0;0;0;0;0;0;0;0;0;0;0;0;0;0;0;0;0;0;0;0;0;0;0;0;0;0;0
E03;X5;;Cal.Biomass[DCW [g/L]]:FS=1;0;0;0;0;0;0;0;0;0;0;0;0;0;0;0;0;0;0;0;0;0;0;0;0;0;0;0;0;0;0;0;0;0;0;0;0;0;0;0;0;0;0;0;0;0;0;0;0;0;0;0;0;0;0;0;0;0;0;0;0;0;0;0;0;0;0;0;0;0;0;0;0;0;0;0;0;0;0;0;0;0;0;0;0;0;0;0;0;0;0;0;0;0;0;0;0;0;0;0;0;0;0;0;0;0;0;0;0;0;0;0;0;0;0;0;0;0;0;0;0;0;0;0;0;0;0;0;0;0;0;0;0;0;0;0;0;0;0;0;0;0;0;0;0
E04;X5;;Cal.Biomass[DCW [g/L]]:FS=1;0;0;0;0;0;0;0;0;0;0;0;0;0;0;0;0;0;0;0;0;0;0;0;0;0;0;0;0;0;0;0;0;0;0;0;0;0;0;0;0;0;0;0;0;0;0;0;0;0;0;0;0;0;0;0;0;0;0;0;0;0;0;0;0;0;0;0;0;0;0;0;0;0;0;0;0;0;0;0;0;0;0;0;0;0;0;0;0;0;0;0;0;0;0;0;0;0;0;0;0;0;0;0;0;0;0;0;0;0;0;0;0;0;0;0;0;0;0;0;0;0;0;0;0;0;0;0;0;0;0;0;0;0;0;0;0;0;0;0;0;0;0;0;0
E05;X5;;Cal.Biomass[DCW [g/L]]:FS=1;0;0;0;0;0;0;0;0;0;0;0;0;0;0;0;0;0;0;0;0;0;0;0;0;0;0;0;0;0;0;0;0;0;0;0;0;0;0;0;0;0;0;0;0;0;0;0;0;0;0;0;0;0;0;0;0;0;0;0;0;0;0;0;0;0;0;0;0;0;0;0;0;0;0;0;0;0;0;0;0;0;0;0;0;0;0;0;0;0;0;0;0;0;0;0;0;0;0;0;0;0;0;0;0;0;0;0;0;0;0;0;0;0;0;0;0;0;0;0;0;0;0;0;0;0;0;0;0;0;0;0;0;0;0;0;0;0;0;0;0;0;0;0;0
E06;X5;;Cal.Biomass[DCW [g/L]]:FS=1;0;0;0;0;0;0;0;0;0;0;0;0;0;0;0;0;0;0;0;0;0;0;0;0;0;0;0;0;0;0;0;0;0;0;0;0;0;0;0;0;0;0;0;0;0;0;0;0;0;0;0;0;0;0;0;0;0;0;0;0;0;0;0;0;0;0;0;0;0;0;0;0;0;0;0;0;0;0;0;0;0;0;0;0;0;0;0;0;0;0;0;0;0;0;0;0;0;0;0;0;0;0;0;0;0;0;0;0;0;0;0;0;0;0;0;0;0;0;0;0;0;0;0;0;0;0;0;0;0;0;0;0;0;0;0;0;0;0;0;0;0;0;0;0
E07;X6;;Cal.Biomass[DCW [g/L]]:FS=1;0;0;0;0;0;0;0;0;0;0;0;0;0;0;0;0;0;0;0;0;0;0;0;0;0;0;0;0;0;0;0;0;0;0;0;0;0;0;0;0;0;0;0;0;0;0;0;0;0;0;0;0;0;0;0;0;0;0;0;0;0;0;0;0;0;0;0;0;0;0;0;0;0;0;0;0;0;0;0;0;0;0;0;0;0;0;0;0;0;0;0;0;0;0;0;0;0;0;0;0;0;0;0;0;0;0;0;0;0;0;0;0;0;0;0;0;0;0;0;0;0;0;0;0;0;0;0;0;0;0;0;0;0;0;0;0;0;0;0;0;0;0;0;0
E08;X6;;Cal.Biomass[DCW [g/L]]:FS=1;0;0;0;0;0;0;0;0;0;0;0;0;0;0;0;0;0;0;0;0;0;0;0;0;0;0;0;0;0;0;0;0;0;0;0;0;0;0;0;0;0;0;0;0;0;0;0;0;0;0;0;0;0;0;0;0;0;0;0;0;0;0;0;0;0;0;0;0;0;0;0;0;0;0;0;0;0;0;0;0;0;0;0;0;0;0;0;0;0;0;0;0;0;0;0;0;0;0;0;0;0;0;0;0;0;0;0;0;0;0;0;0;0;0;0;0;0;0;0;0;0;0;0;0;0;0;0;0;0;0;0;0;0;0;0;0;0;0;0;0;0;0;0;0
E09;X6;;Cal.Biomass[DCW [g/L]]:FS=1;0;0;0;0;0;0;0;0;0;0;0;0;0;0;0;0;0;0;0;0;0;0;0;0;0;0;0;0;0;0;0;0;0;0;0;0;0;0;0;0;0;0;0;0;0;0;0;0;0;0;0;0;0;0;0;0;0;0;0;0;0;0;0;0;0;0;0;0;0;0;0;0;0;0;0;0;0;0;0;0;0;0;0;0;0;0;0;0;0;0;0;0;0;0;0;0;0;0;0;0;0;0;0;0;0;0;0;0;0;0;0;0;0;0;0;0;0;0;0;0;0;0;0;0;0;0;0;0;0;0;0;0;0;0;0;0;0;0;0;0;0;0;0;0
E10;X6;;Cal.Biomass[DCW [g/L]]:FS=1;0;0;0;0;0;0;0;0;0;0;0;0;0;0;0;0;0;0;0;0;0;0;0;0;0;0;0;0;0;0;0;0;0;0;0;0;0;0;0;0;0;0;0;0;0;0;0;0;0;0;0;0;0;0;0;0;0;0;0;0;0;0;0;0;0;0;0;0;0;0;0;0;0;0;0;0;0;0;0;0;0;0;0;0;0;0;0;0;0;0;0;0;0;0;0;0;0;0;0;0;0;0;0;0;0;0;0;0;0;0;0;0;0;0;0;0;0;0;0;0;0;0;0;0;0;0;0;0;0;0;0;0;0;0;0;0;0;0;0;0;0;0;0;0
E11;X6;;Cal.Biomass[DCW [g/L]]:FS=1;0;0;0;0;0;0;0;0;0;0;0;0;0;0;0;0;0;0;0;0;0;0;0;0;0;0;0;0;0;0;0;0;0;0;0;0;0;0;0;0;0;0;0;0;0;0;0;0;0;0;0;0;0;0;0;0;0;0;0;0;0;0;0;0;0;0;0;0;0;0;0;0;0;0;0;0;0;0;0;0;0;0;0;0;0;0;0;0;0;0;0;0;0;0;0;0;0;0;0;0;0;0;0;0;0;0;0;0;0;0;0;0;0;0;0;0;0;0;0;0;0;0;0;0;0;0;0;0;0;0;0;0;0;0;0;0;0;0;0;0;0;0;0;0
F02;X7;;Cal.Biomass[DCW [g/L]]:FS=1;0;0;0;0;0;0;0;0;0;0;0;0;0;0;0;0;0;0;0;0;0;0;0;0;0;0;0;0;0;0;0;0;0;0;0;0;0;0;0;0;0;0;0;0;0;0;0;0;0;0;0;0;0;0;0;0;0;0;0;0;0;0;0;0;0;0;0;0;0;0;0;0;0;0;0;0;0;0;0;0;0;0;0;0;0;0;0;0;0;0;0;0;0;0;0;0;0;0;0;0;0;0;0;0;0;0;0;0;0;0;0;0;0;0;0;0;0;0;0;0;0;0;0;0;0;0;0;0;0;0;0;0;0;0;0;0;0;0;0;0;0;0;0;0
F03;X7;;Cal.Biomass[DCW [g/L]]:FS=1;0;0;0;0;0;0;0;0;0;0;0;0;0;0;0;0;0;0;0;0;0;0;0;0;0;0;0;0;0;0;0;0;0;0;0;0;0;0;0;0;0;0;0;0;0;0;0;0;0;0;0;0;0;0;0;0;0;0;0;0;0;0;0;0;0;0;0;0;0;0;0;0;0;0;0;0;0;0;0;0;0;0;0;0;0;0;0;0;0;0;0;0;0;0;0;0;0;0;0;0;0;0;0;0;0;0;0;0;0;0;0;0;0;0;0;0;0;0;0;0;0;0;0;0;0;0;0;0;0;0;0;0;0;0;0;0;0;0;0;0;0;0;0;0
F04;X7;;Cal.Biomass[DCW [g/L]]:FS=1;0;0;0;0;0;0;0;0;0;0;0;0;0;0;0;0;0;0;0;0;0;0;0;0;0;0;0;0;0;0;0;0;0;0;0;0;0;0;0;0;0;0;0;0;0;0;0;0;0;0;0;0;0;0;0;0;0;0;0;0;0;0;0;0;0;0;0;0;0;0;0;0;0;0;0;0;0;0;0;0;0;0;0;0;0;0;0;0;0;0;0;0;0;0;0;0;0;0;0;0;0;0;0;0;0;0;0;0;0;0;0;0;0;0;0;0;0;0;0;0;0;0;0;0;0;0;0;0;0;0;0;0;0;0;0;0;0;0;0;0;0;0;0;0
F05;X7;;Cal.Biomass[DCW [g/L]]:FS=1;0;0;0;0;0;0;0;0;0;0;0;0;0;0;0;0;0;0;0;0;0;0;0;0;0;0;0;0;0;0;0;0;0;0;0;0;0;0;0;0;0;0;0;0;0;0;0;0;0;0;0;0;0;0;0;0;0;0;0;0;0;0;0;0;0;0;0;0;0;0;0;0;0;0;0;0;0;0;0;0;0;0;0;0;0;0;0;0;0;0;0;0;0;0;0;0;0;0;0;0;0;0;0;0;0;0;0;0;0;0;0;0;0;0;0;0;0;0;0;0;0;0;0;0;0;0;0;0;0;0;0;0;0;0;0;0;0;0;0;0;0;0;0;0
F06;X7;;Cal.Biomass[DCW [g/L]]:FS=1;0;0;0;0;0;0;0;0;0;0;0;0;0;0;0;0;0;0;0;0;0;0;0;0;0;0;0;0;0;0;0;0;0;0;0;0;0;0;0;0;0;0;0;0;0;0;0;0;0;0;0;0;0;0;0;0;0;0;0;0;0;0;0;0;0;0;0;0;0;0;0;0;0;0;0;0;0;0;0;0;0;0;0;0;0;0;0;0;0;0;0;0;0;0;0;0;0;0;0;0;0;0;0;0;0;0;0;0;0;0;0;0;0;0;0;0;0;0;0;0;0;0;0;0;0;0;0;0;0;0;0;0;0;0;0;0;0;0;0;0;0;0;0;0
F07;X8;;Cal.Biomass[DCW [g/L]]:FS=1;0;0;0;0;0;0;0;0;0;0;0;0;0;0;0;0;0;0;0;0;0;0;0;0;0;0;0;0;0;0;0;0;0;0;0;0;0;0;0;0;0;0;0;0;0;0;0;0;0;0;0;0;0;0;0;0;0;0;0;0;0;0;0;0;0;0;0;0;0;0;0;0;0;0;0;0;0;0;0;0;0;0;0;0;0;0;0;0;0;0;0;0;0;0;0;0;0;0;0;0;0;0;0;0;0;0;0;0;0;0;0;0;0;0;0;0;0;0;0;0;0;0;0;0;0;0;0;0;0;0;0;0;0;0;0;0;0;0;0;0;0;0;0;0
F08;X8;;Cal.Biomass[DCW [g/L]]:FS=1;0;0;0;0;0;0;0;0;0;0;0;0;0;0;0;0;0;0;0;0;0;0;0;0;0;0;0;0;0;0;0;0;0;0;0;0;0;0;0;0;0;0;0;0;0;0;0;0;0;0;0;0;0;0;0;0;0;0;0;0;0;0;0;0;0;0;0;0;0;0;0;0;0;0;0;0;0;0;0;0;0;0;0;0;0;0;0;0;0;0;0;0;0;0;0;0;0;0;0;0;0;0;0;0;0;0;0;0;0;0;0;0;0;0;0;0;0;0;0;0;0;0;0;0;0;0;0;0;0;0;0;0;0;0;0;0;0;0;0;0;0;0;0;0
F09;X8;;Cal.Biomass[DCW [g/L]]:FS=1;0;0;0;0;0;0;0;0;0;0;0;0;0;0;0;0;0;0;0;0;0;0;0;0;0;0;0;0;0;0;0;0;0;0;0;0;0;0;0;0;0;0;0;0;0;0;0;0;0;0;0;0;0;0;0;0;0;0;0;0;0;0;0;0;0;0;0;0;0;0;0;0;0;0;0;0;0;0;0;0;0;0;0;0;0;0;0;0;0;0;0;0;0;0;0;0;0;0;0;0;0;0;0;0;0;0;0;0;0;0;0;0;0;0;0;0;0;0;0;0;0;0;0;0;0;0;0;0;0;0;0;0;0;0;0;0;0;0;0;0;0;0;0;0
F10;X8;;Cal.Biomass[DCW [g/L]]:FS=1;0;0;0;0;0;0;0;0;0;0;0;0;0;0;0;0;0;0;0;0;0;0;0;0;0;0;0;0;0;0;0;0;0;0;0;0;0;0;0;0;0;0;0;0;0;0;0;0;0;0;0;0;0;0;0;0;0;0;0;0;0;0;0;0;0;0;0;0;0;0;0;0;0;0;0;0;0;0;0;0;0;0;0;0;0;0;0;0;0;0;0;0;0;0;0;0;0;0;0;0;0;0;0;0;0;0;0;0;0;0;0;0;0;0;0;0;0;0;0;0;0;0;0;0;0;0;0;0;0;0;0;0;0;0;0;0;0;0;0;0;0;0;0;0
F11;X8;;Cal.Biomass[DCW [g/L]]:FS=1;0;0;0;0;0;0;0;0;0;0;0;0;0;0;0;0;0;0;0;0;0;0;0;0;0;0;0;0;0;0;0;0;0;0;0;0;0;0;0;0;0;0;0;0;0;0;0;0;0;0;0;0;0;0;0;0;0;0;0;0;0;0;0;0;0;0;0;0;0;0;0;0;0;0;0;0;0;0;0;0;0;0;0;0;0;0;0;0;0;0;0;0;0;0;0;0;0;0;0;0;0;0;0;0;0;0;0;0;0;0;0;0;0;0;0;0;0;0;0;0;0;0;0;0;0;0;0;0;0;0;0;0;0;0;0;0;0;0;0;0;0;0;0;0
G02;B3;;Cal.Biomass[DCW [g/L]]:FS=1;0;0;0;0;0;0;0;0;0;0;0;0;0;0;0;0;0;0;0;0;0;0;0;0;0;0;0;0;0;0;0;0;0;0;0;0;0;0;0;0;0;0;0;0;0;0;0;0;0;0;0;0;0;0;0;0;0;0;0;0;0;0;0;0;0;0;0;0;0;0;0;0;0;0;0;0;0;0;0;0;0;0;0;0;0;0;0;0;0;0;0;0;0;0;0;0;0;0;0;0;0;0;0;0;0;0;0;0;0;0;0;0;0;0;0;0;0;0;0;0;0;0;0;0;0;0;0;0;0;0;0;0;0;0;0;0;0;0;0;0;0;0;0;0
G03;B3;;Cal.Biomass[DCW [g/L]]:FS=1;0;0;0;0;0;0;0;0;0;0;0;0;0;0;0;0;0;0;0;0;0;0;0;0;0;0;0;0;0;0;0;0;0;0;0;0;0;0;0;0;0;0;0;0;0;0;0;0;0;0;0;0;0;0;0;0;0;0;0;0;0;0;0;0;0;0;0;0;0;0;0;0;0;0;0;0;0;0;0;0;0;0;0;0;0;0;0;0;0;0;0;0;0;0;0;0;0;0;0;0;0;0;0;0;0;0;0;0;0;0;0;0;0;0;0;0;0;0;0;0;0;0;0;0;0;0;0;0;0;0;0;0;0;0;0;0;0;0;0;0;0;0;0;0
G04;B3;;Cal.Biomass[DCW [g/L]]:FS=1;0;0;0;0;0;0;0;0;0;0;0;0;0;0;0;0;0;0;0;0;0;0;0;0;0;0;0;0;0;0;0;0;0;0;0;0;0;0;0;0;0;0;0;0;0;0;0;0;0;0;0;0;0;0;0;0;0;0;0;0;0;0;0;0;0;0;0;0;0;0;0;0;0;0;0;0;0;0;0;0;0;0;0;0;0;0;0;0;0;0;0;0;0;0;0;0;0;0;0;0;0;0;0;0;0;0;0;0;0;0;0;0;0;0;0;0;0;0;0;0;0;0;0;0;0;0;0;0;0;0;0;0;0;0;0;0;0;0;0;0;0;0;0;0
G05;B3;;Cal.Biomass[DCW [g/L]]:FS=1;0;0;0;0;0;0;0;0;0;0;0;0;0;0;0;0;0;0;0;0;0;0;0;0;0;0;0;0;0;0;0;0;0;0;0;0;0;0;0;0;0;0;0;0;0;0;0;0;0;0;0;0;0;0;0;0;0;0;0;0;0;0;0;0;0;0;0;0;0;0;0;0;0;0;0;0;0;0;0;0;0;0;0;0;0;0;0;0;0;0;0;0;0;0;0;0;0;0;0;0;0;0;0;0;0;0;0;0;0;0;0;0;0;0;0;0;0;0;0;0;0;0;0;0;0;0;0;0;0;0;0;0;0;0;0;0;0;0;0;0;0;0;0;0
G06;B3;;Cal.Biomass[DCW [g/L]]:FS=1;0;0;0;0;0;0;0;0;0;0;0;0;0;0;0;0;0;0;0;0;0;0;0;0;0;0;0;0;0;0;0;0;0;0;0;0;0;0;0;0;0;0;0;0;0;0;0;0;0;0;0;0;0;0;0;0;0;0;0;0;0;0;0;0;0;0;0;0;0;0;0;0;0;0;0;0;0;0;0;0;0;0;0;0;0;0;0;0;0;0;0;0;0;0;0;0;0;0;0;0;0;0;0;0;0;0;0;0;0;0;0;0;0;0;0;0;0;0;0;0;0;0;0;0;0;0;0;0;0;0;0;0;0;0;0;0;0;0;0;0;0;0;0;0
G07;B4;;Cal.Biomass[DCW [g/L]]:FS=1;0;0;0;0;0;0;0;0;0;0;0;0;0;0;0;0;0;0;0;0;0;0;0;0;0;0;0;0;0;0;0;0;0;0;0;0;0;0;0;0;0;0;0;0;0;0;0;0;0;0;0;0;0;0;0;0;0;0;0;0;0;0;0;0;0;0;0;0;0;0;0;0;0;0;0;0;0;0;0;0;0;0;0;0;0;0;0;0;0;0;0;0;0;0;0;0;0;0;0;0;0;0;0;0;0;0;0;0;0;0;0;0;0;0;0;0;0;0;0;0;0;0;0;0;0;0;0;0;0;0;0;0;0;0;0;0;0;0;0;0;0;0;0;0
G08;B4;;Cal.Biomass[DCW [g/L]]:FS=1;0;0;0;0;0;0;0;0;0;0;0;0;0;0;0;0;0;0;0;0;0;0;0;0;0;0;0;0;0;0;0;0;0;0;0;0;0;0;0;0;0;0;0;0;0;0;0;0;0;0;0;0;0;0;0;0;0;0;0;0;0;0;0;0;0;0;0;0;0;0;0;0;0;0;0;0;0;0;0;0;0;0;0;0;0;0;0;0;0;0;0;0;0;0;0;0;0;0;0;0;0;0;0;0;0;0;0;0;0;0;0;0;0;0;0;0;0;0;0;0;0;0;0;0;0;0;0;0;0;0;0;0;0;0;0;0;0;0;0;0;0;0;0;0
G09;B4;;Cal.Biomass[DCW [g/L]]:FS=1;0;0;0;0;0;0;0;0;0;0;0;0;0;0;0;0;0;0;0;0;0;0;0;0;0;0;0;0;0;0;0;0;0;0;0;0;0;0;0;0;0;0;0;0;0;0;0;0;0;0;0;0;0;0;0;0;0;0;0;0;0;0;0;0;0;0;0;0;0;0;0;0;0;0;0;0;0;0;0;0;0;0;0;0;0;0;0;0;0;0;0;0;0;0;0;0;0;0;0;0;0;0;0;0;0;0;0;0;0;0;0;0;0;0;0;0;0;0;0;0;0;0;0;0;0;0;0;0;0;0;0;0;0;0;0;0;0;0;0;0;0;0;0;0
G10;B4;;Cal.Biomass[DCW [g/L]]:FS=1;0;0;0;0;0;0;0;0;0;0;0;0;0;0;0;0;0;0;0;0;0;0;0;0;0;0;0;0;0;0;0;0;0;0;0;0;0;0;0;0;0;0;0;0;0;0;0;0;0;0;0;0;0;0;0;0;0;0;0;0;0;0;0;0;0;0;0;0;0;0;0;0;0;0;0;0;0;0;0;0;0;0;0;0;0;0;0;0;0;0;0;0;0;0;0;0;0;0;0;0;0;0;0;0;0;0;0;0;0;0;0;0;0;0;0;0;0;0;0;0;0;0;0;0;0;0;0;0;0;0;0;0;0;0;0;0;0;0;0;0;0;0;0;0
G11;B4;;Cal.Biomass[DCW [g/L]]:FS=1;0;0;0;0;0;0;0;0;0;0;0;0;0;0;0;0;0;0;0;0;0;0;0;0;0;0;0;0;0;0;0;0;0;0;0;0;0;0;0;0;0;0;0;0;0;0;0;0;0;0;0;0;0;0;0;0;0;0;0;0;0;0;0;0;0;0;0;0;0;0;0;0;0;0;0;0;0;0;0;0;0;0;0;0;0;0;0;0;0;0;0;0;0;0;0;0;0;0;0;0;0;0;0;0;0;0;0;0;0;0;0;0;0;0;0;0;0;0;0;0;0;0;0;0;0;0;0;0;0;0;0;0;0;0;0;0;0;0;0;0;0;0;0;0
B02;B1;;Cal.Biomass[DCW [g/L]]:FS=2;0;0;0;0;0;0;0;0;0;0;0;0;0;0;0;0;0;0;0;0;0;0;0;0;0;0;0;0;0;0;0;0;0;0;0;0;0;0;0;0;0;0;0;0;0;0;0;0;0;0;0;0;0;0;0;0;0;0;0;0;0;0;0;0;0;0;0;0;0;0;0;0;0;0;0;0;0;0;0;0;0;0;0;0;0;0;0;0;0;0;0;0;0;0;0;0;0;0;0;0;0;0;0;0;0;0;0;0;0;0;0;0;0;0;0;0;0;0;0;0;0;0;0;0;0;0;0;0;0;0;0;0;0;0;0;0;0;0;0;0;0;0;0;0
B03;B1;;Cal.Biomass[DCW [g/L]]:FS=2;0;0;0;0;0;0;0;0;0;0;0;0;0;0;0;0;0;0;0;0;0;0;0;0;0;0;0;0;0;0;0;0;0;0;0;0;0;0;0;0;0;0;0;0;0;0;0;0;0;0;0;0;0;0;0;0;0;0;0;0;0;0;0;0;0;0;0;0;0;0;0;0;0;0;0;0;0;0;0;0;0;0;0;0;0;0;0;0;0;0;0;0;0;0;0;0;0;0;0;0;0;0;0;0;0;0;0;0;0;0;0;0;0;0;0;0;0;0;0;0;0;0;0;0;0;0;0;0;0;0;0;0;0;0;0;0;0;0;0;0;0;0;0;0
B04;B1;;Cal.Biomass[DCW [g/L]]:FS=2;0;0;0;0;0;0;0;0;0;0;0;0;0;0;0;0;0;0;0;0;0;0;0;0;0;0;0;0;0;0;0;0;0;0;0;0;0;0;0;0;0;0;0;0;0;0;0;0;0;0;0;0;0;0;0;0;0;0;0;0;0;0;0;0;0;0;0;0;0;0;0;0;0;0;0;0;0;0;0;0;0;0;0;0;0;0;0;0;0;0;0;0;0;0;0;0;0;0;0;0;0;0;0;0;0;0;0;0;0;0;0;0;0;0;0;0;0;0;0;0;0;0;0;0;0;0;0;0;0;0;0;0;0;0;0;0;0;0;0;0;0;0;0;0
B05;B1;;Cal.Biomass[DCW [g/L]]:FS=2;0;0;0;0;0;0;0;0;0;0;0;0;0;0;0;0;0;0;0;0;0;0;0;0;0;0;0;0;0;0;0;0;0;0;0;0;0;0;0;0;0;0;0;0;0;0;0;0;0;0;0;0;0;0;0;0;0;0;0;0;0;0;0;0;0;0;0;0;0;0;0;0;0;0;0;0;0;0;0;0;0;0;0;0;0;0;0;0;0;0;0;0;0;0;0;0;0;0;0;0;0;0;0;0;0;0;0;0;0;0;0;0;0;0;0;0;0;0;0;0;0;0;0;0;0;0;0;0;0;0;0;0;0;0;0;0;0;0;0;0;0;0;0;0
B06;B1;;Cal.Biomass[DCW [g/L]]:FS=2;0;0;0;0;0;0;0;0;0;0;0;0;0;0;0;0;0;0;0;0;0;0;0;0;0;0;0;0;0;0;0;0;0;0;0;0;0;0;0;0;0;0;0;0;0;0;0;0;0;0;0;0;0;0;0;0;0;0;0;0;0;0;0;0;0;0;0;0;0;0;0;0;0;0;0;0;0;0;0;0;0;0;0;0;0;0;0;0;0;0;0;0;0;0;0;0;0;0;0;0;0;0;0;0;0;0;0;0;0;0;0;0;0;0;0;0;0;0;0;0;0;0;0;0;0;0;0;0;0;0;0;0;0;0;0;0;0;0;0;0;0;0;0;0
B07;B2;;Cal.Biomass[DCW [g/L]]:FS=2;0;0;0;0;0;0;0;0;0;0;0;0;0;0;0;0;0;0;0;0;0;0;0;0;0;0;0;0;0;0;0;0;0;0;0;0;0;0;0;0;0;0;0;0;0;0;0;0;0;0;0;0;0;0;0;0;0;0;0;0;0;0;0;0;0;0;0;0;0;0;0;0;0;0;0;0;0;0;0;0;0;0;0;0;0;0;0;0;0;0;0;0;0;0;0;0;0;0;0;0;0;0;0;0;0;0;0;0;0;0;0;0;0;0;0;0;0;0;0;0;0;0;0;0;0;0;0;0;0;0;0;0;0;0;0;0;0;0;0;0;0;0;0;0
B08;B2;;Cal.Biomass[DCW [g/L]]:FS=2;0;0;0;0;0;0;0;0;0;0;0;0;0;0;0;0;0;0;0;0;0;0;0;0;0;0;0;0;0;0;0;0;0;0;0;0;0;0;0;0;0;0;0;0;0;0;0;0;0;0;0;0;0;0;0;0;0;0;0;0;0;0;0;0;0;0;0;0;0;0;0;0;0;0;0;0;0;0;0;0;0;0;0;0;0;0;0;0;0;0;0;0;0;0;0;0;0;0;0;0;0;0;0;0;0;0;0;0;0;0;0;0;0;0;0;0;0;0;0;0;0;0;0;0;0;0;0;0;0;0;0;0;0;0;0;0;0;0;0;0;0;0;0;0
B09;B2;;Cal.Biomass[DCW [g/L]]:FS=2;0;0;0;0;0;0;0;0;0;0;0;0;0;0;0;0;0;0;0;0;0;0;0;0;0;0;0;0;0;0;0;0;0;0;0;0;0;0;0;0;0;0;0;0;0;0;0;0;0;0;0;0;0;0;0;0;0;0;0;0;0;0;0;0;0;0;0;0;0;0;0;0;0;0;0;0;0;0;0;0;0;0;0;0;0;0;0;0;0;0;0;0;0;0;0;0;0;0;0;0;0;0;0;0;0;0;0;0;0;0;0;0;0;0;0;0;0;0;0;0;0;0;0;0;0;0;0;0;0;0;0;0;0;0;0;0;0;0;0;0;0;0;0;0
B10;B2;;Cal.Biomass[DCW [g/L]]:FS=2;0;0;0;0;0;0;0;0;0;0;0;0;0;0;0;0;0;0;0;0;0;0;0;0;0;0;0;0;0;0;0;0;0;0;0;0;0;0;0;0;0;0;0;0;0;0;0;0;0;0;0;0;0;0;0;0;0;0;0;0;0;0;0;0;0;0;0;0;0;0;0;0;0;0;0;0;0;0;0;0;0;0;0;0;0;0;0;0;0;0;0;0;0;0;0;0;0;0;0;0;0;0;0;0;0;0;0;0;0;0;0;0;0;0;0;0;0;0;0;0;0;0;0;0;0;0;0;0;0;0;0;0;0;0;0;0;0;0;0;0;0;0;0;0
B11;B2;;Cal.Biomass[DCW [g/L]]:FS=2;0;0;0;0;0;0;0;0;0;0;0;0;0;0;0;0;0;0;0;0;0;0;0;0;0;0;0;0;0;0;0;0;0;0;0;0;0;0;0;0;0;0;0;0;0;0;0;0;0;0;0;0;0;0;0;0;0;0;0;0;0;0;0;0;0;0;0;0;0;0;0;0;0;0;0;0;0;0;0;0;0;0;0;0;0;0;0;0;0;0;0;0;0;0;0;0;0;0;0;0;0;0;0;0;0;0;0;0;0;0;0;0;0;0;0;0;0;0;0;0;0;0;0;0;0;0;0;0;0;0;0;0;0;0;0;0;0;0;0;0;0;0;0;0
C02;X1;;Cal.Biomass[DCW [g/L]]:FS=2;0;0;0;0;0;0;0;0;0;0;0;0;0;0;0;0;0;0;0;0;0;0;0;0;0;0;0;0;0;0;0;0;0;0;0;0;0;0;0;0;0;0;0;0;0;0;0;0;0;0;0;0;0;0;0;0;0;0;0;0;0;0;0;0;0;0;0;0;0;0;0;0;0;0;0;0;0;0;0;0;0;0;0;0;0;0;0;0;0;0;0;0;0;0;0;0;0;0;0;0;0;0;0;0;0;0;0;0;0;0;0;0;0;0;0;0;0;0;0;0;0;0;0;0;0;0;0;0;0;0;0;0;0;0;0;0;0;0;0;0;0;0;0;0
C03;X1;;Cal.Biomass[DCW [g/L]]:FS=2;0;0;0;0;0;0;0;0;0;0;0;0;0;0;0;0;0;0;0;0;0;0;0;0;0;0;0;0;0;0;0;0;0;0;0;0;0;0;0;0;0;0;0;0;0;0;0;0;0;0;0;0;0;0;0;0;0;0;0;0;0;0;0;0;0;0;0;0;0;0;0;0;0;0;0;0;0;0;0;0;0;0;0;0;0;0;0;0;0;0;0;0;0;0;0;0;0;0;0;0;0;0;0;0;0;0;0;0;0;0;0;0;0;0;0;0;0;0;0;0;0;0;0;0;0;0;0;0;0;0;0;0;0;0;0;0;0;0;0;0;0;0;0;0
C04;X1;;Cal.Biomass[DCW [g/L]]:FS=2;0;0;0;0;0;0;0;0;0;0;0;0;0;0;0;0;0;0;0;0;0;0;0;0;0;0;0;0;0;0;0;0;0;0;0;0;0;0;0;0;0;0;0;0;0;0;0;0;0;0;0;0;0;0;0;0;0;0;0;0;0;0;0;0;0;0;0;0;0;0;0;0;0;0;0;0;0;0;0;0;0;0;0;0;0;0;0;0;0;0;0;0;0;0;0;0;0;0;0;0;0;0;0;0;0;0;0;0;0;0;0;0;0;0;0;0;0;0;0;0;0;0;0;0;0;0;0;0;0;0;0;0;0;0;0;0;0;0;0;0;0;0;0;0
C05;X1;;Cal.Biomass[DCW [g/L]]:FS=2;0;0;0;0;0;0;0;0;0;0;0;0;0;0;0;0;0;0;0;0;0;0;0;0;0;0;0;0;0;0;0;0;0;0;0;0;0;0;0;0;0;0;0;0;0;0;0;0;0;0;0;0;0;0;0;0;0;0;0;0;0;0;0;0;0;0;0;0;0;0;0;0;0;0;0;0;0;0;0;0;0;0;0;0;0;0;0;0;0;0;0;0;0;0;0;0;0;0;0;0;0;0;0;0;0;0;0;0;0;0;0;0;0;0;0;0;0;0;0;0;0;0;0;0;0;0;0;0;0;0;0;0;0;0;0;0;0;0;0;0;0;0;0;0
C06;X1;;Cal.Biomass[DCW [g/L]]:FS=2;0;0;0;0;0;0;0;0;0;0;0;0;0;0;0;0;0;0;0;0;0;0;0;0;0;0;0;0;0;0;0;0;0;0;0;0;0;0;0;0;0;0;0;0;0;0;0;0;0;0;0;0;0;0;0;0;0;0;0;0;0;0;0;0;0;0;0;0;0;0;0;0;0;0;0;0;0;0;0;0;0;0;0;0;0;0;0;0;0;0;0;0;0;0;0;0;0;0;0;0;0;0;0;0;0;0;0;0;0;0;0;0;0;0;0;0;0;0;0;0;0;0;0;0;0;0;0;0;0;0;0;0;0;0;0;0;0;0;0;0;0;0;0;0
C07;X2;;Cal.Biomass[DCW [g/L]]:FS=2;0;0;0;0;0;0;0;0;0;0;0;0;0;0;0;0;0;0;0;0;0;0;0;0;0;0;0;0;0;0;0;0;0;0;0;0;0;0;0;0;0;0;0;0;0;0;0;0;0;0;0;0;0;0;0;0;0;0;0;0;0;0;0;0;0;0;0;0;0;0;0;0;0;0;0;0;0;0;0;0;0;0;0;0;0;0;0;0;0;0;0;0;0;0;0;0;0;0;0;0;0;0;0;0;0;0;0;0;0;0;0;0;0;0;0;0;0;0;0;0;0;0;0;0;0;0;0;0;0;0;0;0;0;0;0;0;0;0;0;0;0;0;0;0
C08;X2;;Cal.Biomass[DCW [g/L]]:FS=2;0;0;0;0;0;0;0;0;0;0;0;0;0;0;0;0;0;0;0;0;0;0;0;0;0;0;0;0;0;0;0;0;0;0;0;0;0;0;0;0;0;0;0;0;0;0;0;0;0;0;0;0;0;0;0;0;0;0;0;0;0;0;0;0;0;0;0;0;0;0;0;0;0;0;0;0;0;0;0;0;0;0;0;0;0;0;0;0;0;0;0;0;0;0;0;0;0;0;0;0;0;0;0;0;0;0;0;0;0;0;0;0;0;0;0;0;0;0;0;0;0;0;0;0;0;0;0;0;0;0;0;0;0;0;0;0;0;0;0;0;0;0;0;0
C09;X2;;Cal.Biomass[DCW [g/L]]:FS=2;0;0;0;0;0;0;0;0;0;0;0;0;0;0;0;0;0;0;0;0;0;0;0;0;0;0;0;0;0;0;0;0;0;0;0;0;0;0;0;0;0;0;0;0;0;0;0;0;0;0;0;0;0;0;0;0;0;0;0;0;0;0;0;0;0;0;0;0;0;0;0;0;0;0;0;0;0;0;0;0;0;0;0;0;0;0;0;0;0;0;0;0;0;0;0;0;0;0;0;0;0;0;0;0;0;0;0;0;0;0;0;0;0;0;0;0;0;0;0;0;0;0;0;0;0;0;0;0;0;0;0;0;0;0;0;0;0;0;0;0;0;0;0;0
C10;X2;;Cal.Biomass[DCW [g/L]]:FS=2;0;0;0;0;0;0;0;0;0;0;0;0;0;0;0;0;0;0;0;0;0;0;0;0;0;0;0;0;0;0;0;0;0;0;0;0;0;0;0;0;0;0;0;0;0;0;0;0;0;0;0;0;0;0;0;0;0;0;0;0;0;0;0;0;0;0;0;0;0;0;0;0;0;0;0;0;0;0;0;0;0;0;0;0;0;0;0;0;0;0;0;0;0;0;0;0;0;0;0;0;0;0;0;0;0;0;0;0;0;0;0;0;0;0;0;0;0;0;0;0;0;0;0;0;0;0;0;0;0;0;0;0;0;0;0;0;0;0;0;0;0;0;0;0
C11;X2;;Cal.Biomass[DCW [g/L]]:FS=2;0;0;0;0;0;0;0;0;0;0;0;0;0;0;0;0;0;0;0;0;0;0;0;0;0;0;0;0;0;0;0;0;0;0;0;0;0;0;0;0;0;0;0;0;0;0;0;0;0;0;0;0;0;0;0;0;0;0;0;0;0;0;0;0;0;0;0;0;0;0;0;0;0;0;0;0;0;0;0;0;0;0;0;0;0;0;0;0;0;0;0;0;0;0;0;0;0;0;0;0;0;0;0;0;0;0;0;0;0;0;0;0;0;0;0;0;0;0;0;0;0;0;0;0;0;0;0;0;0;0;0;0;0;0;0;0;0;0;0;0;0;0;0;0
D02;X3;;Cal.Biomass[DCW [g/L]]:FS=2;0;0;0;0;0;0;0;0;0;0;0;0;0;0;0;0;0;0;0;0;0;0;0;0;0;0;0;0;0;0;0;0;0;0;0;0;0;0;0;0;0;0;0;0;0;0;0;0;0;0;0;0;0;0;0;0;0;0;0;0;0;0;0;0;0;0;0;0;0;0;0;0;0;0;0;0;0;0;0;0;0;0;0;0;0;0;0;0;0;0;0;0;0;0;0;0;0;0;0;0;0;0;0;0;0;0;0;0;0;0;0;0;0;0;0;0;0;0;0;0;0;0;0;0;0;0;0;0;0;0;0;0;0;0;0;0;0;0;0;0;0;0;0;0
D03;X3;;Cal.Biomass[DCW [g/L]]:FS=2;0;0;0;0;0;0;0;0;0;0;0;0;0;0;0;0;0;0;0;0;0;0;0;0;0;0;0;0;0;0;0;0;0;0;0;0;0;0;0;0;0;0;0;0;0;0;0;0;0;0;0;0;0;0;0;0;0;0;0;0;0;0;0;0;0;0;0;0;0;0;0;0;0;0;0;0;0;0;0;0;0;0;0;0;0;0;0;0;0;0;0;0;0;0;0;0;0;0;0;0;0;0;0;0;0;0;0;0;0;0;0;0;0;0;0;0;0;0;0;0;0;0;0;0;0;0;0;0;0;0;0;0;0;0;0;0;0;0;0;0;0;0;0;0
D04;X3;;Cal.Biomass[DCW [g/L]]:FS=2;0;0;0;0;0;0;0;0;0;0;0;0;0;0;0;0;0;0;0;0;0;0;0;0;0;0;0;0;0;0;0;0;0;0;0;0;0;0;0;0;0;0;0;0;0;0;0;0;0;0;0;0;0;0;0;0;0;0;0;0;0;0;0;0;0;0;0;0;0;0;0;0;0;0;0;0;0;0;0;0;0;0;0;0;0;0;0;0;0;0;0;0;0;0;0;0;0;0;0;0;0;0;0;0;0;0;0;0;0;0;0;0;0;0;0;0;0;0;0;0;0;0;0;0;0;0;0;0;0;0;0;0;0;0;0;0;0;0;0;0;0;0;0;0
D05;X3;;Cal.Biomass[DCW [g/L]]:FS=2;0;0;0;0;0;0;0;0;0;0;0;0;0;0;0;0;0;0;0;0;0;0;0;0;0;0;0;0;0;0;0;0;0;0;0;0;0;0;0;0;0;0;0;0;0;0;0;0;0;0;0;0;0;0;0;0;0;0;0;0;0;0;0;0;0;0;0;0;0;0;0;0;0;0;0;0;0;0;0;0;0;0;0;0;0;0;0;0;0;0;0;0;0;0;0;0;0;0;0;0;0;0;0;0;0;0;0;0;0;0;0;0;0;0;0;0;0;0;0;0;0;0;0;0;0;0;0;0;0;0;0;0;0;0;0;0;0;0;0;0;0;0;0;0
D06;X3;;Cal.Biomass[DCW [g/L]]:FS=2;0;0;0;0;0;0;0;0;0;0;0;0;0;0;0;0;0;0;0;0;0;0;0;0;0;0;0;0;0;0;0;0;0;0;0;0;0;0;0;0;0;0;0;0;0;0;0;0;0;0;0;0;0;0;0;0;0;0;0;0;0;0;0;0;0;0;0;0;0;0;0;0;0;0;0;0;0;0;0;0;0;0;0;0;0;0;0;0;0;0;0;0;0;0;0;0;0;0;0;0;0;0;0;0;0;0;0;0;0;0;0;0;0;0;0;0;0;0;0;0;0;0;0;0;0;0;0;0;0;0;0;0;0;0;0;0;0;0;0;0;0;0;0;0
D07;X4;;Cal.Biomass[DCW [g/L]]:FS=2;0;0;0;0;0;0;0;0;0;0;0;0;0;0;0;0;0;0;0;0;0;0;0;0;0;0;0;0;0;0;0;0;0;0;0;0;0;0;0;0;0;0;0;0;0;0;0;0;0;0;0;0;0;0;0;0;0;0;0;0;0;0;0;0;0;0;0;0;0;0;0;0;0;0;0;0;0;0;0;0;0;0;0;0;0;0;0;0;0;0;0;0;0;0;0;0;0;0;0;0;0;0;0;0;0;0;0;0;0;0;0;0;0;0;0;0;0;0;0;0;0;0;0;0;0;0;0;0;0;0;0;0;0;0;0;0;0;0;0;0;0;0;0;0
D08;X4;;Cal.Biomass[DCW [g/L]]:FS=2;0;0;0;0;0;0;0;0;0;0;0;0;0;0;0;0;0;0;0;0;0;0;0;0;0;0;0;0;0;0;0;0;0;0;0;0;0;0;0;0;0;0;0;0;0;0;0;0;0;0;0;0;0;0;0;0;0;0;0;0;0;0;0;0;0;0;0;0;0;0;0;0;0;0;0;0;0;0;0;0;0;0;0;0;0;0;0;0;0;0;0;0;0;0;0;0;0;0;0;0;0;0;0;0;0;0;0;0;0;0;0;0;0;0;0;0;0;0;0;0;0;0;0;0;0;0;0;0;0;0;0;0;0;0;0;0;0;0;0;0;0;0;0;0
D09;X4;;Cal.Biomass[DCW [g/L]]:FS=2;0;0;0;0;0;0;0;0;0;0;0;0;0;0;0;0;0;0;0;0;0;0;0;0;0;0;0;0;0;0;0;0;0;0;0;0;0;0;0;0;0;0;0;0;0;0;0;0;0;0;0;0;0;0;0;0;0;0;0;0;0;0;0;0;0;0;0;0;0;0;0;0;0;0;0;0;0;0;0;0;0;0;0;0;0;0;0;0;0;0;0;0;0;0;0;0;0;0;0;0;0;0;0;0;0;0;0;0;0;0;0;0;0;0;0;0;0;0;0;0;0;0;0;0;0;0;0;0;0;0;0;0;0;0;0;0;0;0;0;0;0;0;0;0
D10;X4;;Cal.Biomass[DCW [g/L]]:FS=2;0;0;0;0;0;0;0;0;0;0;0;0;0;0;0;0;0;0;0;0;0;0;0;0;0;0;0;0;0;0;0;0;0;0;0;0;0;0;0;0;0;0;0;0;0;0;0;0;0;0;0;0;0;0;0;0;0;0;0;0;0;0;0;0;0;0;0;0;0;0;0;0;0;0;0;0;0;0;0;0;0;0;0;0;0;0;0;0;0;0;0;0;0;0;0;0;0;0;0;0;0;0;0;0;0;0;0;0;0;0;0;0;0;0;0;0;0;0;0;0;0;0;0;0;0;0;0;0;0;0;0;0;0;0;0;0;0;0;0;0;0;0;0;0
D11;X4;;Cal.Biomass[DCW [g/L]]:FS=2;0;0;0;0;0;0;0;0;0;0;0;0;0;0;0;0;0;0;0;0;0;0;0;0;0;0;0;0;0;0;0;0;0;0;0;0;0;0;0;0;0;0;0;0;0;0;0;0;0;0;0;0;0;0;0;0;0;0;0;0;0;0;0;0;0;0;0;0;0;0;0;0;0;0;0;0;0;0;0;0;0;0;0;0;0;0;0;0;0;0;0;0;0;0;0;0;0;0;0;0;0;0;0;0;0;0;0;0;0;0;0;0;0;0;0;0;0;0;0;0;0;0;0;0;0;0;0;0;0;0;0;0;0;0;0;0;0;0;0;0;0;0;0;0
E02;X5;;Cal.Biomass[DCW [g/L]]:FS=2;0;0;0;0;0;0;0;0;0;0;0;0;0;0;0;0;0;0;0;0;0;0;0;0;0;0;0;0;0;0;0;0;0;0;0;0;0;0;0;0;0;0;0;0;0;0;0;0;0;0;0;0;0;0;0;0;0;0;0;0;0;0;0;0;0;0;0;0;0;0;0;0;0;0;0;0;0;0;0;0;0;0;0;0;0;0;0;0;0;0;0;0;0;0;0;0;0;0;0;0;0;0;0;0;0;0;0;0;0;0;0;0;0;0;0;0;0;0;0;0;0;0;0;0;0;0;0;0;0;0;0;0;0;0;0;0;0;0;0;0;0;0;0;0
E03;X5;;Cal.Biomass[DCW [g/L]]:FS=2;0;0;0;0;0;0;0;0;0;0;0;0;0;0;0;0;0;0;0;0;0;0;0;0;0;0;0;0;0;0;0;0;0;0;0;0;0;0;0;0;0;0;0;0;0;0;0;0;0;0;0;0;0;0;0;0;0;0;0;0;0;0;0;0;0;0;0;0;0;0;0;0;0;0;0;0;0;0;0;0;0;0;0;0;0;0;0;0;0;0;0;0;0;0;0;0;0;0;0;0;0;0;0;0;0;0;0;0;0;0;0;0;0;0;0;0;0;0;0;0;0;0;0;0;0;0;0;0;0;0;0;0;0;0;0;0;0;0;0;0;0;0;0;0
E04;X5;;Cal.Biomass[DCW [g/L]]:FS=2;0;0;0;0;0;0;0;0;0;0;0;0;0;0;0;0;0;0;0;0;0;0;0;0;0;0;0;0;0;0;0;0;0;0;0;0;0;0;0;0;0;0;0;0;0;0;0;0;0;0;0;0;0;0;0;0;0;0;0;0;0;0;0;0;0;0;0;0;0;0;0;0;0;0;0;0;0;0;0;0;0;0;0;0;0;0;0;0;0;0;0;0;0;0;0;0;0;0;0;0;0;0;0;0;0;0;0;0;0;0;0;0;0;0;0;0;0;0;0;0;0;0;0;0;0;0;0;0;0;0;0;0;0;0;0;0;0;0;0;0;0;0;0;0
E05;X5;;Cal.Biomass[DCW [g/L]]:FS=2;0;0;0;0;0;0;0;0;0;0;0;0;0;0;0;0;0;0;0;0;0;0;0;0;0;0;0;0;0;0;0;0;0;0;0;0;0;0;0;0;0;0;0;0;0;0;0;0;0;0;0;0;0;0;0;0;0;0;0;0;0;0;0;0;0;0;0;0;0;0;0;0;0;0;0;0;0;0;0;0;0;0;0;0;0;0;0;0;0;0;0;0;0;0;0;0;0;0;0;0;0;0;0;0;0;0;0;0;0;0;0;0;0;0;0;0;0;0;0;0;0;0;0;0;0;0;0;0;0;0;0;0;0;0;0;0;0;0;0;0;0;0;0;0
E06;X5;;Cal.Biomass[DCW [g/L]]:FS=2;0;0;0;0;0;0;0;0;0;0;0;0;0;0;0;0;0;0;0;0;0;0;0;0;0;0;0;0;0;0;0;0;0;0;0;0;0;0;0;0;0;0;0;0;0;0;0;0;0;0;0;0;0;0;0;0;0;0;0;0;0;0;0;0;0;0;0;0;0;0;0;0;0;0;0;0;0;0;0;0;0;0;0;0;0;0;0;0;0;0;0;0;0;0;0;0;0;0;0;0;0;0;0;0;0;0;0;0;0;0;0;0;0;0;0;0;0;0;0;0;0;0;0;0;0;0;0;0;0;0;0;0;0;0;0;0;0;0;0;0;0;0;0;0
E07;X6;;Cal.Biomass[DCW [g/L]]:FS=2;0;0;0;0;0;0;0;0;0;0;0;0;0;0;0;0;0;0;0;0;0;0;0;0;0;0;0;0;0;0;0;0;0;0;0;0;0;0;0;0;0;0;0;0;0;0;0;0;0;0;0;0;0;0;0;0;0;0;0;0;0;0;0;0;0;0;0;0;0;0;0;0;0;0;0;0;0;0;0;0;0;0;0;0;0;0;0;0;0;0;0;0;0;0;0;0;0;0;0;0;0;0;0;0;0;0;0;0;0;0;0;0;0;0;0;0;0;0;0;0;0;0;0;0;0;0;0;0;0;0;0;0;0;0;0;0;0;0;0;0;0;0;0;0
E08;X6;;Cal.Biomass[DCW [g/L]]:FS=2;0;0;0;0;0;0;0;0;0;0;0;0;0;0;0;0;0;0;0;0;0;0;0;0;0;0;0;0;0;0;0;0;0;0;0;0;0;0;0;0;0;0;0;0;0;0;0;0;0;0;0;0;0;0;0;0;0;0;0;0;0;0;0;0;0;0;0;0;0;0;0;0;0;0;0;0;0;0;0;0;0;0;0;0;0;0;0;0;0;0;0;0;0;0;0;0;0;0;0;0;0;0;0;0;0;0;0;0;0;0;0;0;0;0;0;0;0;0;0;0;0;0;0;0;0;0;0;0;0;0;0;0;0;0;0;0;0;0;0;0;0;0;0;0
E09;X6;;Cal.Biomass[DCW [g/L]]:FS=2;0;0;0;0;0;0;0;0;0;0;0;0;0;0;0;0;0;0;0;0;0;0;0;0;0;0;0;0;0;0;0;0;0;0;0;0;0;0;0;0;0;0;0;0;0;0;0;0;0;0;0;0;0;0;0;0;0;0;0;0;0;0;0;0;0;0;0;0;0;0;0;0;0;0;0;0;0;0;0;0;0;0;0;0;0;0;0;0;0;0;0;0;0;0;0;0;0;0;0;0;0;0;0;0;0;0;0;0;0;0;0;0;0;0;0;0;0;0;0;0;0;0;0;0;0;0;0;0;0;0;0;0;0;0;0;0;0;0;0;0;0;0;0;0
E10;X6;;Cal.Biomass[DCW [g/L]]:FS=2;0;0;0;0;0;0;0;0;0;0;0;0;0;0;0;0;0;0;0;0;0;0;0;0;0;0;0;0;0;0;0;0;0;0;0;0;0;0;0;0;0;0;0;0;0;0;0;0;0;0;0;0;0;0;0;0;0;0;0;0;0;0;0;0;0;0;0;0;0;0;0;0;0;0;0;0;0;0;0;0;0;0;0;0;0;0;0;0;0;0;0;0;0;0;0;0;0;0;0;0;0;0;0;0;0;0;0;0;0;0;0;0;0;0;0;0;0;0;0;0;0;0;0;0;0;0;0;0;0;0;0;0;0;0;0;0;0;0;0;0;0;0;0;0
E11;X6;;Cal.Biomass[DCW [g/L]]:FS=2;0;0;0;0;0;0;0;0;0;0;0;0;0;0;0;0;0;0;0;0;0;0;0;0;0;0;0;0;0;0;0;0;0;0;0;0;0;0;0;0;0;0;0;0;0;0;0;0;0;0;0;0;0;0;0;0;0;0;0;0;0;0;0;0;0;0;0;0;0;0;0;0;0;0;0;0;0;0;0;0;0;0;0;0;0;0;0;0;0;0;0;0;0;0;0;0;0;0;0;0;0;0;0;0;0;0;0;0;0;0;0;0;0;0;0;0;0;0;0;0;0;0;0;0;0;0;0;0;0;0;0;0;0;0;0;0;0;0;0;0;0;0;0;0
F02;X7;;Cal.Biomass[DCW [g/L]]:FS=2;0;0;0;0;0;0;0;0;0;0;0;0;0;0;0;0;0;0;0;0;0;0;0;0;0;0;0;0;0;0;0;0;0;0;0;0;0;0;0;0;0;0;0;0;0;0;0;0;0;0;0;0;0;0;0;0;0;0;0;0;0;0;0;0;0;0;0;0;0;0;0;0;0;0;0;0;0;0;0;0;0;0;0;0;0;0;0;0;0;0;0;0;0;0;0;0;0;0;0;0;0;0;0;0;0;0;0;0;0;0;0;0;0;0;0;0;0;0;0;0;0;0;0;0;0;0;0;0;0;0;0;0;0;0;0;0;0;0;0;0;0;0;0;0
F03;X7;;Cal.Biomass[DCW [g/L]]:FS=2;0;0;0;0;0;0;0;0;0;0;0;0;0;0;0;0;0;0;0;0;0;0;0;0;0;0;0;0;0;0;0;0;0;0;0;0;0;0;0;0;0;0;0;0;0;0;0;0;0;0;0;0;0;0;0;0;0;0;0;0;0;0;0;0;0;0;0;0;0;0;0;0;0;0;0;0;0;0;0;0;0;0;0;0;0;0;0;0;0;0;0;0;0;0;0;0;0;0;0;0;0;0;0;0;0;0;0;0;0;0;0;0;0;0;0;0;0;0;0;0;0;0;0;0;0;0;0;0;0;0;0;0;0;0;0;0;0;0;0;0;0;0;0;0
F04;X7;;Cal.Biomass[DCW [g/L]]:FS=2;0;0;0;0;0;0;0;0;0;0;0;0;0;0;0;0;0;0;0;0;0;0;0;0;0;0;0;0;0;0;0;0;0;0;0;0;0;0;0;0;0;0;0;0;0;0;0;0;0;0;0;0;0;0;0;0;0;0;0;0;0;0;0;0;0;0;0;0;0;0;0;0;0;0;0;0;0;0;0;0;0;0;0;0;0;0;0;0;0;0;0;0;0;0;0;0;0;0;0;0;0;0;0;0;0;0;0;0;0;0;0;0;0;0;0;0;0;0;0;0;0;0;0;0;0;0;0;0;0;0;0;0;0;0;0;0;0;0;0;0;0;0;0;0
F05;X7;;Cal.Biomass[DCW [g/L]]:FS=2;0;0;0;0;0;0;0;0;0;0;0;0;0;0;0;0;0;0;0;0;0;0;0;0;0;0;0;0;0;0;0;0;0;0;0;0;0;0;0;0;0;0;0;0;0;0;0;0;0;0;0;0;0;0;0;0;0;0;0;0;0;0;0;0;0;0;0;0;0;0;0;0;0;0;0;0;0;0;0;0;0;0;0;0;0;0;0;0;0;0;0;0;0;0;0;0;0;0;0;0;0;0;0;0;0;0;0;0;0;0;0;0;0;0;0;0;0;0;0;0;0;0;0;0;0;0;0;0;0;0;0;0;0;0;0;0;0;0;0;0;0;0;0;0
F06;X7;;Cal.Biomass[DCW [g/L]]:FS=2;0;0;0;0;0;0;0;0;0;0;0;0;0;0;0;0;0;0;0;0;0;0;0;0;0;0;0;0;0;0;0;0;0;0;0;0;0;0;0;0;0;0;0;0;0;0;0;0;0;0;0;0;0;0;0;0;0;0;0;0;0;0;0;0;0;0;0;0;0;0;0;0;0;0;0;0;0;0;0;0;0;0;0;0;0;0;0;0;0;0;0;0;0;0;0;0;0;0;0;0;0;0;0;0;0;0;0;0;0;0;0;0;0;0;0;0;0;0;0;0;0;0;0;0;0;0;0;0;0;0;0;0;0;0;0;0;0;0;0;0;0;0;0;0
F07;X8;;Cal.Biomass[DCW [g/L]]:FS=2;0;0;0;0;0;0;0;0;0;0;0;0;0;0;0;0;0;0;0;0;0;0;0;0;0;0;0;0;0;0;0;0;0;0;0;0;0;0;0;0;0;0;0;0;0;0;0;0;0;0;0;0;0;0;0;0;0;0;0;0;0;0;0;0;0;0;0;0;0;0;0;0;0;0;0;0;0;0;0;0;0;0;0;0;0;0;0;0;0;0;0;0;0;0;0;0;0;0;0;0;0;0;0;0;0;0;0;0;0;0;0;0;0;0;0;0;0;0;0;0;0;0;0;0;0;0;0;0;0;0;0;0;0;0;0;0;0;0;0;0;0;0;0;0
F08;X8;;Cal.Biomass[DCW [g/L]]:FS=2;0;0;0;0;0;0;0;0;0;0;0;0;0;0;0;0;0;0;0;0;0;0;0;0;0;0;0;0;0;0;0;0;0;0;0;0;0;0;0;0;0;0;0;0;0;0;0;0;0;0;0;0;0;0;0;0;0;0;0;0;0;0;0;0;0;0;0;0;0;0;0;0;0;0;0;0;0;0;0;0;0;0;0;0;0;0;0;0;0;0;0;0;0;0;0;0;0;0;0;0;0;0;0;0;0;0;0;0;0;0;0;0;0;0;0;0;0;0;0;0;0;0;0;0;0;0;0;0;0;0;0;0;0;0;0;0;0;0;0;0;0;0;0;0
F09;X8;;Cal.Biomass[DCW [g/L]]:FS=2;0;0;0;0;0;0;0;0;0;0;0;0;0;0;0;0;0;0;0;0;0;0;0;0;0;0;0;0;0;0;0;0;0;0;0;0;0;0;0;0;0;0;0;0;0;0;0;0;0;0;0;0;0;0;0;0;0;0;0;0;0;0;0;0;0;0;0;0;0;0;0;0;0;0;0;0;0;0;0;0;0;0;0;0;0;0;0;0;0;0;0;0;0;0;0;0;0;0;0;0;0;0;0;0;0;0;0;0;0;0;0;0;0;0;0;0;0;0;0;0;0;0;0;0;0;0;0;0;0;0;0;0;0;0;0;0;0;0;0;0;0;0;0;0
F10;X8;;Cal.Biomass[DCW [g/L]]:FS=2;0;0;0;0;0;0;0;0;0;0;0;0;0;0;0;0;0;0;0;0;0;0;0;0;0;0;0;0;0;0;0;0;0;0;0;0;0;0;0;0;0;0;0;0;0;0;0;0;0;0;0;0;0;0;0;0;0;0;0;0;0;0;0;0;0;0;0;0;0;0;0;0;0;0;0;0;0;0;0;0;0;0;0;0;0;0;0;0;0;0;0;0;0;0;0;0;0;0;0;0;0;0;0;0;0;0;0;0;0;0;0;0;0;0;0;0;0;0;0;0;0;0;0;0;0;0;0;0;0;0;0;0;0;0;0;0;0;0;0;0;0;0;0;0
F11;X8;;Cal.Biomass[DCW [g/L]]:FS=2;0;0;0;0;0;0;0;0;0;0;0;0;0;0;0;0;0;0;0;0;0;0;0;0;0;0;0;0;0;0;0;0;0;0;0;0;0;0;0;0;0;0;0;0;0;0;0;0;0;0;0;0;0;0;0;0;0;0;0;0;0;0;0;0;0;0;0;0;0;0;0;0;0;0;0;0;0;0;0;0;0;0;0;0;0;0;0;0;0;0;0;0;0;0;0;0;0;0;0;0;0;0;0;0;0;0;0;0;0;0;0;0;0;0;0;0;0;0;0;0;0;0;0;0;0;0;0;0;0;0;0;0;0;0;0;0;0;0;0;0;0;0;0;0
G02;B3;;Cal.Biomass[DCW [g/L]]:FS=2;0;0;0;0;0;0;0;0;0;0;0;0;0;0;0;0;0;0;0;0;0;0;0;0;0;0;0;0;0;0;0;0;0;0;0;0;0;0;0;0;0;0;0;0;0;0;0;0;0;0;0;0;0;0;0;0;0;0;0;0;0;0;0;0;0;0;0;0;0;0;0;0;0;0;0;0;0;0;0;0;0;0;0;0;0;0;0;0;0;0;0;0;0;0;0;0;0;0;0;0;0;0;0;0;0;0;0;0;0;0;0;0;0;0;0;0;0;0;0;0;0;0;0;0;0;0;0;0;0;0;0;0;0;0;0;0;0;0;0;0;0;0;0;0
G03;B3;;Cal.Biomass[DCW [g/L]]:FS=2;0;0;0;0;0;0;0;0;0;0;0;0;0;0;0;0;0;0;0;0;0;0;0;0;0;0;0;0;0;0;0;0;0;0;0;0;0;0;0;0;0;0;0;0;0;0;0;0;0;0;0;0;0;0;0;0;0;0;0;0;0;0;0;0;0;0;0;0;0;0;0;0;0;0;0;0;0;0;0;0;0;0;0;0;0;0;0;0;0;0;0;0;0;0;0;0;0;0;0;0;0;0;0;0;0;0;0;0;0;0;0;0;0;0;0;0;0;0;0;0;0;0;0;0;0;0;0;0;0;0;0;0;0;0;0;0;0;0;0;0;0;0;0;0
G04;B3;;Cal.Biomass[DCW [g/L]]:FS=2;0;0;0;0;0;0;0;0;0;0;0;0;0;0;0;0;0;0;0;0;0;0;0;0;0;0;0;0;0;0;0;0;0;0;0;0;0;0;0;0;0;0;0;0;0;0;0;0;0;0;0;0;0;0;0;0;0;0;0;0;0;0;0;0;0;0;0;0;0;0;0;0;0;0;0;0;0;0;0;0;0;0;0;0;0;0;0;0;0;0;0;0;0;0;0;0;0;0;0;0;0;0;0;0;0;0;0;0;0;0;0;0;0;0;0;0;0;0;0;0;0;0;0;0;0;0;0;0;0;0;0;0;0;0;0;0;0;0;0;0;0;0;0;0
G05;B3;;Cal.Biomass[DCW [g/L]]:FS=2;0;0;0;0;0;0;0;0;0;0;0;0;0;0;0;0;0;0;0;0;0;0;0;0;0;0;0;0;0;0;0;0;0;0;0;0;0;0;0;0;0;0;0;0;0;0;0;0;0;0;0;0;0;0;0;0;0;0;0;0;0;0;0;0;0;0;0;0;0;0;0;0;0;0;0;0;0;0;0;0;0;0;0;0;0;0;0;0;0;0;0;0;0;0;0;0;0;0;0;0;0;0;0;0;0;0;0;0;0;0;0;0;0;0;0;0;0;0;0;0;0;0;0;0;0;0;0;0;0;0;0;0;0;0;0;0;0;0;0;0;0;0;0;0
G06;B3;;Cal.Biomass[DCW [g/L]]:FS=2;0;0;0;0;0;0;0;0;0;0;0;0;0;0;0;0;0;0;0;0;0;0;0;0;0;0;0;0;0;0;0;0;0;0;0;0;0;0;0;0;0;0;0;0;0;0;0;0;0;0;0;0;0;0;0;0;0;0;0;0;0;0;0;0;0;0;0;0;0;0;0;0;0;0;0;0;0;0;0;0;0;0;0;0;0;0;0;0;0;0;0;0;0;0;0;0;0;0;0;0;0;0;0;0;0;0;0;0;0;0;0;0;0;0;0;0;0;0;0;0;0;0;0;0;0;0;0;0;0;0;0;0;0;0;0;0;0;0;0;0;0;0;0;0
G07;B4;;Cal.Biomass[DCW [g/L]]:FS=2;0;0;0;0;0;0;0;0;0;0;0;0;0;0;0;0;0;0;0;0;0;0;0;0;0;0;0;0;0;0;0;0;0;0;0;0;0;0;0;0;0;0;0;0;0;0;0;0;0;0;0;0;0;0;0;0;0;0;0;0;0;0;0;0;0;0;0;0;0;0;0;0;0;0;0;0;0;0;0;0;0;0;0;0;0;0;0;0;0;0;0;0;0;0;0;0;0;0;0;0;0;0;0;0;0;0;0;0;0;0;0;0;0;0;0;0;0;0;0;0;0;0;0;0;0;0;0;0;0;0;0;0;0;0;0;0;0;0;0;0;0;0;0;0
G08;B4;;Cal.Biomass[DCW [g/L]]:FS=2;0;0;0;0;0;0;0;0;0;0;0;0;0;0;0;0;0;0;0;0;0;0;0;0;0;0;0;0;0;0;0;0;0;0;0;0;0;0;0;0;0;0;0;0;0;0;0;0;0;0;0;0;0;0;0;0;0;0;0;0;0;0;0;0;0;0;0;0;0;0;0;0;0;0;0;0;0;0;0;0;0;0;0;0;0;0;0;0;0;0;0;0;0;0;0;0;0;0;0;0;0;0;0;0;0;0;0;0;0;0;0;0;0;0;0;0;0;0;0;0;0;0;0;0;0;0;0;0;0;0;0;0;0;0;0;0;0;0;0;0;0;0;0;0
G09;B4;;Cal.Biomass[DCW [g/L]]:FS=2;0;0;0;0;0;0;0;0;0;0;0;0;0;0;0;0;0;0;0;0;0;0;0;0;0;0;0;0;0;0;0;0;0;0;0;0;0;0;0;0;0;0;0;0;0;0;0;0;0;0;0;0;0;0;0;0;0;0;0;0;0;0;0;0;0;0;0;0;0;0;0;0;0;0;0;0;0;0;0;0;0;0;0;0;0;0;0;0;0;0;0;0;0;0;0;0;0;0;0;0;0;0;0;0;0;0;0;0;0;0;0;0;0;0;0;0;0;0;0;0;0;0;0;0;0;0;0;0;0;0;0;0;0;0;0;0;0;0;0;0;0;0;0;0
G10;B4;;Cal.Biomass[DCW [g/L]]:FS=2;0;0;0;0;0;0;0;0;0;0;0;0;0;0;0;0;0;0;0;0;0;0;0;0;0;0;0;0;0;0;0;0;0;0;0;0;0;0;0;0;0;0;0;0;0;0;0;0;0;0;0;0;0;0;0;0;0;0;0;0;0;0;0;0;0;0;0;0;0;0;0;0;0;0;0;0;0;0;0;0;0;0;0;0;0;0;0;0;0;0;0;0;0;0;0;0;0;0;0;0;0;0;0;0;0;0;0;0;0;0;0;0;0;0;0;0;0;0;0;0;0;0;0;0;0;0;0;0;0;0;0;0;0;0;0;0;0;0;0;0;0;0;0;0
G11;B4;;Cal.Biomass[DCW [g/L]]:FS=2;0;0;0;0;0;0;0;0;0;0;0;0;0;0;0;0;0;0;0;0;0;0;0;0;0;0;0;0;0;0;0;0;0;0;0;0;0;0;0;0;0;0;0;0;0;0;0;0;0;0;0;0;0;0;0;0;0;0;0;0;0;0;0;0;0;0;0;0;0;0;0;0;0;0;0;0;0;0;0;0;0;0;0;0;0;0;0;0;0;0;0;0;0;0;0;0;0;0;0;0;0;0;0;0;0;0;0;0;0;0;0;0;0;0;0;0;0;0;0;0;0;0;0;0;0;0;0;0;0;0;0;0;0;0;0;0;0;0;0;0;0;0;0;0
B02;B1;;Cal.Biomass[DCW [g/L]]:FS=3;0;0;0;0;0;0;0;0;0;0;0;0;0;0;0;0;0;0;0;0;0;0;0;0;0;0;0;0;0;0;0;0;0;0;0;0;0;0;0;0;0;0;0;0;0;0;0;0;0;0;0;0;0;0;0;0;0;0;0;0;0;0;0;0;0;0;0;0;0;0;0;0;0;0;0;0;0;0;0;0;0;0;0;0;0;0;0;0;0;0;0;0;0;0;0;0;0;0;0;0;0;0;0;0;0;0;0;0;0;0;0;0;0;0;0;0;0;0;0;0;0;0;0;0;0;0;0;0;0;0;0;0;0;0;0;0;0;0;0;0;0;0;0;0
B03;B1;;Cal.Biomass[DCW [g/L]]:FS=3;0;0;0;0;0;0;0;0;0;0;0;0;0;0;0;0;0;0;0;0;0;0;0;0;0;0;0;0;0;0;0;0;0;0;0;0;0;0;0;0;0;0;0;0;0;0;0;0;0;0;0;0;0;0;0;0;0;0;0;0;0;0;0;0;0;0;0;0;0;0;0;0;0;0;0;0;0;0;0;0;0;0;0;0;0;0;0;0;0;0;0;0;0;0;0;0;0;0;0;0;0;0;0;0;0;0;0;0;0;0;0;0;0;0;0;0;0;0;0;0;0;0;0;0;0;0;0;0;0;0;0;0;0;0;0;0;0;0;0;0;0;0;0;0
B04;B1;;Cal.Biomass[DCW [g/L]]:FS=3;0;0;0;0;0;0;0;0;0;0;0;0;0;0;0;0;0;0;0;0;0;0;0;0;0;0;0;0;0;0;0;0;0;0;0;0;0;0;0;0;0;0;0;0;0;0;0;0;0;0;0;0;0;0;0;0;0;0;0;0;0;0;0;0;0;0;0;0;0;0;0;0;0;0;0;0;0;0;0;0;0;0;0;0;0;0;0;0;0;0;0;0;0;0;0;0;0;0;0;0;0;0;0;0;0;0;0;0;0;0;0;0;0;0;0;0;0;0;0;0;0;0;0;0;0;0;0;0;0;0;0;0;0;0;0;0;0;0;0;0;0;0;0;0
B05;B1;;Cal.Biomass[DCW [g/L]]:FS=3;0;0;0;0;0;0;0;0;0;0;0;0;0;0;0;0;0;0;0;0;0;0;0;0;0;0;0;0;0;0;0;0;0;0;0;0;0;0;0;0;0;0;0;0;0;0;0;0;0;0;0;0;0;0;0;0;0;0;0;0;0;0;0;0;0;0;0;0;0;0;0;0;0;0;0;0;0;0;0;0;0;0;0;0;0;0;0;0;0;0;0;0;0;0;0;0;0;0;0;0;0;0;0;0;0;0;0;0;0;0;0;0;0;0;0;0;0;0;0;0;0;0;0;0;0;0;0;0;0;0;0;0;0;0;0;0;0;0;0;0;0;0;0;0
B06;B1;;Cal.Biomass[DCW [g/L]]:FS=3;0;0;0;0;0;0;0;0;0;0;0;0;0;0;0;0;0;0;0;0;0;0;0;0;0;0;0;0;0;0;0;0;0;0;0;0;0;0;0;0;0;0;0;0;0;0;0;0;0;0;0;0;0;0;0;0;0;0;0;0;0;0;0;0;0;0;0;0;0;0;0;0;0;0;0;0;0;0;0;0;0;0;0;0;0;0;0;0;0;0;0;0;0;0;0;0;0;0;0;0;0;0;0;0;0;0;0;0;0;0;0;0;0;0;0;0;0;0;0;0;0;0;0;0;0;0;0;0;0;0;0;0;0;0;0;0;0;0;0;0;0;0;0;0
B07;B2;;Cal.Biomass[DCW [g/L]]:FS=3;0;0;0;0;0;0;0;0;0;0;0;0;0;0;0;0;0;0;0;0;0;0;0;0;0;0;0;0;0;0;0;0;0;0;0;0;0;0;0;0;0;0;0;0;0;0;0;0;0;0;0;0;0;0;0;0;0;0;0;0;0;0;0;0;0;0;0;0;0;0;0;0;0;0;0;0;0;0;0;0;0;0;0;0;0;0;0;0;0;0;0;0;0;0;0;0;0;0;0;0;0;0;0;0;0;0;0;0;0;0;0;0;0;0;0;0;0;0;0;0;0;0;0;0;0;0;0;0;0;0;0;0;0;0;0;0;0;0;0;0;0;0;0;0
B08;B2;;Cal.Biomass[DCW [g/L]]:FS=3;0;0;0;0;0;0;0;0;0;0;0;0;0;0;0;0;0;0;0;0;0;0;0;0;0;0;0;0;0;0;0;0;0;0;0;0;0;0;0;0;0;0;0;0;0;0;0;0;0;0;0;0;0;0;0;0;0;0;0;0;0;0;0;0;0;0;0;0;0;0;0;0;0;0;0;0;0;0;0;0;0;0;0;0;0;0;0;0;0;0;0;0;0;0;0;0;0;0;0;0;0;0;0;0;0;0;0;0;0;0;0;0;0;0;0;0;0;0;0;0;0;0;0;0;0;0;0;0;0;0;0;0;0;0;0;0;0;0;0;0;0;0;0;0
B09;B2;;Cal.Biomass[DCW [g/L]]:FS=3;0;0;0;0;0;0;0;0;0;0;0;0;0;0;0;0;0;0;0;0;0;0;0;0;0;0;0;0;0;0;0;0;0;0;0;0;0;0;0;0;0;0;0;0;0;0;0;0;0;0;0;0;0;0;0;0;0;0;0;0;0;0;0;0;0;0;0;0;0;0;0;0;0;0;0;0;0;0;0;0;0;0;0;0;0;0;0;0;0;0;0;0;0;0;0;0;0;0;0;0;0;0;0;0;0;0;0;0;0;0;0;0;0;0;0;0;0;0;0;0;0;0;0;0;0;0;0;0;0;0;0;0;0;0;0;0;0;0;0;0;0;0;0;0
B10;B2;;Cal.Biomass[DCW [g/L]]:FS=3;0;0;0;0;0;0;0;0;0;0;0;0;0;0;0;0;0;0;0;0;0;0;0;0;0;0;0;0;0;0;0;0;0;0;0;0;0;0;0;0;0;0;0;0;0;0;0;0;0;0;0;0;0;0;0;0;0;0;0;0;0;0;0;0;0;0;0;0;0;0;0;0;0;0;0;0;0;0;0;0;0;0;0;0;0;0;0;0;0;0;0;0;0;0;0;0;0;0;0;0;0;0;0;0;0;0;0;0;0;0;0;0;0;0;0;0;0;0;0;0;0;0;0;0;0;0;0;0;0;0;0;0;0;0;0;0;0;0;0;0;0;0;0;0
B11;B2;;Cal.Biomass[DCW [g/L]]:FS=3;0;0;0;0;0;0;0;0;0;0;0;0;0;0;0;0;0;0;0;0;0;0;0;0;0;0;0;0;0;0;0;0;0;0;0;0;0;0;0;0;0;0;0;0;0;0;0;0;0;0;0;0;0;0;0;0;0;0;0;0;0;0;0;0;0;0;0;0;0;0;0;0;0;0;0;0;0;0;0;0;0;0;0;0;0;0;0;0;0;0;0;0;0;0;0;0;0;0;0;0;0;0;0;0;0;0;0;0;0;0;0;0;0;0;0;0;0;0;0;0;0;0;0;0;0;0;0;0;0;0;0;0;0;0;0;0;0;0;0;0;0;0;0;0
C02;X1;;Cal.Biomass[DCW [g/L]]:FS=3;0;0;0;0;0;0;0;0;0;0;0;0;0;0;0;0;0;0;0;0;0;0;0;0;0;0;0;0;0;0;0;0;0;0;0;0;0;0;0;0;0;0;0;0;0;0;0;0;0;0;0;0;0;0;0;0;0;0;0;0;0;0;0;0;0;0;0;0;0;0;0;0;0;0;0;0;0;0;0;0;0;0;0;0;0;0;0;0;0;0;0;0;0;0;0;0;0;0;0;0;0;0;0;0;0;0;0;0;0;0;0;0;0;0;0;0;0;0;0;0;0;0;0;0;0;0;0;0;0;0;0;0;0;0;0;0;0;0;0;0;0;0;0;0
C03;X1;;Cal.Biomass[DCW [g/L]]:FS=3;0;0;0;0;0;0;0;0;0;0;0;0;0;0;0;0;0;0;0;0;0;0;0;0;0;0;0;0;0;0;0;0;0;0;0;0;0;0;0;0;0;0;0;0;0;0;0;0;0;0;0;0;0;0;0;0;0;0;0;0;0;0;0;0;0;0;0;0;0;0;0;0;0;0;0;0;0;0;0;0;0;0;0;0;0;0;0;0;0;0;0;0;0;0;0;0;0;0;0;0;0;0;0;0;0;0;0;0;0;0;0;0;0;0;0;0;0;0;0;0;0;0;0;0;0;0;0;0;0;0;0;0;0;0;0;0;0;0;0;0;0;0;0;0
C04;X1;;Cal.Biomass[DCW [g/L]]:FS=3;0;0;0;0;0;0;0;0;0;0;0;0;0;0;0;0;0;0;0;0;0;0;0;0;0;0;0;0;0;0;0;0;0;0;0;0;0;0;0;0;0;0;0;0;0;0;0;0;0;0;0;0;0;0;0;0;0;0;0;0;0;0;0;0;0;0;0;0;0;0;0;0;0;0;0;0;0;0;0;0;0;0;0;0;0;0;0;0;0;0;0;0;0;0;0;0;0;0;0;0;0;0;0;0;0;0;0;0;0;0;0;0;0;0;0;0;0;0;0;0;0;0;0;0;0;0;0;0;0;0;0;0;0;0;0;0;0;0;0;0;0;0;0;0
C05;X1;;Cal.Biomass[DCW [g/L]]:FS=3;0;0;0;0;0;0;0;0;0;0;0;0;0;0;0;0;0;0;0;0;0;0;0;0;0;0;0;0;0;0;0;0;0;0;0;0;0;0;0;0;0;0;0;0;0;0;0;0;0;0;0;0;0;0;0;0;0;0;0;0;0;0;0;0;0;0;0;0;0;0;0;0;0;0;0;0;0;0;0;0;0;0;0;0;0;0;0;0;0;0;0;0;0;0;0;0;0;0;0;0;0;0;0;0;0;0;0;0;0;0;0;0;0;0;0;0;0;0;0;0;0;0;0;0;0;0;0;0;0;0;0;0;0;0;0;0;0;0;0;0;0;0;0;0
C06;X1;;Cal.Biomass[DCW [g/L]]:FS=3;0;0;0;0;0;0;0;0;0;0;0;0;0;0;0;0;0;0;0;0;0;0;0;0;0;0;0;0;0;0;0;0;0;0;0;0;0;0;0;0;0;0;0;0;0;0;0;0;0;0;0;0;0;0;0;0;0;0;0;0;0;0;0;0;0;0;0;0;0;0;0;0;0;0;0;0;0;0;0;0;0;0;0;0;0;0;0;0;0;0;0;0;0;0;0;0;0;0;0;0;0;0;0;0;0;0;0;0;0;0;0;0;0;0;0;0;0;0;0;0;0;0;0;0;0;0;0;0;0;0;0;0;0;0;0;0;0;0;0;0;0;0;0;0
C07;X2;;Cal.Biomass[DCW [g/L]]:FS=3;0;0;0;0;0;0;0;0;0;0;0;0;0;0;0;0;0;0;0;0;0;0;0;0;0;0;0;0;0;0;0;0;0;0;0;0;0;0;0;0;0;0;0;0;0;0;0;0;0;0;0;0;0;0;0;0;0;0;0;0;0;0;0;0;0;0;0;0;0;0;0;0;0;0;0;0;0;0;0;0;0;0;0;0;0;0;0;0;0;0;0;0;0;0;0;0;0;0;0;0;0;0;0;0;0;0;0;0;0;0;0;0;0;0;0;0;0;0;0;0;0;0;0;0;0;0;0;0;0;0;0;0;0;0;0;0;0;0;0;0;0;0;0;0
C08;X2;;Cal.Biomass[DCW [g/L]]:FS=3;0;0;0;0;0;0;0;0;0;0;0;0;0;0;0;0;0;0;0;0;0;0;0;0;0;0;0;0;0;0;0;0;0;0;0;0;0;0;0;0;0;0;0;0;0;0;0;0;0;0;0;0;0;0;0;0;0;0;0;0;0;0;0;0;0;0;0;0;0;0;0;0;0;0;0;0;0;0;0;0;0;0;0;0;0;0;0;0;0;0;0;0;0;0;0;0;0;0;0;0;0;0;0;0;0;0;0;0;0;0;0;0;0;0;0;0;0;0;0;0;0;0;0;0;0;0;0;0;0;0;0;0;0;0;0;0;0;0;0;0;0;0;0;0
C09;X2;;Cal.Biomass[DCW [g/L]]:FS=3;0;0;0;0;0;0;0;0;0;0;0;0;0;0;0;0;0;0;0;0;0;0;0;0;0;0;0;0;0;0;0;0;0;0;0;0;0;0;0;0;0;0;0;0;0;0;0;0;0;0;0;0;0;0;0;0;0;0;0;0;0;0;0;0;0;0;0;0;0;0;0;0;0;0;0;0;0;0;0;0;0;0;0;0;0;0;0;0;0;0;0;0;0;0;0;0;0;0;0;0;0;0;0;0;0;0;0;0;0;0;0;0;0;0;0;0;0;0;0;0;0;0;0;0;0;0;0;0;0;0;0;0;0;0;0;0;0;0;0;0;0;0;0;0
C10;X2;;Cal.Biomass[DCW [g/L]]:FS=3;0;0;0;0;0;0;0;0;0;0;0;0;0;0;0;0;0;0;0;0;0;0;0;0;0;0;0;0;0;0;0;0;0;0;0;0;0;0;0;0;0;0;0;0;0;0;0;0;0;0;0;0;0;0;0;0;0;0;0;0;0;0;0;0;0;0;0;0;0;0;0;0;0;0;0;0;0;0;0;0;0;0;0;0;0;0;0;0;0;0;0;0;0;0;0;0;0;0;0;0;0;0;0;0;0;0;0;0;0;0;0;0;0;0;0;0;0;0;0;0;0;0;0;0;0;0;0;0;0;0;0;0;0;0;0;0;0;0;0;0;0;0;0;0
C11;X2;;Cal.Biomass[DCW [g/L]]:FS=3;0;0;0;0;0;0;0;0;0;0;0;0;0;0;0;0;0;0;0;0;0;0;0;0;0;0;0;0;0;0;0;0;0;0;0;0;0;0;0;0;0;0;0;0;0;0;0;0;0;0;0;0;0;0;0;0;0;0;0;0;0;0;0;0;0;0;0;0;0;0;0;0;0;0;0;0;0;0;0;0;0;0;0;0;0;0;0;0;0;0;0;0;0;0;0;0;0;0;0;0;0;0;0;0;0;0;0;0;0;0;0;0;0;0;0;0;0;0;0;0;0;0;0;0;0;0;0;0;0;0;0;0;0;0;0;0;0;0;0;0;0;0;0;0
D02;X3;;Cal.Biomass[DCW [g/L]]:FS=3;0;0;0;0;0;0;0;0;0;0;0;0;0;0;0;0;0;0;0;0;0;0;0;0;0;0;0;0;0;0;0;0;0;0;0;0;0;0;0;0;0;0;0;0;0;0;0;0;0;0;0;0;0;0;0;0;0;0;0;0;0;0;0;0;0;0;0;0;0;0;0;0;0;0;0;0;0;0;0;0;0;0;0;0;0;0;0;0;0;0;0;0;0;0;0;0;0;0;0;0;0;0;0;0;0;0;0;0;0;0;0;0;0;0;0;0;0;0;0;0;0;0;0;0;0;0;0;0;0;0;0;0;0;0;0;0;0;0;0;0;0;0;0;0
D03;X3;;Cal.Biomass[DCW [g/L]]:FS=3;0;0;0;0;0;0;0;0;0;0;0;0;0;0;0;0;0;0;0;0;0;0;0;0;0;0;0;0;0;0;0;0;0;0;0;0;0;0;0;0;0;0;0;0;0;0;0;0;0;0;0;0;0;0;0;0;0;0;0;0;0;0;0;0;0;0;0;0;0;0;0;0;0;0;0;0;0;0;0;0;0;0;0;0;0;0;0;0;0;0;0;0;0;0;0;0;0;0;0;0;0;0;0;0;0;0;0;0;0;0;0;0;0;0;0;0;0;0;0;0;0;0;0;0;0;0;0;0;0;0;0;0;0;0;0;0;0;0;0;0;0;0;0;0
D04;X3;;Cal.Biomass[DCW [g/L]]:FS=3;0;0;0;0;0;0;0;0;0;0;0;0;0;0;0;0;0;0;0;0;0;0;0;0;0;0;0;0;0;0;0;0;0;0;0;0;0;0;0;0;0;0;0;0;0;0;0;0;0;0;0;0;0;0;0;0;0;0;0;0;0;0;0;0;0;0;0;0;0;0;0;0;0;0;0;0;0;0;0;0;0;0;0;0;0;0;0;0;0;0;0;0;0;0;0;0;0;0;0;0;0;0;0;0;0;0;0;0;0;0;0;0;0;0;0;0;0;0;0;0;0;0;0;0;0;0;0;0;0;0;0;0;0;0;0;0;0;0;0;0;0;0;0;0
D05;X3;;Cal.Biomass[DCW [g/L]]:FS=3;0;0;0;0;0;0;0;0;0;0;0;0;0;0;0;0;0;0;0;0;0;0;0;0;0;0;0;0;0;0;0;0;0;0;0;0;0;0;0;0;0;0;0;0;0;0;0;0;0;0;0;0;0;0;0;0;0;0;0;0;0;0;0;0;0;0;0;0;0;0;0;0;0;0;0;0;0;0;0;0;0;0;0;0;0;0;0;0;0;0;0;0;0;0;0;0;0;0;0;0;0;0;0;0;0;0;0;0;0;0;0;0;0;0;0;0;0;0;0;0;0;0;0;0;0;0;0;0;0;0;0;0;0;0;0;0;0;0;0;0;0;0;0;0
D06;X3;;Cal.Biomass[DCW [g/L]]:FS=3;0;0;0;0;0;0;0;0;0;0;0;0;0;0;0;0;0;0;0;0;0;0;0;0;0;0;0;0;0;0;0;0;0;0;0;0;0;0;0;0;0;0;0;0;0;0;0;0;0;0;0;0;0;0;0;0;0;0;0;0;0;0;0;0;0;0;0;0;0;0;0;0;0;0;0;0;0;0;0;0;0;0;0;0;0;0;0;0;0;0;0;0;0;0;0;0;0;0;0;0;0;0;0;0;0;0;0;0;0;0;0;0;0;0;0;0;0;0;0;0;0;0;0;0;0;0;0;0;0;0;0;0;0;0;0;0;0;0;0;0;0;0;0;0
D07;X4;;Cal.Biomass[DCW [g/L]]:FS=3;0;0;0;0;0;0;0;0;0;0;0;0;0;0;0;0;0;0;0;0;0;0;0;0;0;0;0;0;0;0;0;0;0;0;0;0;0;0;0;0;0;0;0;0;0;0;0;0;0;0;0;0;0;0;0;0;0;0;0;0;0;0;0;0;0;0;0;0;0;0;0;0;0;0;0;0;0;0;0;0;0;0;0;0;0;0;0;0;0;0;0;0;0;0;0;0;0;0;0;0;0;0;0;0;0;0;0;0;0;0;0;0;0;0;0;0;0;0;0;0;0;0;0;0;0;0;0;0;0;0;0;0;0;0;0;0;0;0;0;0;0;0;0;0
D08;X4;;Cal.Biomass[DCW [g/L]]:FS=3;0;0;0;0;0;0;0;0;0;0;0;0;0;0;0;0;0;0;0;0;0;0;0;0;0;0;0;0;0;0;0;0;0;0;0;0;0;0;0;0;0;0;0;0;0;0;0;0;0;0;0;0;0;0;0;0;0;0;0;0;0;0;0;0;0;0;0;0;0;0;0;0;0;0;0;0;0;0;0;0;0;0;0;0;0;0;0;0;0;0;0;0;0;0;0;0;0;0;0;0;0;0;0;0;0;0;0;0;0;0;0;0;0;0;0;0;0;0;0;0;0;0;0;0;0;0;0;0;0;0;0;0;0;0;0;0;0;0;0;0;0;0;0;0
D09;X4;;Cal.Biomass[DCW [g/L]]:FS=3;0;0;0;0;0;0;0;0;0;0;0;0;0;0;0;0;0;0;0;0;0;0;0;0;0;0;0;0;0;0;0;0;0;0;0;0;0;0;0;0;0;0;0;0;0;0;0;0;0;0;0;0;0;0;0;0;0;0;0;0;0;0;0;0;0;0;0;0;0;0;0;0;0;0;0;0;0;0;0;0;0;0;0;0;0;0;0;0;0;0;0;0;0;0;0;0;0;0;0;0;0;0;0;0;0;0;0;0;0;0;0;0;0;0;0;0;0;0;0;0;0;0;0;0;0;0;0;0;0;0;0;0;0;0;0;0;0;0;0;0;0;0;0;0
D10;X4;;Cal.Biomass[DCW [g/L]]:FS=3;0;0;0;0;0;0;0;0;0;0;0;0;0;0;0;0;0;0;0;0;0;0;0;0;0;0;0;0;0;0;0;0;0;0;0;0;0;0;0;0;0;0;0;0;0;0;0;0;0;0;0;0;0;0;0;0;0;0;0;0;0;0;0;0;0;0;0;0;0;0;0;0;0;0;0;0;0;0;0;0;0;0;0;0;0;0;0;0;0;0;0;0;0;0;0;0;0;0;0;0;0;0;0;0;0;0;0;0;0;0;0;0;0;0;0;0;0;0;0;0;0;0;0;0;0;0;0;0;0;0;0;0;0;0;0;0;0;0;0;0;0;0;0;0
D11;X4;;Cal.Biomass[DCW [g/L]]:FS=3;0;0;0;0;0;0;0;0;0;0;0;0;0;0;0;0;0;0;0;0;0;0;0;0;0;0;0;0;0;0;0;0;0;0;0;0;0;0;0;0;0;0;0;0;0;0;0;0;0;0;0;0;0;0;0;0;0;0;0;0;0;0;0;0;0;0;0;0;0;0;0;0;0;0;0;0;0;0;0;0;0;0;0;0;0;0;0;0;0;0;0;0;0;0;0;0;0;0;0;0;0;0;0;0;0;0;0;0;0;0;0;0;0;0;0;0;0;0;0;0;0;0;0;0;0;0;0;0;0;0;0;0;0;0;0;0;0;0;0;0;0;0;0;0
E02;X5;;Cal.Biomass[DCW [g/L]]:FS=3;0;0;0;0;0;0;0;0;0;0;0;0;0;0;0;0;0;0;0;0;0;0;0;0;0;0;0;0;0;0;0;0;0;0;0;0;0;0;0;0;0;0;0;0;0;0;0;0;0;0;0;0;0;0;0;0;0;0;0;0;0;0;0;0;0;0;0;0;0;0;0;0;0;0;0;0;0;0;0;0;0;0;0;0;0;0;0;0;0;0;0;0;0;0;0;0;0;0;0;0;0;0;0;0;0;0;0;0;0;0;0;0;0;0;0;0;0;0;0;0;0;0;0;0;0;0;0;0;0;0;0;0;0;0;0;0;0;0;0;0;0;0;0;0
E03;X5;;Cal.Biomass[DCW [g/L]]:FS=3;0;0;0;0;0;0;0;0;0;0;0;0;0;0;0;0;0;0;0;0;0;0;0;0;0;0;0;0;0;0;0;0;0;0;0;0;0;0;0;0;0;0;0;0;0;0;0;0;0;0;0;0;0;0;0;0;0;0;0;0;0;0;0;0;0;0;0;0;0;0;0;0;0;0;0;0;0;0;0;0;0;0;0;0;0;0;0;0;0;0;0;0;0;0;0;0;0;0;0;0;0;0;0;0;0;0;0;0;0;0;0;0;0;0;0;0;0;0;0;0;0;0;0;0;0;0;0;0;0;0;0;0;0;0;0;0;0;0;0;0;0;0;0;0
E04;X5;;Cal.Biomass[DCW [g/L]]:FS=3;0;0;0;0;0;0;0;0;0;0;0;0;0;0;0;0;0;0;0;0;0;0;0;0;0;0;0;0;0;0;0;0;0;0;0;0;0;0;0;0;0;0;0;0;0;0;0;0;0;0;0;0;0;0;0;0;0;0;0;0;0;0;0;0;0;0;0;0;0;0;0;0;0;0;0;0;0;0;0;0;0;0;0;0;0;0;0;0;0;0;0;0;0;0;0;0;0;0;0;0;0;0;0;0;0;0;0;0;0;0;0;0;0;0;0;0;0;0;0;0;0;0;0;0;0;0;0;0;0;0;0;0;0;0;0;0;0;0;0;0;0;0;0;0
E05;X5;;Cal.Biomass[DCW [g/L]]:FS=3;0;0;0;0;0;0;0;0;0;0;0;0;0;0;0;0;0;0;0;0;0;0;0;0;0;0;0;0;0;0;0;0;0;0;0;0;0;0;0;0;0;0;0;0;0;0;0;0;0;0;0;0;0;0;0;0;0;0;0;0;0;0;0;0;0;0;0;0;0;0;0;0;0;0;0;0;0;0;0;0;0;0;0;0;0;0;0;0;0;0;0;0;0;0;0;0;0;0;0;0;0;0;0;0;0;0;0;0;0;0;0;0;0;0;0;0;0;0;0;0;0;0;0;0;0;0;0;0;0;0;0;0;0;0;0;0;0;0;0;0;0;0;0;0
E06;X5;;Cal.Biomass[DCW [g/L]]:FS=3;0;0;0;0;0;0;0;0;0;0;0;0;0;0;0;0;0;0;0;0;0;0;0;0;0;0;0;0;0;0;0;0;0;0;0;0;0;0;0;0;0;0;0;0;0;0;0;0;0;0;0;0;0;0;0;0;0;0;0;0;0;0;0;0;0;0;0;0;0;0;0;0;0;0;0;0;0;0;0;0;0;0;0;0;0;0;0;0;0;0;0;0;0;0;0;0;0;0;0;0;0;0;0;0;0;0;0;0;0;0;0;0;0;0;0;0;0;0;0;0;0;0;0;0;0;0;0;0;0;0;0;0;0;0;0;0;0;0;0;0;0;0;0;0
E07;X6;;Cal.Biomass[DCW [g/L]]:FS=3;0;0;0;0;0;0;0;0;0;0;0;0;0;0;0;0;0;0;0;0;0;0;0;0;0;0;0;0;0;0;0;0;0;0;0;0;0;0;0;0;0;0;0;0;0;0;0;0;0;0;0;0;0;0;0;0;0;0;0;0;0;0;0;0;0;0;0;0;0;0;0;0;0;0;0;0;0;0;0;0;0;0;0;0;0;0;0;0;0;0;0;0;0;0;0;0;0;0;0;0;0;0;0;0;0;0;0;0;0;0;0;0;0;0;0;0;0;0;0;0;0;0;0;0;0;0;0;0;0;0;0;0;0;0;0;0;0;0;0;0;0;0;0;0
E08;X6;;Cal.Biomass[DCW [g/L]]:FS=3;0;0;0;0;0;0;0;0;0;0;0;0;0;0;0;0;0;0;0;0;0;0;0;0;0;0;0;0;0;0;0;0;0;0;0;0;0;0;0;0;0;0;0;0;0;0;0;0;0;0;0;0;0;0;0;0;0;0;0;0;0;0;0;0;0;0;0;0;0;0;0;0;0;0;0;0;0;0;0;0;0;0;0;0;0;0;0;0;0;0;0;0;0;0;0;0;0;0;0;0;0;0;0;0;0;0;0;0;0;0;0;0;0;0;0;0;0;0;0;0;0;0;0;0;0;0;0;0;0;0;0;0;0;0;0;0;0;0;0;0;0;0;0;0
E09;X6;;Cal.Biomass[DCW [g/L]]:FS=3;0;0;0;0;0;0;0;0;0;0;0;0;0;0;0;0;0;0;0;0;0;0;0;0;0;0;0;0;0;0;0;0;0;0;0;0;0;0;0;0;0;0;0;0;0;0;0;0;0;0;0;0;0;0;0;0;0;0;0;0;0;0;0;0;0;0;0;0;0;0;0;0;0;0;0;0;0;0;0;0;0;0;0;0;0;0;0;0;0;0;0;0;0;0;0;0;0;0;0;0;0;0;0;0;0;0;0;0;0;0;0;0;0;0;0;0;0;0;0;0;0;0;0;0;0;0;0;0;0;0;0;0;0;0;0;0;0;0;0;0;0;0;0;0
E10;X6;;Cal.Biomass[DCW [g/L]]:FS=3;0;0;0;0;0;0;0;0;0;0;0;0;0;0;0;0;0;0;0;0;0;0;0;0;0;0;0;0;0;0;0;0;0;0;0;0;0;0;0;0;0;0;0;0;0;0;0;0;0;0;0;0;0;0;0;0;0;0;0;0;0;0;0;0;0;0;0;0;0;0;0;0;0;0;0;0;0;0;0;0;0;0;0;0;0;0;0;0;0;0;0;0;0;0;0;0;0;0;0;0;0;0;0;0;0;0;0;0;0;0;0;0;0;0;0;0;0;0;0;0;0;0;0;0;0;0;0;0;0;0;0;0;0;0;0;0;0;0;0;0;0;0;0;0
E11;X6;;Cal.Biomass[DCW [g/L]]:FS=3;0;0;0;0;0;0;0;0;0;0;0;0;0;0;0;0;0;0;0;0;0;0;0;0;0;0;0;0;0;0;0;0;0;0;0;0;0;0;0;0;0;0;0;0;0;0;0;0;0;0;0;0;0;0;0;0;0;0;0;0;0;0;0;0;0;0;0;0;0;0;0;0;0;0;0;0;0;0;0;0;0;0;0;0;0;0;0;0;0;0;0;0;0;0;0;0;0;0;0;0;0;0;0;0;0;0;0;0;0;0;0;0;0;0;0;0;0;0;0;0;0;0;0;0;0;0;0;0;0;0;0;0;0;0;0;0;0;0;0;0;0;0;0;0
F02;X7;;Cal.Biomass[DCW [g/L]]:FS=3;0;0;0;0;0;0;0;0;0;0;0;0;0;0;0;0;0;0;0;0;0;0;0;0;0;0;0;0;0;0;0;0;0;0;0;0;0;0;0;0;0;0;0;0;0;0;0;0;0;0;0;0;0;0;0;0;0;0;0;0;0;0;0;0;0;0;0;0;0;0;0;0;0;0;0;0;0;0;0;0;0;0;0;0;0;0;0;0;0;0;0;0;0;0;0;0;0;0;0;0;0;0;0;0;0;0;0;0;0;0;0;0;0;0;0;0;0;0;0;0;0;0;0;0;0;0;0;0;0;0;0;0;0;0;0;0;0;0;0;0;0;0;0;0
F03;X7;;Cal.Biomass[DCW [g/L]]:FS=3;0;0;0;0;0;0;0;0;0;0;0;0;0;0;0;0;0;0;0;0;0;0;0;0;0;0;0;0;0;0;0;0;0;0;0;0;0;0;0;0;0;0;0;0;0;0;0;0;0;0;0;0;0;0;0;0;0;0;0;0;0;0;0;0;0;0;0;0;0;0;0;0;0;0;0;0;0;0;0;0;0;0;0;0;0;0;0;0;0;0;0;0;0;0;0;0;0;0;0;0;0;0;0;0;0;0;0;0;0;0;0;0;0;0;0;0;0;0;0;0;0;0;0;0;0;0;0;0;0;0;0;0;0;0;0;0;0;0;0;0;0;0;0;0
F04;X7;;Cal.Biomass[DCW [g/L]]:FS=3;0;0;0;0;0;0;0;0;0;0;0;0;0;0;0;0;0;0;0;0;0;0;0;0;0;0;0;0;0;0;0;0;0;0;0;0;0;0;0;0;0;0;0;0;0;0;0;0;0;0;0;0;0;0;0;0;0;0;0;0;0;0;0;0;0;0;0;0;0;0;0;0;0;0;0;0;0;0;0;0;0;0;0;0;0;0;0;0;0;0;0;0;0;0;0;0;0;0;0;0;0;0;0;0;0;0;0;0;0;0;0;0;0;0;0;0;0;0;0;0;0;0;0;0;0;0;0;0;0;0;0;0;0;0;0;0;0;0;0;0;0;0;0;0
F05;X7;;Cal.Biomass[DCW [g/L]]:FS=3;0;0;0;0;0;0;0;0;0;0;0;0;0;0;0;0;0;0;0;0;0;0;0;0;0;0;0;0;0;0;0;0;0;0;0;0;0;0;0;0;0;0;0;0;0;0;0;0;0;0;0;0;0;0;0;0;0;0;0;0;0;0;0;0;0;0;0;0;0;0;0;0;0;0;0;0;0;0;0;0;0;0;0;0;0;0;0;0;0;0;0;0;0;0;0;0;0;0;0;0;0;0;0;0;0;0;0;0;0;0;0;0;0;0;0;0;0;0;0;0;0;0;0;0;0;0;0;0;0;0;0;0;0;0;0;0;0;0;0;0;0;0;0;0
F06;X7;;Cal.Biomass[DCW [g/L]]:FS=3;0;0;0;0;0;0;0;0;0;0;0;0;0;0;0;0;0;0;0;0;0;0;0;0;0;0;0;0;0;0;0;0;0;0;0;0;0;0;0;0;0;0;0;0;0;0;0;0;0;0;0;0;0;0;0;0;0;0;0;0;0;0;0;0;0;0;0;0;0;0;0;0;0;0;0;0;0;0;0;0;0;0;0;0;0;0;0;0;0;0;0;0;0;0;0;0;0;0;0;0;0;0;0;0;0;0;0;0;0;0;0;0;0;0;0;0;0;0;0;0;0;0;0;0;0;0;0;0;0;0;0;0;0;0;0;0;0;0;0;0;0;0;0;0
F07;X8;;Cal.Biomass[DCW [g/L]]:FS=3;0;0;0;0;0;0;0;0;0;0;0;0;0;0;0;0;0;0;0;0;0;0;0;0;0;0;0;0;0;0;0;0;0;0;0;0;0;0;0;0;0;0;0;0;0;0;0;0;0;0;0;0;0;0;0;0;0;0;0;0;0;0;0;0;0;0;0;0;0;0;0;0;0;0;0;0;0;0;0;0;0;0;0;0;0;0;0;0;0;0;0;0;0;0;0;0;0;0;0;0;0;0;0;0;0;0;0;0;0;0;0;0;0;0;0;0;0;0;0;0;0;0;0;0;0;0;0;0;0;0;0;0;0;0;0;0;0;0;0;0;0;0;0;0
F08;X8;;Cal.Biomass[DCW [g/L]]:FS=3;0;0;0;0;0;0;0;0;0;0;0;0;0;0;0;0;0;0;0;0;0;0;0;0;0;0;0;0;0;0;0;0;0;0;0;0;0;0;0;0;0;0;0;0;0;0;0;0;0;0;0;0;0;0;0;0;0;0;0;0;0;0;0;0;0;0;0;0;0;0;0;0;0;0;0;0;0;0;0;0;0;0;0;0;0;0;0;0;0;0;0;0;0;0;0;0;0;0;0;0;0;0;0;0;0;0;0;0;0;0;0;0;0;0;0;0;0;0;0;0;0;0;0;0;0;0;0;0;0;0;0;0;0;0;0;0;0;0;0;0;0;0;0;0
F09;X8;;Cal.Biomass[DCW [g/L]]:FS=3;0;0;0;0;0;0;0;0;0;0;0;0;0;0;0;0;0;0;0;0;0;0;0;0;0;0;0;0;0;0;0;0;0;0;0;0;0;0;0;0;0;0;0;0;0;0;0;0;0;0;0;0;0;0;0;0;0;0;0;0;0;0;0;0;0;0;0;0;0;0;0;0;0;0;0;0;0;0;0;0;0;0;0;0;0;0;0;0;0;0;0;0;0;0;0;0;0;0;0;0;0;0;0;0;0;0;0;0;0;0;0;0;0;0;0;0;0;0;0;0;0;0;0;0;0;0;0;0;0;0;0;0;0;0;0;0;0;0;0;0;0;0;0;0
F10;X8;;Cal.Biomass[DCW [g/L]]:FS=3;0;0;0;0;0;0;0;0;0;0;0;0;0;0;0;0;0;0;0;0;0;0;0;0;0;0;0;0;0;0;0;0;0;0;0;0;0;0;0;0;0;0;0;0;0;0;0;0;0;0;0;0;0;0;0;0;0;0;0;0;0;0;0;0;0;0;0;0;0;0;0;0;0;0;0;0;0;0;0;0;0;0;0;0;0;0;0;0;0;0;0;0;0;0;0;0;0;0;0;0;0;0;0;0;0;0;0;0;0;0;0;0;0;0;0;0;0;0;0;0;0;0;0;0;0;0;0;0;0;0;0;0;0;0;0;0;0;0;0;0;0;0;0;0
F11;X8;;Cal.Biomass[DCW [g/L]]:FS=3;0;0;0;0;0;0;0;0;0;0;0;0;0;0;0;0;0;0;0;0;0;0;0;0;0;0;0;0;0;0;0;0;0;0;0;0;0;0;0;0;0;0;0;0;0;0;0;0;0;0;0;0;0;0;0;0;0;0;0;0;0;0;0;0;0;0;0;0;0;0;0;0;0;0;0;0;0;0;0;0;0;0;0;0;0;0;0;0;0;0;0;0;0;0;0;0;0;0;0;0;0;0;0;0;0;0;0;0;0;0;0;0;0;0;0;0;0;0;0;0;0;0;0;0;0;0;0;0;0;0;0;0;0;0;0;0;0;0;0;0;0;0;0;0
G02;B3;;Cal.Biomass[DCW [g/L]]:FS=3;0;0;0;0;0;0;0;0;0;0;0;0;0;0;0;0;0;0;0;0;0;0;0;0;0;0;0;0;0;0;0;0;0;0;0;0;0;0;0;0;0;0;0;0;0;0;0;0;0;0;0;0;0;0;0;0;0;0;0;0;0;0;0;0;0;0;0;0;0;0;0;0;0;0;0;0;0;0;0;0;0;0;0;0;0;0;0;0;0;0;0;0;0;0;0;0;0;0;0;0;0;0;0;0;0;0;0;0;0;0;0;0;0;0;0;0;0;0;0;0;0;0;0;0;0;0;0;0;0;0;0;0;0;0;0;0;0;0;0;0;0;0;0;0
G03;B3;;Cal.Biomass[DCW [g/L]]:FS=3;0;0;0;0;0;0;0;0;0;0;0;0;0;0;0;0;0;0;0;0;0;0;0;0;0;0;0;0;0;0;0;0;0;0;0;0;0;0;0;0;0;0;0;0;0;0;0;0;0;0;0;0;0;0;0;0;0;0;0;0;0;0;0;0;0;0;0;0;0;0;0;0;0;0;0;0;0;0;0;0;0;0;0;0;0;0;0;0;0;0;0;0;0;0;0;0;0;0;0;0;0;0;0;0;0;0;0;0;0;0;0;0;0;0;0;0;0;0;0;0;0;0;0;0;0;0;0;0;0;0;0;0;0;0;0;0;0;0;0;0;0;0;0;0
G04;B3;;Cal.Biomass[DCW [g/L]]:FS=3;0;0;0;0;0;0;0;0;0;0;0;0;0;0;0;0;0;0;0;0;0;0;0;0;0;0;0;0;0;0;0;0;0;0;0;0;0;0;0;0;0;0;0;0;0;0;0;0;0;0;0;0;0;0;0;0;0;0;0;0;0;0;0;0;0;0;0;0;0;0;0;0;0;0;0;0;0;0;0;0;0;0;0;0;0;0;0;0;0;0;0;0;0;0;0;0;0;0;0;0;0;0;0;0;0;0;0;0;0;0;0;0;0;0;0;0;0;0;0;0;0;0;0;0;0;0;0;0;0;0;0;0;0;0;0;0;0;0;0;0;0;0;0;0
G05;B3;;Cal.Biomass[DCW [g/L]]:FS=3;0;0;0;0;0;0;0;0;0;0;0;0;0;0;0;0;0;0;0;0;0;0;0;0;0;0;0;0;0;0;0;0;0;0;0;0;0;0;0;0;0;0;0;0;0;0;0;0;0;0;0;0;0;0;0;0;0;0;0;0;0;0;0;0;0;0;0;0;0;0;0;0;0;0;0;0;0;0;0;0;0;0;0;0;0;0;0;0;0;0;0;0;0;0;0;0;0;0;0;0;0;0;0;0;0;0;0;0;0;0;0;0;0;0;0;0;0;0;0;0;0;0;0;0;0;0;0;0;0;0;0;0;0;0;0;0;0;0;0;0;0;0;0;0
G06;B3;;Cal.Biomass[DCW [g/L]]:FS=3;0;0;0;0;0;0;0;0;0;0;0;0;0;0;0;0;0;0;0;0;0;0;0;0;0;0;0;0;0;0;0;0;0;0;0;0;0;0;0;0;0;0;0;0;0;0;0;0;0;0;0;0;0;0;0;0;0;0;0;0;0;0;0;0;0;0;0;0;0;0;0;0;0;0;0;0;0;0;0;0;0;0;0;0;0;0;0;0;0;0;0;0;0;0;0;0;0;0;0;0;0;0;0;0;0;0;0;0;0;0;0;0;0;0;0;0;0;0;0;0;0;0;0;0;0;0;0;0;0;0;0;0;0;0;0;0;0;0;0;0;0;0;0;0
G07;B4;;Cal.Biomass[DCW [g/L]]:FS=3;0;0;0;0;0;0;0;0;0;0;0;0;0;0;0;0;0;0;0;0;0;0;0;0;0;0;0;0;0;0;0;0;0;0;0;0;0;0;0;0;0;0;0;0;0;0;0;0;0;0;0;0;0;0;0;0;0;0;0;0;0;0;0;0;0;0;0;0;0;0;0;0;0;0;0;0;0;0;0;0;0;0;0;0;0;0;0;0;0;0;0;0;0;0;0;0;0;0;0;0;0;0;0;0;0;0;0;0;0;0;0;0;0;0;0;0;0;0;0;0;0;0;0;0;0;0;0;0;0;0;0;0;0;0;0;0;0;0;0;0;0;0;0;0
G08;B4;;Cal.Biomass[DCW [g/L]]:FS=3;0;0;0;0;0;0;0;0;0;0;0;0;0;0;0;0;0;0;0;0;0;0;0;0;0;0;0;0;0;0;0;0;0;0;0;0;0;0;0;0;0;0;0;0;0;0;0;0;0;0;0;0;0;0;0;0;0;0;0;0;0;0;0;0;0;0;0;0;0;0;0;0;0;0;0;0;0;0;0;0;0;0;0;0;0;0;0;0;0;0;0;0;0;0;0;0;0;0;0;0;0;0;0;0;0;0;0;0;0;0;0;0;0;0;0;0;0;0;0;0;0;0;0;0;0;0;0;0;0;0;0;0;0;0;0;0;0;0;0;0;0;0;0;0
G09;B4;;Cal.Biomass[DCW [g/L]]:FS=3;0;0;0;0;0;0;0;0;0;0;0;0;0;0;0;0;0;0;0;0;0;0;0;0;0;0;0;0;0;0;0;0;0;0;0;0;0;0;0;0;0;0;0;0;0;0;0;0;0;0;0;0;0;0;0;0;0;0;0;0;0;0;0;0;0;0;0;0;0;0;0;0;0;0;0;0;0;0;0;0;0;0;0;0;0;0;0;0;0;0;0;0;0;0;0;0;0;0;0;0;0;0;0;0;0;0;0;0;0;0;0;0;0;0;0;0;0;0;0;0;0;0;0;0;0;0;0;0;0;0;0;0;0;0;0;0;0;0;0;0;0;0;0;0
G10;B4;;Cal.Biomass[DCW [g/L]]:FS=3;0;0;0;0;0;0;0;0;0;0;0;0;0;0;0;0;0;0;0;0;0;0;0;0;0;0;0;0;0;0;0;0;0;0;0;0;0;0;0;0;0;0;0;0;0;0;0;0;0;0;0;0;0;0;0;0;0;0;0;0;0;0;0;0;0;0;0;0;0;0;0;0;0;0;0;0;0;0;0;0;0;0;0;0;0;0;0;0;0;0;0;0;0;0;0;0;0;0;0;0;0;0;0;0;0;0;0;0;0;0;0;0;0;0;0;0;0;0;0;0;0;0;0;0;0;0;0;0;0;0;0;0;0;0;0;0;0;0;0;0;0;0;0;0
G11;B4;;Cal.Biomass[DCW [g/L]]:FS=3;0;0;0;0;0;0;0;0;0;0;0;0;0;0;0;0;0;0;0;0;0;0;0;0;0;0;0;0;0;0;0;0;0;0;0;0;0;0;0;0;0;0;0;0;0;0;0;0;0;0;0;0;0;0;0;0;0;0;0;0;0;0;0;0;0;0;0;0;0;0;0;0;0;0;0;0;0;0;0;0;0;0;0;0;0;0;0;0;0;0;0;0;0;0;0;0;0;0;0;0;0;0;0;0;0;0;0;0;0;0;0;0;0;0;0;0;0;0;0;0;0;0;0;0;0;0;0;0;0;0;0;0;0;0;0;0;0;0;0;0;0;0;0;0
C02;X1;;Cal.Biomass[DCW [g/L]]:FS=Blanked.3;0;0;0;0;0;0;0;0;0;0;0;0;0;0;0;0;0;0;0;0;0;0;0;0;0;0;0;0;0;0;0;0;0;0;0;0;0;0;0;0;0;0;0;0;0;0;0;0;0;0;0;0;0;0;0;0;0;0;0;0;0;0;0;0;0;0;0;0;0;0;0;0;0;0;0;0;0;0;0;0;0;0;0;0;0;0;0;0;0;0;0;0;0;0;0;0;0;0;0;0;0;0;0;0;0;0;0;0;0;0;0;0;0;0;0;0;0;0;0;0;0;0;0;0;0;0;0;0;0;0;0;0;0;0;0;0;0;0;0;0;0;0;0;0
C03;X1;;Cal.Biomass[DCW [g/L]]:FS=Blanked.3;0;0;0;0;0;0;0;0;0;0;0;0;0;0;0;0;0;0;0;0;0;0;0;0;0;0;0;0;0;0;0;0;0;0;0;0;0;0;0;0;0;0;0;0;0;0;0;0;0;0;0;0;0;0;0;0;0;0;0;0;0;0;0;0;0;0;0;0;0;0;0;0;0;0;0;0;0;0;0;0;0;0;0;0;0;0;0;0;0;0;0;0;0;0;0;0;0;0;0;0;0;0;0;0;0;0;0;0;0;0;0;0;0;0;0;0;0;0;0;0;0;0;0;0;0;0;0;0;0;0;0;0;0;0;0;0;0;0;0;0;0;0;0;0
C04;X1;;Cal.Biomass[DCW [g/L]]:FS=Blanked.3;0;0;0;0;0;0;0;0;0;0;0;0;0;0;0;0;0;0;0;0;0;0;0;0;0;0;0;0;0;0;0;0;0;0;0;0;0;0;0;0;0;0;0;0;0;0;0;0;0;0;0;0;0;0;0;0;0;0;0;0;0;0;0;0;0;0;0;0;0;0;0;0;0;0;0;0;0;0;0;0;0;0;0;0;0;0;0;0;0;0;0;0;0;0;0;0;0;0;0;0;0;0;0;0;0;0;0;0;0;0;0;0;0;0;0;0;0;0;0;0;0;0;0;0;0;0;0;0;0;0;0;0;0;0;0;0;0;0;0;0;0;0;0;0
C05;X1;;Cal.Biomass[DCW [g/L]]:FS=Blanked.3;0;0;0;0;0;0;0;0;0;0;0;0;0;0;0;0;0;0;0;0;0;0;0;0;0;0;0;0;0;0;0;0;0;0;0;0;0;0;0;0;0;0;0;0;0;0;0;0;0;0;0;0;0;0;0;0;0;0;0;0;0;0;0;0;0;0;0;0;0;0;0;0;0;0;0;0;0;0;0;0;0;0;0;0;0;0;0;0;0;0;0;0;0;0;0;0;0;0;0;0;0;0;0;0;0;0;0;0;0;0;0;0;0;0;0;0;0;0;0;0;0;0;0;0;0;0;0;0;0;0;0;0;0;0;0;0;0;0;0;0;0;0;0;0
C06;X1;;Cal.Biomass[DCW [g/L]]:FS=Blanked.3;0;0;0;0;0;0;0;0;0;0;0;0;0;0;0;0;0;0;0;0;0;0;0;0;0;0;0;0;0;0;0;0;0;0;0;0;0;0;0;0;0;0;0;0;0;0;0;0;0;0;0;0;0;0;0;0;0;0;0;0;0;0;0;0;0;0;0;0;0;0;0;0;0;0;0;0;0;0;0;0;0;0;0;0;0;0;0;0;0;0;0;0;0;0;0;0;0;0;0;0;0;0;0;0;0;0;0;0;0;0;0;0;0;0;0;0;0;0;0;0;0;0;0;0;0;0;0;0;0;0;0;0;0;0;0;0;0;0;0;0;0;0;0;0
C07;X2;;Cal.Biomass[DCW [g/L]]:FS=Blanked.3;0;0;0;0;0;0;0;0;0;0;0;0;0;0;0;0;0;0;0;0;0;0;0;0;0;0;0;0;0;0;0;0;0;0;0;0;0;0;0;0;0;0;0;0;0;0;0;0;0;0;0;0;0;0;0;0;0;0;0;0;0;0;0;0;0;0;0;0;0;0;0;0;0;0;0;0;0;0;0;0;0;0;0;0;0;0;0;0;0;0;0;0;0;0;0;0;0;0;0;0;0;0;0;0;0;0;0;0;0;0;0;0;0;0;0;0;0;0;0;0;0;0;0;0;0;0;0;0;0;0;0;0;0;0;0;0;0;0;0;0;0;0;0;0
C08;X2;;Cal.Biomass[DCW [g/L]]:FS=Blanked.3;0;0;0;0;0;0;0;0;0;0;0;0;0;0;0;0;0;0;0;0;0;0;0;0;0;0;0;0;0;0;0;0;0;0;0;0;0;0;0;0;0;0;0;0;0;0;0;0;0;0;0;0;0;0;0;0;0;0;0;0;0;0;0;0;0;0;0;0;0;0;0;0;0;0;0;0;0;0;0;0;0;0;0;0;0;0;0;0;0;0;0;0;0;0;0;0;0;0;0;0;0;0;0;0;0;0;0;0;0;0;0;0;0;0;0;0;0;0;0;0;0;0;0;0;0;0;0;0;0;0;0;0;0;0;0;0;0;0;0;0;0;0;0;0
C09;X2;;Cal.Biomass[DCW [g/L]]:FS=Blanked.3;0;0;0;0;0;0;0;0;0;0;0;0;0;0;0;0;0;0;0;0;0;0;0;0;0;0;0;0;0;0;0;0;0;0;0;0;0;0;0;0;0;0;0;0;0;0;0;0;0;0;0;0;0;0;0;0;0;0;0;0;0;0;0;0;0;0;0;0;0;0;0;0;0;0;0;0;0;0;0;0;0;0;0;0;0;0;0;0;0;0;0;0;0;0;0;0;0;0;0;0;0;0;0;0;0;0;0;0;0;0;0;0;0;0;0;0;0;0;0;0;0;0;0;0;0;0;0;0;0;0;0;0;0;0;0;0;0;0;0;0;0;0;0;0
C10;X2;;Cal.Biomass[DCW [g/L]]:FS=Blanked.3;0;0;0;0;0;0;0;0;0;0;0;0;0;0;0;0;0;0;0;0;0;0;0;0;0;0;0;0;0;0;0;0;0;0;0;0;0;0;0;0;0;0;0;0;0;0;0;0;0;0;0;0;0;0;0;0;0;0;0;0;0;0;0;0;0;0;0;0;0;0;0;0;0;0;0;0;0;0;0;0;0;0;0;0;0;0;0;0;0;0;0;0;0;0;0;0;0;0;0;0;0;0;0;0;0;0;0;0;0;0;0;0;0;0;0;0;0;0;0;0;0;0;0;0;0;0;0;0;0;0;0;0;0;0;0;0;0;0;0;0;0;0;0;0
C11;X2;;Cal.Biomass[DCW [g/L]]:FS=Blanked.3;0;0;0;0;0;0;0;0;0;0;0;0;0;0;0;0;0;0;0;0;0;0;0;0;0;0;0;0;0;0;0;0;0;0;0;0;0;0;0;0;0;0;0;0;0;0;0;0;0;0;0;0;0;0;0;0;0;0;0;0;0;0;0;0;0;0;0;0;0;0;0;0;0;0;0;0;0;0;0;0;0;0;0;0;0;0;0;0;0;0;0;0;0;0;0;0;0;0;0;0;0;0;0;0;0;0;0;0;0;0;0;0;0;0;0;0;0;0;0;0;0;0;0;0;0;0;0;0;0;0;0;0;0;0;0;0;0;0;0;0;0;0;0;0
D02;X3;;Cal.Biomass[DCW [g/L]]:FS=Blanked.3;0;0;0;0;0;0;0;0;0;0;0;0;0;0;0;0;0;0;0;0;0;0;0;0;0;0;0;0;0;0;0;0;0;0;0;0;0;0;0;0;0;0;0;0;0;0;0;0;0;0;0;0;0;0;0;0;0;0;0;0;0;0;0;0;0;0;0;0;0;0;0;0;0;0;0;0;0;0;0;0;0;0;0;0;0;0;0;0;0;0;0;0;0;0;0;0;0;0;0;0;0;0;0;0;0;0;0;0;0;0;0;0;0;0;0;0;0;0;0;0;0;0;0;0;0;0;0;0;0;0;0;0;0;0;0;0;0;0;0;0;0;0;0;0
D03;X3;;Cal.Biomass[DCW [g/L]]:FS=Blanked.3;0;0;0;0;0;0;0;0;0;0;0;0;0;0;0;0;0;0;0;0;0;0;0;0;0;0;0;0;0;0;0;0;0;0;0;0;0;0;0;0;0;0;0;0;0;0;0;0;0;0;0;0;0;0;0;0;0;0;0;0;0;0;0;0;0;0;0;0;0;0;0;0;0;0;0;0;0;0;0;0;0;0;0;0;0;0;0;0;0;0;0;0;0;0;0;0;0;0;0;0;0;0;0;0;0;0;0;0;0;0;0;0;0;0;0;0;0;0;0;0;0;0;0;0;0;0;0;0;0;0;0;0;0;0;0;0;0;0;0;0;0;0;0;0
D04;X3;;Cal.Biomass[DCW [g/L]]:FS=Blanked.3;0;0;0;0;0;0;0;0;0;0;0;0;0;0;0;0;0;0;0;0;0;0;0;0;0;0;0;0;0;0;0;0;0;0;0;0;0;0;0;0;0;0;0;0;0;0;0;0;0;0;0;0;0;0;0;0;0;0;0;0;0;0;0;0;0;0;0;0;0;0;0;0;0;0;0;0;0;0;0;0;0;0;0;0;0;0;0;0;0;0;0;0;0;0;0;0;0;0;0;0;0;0;0;0;0;0;0;0;0;0;0;0;0;0;0;0;0;0;0;0;0;0;0;0;0;0;0;0;0;0;0;0;0;0;0;0;0;0;0;0;0;0;0;0
D05;X3;;Cal.Biomass[DCW [g/L]]:FS=Blanked.3;0;0;0;0;0;0;0;0;0;0;0;0;0;0;0;0;0;0;0;0;0;0;0;0;0;0;0;0;0;0;0;0;0;0;0;0;0;0;0;0;0;0;0;0;0;0;0;0;0;0;0;0;0;0;0;0;0;0;0;0;0;0;0;0;0;0;0;0;0;0;0;0;0;0;0;0;0;0;0;0;0;0;0;0;0;0;0;0;0;0;0;0;0;0;0;0;0;0;0;0;0;0;0;0;0;0;0;0;0;0;0;0;0;0;0;0;0;0;0;0;0;0;0;0;0;0;0;0;0;0;0;0;0;0;0;0;0;0;0;0;0;0;0;0
D06;X3;;Cal.Biomass[DCW [g/L]]:FS=Blanked.3;0;0;0;0;0;0;0;0;0;0;0;0;0;0;0;0;0;0;0;0;0;0;0;0;0;0;0;0;0;0;0;0;0;0;0;0;0;0;0;0;0;0;0;0;0;0;0;0;0;0;0;0;0;0;0;0;0;0;0;0;0;0;0;0;0;0;0;0;0;0;0;0;0;0;0;0;0;0;0;0;0;0;0;0;0;0;0;0;0;0;0;0;0;0;0;0;0;0;0;0;0;0;0;0;0;0;0;0;0;0;0;0;0;0;0;0;0;0;0;0;0;0;0;0;0;0;0;0;0;0;0;0;0;0;0;0;0;0;0;0;0;0;0;0
D07;X4;;Cal.Biomass[DCW [g/L]]:FS=Blanked.3;0;0;0;0;0;0;0;0;0;0;0;0;0;0;0;0;0;0;0;0;0;0;0;0;0;0;0;0;0;0;0;0;0;0;0;0;0;0;0;0;0;0;0;0;0;0;0;0;0;0;0;0;0;0;0;0;0;0;0;0;0;0;0;0;0;0;0;0;0;0;0;0;0;0;0;0;0;0;0;0;0;0;0;0;0;0;0;0;0;0;0;0;0;0;0;0;0;0;0;0;0;0;0;0;0;0;0;0;0;0;0;0;0;0;0;0;0;0;0;0;0;0;0;0;0;0;0;0;0;0;0;0;0;0;0;0;0;0;0;0;0;0;0;0
D08;X4;;Cal.Biomass[DCW [g/L]]:FS=Blanked.3;0;0;0;0;0;0;0;0;0;0;0;0;0;0;0;0;0;0;0;0;0;0;0;0;0;0;0;0;0;0;0;0;0;0;0;0;0;0;0;0;0;0;0;0;0;0;0;0;0;0;0;0;0;0;0;0;0;0;0;0;0;0;0;0;0;0;0;0;0;0;0;0;0;0;0;0;0;0;0;0;0;0;0;0;0;0;0;0;0;0;0;0;0;0;0;0;0;0;0;0;0;0;0;0;0;0;0;0;0;0;0;0;0;0;0;0;0;0;0;0;0;0;0;0;0;0;0;0;0;0;0;0;0;0;0;0;0;0;0;0;0;0;0;0
D09;X4;;Cal.Biomass[DCW [g/L]]:FS=Blanked.3;0;0;0;0;0;0;0;0;0;0;0;0;0;0;0;0;0;0;0;0;0;0;0;0;0;0;0;0;0;0;0;0;0;0;0;0;0;0;0;0;0;0;0;0;0;0;0;0;0;0;0;0;0;0;0;0;0;0;0;0;0;0;0;0;0;0;0;0;0;0;0;0;0;0;0;0;0;0;0;0;0;0;0;0;0;0;0;0;0;0;0;0;0;0;0;0;0;0;0;0;0;0;0;0;0;0;0;0;0;0;0;0;0;0;0;0;0;0;0;0;0;0;0;0;0;0;0;0;0;0;0;0;0;0;0;0;0;0;0;0;0;0;0;0
D10;X4;;Cal.Biomass[DCW [g/L]]:FS=Blanked.3;0;0;0;0;0;0;0;0;0;0;0;0;0;0;0;0;0;0;0;0;0;0;0;0;0;0;0;0;0;0;0;0;0;0;0;0;0;0;0;0;0;0;0;0;0;0;0;0;0;0;0;0;0;0;0;0;0;0;0;0;0;0;0;0;0;0;0;0;0;0;0;0;0;0;0;0;0;0;0;0;0;0;0;0;0;0;0;0;0;0;0;0;0;0;0;0;0;0;0;0;0;0;0;0;0;0;0;0;0;0;0;0;0;0;0;0;0;0;0;0;0;0;0;0;0;0;0;0;0;0;0;0;0;0;0;0;0;0;0;0;0;0;0;0
D11;X4;;Cal.Biomass[DCW [g/L]]:FS=Blanked.3;0;0;0;0;0;0;0;0;0;0;0;0;0;0;0;0;0;0;0;0;0;0;0;0;0;0;0;0;0;0;0;0;0;0;0;0;0;0;0;0;0;0;0;0;0;0;0;0;0;0;0;0;0;0;0;0;0;0;0;0;0;0;0;0;0;0;0;0;0;0;0;0;0;0;0;0;0;0;0;0;0;0;0;0;0;0;0;0;0;0;0;0;0;0;0;0;0;0;0;0;0;0;0;0;0;0;0;0;0;0;0;0;0;0;0;0;0;0;0;0;0;0;0;0;0;0;0;0;0;0;0;0;0;0;0;0;0;0;0;0;0;0;0;0
C02;X1;;Cal.Biomass[DCW [g/L]]:FS=Blanked.1;0;0;0;0;0;0;0;0;0;0;0;0;0;0;0;0;0;0;0;0;0;0;0;0;0;0;0;0;0;0;0;0;0;0;0;0;0;0;0;0;0;0;0;0;0;0;0;0;0;0;0;0;0;0;0;0;0;0;0;0;0;0;0;0;0;0;0;0;0;0;0;0;0;0;0;0;0;0;0;0;0;0;0;0;0;0;0;0;0;0;0;0;0;0;0;0;0;0;0;0;0;0;0;0;0;0;0;0;0;0;0;0;0;0;0;0;0;0;0;0;0;0;0;0;0;0;0;0;0;0;0;0;0;0;0;0;0;0;0;0;0;0;0;0
C03;X1;;Cal.Biomass[DCW [g/L]]:FS=Blanked.1;0;0;0;0;0;0;0;0;0;0;0;0;0;0;0;0;0;0;0;0;0;0;0;0;0;0;0;0;0;0;0;0;0;0;0;0;0;0;0;0;0;0;0;0;0;0;0;0;0;0;0;0;0;0;0;0;0;0;0;0;0;0;0;0;0;0;0;0;0;0;0;0;0;0;0;0;0;0;0;0;0;0;0;0;0;0;0;0;0;0;0;0;0;0;0;0;0;0;0;0;0;0;0;0;0;0;0;0;0;0;0;0;0;0;0;0;0;0;0;0;0;0;0;0;0;0;0;0;0;0;0;0;0;0;0;0;0;0;0;0;0;0;0;0
C04;X1;;Cal.Biomass[DCW [g/L]]:FS=Blanked.1;0;0;0;0;0;0;0;0;0;0;0;0;0;0;0;0;0;0;0;0;0;0;0;0;0;0;0;0;0;0;0;0;0;0;0;0;0;0;0;0;0;0;0;0;0;0;0;0;0;0;0;0;0;0;0;0;0;0;0;0;0;0;0;0;0;0;0;0;0;0;0;0;0;0;0;0;0;0;0;0;0;0;0;0;0;0;0;0;0;0;0;0;0;0;0;0;0;0;0;0;0;0;0;0;0;0;0;0;0;0;0;0;0;0;0;0;0;0;0;0;0;0;0;0;0;0;0;0;0;0;0;0;0;0;0;0;0;0;0;0;0;0;0;0
C05;X1;;Cal.Biomass[DCW [g/L]]:FS=Blanked.1;0;0;0;0;0;0;0;0;0;0;0;0;0;0;0;0;0;0;0;0;0;0;0;0;0;0;0;0;0;0;0;0;0;0;0;0;0;0;0;0;0;0;0;0;0;0;0;0;0;0;0;0;0;0;0;0;0;0;0;0;0;0;0;0;0;0;0;0;0;0;0;0;0;0;0;0;0;0;0;0;0;0;0;0;0;0;0;0;0;0;0;0;0;0;0;0;0;0;0;0;0;0;0;0;0;0;0;0;0;0;0;0;0;0;0;0;0;0;0;0;0;0;0;0;0;0;0;0;0;0;0;0;0;0;0;0;0;0;0;0;0;0;0;0
C06;X1;;Cal.Biomass[DCW [g/L]]:FS=Blanked.1;0;0;0;0;0;0;0;0;0;0;0;0;0;0;0;0;0;0;0;0;0;0;0;0;0;0;0;0;0;0;0;0;0;0;0;0;0;0;0;0;0;0;0;0;0;0;0;0;0;0;0;0;0;0;0;0;0;0;0;0;0;0;0;0;0;0;0;0;0;0;0;0;0;0;0;0;0;0;0;0;0;0;0;0;0;0;0;0;0;0;0;0;0;0;0;0;0;0;0;0;0;0;0;0;0;0;0;0;0;0;0;0;0;0;0;0;0;0;0;0;0;0;0;0;0;0;0;0;0;0;0;0;0;0;0;0;0;0;0;0;0;0;0;0
C07;X2;;Cal.Biomass[DCW [g/L]]:FS=Blanked.1;0;0;0;0;0;0;0;0;0;0;0;0;0;0;0;0;0;0;0;0;0;0;0;0;0;0;0;0;0;0;0;0;0;0;0;0;0;0;0;0;0;0;0;0;0;0;0;0;0;0;0;0;0;0;0;0;0;0;0;0;0;0;0;0;0;0;0;0;0;0;0;0;0;0;0;0;0;0;0;0;0;0;0;0;0;0;0;0;0;0;0;0;0;0;0;0;0;0;0;0;0;0;0;0;0;0;0;0;0;0;0;0;0;0;0;0;0;0;0;0;0;0;0;0;0;0;0;0;0;0;0;0;0;0;0;0;0;0;0;0;0;0;0;0
C08;X2;;Cal.Biomass[DCW [g/L]]:FS=Blanked.1;0;0;0;0;0;0;0;0;0;0;0;0;0;0;0;0;0;0;0;0;0;0;0;0;0;0;0;0;0;0;0;0;0;0;0;0;0;0;0;0;0;0;0;0;0;0;0;0;0;0;0;0;0;0;0;0;0;0;0;0;0;0;0;0;0;0;0;0;0;0;0;0;0;0;0;0;0;0;0;0;0;0;0;0;0;0;0;0;0;0;0;0;0;0;0;0;0;0;0;0;0;0;0;0;0;0;0;0;0;0;0;0;0;0;0;0;0;0;0;0;0;0;0;0;0;0;0;0;0;0;0;0;0;0;0;0;0;0;0;0;0;0;0;0
C09;X2;;Cal.Biomass[DCW [g/L]]:FS=Blanked.1;0;0;0;0;0;0;0;0;0;0;0;0;0;0;0;0;0;0;0;0;0;0;0;0;0;0;0;0;0;0;0;0;0;0;0;0;0;0;0;0;0;0;0;0;0;0;0;0;0;0;0;0;0;0;0;0;0;0;0;0;0;0;0;0;0;0;0;0;0;0;0;0;0;0;0;0;0;0;0;0;0;0;0;0;0;0;0;0;0;0;0;0;0;0;0;0;0;0;0;0;0;0;0;0;0;0;0;0;0;0;0;0;0;0;0;0;0;0;0;0;0;0;0;0;0;0;0;0;0;0;0;0;0;0;0;0;0;0;0;0;0;0;0;0
C10;X2;;Cal.Biomass[DCW [g/L]]:FS=Blanked.1;0;0;0;0;0;0;0;0;0;0;0;0;0;0;0;0;0;0;0;0;0;0;0;0;0;0;0;0;0;0;0;0;0;0;0;0;0;0;0;0;0;0;0;0;0;0;0;0;0;0;0;0;0;0;0;0;0;0;0;0;0;0;0;0;0;0;0;0;0;0;0;0;0;0;0;0;0;0;0;0;0;0;0;0;0;0;0;0;0;0;0;0;0;0;0;0;0;0;0;0;0;0;0;0;0;0;0;0;0;0;0;0;0;0;0;0;0;0;0;0;0;0;0;0;0;0;0;0;0;0;0;0;0;0;0;0;0;0;0;0;0;0;0;0
C11;X2;;Cal.Biomass[DCW [g/L]]:FS=Blanked.1;0;0;0;0;0;0;0;0;0;0;0;0;0;0;0;0;0;0;0;0;0;0;0;0;0;0;0;0;0;0;0;0;0;0;0;0;0;0;0;0;0;0;0;0;0;0;0;0;0;0;0;0;0;0;0;0;0;0;0;0;0;0;0;0;0;0;0;0;0;0;0;0;0;0;0;0;0;0;0;0;0;0;0;0;0;0;0;0;0;0;0;0;0;0;0;0;0;0;0;0;0;0;0;0;0;0;0;0;0;0;0;0;0;0;0;0;0;0;0;0;0;0;0;0;0;0;0;0;0;0;0;0;0;0;0;0;0;0;0;0;0;0;0;0
D02;X3;;Cal.Biomass[DCW [g/L]]:FS=Blanked.1;0;0;0;0;0;0;0;0;0;0;0;0;0;0;0;0;0;0;0;0;0;0;0;0;0;0;0;0;0;0;0;0;0;0;0;0;0;0;0;0;0;0;0;0;0;0;0;0;0;0;0;0;0;0;0;0;0;0;0;0;0;0;0;0;0;0;0;0;0;0;0;0;0;0;0;0;0;0;0;0;0;0;0;0;0;0;0;0;0;0;0;0;0;0;0;0;0;0;0;0;0;0;0;0;0;0;0;0;0;0;0;0;0;0;0;0;0;0;0;0;0;0;0;0;0;0;0;0;0;0;0;0;0;0;0;0;0;0;0;0;0;0;0;0
D03;X3;;Cal.Biomass[DCW [g/L]]:FS=Blanked.1;0;0;0;0;0;0;0;0;0;0;0;0;0;0;0;0;0;0;0;0;0;0;0;0;0;0;0;0;0;0;0;0;0;0;0;0;0;0;0;0;0;0;0;0;0;0;0;0;0;0;0;0;0;0;0;0;0;0;0;0;0;0;0;0;0;0;0;0;0;0;0;0;0;0;0;0;0;0;0;0;0;0;0;0;0;0;0;0;0;0;0;0;0;0;0;0;0;0;0;0;0;0;0;0;0;0;0;0;0;0;0;0;0;0;0;0;0;0;0;0;0;0;0;0;0;0;0;0;0;0;0;0;0;0;0;0;0;0;0;0;0;0;0;0
D04;X3;;Cal.Biomass[DCW [g/L]]:FS=Blanked.1;0;0;0;0;0;0;0;0;0;0;0;0;0;0;0;0;0;0;0;0;0;0;0;0;0;0;0;0;0;0;0;0;0;0;0;0;0;0;0;0;0;0;0;0;0;0;0;0;0;0;0;0;0;0;0;0;0;0;0;0;0;0;0;0;0;0;0;0;0;0;0;0;0;0;0;0;0;0;0;0;0;0;0;0;0;0;0;0;0;0;0;0;0;0;0;0;0;0;0;0;0;0;0;0;0;0;0;0;0;0;0;0;0;0;0;0;0;0;0;0;0;0;0;0;0;0;0;0;0;0;0;0;0;0;0;0;0;0;0;0;0;0;0;0
D05;X3;;Cal.Biomass[DCW [g/L]]:FS=Blanked.1;0;0;0;0;0;0;0;0;0;0;0;0;0;0;0;0;0;0;0;0;0;0;0;0;0;0;0;0;0;0;0;0;0;0;0;0;0;0;0;0;0;0;0;0;0;0;0;0;0;0;0;0;0;0;0;0;0;0;0;0;0;0;0;0;0;0;0;0;0;0;0;0;0;0;0;0;0;0;0;0;0;0;0;0;0;0;0;0;0;0;0;0;0;0;0;0;0;0;0;0;0;0;0;0;0;0;0;0;0;0;0;0;0;0;0;0;0;0;0;0;0;0;0;0;0;0;0;0;0;0;0;0;0;0;0;0;0;0;0;0;0;0;0;0
D06;X3;;Cal.Biomass[DCW [g/L]]:FS=Blanked.1;0;0;0;0;0;0;0;0;0;0;0;0;0;0;0;0;0;0;0;0;0;0;0;0;0;0;0;0;0;0;0;0;0;0;0;0;0;0;0;0;0;0;0;0;0;0;0;0;0;0;0;0;0;0;0;0;0;0;0;0;0;0;0;0;0;0;0;0;0;0;0;0;0;0;0;0;0;0;0;0;0;0;0;0;0;0;0;0;0;0;0;0;0;0;0;0;0;0;0;0;0;0;0;0;0;0;0;0;0;0;0;0;0;0;0;0;0;0;0;0;0;0;0;0;0;0;0;0;0;0;0;0;0;0;0;0;0;0;0;0;0;0;0;0
D07;X4;;Cal.Biomass[DCW [g/L]]:FS=Blanked.1;0;0;0;0;0;0;0;0;0;0;0;0;0;0;0;0;0;0;0;0;0;0;0;0;0;0;0;0;0;0;0;0;0;0;0;0;0;0;0;0;0;0;0;0;0;0;0;0;0;0;0;0;0;0;0;0;0;0;0;0;0;0;0;0;0;0;0;0;0;0;0;0;0;0;0;0;0;0;0;0;0;0;0;0;0;0;0;0;0;0;0;0;0;0;0;0;0;0;0;0;0;0;0;0;0;0;0;0;0;0;0;0;0;0;0;0;0;0;0;0;0;0;0;0;0;0;0;0;0;0;0;0;0;0;0;0;0;0;0;0;0;0;0;0
D08;X4;;Cal.Biomass[DCW [g/L]]:FS=Blanked.1;0;0;0;0;0;0;0;0;0;0;0;0;0;0;0;0;0;0;0;0;0;0;0;0;0;0;0;0;0;0;0;0;0;0;0;0;0;0;0;0;0;0;0;0;0;0;0;0;0;0;0;0;0;0;0;0;0;0;0;0;0;0;0;0;0;0;0;0;0;0;0;0;0;0;0;0;0;0;0;0;0;0;0;0;0;0;0;0;0;0;0;0;0;0;0;0;0;0;0;0;0;0;0;0;0;0;0;0;0;0;0;0;0;0;0;0;0;0;0;0;0;0;0;0;0;0;0;0;0;0;0;0;0;0;0;0;0;0;0;0;0;0;0;0
D09;X4;;Cal.Biomass[DCW [g/L]]:FS=Blanked.1;0;0;0;0;0;0;0;0;0;0;0;0;0;0;0;0;0;0;0;0;0;0;0;0;0;0;0;0;0;0;0;0;0;0;0;0;0;0;0;0;0;0;0;0;0;0;0;0;0;0;0;0;0;0;0;0;0;0;0;0;0;0;0;0;0;0;0;0;0;0;0;0;0;0;0;0;0;0;0;0;0;0;0;0;0;0;0;0;0;0;0;0;0;0;0;0;0;0;0;0;0;0;0;0;0;0;0;0;0;0;0;0;0;0;0;0;0;0;0;0;0;0;0;0;0;0;0;0;0;0;0;0;0;0;0;0;0;0;0;0;0;0;0;0
D10;X4;;Cal.Biomass[DCW [g/L]]:FS=Blanked.1;0;0;0;0;0;0;0;0;0;0;0;0;0;0;0;0;0;0;0;0;0;0;0;0;0;0;0;0;0;0;0;0;0;0;0;0;0;0;0;0;0;0;0;0;0;0;0;0;0;0;0;0;0;0;0;0;0;0;0;0;0;0;0;0;0;0;0;0;0;0;0;0;0;0;0;0;0;0;0;0;0;0;0;0;0;0;0;0;0;0;0;0;0;0;0;0;0;0;0;0;0;0;0;0;0;0;0;0;0;0;0;0;0;0;0;0;0;0;0;0;0;0;0;0;0;0;0;0;0;0;0;0;0;0;0;0;0;0;0;0;0;0;0;0
D11;X4;;Cal.Biomass[DCW [g/L]]:FS=Blanked.1;0;0;0;0;0;0;0;0;0;0;0;0;0;0;0;0;0;0;0;0;0;0;0;0;0;0;0;0;0;0;0;0;0;0;0;0;0;0;0;0;0;0;0;0;0;0;0;0;0;0;0;0;0;0;0;0;0;0;0;0;0;0;0;0;0;0;0;0;0;0;0;0;0;0;0;0;0;0;0;0;0;0;0;0;0;0;0;0;0;0;0;0;0;0;0;0;0;0;0;0;0;0;0;0;0;0;0;0;0;0;0;0;0;0;0;0;0;0;0;0;0;0;0;0;0;0;0;0;0;0;0;0;0;0;0;0;0;0;0;0;0;0;0;0
C02;X1;;Cal.Biomass[DCW [g/L]]:FS=Blanked.2;0;0;0;0;0;0;0;0;0;0;0;0;0;0;0;0;0;0;0;0;0;0;0;0;0;0;0;0;0;0;0;0;0;0;0;0;0;0;0;0;0;0;0;0;0;0;0;0;0;0;0;0;0;0;0;0;0;0;0;0;0;0;0;0;0;0;0;0;0;0;0;0;0;0;0;0;0;0;0;0;0;0;0;0;0;0;0;0;0;0;0;0;0;0;0;0;0;0;0;0;0;0;0;0;0;0;0;0;0;0;0;0;0;0;0;0;0;0;0;0;0;0;0;0;0;0;0;0;0;0;0;0;0;0;0;0;0;0;0;0;0;0;0;0
C03;X1;;Cal.Biomass[DCW [g/L]]:FS=Blanked.2;0;0;0;0;0;0;0;0;0;0;0;0;0;0;0;0;0;0;0;0;0;0;0;0;0;0;0;0;0;0;0;0;0;0;0;0;0;0;0;0;0;0;0;0;0;0;0;0;0;0;0;0;0;0;0;0;0;0;0;0;0;0;0;0;0;0;0;0;0;0;0;0;0;0;0;0;0;0;0;0;0;0;0;0;0;0;0;0;0;0;0;0;0;0;0;0;0;0;0;0;0;0;0;0;0;0;0;0;0;0;0;0;0;0;0;0;0;0;0;0;0;0;0;0;0;0;0;0;0;0;0;0;0;0;0;0;0;0;0;0;0;0;0;0
C04;X1;;Cal.Biomass[DCW [g/L]]:FS=Blanked.2;0;0;0;0;0;0;0;0;0;0;0;0;0;0;0;0;0;0;0;0;0;0;0;0;0;0;0;0;0;0;0;0;0;0;0;0;0;0;0;0;0;0;0;0;0;0;0;0;0;0;0;0;0;0;0;0;0;0;0;0;0;0;0;0;0;0;0;0;0;0;0;0;0;0;0;0;0;0;0;0;0;0;0;0;0;0;0;0;0;0;0;0;0;0;0;0;0;0;0;0;0;0;0;0;0;0;0;0;0;0;0;0;0;0;0;0;0;0;0;0;0;0;0;0;0;0;0;0;0;0;0;0;0;0;0;0;0;0;0;0;0;0;0;0
C05;X1;;Cal.Biomass[DCW [g/L]]:FS=Blanked.2;0;0;0;0;0;0;0;0;0;0;0;0;0;0;0;0;0;0;0;0;0;0;0;0;0;0;0;0;0;0;0;0;0;0;0;0;0;0;0;0;0;0;0;0;0;0;0;0;0;0;0;0;0;0;0;0;0;0;0;0;0;0;0;0;0;0;0;0;0;0;0;0;0;0;0;0;0;0;0;0;0;0;0;0;0;0;0;0;0;0;0;0;0;0;0;0;0;0;0;0;0;0;0;0;0;0;0;0;0;0;0;0;0;0;0;0;0;0;0;0;0;0;0;0;0;0;0;0;0;0;0;0;0;0;0;0;0;0;0;0;0;0;0;0
C06;X1;;Cal.Biomass[DCW [g/L]]:FS=Blanked.2;0;0;0;0;0;0;0;0;0;0;0;0;0;0;0;0;0;0;0;0;0;0;0;0;0;0;0;0;0;0;0;0;0;0;0;0;0;0;0;0;0;0;0;0;0;0;0;0;0;0;0;0;0;0;0;0;0;0;0;0;0;0;0;0;0;0;0;0;0;0;0;0;0;0;0;0;0;0;0;0;0;0;0;0;0;0;0;0;0;0;0;0;0;0;0;0;0;0;0;0;0;0;0;0;0;0;0;0;0;0;0;0;0;0;0;0;0;0;0;0;0;0;0;0;0;0;0;0;0;0;0;0;0;0;0;0;0;0;0;0;0;0;0;0
C07;X2;;Cal.Biomass[DCW [g/L]]:FS=Blanked.2;0;0;0;0;0;0;0;0;0;0;0;0;0;0;0;0;0;0;0;0;0;0;0;0;0;0;0;0;0;0;0;0;0;0;0;0;0;0;0;0;0;0;0;0;0;0;0;0;0;0;0;0;0;0;0;0;0;0;0;0;0;0;0;0;0;0;0;0;0;0;0;0;0;0;0;0;0;0;0;0;0;0;0;0;0;0;0;0;0;0;0;0;0;0;0;0;0;0;0;0;0;0;0;0;0;0;0;0;0;0;0;0;0;0;0;0;0;0;0;0;0;0;0;0;0;0;0;0;0;0;0;0;0;0;0;0;0;0;0;0;0;0;0;0
C08;X2;;Cal.Biomass[DCW [g/L]]:FS=Blanked.2;0;0;0;0;0;0;0;0;0;0;0;0;0;0;0;0;0;0;0;0;0;0;0;0;0;0;0;0;0;0;0;0;0;0;0;0;0;0;0;0;0;0;0;0;0;0;0;0;0;0;0;0;0;0;0;0;0;0;0;0;0;0;0;0;0;0;0;0;0;0;0;0;0;0;0;0;0;0;0;0;0;0;0;0;0;0;0;0;0;0;0;0;0;0;0;0;0;0;0;0;0;0;0;0;0;0;0;0;0;0;0;0;0;0;0;0;0;0;0;0;0;0;0;0;0;0;0;0;0;0;0;0;0;0;0;0;0;0;0;0;0;0;0;0
C09;X2;;Cal.Biomass[DCW [g/L]]:FS=Blanked.2;0;0;0;0;0;0;0;0;0;0;0;0;0;0;0;0;0;0;0;0;0;0;0;0;0;0;0;0;0;0;0;0;0;0;0;0;0;0;0;0;0;0;0;0;0;0;0;0;0;0;0;0;0;0;0;0;0;0;0;0;0;0;0;0;0;0;0;0;0;0;0;0;0;0;0;0;0;0;0;0;0;0;0;0;0;0;0;0;0;0;0;0;0;0;0;0;0;0;0;0;0;0;0;0;0;0;0;0;0;0;0;0;0;0;0;0;0;0;0;0;0;0;0;0;0;0;0;0;0;0;0;0;0;0;0;0;0;0;0;0;0;0;0;0
C10;X2;;Cal.Biomass[DCW [g/L]]:FS=Blanked.2;0;0;0;0;0;0;0;0;0;0;0;0;0;0;0;0;0;0;0;0;0;0;0;0;0;0;0;0;0;0;0;0;0;0;0;0;0;0;0;0;0;0;0;0;0;0;0;0;0;0;0;0;0;0;0;0;0;0;0;0;0;0;0;0;0;0;0;0;0;0;0;0;0;0;0;0;0;0;0;0;0;0;0;0;0;0;0;0;0;0;0;0;0;0;0;0;0;0;0;0;0;0;0;0;0;0;0;0;0;0;0;0;0;0;0;0;0;0;0;0;0;0;0;0;0;0;0;0;0;0;0;0;0;0;0;0;0;0;0;0;0;0;0;0
C11;X2;;Cal.Biomass[DCW [g/L]]:FS=Blanked.2;0;0;0;0;0;0;0;0;0;0;0;0;0;0;0;0;0;0;0;0;0;0;0;0;0;0;0;0;0;0;0;0;0;0;0;0;0;0;0;0;0;0;0;0;0;0;0;0;0;0;0;0;0;0;0;0;0;0;0;0;0;0;0;0;0;0;0;0;0;0;0;0;0;0;0;0;0;0;0;0;0;0;0;0;0;0;0;0;0;0;0;0;0;0;0;0;0;0;0;0;0;0;0;0;0;0;0;0;0;0;0;0;0;0;0;0;0;0;0;0;0;0;0;0;0;0;0;0;0;0;0;0;0;0;0;0;0;0;0;0;0;0;0;0
D02;X3;;Cal.Biomass[DCW [g/L]]:FS=Blanked.2;0;0;0;0;0;0;0;0;0;0;0;0;0;0;0;0;0;0;0;0;0;0;0;0;0;0;0;0;0;0;0;0;0;0;0;0;0;0;0;0;0;0;0;0;0;0;0;0;0;0;0;0;0;0;0;0;0;0;0;0;0;0;0;0;0;0;0;0;0;0;0;0;0;0;0;0;0;0;0;0;0;0;0;0;0;0;0;0;0;0;0;0;0;0;0;0;0;0;0;0;0;0;0;0;0;0;0;0;0;0;0;0;0;0;0;0;0;0;0;0;0;0;0;0;0;0;0;0;0;0;0;0;0;0;0;0;0;0;0;0;0;0;0;0
D03;X3;;Cal.Biomass[DCW [g/L]]:FS=Blanked.2;0;0;0;0;0;0;0;0;0;0;0;0;0;0;0;0;0;0;0;0;0;0;0;0;0;0;0;0;0;0;0;0;0;0;0;0;0;0;0;0;0;0;0;0;0;0;0;0;0;0;0;0;0;0;0;0;0;0;0;0;0;0;0;0;0;0;0;0;0;0;0;0;0;0;0;0;0;0;0;0;0;0;0;0;0;0;0;0;0;0;0;0;0;0;0;0;0;0;0;0;0;0;0;0;0;0;0;0;0;0;0;0;0;0;0;0;0;0;0;0;0;0;0;0;0;0;0;0;0;0;0;0;0;0;0;0;0;0;0;0;0;0;0;0
D04;X3;;Cal.Biomass[DCW [g/L]]:FS=Blanked.2;0;0;0;0;0;0;0;0;0;0;0;0;0;0;0;0;0;0;0;0;0;0;0;0;0;0;0;0;0;0;0;0;0;0;0;0;0;0;0;0;0;0;0;0;0;0;0;0;0;0;0;0;0;0;0;0;0;0;0;0;0;0;0;0;0;0;0;0;0;0;0;0;0;0;0;0;0;0;0;0;0;0;0;0;0;0;0;0;0;0;0;0;0;0;0;0;0;0;0;0;0;0;0;0;0;0;0;0;0;0;0;0;0;0;0;0;0;0;0;0;0;0;0;0;0;0;0;0;0;0;0;0;0;0;0;0;0;0;0;0;0;0;0;0
D05;X3;;Cal.Biomass[DCW [g/L]]:FS=Blanked.2;0;0;0;0;0;0;0;0;0;0;0;0;0;0;0;0;0;0;0;0;0;0;0;0;0;0;0;0;0;0;0;0;0;0;0;0;0;0;0;0;0;0;0;0;0;0;0;0;0;0;0;0;0;0;0;0;0;0;0;0;0;0;0;0;0;0;0;0;0;0;0;0;0;0;0;0;0;0;0;0;0;0;0;0;0;0;0;0;0;0;0;0;0;0;0;0;0;0;0;0;0;0;0;0;0;0;0;0;0;0;0;0;0;0;0;0;0;0;0;0;0;0;0;0;0;0;0;0;0;0;0;0;0;0;0;0;0;0;0;0;0;0;0;0
D06;X3;;Cal.Biomass[DCW [g/L]]:FS=Blanked.2;0;0;0;0;0;0;0;0;0;0;0;0;0;0;0;0;0;0;0;0;0;0;0;0;0;0;0;0;0;0;0;0;0;0;0;0;0;0;0;0;0;0;0;0;0;0;0;0;0;0;0;0;0;0;0;0;0;0;0;0;0;0;0;0;0;0;0;0;0;0;0;0;0;0;0;0;0;0;0;0;0;0;0;0;0;0;0;0;0;0;0;0;0;0;0;0;0;0;0;0;0;0;0;0;0;0;0;0;0;0;0;0;0;0;0;0;0;0;0;0;0;0;0;0;0;0;0;0;0;0;0;0;0;0;0;0;0;0;0;0;0;0;0;0
D07;X4;;Cal.Biomass[DCW [g/L]]:FS=Blanked.2;0;0;0;0;0;0;0;0;0;0;0;0;0;0;0;0;0;0;0;0;0;0;0;0;0;0;0;0;0;0;0;0;0;0;0;0;0;0;0;0;0;0;0;0;0;0;0;0;0;0;0;0;0;0;0;0;0;0;0;0;0;0;0;0;0;0;0;0;0;0;0;0;0;0;0;0;0;0;0;0;0;0;0;0;0;0;0;0;0;0;0;0;0;0;0;0;0;0;0;0;0;0;0;0;0;0;0;0;0;0;0;0;0;0;0;0;0;0;0;0;0;0;0;0;0;0;0;0;0;0;0;0;0;0;0;0;0;0;0;0;0;0;0;0
D08;X4;;Cal.Biomass[DCW [g/L]]:FS=Blanked.2;0;0;0;0;0;0;0;0;0;0;0;0;0;0;0;0;0;0;0;0;0;0;0;0;0;0;0;0;0;0;0;0;0;0;0;0;0;0;0;0;0;0;0;0;0;0;0;0;0;0;0;0;0;0;0;0;0;0;0;0;0;0;0;0;0;0;0;0;0;0;0;0;0;0;0;0;0;0;0;0;0;0;0;0;0;0;0;0;0;0;0;0;0;0;0;0;0;0;0;0;0;0;0;0;0;0;0;0;0;0;0;0;0;0;0;0;0;0;0;0;0;0;0;0;0;0;0;0;0;0;0;0;0;0;0;0;0;0;0;0;0;0;0;0
D09;X4;;Cal.Biomass[DCW [g/L]]:FS=Blanked.2;0;0;0;0;0;0;0;0;0;0;0;0;0;0;0;0;0;0;0;0;0;0;0;0;0;0;0;0;0;0;0;0;0;0;0;0;0;0;0;0;0;0;0;0;0;0;0;0;0;0;0;0;0;0;0;0;0;0;0;0;0;0;0;0;0;0;0;0;0;0;0;0;0;0;0;0;0;0;0;0;0;0;0;0;0;0;0;0;0;0;0;0;0;0;0;0;0;0;0;0;0;0;0;0;0;0;0;0;0;0;0;0;0;0;0;0;0;0;0;0;0;0;0;0;0;0;0;0;0;0;0;0;0;0;0;0;0;0;0;0;0;0;0;0
D10;X4;;Cal.Biomass[DCW [g/L]]:FS=Blanked.2;0;0;0;0;0;0;0;0;0;0;0;0;0;0;0;0;0;0;0;0;0;0;0;0;0;0;0;0;0;0;0;0;0;0;0;0;0;0;0;0;0;0;0;0;0;0;0;0;0;0;0;0;0;0;0;0;0;0;0;0;0;0;0;0;0;0;0;0;0;0;0;0;0;0;0;0;0;0;0;0;0;0;0;0;0;0;0;0;0;0;0;0;0;0;0;0;0;0;0;0;0;0;0;0;0;0;0;0;0;0;0;0;0;0;0;0;0;0;0;0;0;0;0;0;0;0;0;0;0;0;0;0;0;0;0;0;0;0;0;0;0;0;0;0
D11;X4;;Cal.Biomass[DCW [g/L]]:FS=Blanked.2;0;0;0;0;0;0;0;0;0;0;0;0;0;0;0;0;0;0;0;0;0;0;0;0;0;0;0;0;0;0;0;0;0;0;0;0;0;0;0;0;0;0;0;0;0;0;0;0;0;0;0;0;0;0;0;0;0;0;0;0;0;0;0;0;0;0;0;0;0;0;0;0;0;0;0;0;0;0;0;0;0;0;0;0;0;0;0;0;0;0;0;0;0;0;0;0;0;0;0;0;0;0;0;0;0;0;0;0;0;0;0;0;0;0;0;0;0;0;0;0;0;0;0;0;0;0;0;0;0;0;0;0;0;0;0;0;0;0;0;0;0;0;0;0
ACT.TEMP;;;;28,9;30,1;30;30;30;30;30;30;30;30;30;30;30;30;30;30;30;30;30;30;30;30;30;30;30;30;30;30;30;30;30;30;30;30;30;30;30;30;30;30;30;30;30;30;30;30;30;30;30;30;30;30;30;30;30;30;30;30;30;30;30;29,9;30;30;30;29,9;30;30;30;30;30;30;30;30;30;30;30;30;30;30;30;30;30;30;30;30;30;30;30;30;30;30;30;30;30;30;30;30;30;30;30;29,9;30;30;30;30;30;30;30;30;30;30;30;30;30;30;30;30;30;30;30;30;30;30;30;30;30;30;30;30;30;30;30;30;30;30;30;30;30;30;30;30;30;30
ACT.HUMIDITY;;;;46,79;46,2;49,99;52,27;52,22;52,29;52,41;52,41;52,8;51,77;52,15;52,09;52,22;51,89;51,61;51,83;51,95;51,69;51,74;51,49;51,89;51,1;51,17;52,27;51,04;50,64;50,97;50,58;50,64;51,88;50,82;50,77;50,84;52,1;51,49;51,17;51,24;51,63;52,79;51,95;50,98;52,14;51,3;50,91;51,49;51,23;51,16;51,56;51,1;51,52;51,29;51,1;51,38;51,17;51,17;51,62;51,11;50,9;51,43;51,36;50,9;51,49;50,84;51,23;51,17;51,3;50,91;51,03;50,97;51,53;52,01;50,9;52,01;51,82;52,66;51,69;51,83;52,53;52,92;52,2;52,47;52,81;52,81;52,92;53,05;54,1;53,83;52,73;53,24;52,86;54,49;52,8;53,04;52,66;52,86;52,86;52,59;52,84;53,37;53,63;53,17;52,79;52,99;52,85;52,97;52,98;53,15;53,05;53,18;53,57;53,2;54,97;54,68;52,93;53,71;53,24;53,6;54,08;53,11;53,89;53,18;52,79;53,05;54,19;52,73;52,98;52,54;53,51;52,8;52,95;53,26;52,66;53,17;52,78;53,18;52,64;52,99;52,69;52,7;52,8;52,4;53,11;52,8;53,19
ACT.O2;;;;-0,01;-0,01;-0,01;-0,01;-0,01;-0,01;-0,01;-0,01;-0,01;-0,01;-0,01;-0,01;-0,01;-0,01;-0,01;-0,01;-0,01;-0,01;-0,01;-0,01;-0,01;-0,01;-0,01;-0,01;-0,01;-0,01;-0,01;-0,01;-0,01;-0,01;-0,01;-0,01;-0,01;-0,01;-0,01;-0,01;-0,01;-0,01;-0,01;-0,01;-0,01;-0,01;-0,01;-0,01;-0,01;-0,01;-0,01;-0,01;-0,01;-0,01;-0,01;-0,01;-0,01;-0,01;-0,01;-0,01;-0,01;-0,01;-0,01;-0,01;-0,01;-0,01;-0,01;-0,01;-0,01;-0,01;-0,01;-0,01;-0,01;-0,01;-0,01;-0,01;-0,01;-0,01;-0,01;-0,01;-0,01;-0,01;-0,01;-0,01;-0,01;-0,01;-0,01;-0,01;-0,01;-0,01;-0,01;-0,01;-0,01;-0,01;-0,01;-0,01;-0,01;-0,01;-0,01;-0,01;-0,01;-0,01;-0,01;-0,01;-0,01;-0,01;-0,01;-0,01;-0,01;-0,01;-0,01;-0,01;-0,01;-0,01;-0,01;-0,01;-0,01;-0,01;-0,01;-0,01;-0,01;-0,01;-0,01;-0,01;-0,01;-0,01;-0,01;-0,01;-0,01;-0,01;-0,01;-0,01;-0,01;-0,01;-0,01;-0,01;-0,01;-0,01;-0,01;-0,01;-0,01;-0,01;-0,01;-0,01;-0,01;-0,01;-0,01;-0,01
ACT.CO2;;;;0;0;0;0;0;0;0;0;0;0;0;0;0;0;0;0;0;0;0;0;0;0;0;0;0;0;0;0;0;0;0;0;0;0;0;0;0;0;0;0;0;0;0;0;0;0;0;0;0;0;0;0;0;0;0;0;0;0;0;0;0;0;0;0;0;0;0;0;0;0;0;0;0;0;0;0;0;0;0;0;0;0;0;0;0;0;0;0;0;0;0;0;0;0;0;0;0;0;0;0;0;0;0;0;0;0;0;0;0;0;0;0;0;0;0;0;0;0;0;0;0;0;0;0;0;0;0;0;0;0;0;0;0;0;0;0;0;0;0;0;0;0;0;0
