FILE NAME;MIM - Aureo_BSG_260827.csv
PROTOCOL;MIM - Aureo
FILE_VERSION;3.3
DATE START;1.1.2006;12:41:04
DATE END;1.1.2006;12:41:04
DEVICE;BL165_CX-383610
USER;MIM SBT;COMMENT;no comment available
PLATETYPE;96 new;LOT;UNKOWN
MTP ROWS;8
MTP COLUMNS;12
FILTERSETS;4

FILTERSET;FILTERNAME;EX [nm];EM [nm];LAYOUT;FILTERNO;GAIN;PHASESTATISTICSSIGMA;SIGNALQUALITYTOLERANCE;REFERENCE VALUE;Process Parameters;;Calibration Parameters;;;;Criterion Parameters;;
1;Biomass           ;620;620;MIM - Aureo - 2;1;20;1;0;100;SET TEMPERATURE [C];30;Phi0;72,21;Biomass Slope;0;CRITERION;;
2;Biomass           ;620;620;MIM - Aureo - 2;1;30;1;0;100;SET HUMIDITY [%];85;Phi100;42,01;Biomass Offset;0;FI;;
3;Biomass           ;620;620;MIM - Aureo - 2;1;40;1;0;100;SET O2 [%];20,95;Phi,min;56,03;Biomass Unit;DCW [g/L];FJ;;
4;Biomass           ;620;620;MIM - Aureo - 2;1;50;1;0;100;SET CO2 [%];0;Phi,max;11,11;;;FACTOR;0;
;;;;;;;;;;SET SHAKER FREQUENCY [rpm];1000;pH0;6,16;;;S0;NaN;
;;;;;;;;;;SET CYCLE TIME [min];10;dpH;0,53;;;EXTRA INFO;;
;;;;;;;;;;SET EXP TIME [h];1193;Temp. Compensation for pH Calibration;False;Temp. pH [C];28;;;
;;;;;;;;;;;;Temp. Compensation for pO2 Calibration;False;Temp. pO2 [C];28;;;

WELL No.;CONTENT;DESCRIPTION;CHANNEL;
;;;READING ->;1;2;3;4;5;6;7;8;9;10;11;12;13;14;15;16;17;18;19;20;21;22;23;24;25;26;27;28;29;30;31;32;33;34;35;36;37;38;39;40;41;42;43;44;45;46;47;48;49;50;51;52;53;54;55;56;57;58;59;60;61;62;63;64;65;66;67;68;69;70;71;72;73;74;75;76;77;78;79;80;81;82;83;84;85;86;87;88;89;90;91;92;93;94;95;96;97;98;99;100;101;102;103;104;105;106;107;108;109;110;111;112;113;114;115;116;117;118;119;120;121;122;123;124;125;126;127;128;129;130;131;132;133;134;135;136;137;138;139;140;141;142;143;144;145;146;147;148;149;150;151;152;153;154;155;156;157;158;159
;;;TIME [h] ->;0,03201;0,18393;0,3509;0,51747;0,68402;0,85104;1,01759;1,18434;1,35122;1,51796;1,68439;1,8511;2,01769;2,1847;2,35121;2,51804;2,68472;2,85133;3,01798;3,18477;3,35173;3,51838;3,68466;3,85173;4,01825;4,18489;4,35165;4,51853;4,68512;4,85195;5,01857;5,18534;5,35174;5,51861;5,68528;5,85201;6,01867;6,1857;6,352;6,51866;6,68537;6,85208;7,01907;7,18543;7,35219;7,51881;7,68552;7,85212;8,01894;8,18582;8,35271;8,51891;8,68577;8,85281;9,01919;9,18585;9,35264;9,51926;9,68592;9,85272;10,01938;10,18638;10,35282;10,51938;10,68626;10,85287;11,0196;11,1865;11,35304;11,5194;11,68606;11,853;12,01977;12,18639;12,3531;12,51972;12,68662;12,85296;13,02003;13,18681;13,3534;13,51991;13,68647;13,8533;14,02013;14,18696;14,35361;14,52016;14,6868;14,85356;15,02024;15,18692;15,35373;15,52036;15,68707;15,85388;16,02043;16,1872;16,35379;16,52044;16,6873;16,85384;17,02068;17,18748;17,35423;17,52086;17,68737;17,85443;18,02072;18,18752;18,35448;18,52098;18,68771;18,85447;19,02104;19,18785;19,35437;19,52122;19,68801;19,85434;20,02097;20,18785;20,35474;20,52138;20,6879;20,85475;21,02166;21,18843;21,35494;21,52155;21,68803;21,8552;22,02138;22,18822;22,35476;22,52154;22,68853;22,85535;23,02185;23,18868;23,35531;23,52166;23,68867;23,85551;24,02213;24,18861;24,35528;24,52201;24,68899;24,85572;25,02251;25,18878;25,35556;25,52206;25,68903;25,85554;26,02272;26,18913;26,35561
C03;B1;;1;22,186;33,014;36,915;38,556;38,806;39,515;40,037;40,226;40,804;40,938;41,818;41,72;42,185;41,77;41,979;42,371;43,026;42,152;43,573;43,626;43,387;43,489;43,802;43,878;44,63;44,1;44,694;44,049;44,324;44,758;43,788;44,092;44,414;43,993;43,764;43,901;42,503;42,738;42,021;41,511;41,965;41,31;39,891;39,757;41,199;40,044;38,57;39,433;38,689;38,49;39,136;38,944;38,464;36,964;36,452;36,211;34,819;34,041;34,758;33,996;33,55;33,96;32,648;32,725;30,986;32,609;30,706;31,585;30,008;31,313;30,25;30,624;30,017;31,071;28,408;28,245;27,525;28,391;28,189;27,887;28,333;27,876;27,192;27,924;26,008;27,099;25,06;26,026;25,838;25,907;25,063;24,711;25,142;23,752;24,212;22,598;23,738;21,616;19,163;22,808;21,263;20,894;20,677;19,888;17,845;18,174;18,361;17,244;17,627;17,324;18,931;17,281;18,398;17,634;16,83;15,456;15,226;15,744;14,818;14,764;14,26;14,258;13,372;13,544;13,247;12,57;12,671;12,005;11,853;11,951;11,794;11,723;11,77;11,808;11,941;12,089;12,348;12,412;12,728;13,041;13,077;13,229;13,384;13,79;13,887;14,374;14,588;15,209;15,768;16,128;16,527;17,24;17,69;18,377;18,225;18,36;18,872;18,513;18,514
C04;B1;;1;26,408;27,549;30,508;32,599;32,896;34,084;35,002;36,176;35,732;36,81;36,744;37,129;37,508;37,094;38,113;37,435;38,859;39,197;38,264;39,298;40,189;39,53;40,176;40,033;40,811;41,018;41,815;42,007;43,236;43,55;43,411;43,616;44,037;43,781;43,481;44,053;43,421;44,553;44,627;44,038;44,886;44,214;44,415;44,696;43,556;43,806;44,257;42,912;44,189;43,398;42,551;41,857;42,619;41,049;41,595;41,922;41,572;41,091;39,211;39,784;40,249;38,712;38,094;39,791;39,106;37,538;37,745;36,062;36,559;35,609;35,602;35,313;36,727;35,924;34,725;33,805;33,105;34,244;31,299;34,665;33,732;33,138;30,267;33,437;31,771;32,304;31,915;31,93;30,662;31,713;29,28;30,673;30,063;30,146;29,144;27,675;28,119;27,634;27,868;28,598;26,833;26,813;24,73;25,122;24,756;23,171;23,961;21,768;21,767;20,847;19,817;22,513;21,355;20,146;19,498;19,333;17,971;18,243;18,31;18,798;17,415;17,456;17,88;16,632;16,342;16,522;16,194;15,155;16,02;15,996;15,173;14,763;14,192;14,792;14,452;13,761;13,642;14,606;14,502;13,816;13,737;13,353;13,017;13,302;12,756;12,934;12,618;12,499;12,532;12,407;12,114;12,098;12,213;12,36;12,024;12,185;12,019;12,023;12,079
C05;B1;;1;36,614;26,21;26,236;26,502;26,143;26,536;26,667;27,319;27,081;27,019;27,206;27,708;27,648;27,779;27,664;28,286;29,408;29,614;29,452;29,71;30,307;31,067;30,096;31,488;32,32;32,547;32,957;33,284;33,728;34,212;34,617;34,504;34,166;34,866;35,837;36,207;35,24;36,396;37,329;36,899;36,771;37,17;36,714;36,611;37,645;36,517;37,16;38,86;38,186;38,896;37,521;38,869;38,356;38,503;38,879;38,12;39,21;39,301;38,66;39,03;39,666;39,148;40,232;39,431;39,591;40,183;39,49;41,067;39,788;40,636;40,542;41,26;41,378;41,453;42,476;41,316;41,957;40,824;41,397;41,134;41,755;40,759;41,416;40,966;41,221;41,48;41,308;42,192;41,096;40,614;40,268;40,996;41,184;40,398;40,394;40,54;39,021;40,125;39,186;38,9;38,783;36,992;37,734;39,186;38,103;37,571;36,339;36,936;36,674;35,913;35,01;35,92;35,347;34,874;34,722;34,036;34,025;34,501;33,31;32,03;33,044;32,383;31,787;31,728;31,105;30,532;30,675;30,11;30,385;30,877;28,239;29,795;27,481;27,781;27,196;27,295;27,384;26,123;27,215;25,533;26,196;25,893;24,404;24,718;23,556;23,003;24,239;23,937;22,866;24,163;23,562;22,653;20,445;22,541;21,696;21,559;20,686;19,881;19,695
C06;X1;;1;9,727;9,731;9,791;9,791;9,82;9,854;9,884;9,869;9,93;9,945;9,941;9,961;10,012;10,008;10,023;10,005;10,028;10,072;10,086;10,118;10,092;10,105;10,159;10,15;10,179;10,207;10,248;10,241;10,288;10,314;10,327;10,363;10,403;10,378;10,458;10,464;10,469;10,546;10,558;10,587;10,606;10,635;10,659;10,726;10,761;10,812;10,851;10,875;10,926;10,999;11,037;11,118;11,177;11,248;11,291;11,36;11,424;11,519;11,63;11,675;11,771;11,851;11,928;12,021;12,16;12,289;12,421;12,571;12,679;12,79;13,036;13,192;13,33;13,514;13,743;14,066;14,199;14,442;14,714;14,998;15,272;15,515;15,83;16,216;16,264;16,452;16,7;17,038;17,291;17,601;17,852;18,162;18,768;21,339;21,919;22,409;22,766;23,525;23,93;23,981;24,342;24,663;25,05;25,568;25,811;26,014;26,53;26,796;27,264;27,636;28,083;28,47;28,925;29,294;29,846;29,924;29,93;29,319;29,281;29,093;29,616;29,195;29,109;29,269;29,28;29,447;29,348;29,624;29,696;29,842;30,625;30,946;30,876;31,016;31,306;31,609;31,644;32,596;33,272;32,986;33,882;34,821;35,029;35,508;35,884;36,616;37,197;37,963;38,329;39,148;39,609;40,37;40,89;41,309;42,329;43,126;43,643;44,446;45,016
C07;X1;;1;9,923;9,92;9,959;9,969;9,971;9,974;10,005;10,015;10,02;10,045;10,015;10,048;10,056;10,065;10,105;10,131;10,1;10,113;10,155;10,183;10,185;10,206;10,222;10,212;10,252;10,242;10,241;10,273;10,354;10,325;10,327;10,373;10,449;10,41;10,472;10,468;10,536;10,567;10,579;10,601;10,645;10,638;10,694;10,743;10,779;10,826;10,883;10,914;10,951;11,017;11,098;11,147;11,195;11,262;11,301;11,385;11,424;11,533;11,634;11,718;11,785;11,88;11,989;12,128;12,295;12,371;12,557;12,617;12,807;12,992;13,125;13,338;13,493;13,726;13,919;14,123;14,397;14,615;14,809;15,128;15,434;15,705;15,973;16,308;16,386;16,602;16,889;17,185;17,438;17,692;17,932;18,242;18,858;20,78;21,497;22,109;22,48;22,897;23,568;23,765;24,018;24,377;24,744;25,15;25,567;25,951;26,297;26,709;27,131;27,528;28,013;28,432;28,987;29,252;29,539;30,076;30,196;30,279;30,161;30,182;30,233;30,275;30,308;30,479;30,361;30,446;31,017;31,029;30,911;31,614;31,254;31,602;31,904;32,205;33,11;33,566;33,433;34,252;34,655;35,219;35,953;36,725;37,626;38,874;39,805;40,653;41,471;42,265;42,957;44,172;45,2;46,34;47,496;48,036;48,358;48,231;48,548;48,55;48,957
C08;X1;;1;10,212;10,219;10,252;10,268;10,304;10,293;10,327;10,306;10,37;10,377;10,385;10,386;10,418;10,408;10,425;10,449;10,472;10,455;10,488;10,5;10,533;10,572;10,586;10,56;10,589;10,598;10,661;10,654;10,674;10,732;10,724;10,764;10,791;10,826;10,871;10,856;10,892;10,921;10,983;10,983;11,042;11,042;11,095;11,12;11,184;11,249;11,278;11,295;11,365;11,391;11,493;11,55;11,596;11,648;11,752;11,829;11,849;11,981;12,067;12,154;12,247;12,355;12,468;12,592;12,734;12,838;13,021;13,13;13,24;13,393;13,608;13,791;13,928;14,193;14,372;14,599;14,823;15,075;15,365;15,599;15,915;16,192;16,559;16,747;16,887;17,069;17,316;17,591;17,802;18,095;18,23;18,49;18,743;19,247;21,107;22,078;22,581;22,761;23,268;23,487;23,712;23,991;24,413;24,812;25,038;25,27;25,709;26,079;26,505;26,829;27,27;27,772;27,978;28,335;28,164;28,384;28,351;28,559;28,725;29,076;28,864;28,86;28,899;29,224;29,015;29,292;29,348;29,321;29,332;29,907;30,357;30,314;30,55;30,769;31,642;31,424;31,764;32,03;32,624;32,928;33,435;33,957;34,316;35,069;35,387;35,786;36,361;37,194;38,089;38,729;39,602;40,415;41,206;41,566;42,253;42,498;43,526;44,474;45,545
C09;X1;;1;9,778;9,797;9,849;9,875;9,91;9,903;9,953;9,946;9,987;10,012;9,981;10,018;10,026;10,069;10,085;10,094;10,097;10,103;10,145;10,17;10,192;10,188;10,211;10,212;10,245;10,281;10,29;10,269;10,351;10,36;10,404;10,43;10,46;10,487;10,564;10,549;10,603;10,599;10,608;10,679;10,684;10,766;10,769;10,853;10,857;10,965;10,993;11,014;11,101;11,174;11,219;11,293;11,367;11,433;11,516;11,589;11,667;11,798;11,895;11,983;12,1;12,223;12,336;12,503;12,624;12,76;12,981;13,119;13,283;13,407;13,59;13,826;14,031;14,203;14,453;14,702;14,89;15,128;15,407;15,733;15,971;16,29;16,531;16,768;16,821;17,181;17,484;17,731;17,956;18,186;18,439;18,686;19,075;19,656;21,668;22,427;23,149;23,755;23,92;24,298;24,732;25,16;25,486;25,85;25,967;26,479;26,585;26,97;27,239;27,486;27,825;28,279;28,224;28,373;28,565;28,784;29,361;29,436;29,653;29,872;30,071;30,327;30,419;30,538;30,802;30,872;31,079;31,18;31,523;31,531;31,921;32,097;32,512;32,909;33,275;33,555;34,081;34,708;35,376;35,919;36,701;37,339;38,182;39,176;40,113;40,883;41,437;42,162;42,779;43,434;44,314;45,134;46,092;46,839;47,345;48,33;48,881;49,184;49,581
C10;X1;;1;9,103;9,133;9,192;9,203;9,208;9,266;9,253;9,267;9,28;9,285;9,319;9,333;9,294;9,329;9,339;9,343;9,413;9,398;9,423;9,44;9,437;9,473;9,531;9,5;9,532;9,538;9,567;9,57;9,624;9,657;9,708;9,722;9,731;9,772;9,854;9,861;9,89;9,912;9,939;10,006;9,993;10,057;10,092;10,143;10,172;10,229;10,284;10,305;10,398;10,447;10,502;10,597;10,659;10,712;10,826;10,86;10,952;11,086;11,154;11,261;11,353;11,444;11,585;11,746;11,892;11,994;12,203;12,343;12,494;12,602;12,82;13,04;13,253;13,45;13,63;13,922;14,22;14,379;14,728;15,04;15,364;15,684;16,019;16,297;16,407;16,662;16,91;17,237;17,417;17,678;17,856;18,137;18,432;18,87;20,061;21,97;22,292;22,963;23,16;23,504;23,851;24,224;24,486;25,132;25,156;25,454;25,991;26,368;26,714;27,218;27,652;28,001;28,217;28,263;28,378;28,546;28,599;29,012;28,77;28,751;28,788;28,743;28,751;28,782;29,294;28,889;28,993;29,139;29,886;29,728;29,834;30,743;30,522;30,848;30,912;31,348;31,716;32,017;32,311;32,859;33,425;33,844;34,882;35,086;35,548;36,081;36,789;37,355;38,343;39,233;40,001;40,926;41,659;42,733;43,111;43,873;45,114;46,03;46,921
D03;B2;;1;32,918;30,261;25,998;27,334;29,848;29,995;30,892;31,663;32,903;32,893;34,443;35,013;35,33;35,341;35,86;35,91;36,342;35,999;36,021;36,1;36,239;35,725;36,175;36,417;37,331;37,255;37,105;37,425;37,751;37,808;38,935;38,482;38,429;37,981;39,025;37,806;38,761;39,493;39,73;39,391;39,852;39,44;40,558;39,849;40,201;39,596;39,97;41,064;41,089;40,81;40,498;40,765;41,186;41,374;41,109;41,582;41,951;41,069;41,696;41,886;41,812;41,688;41,959;42,206;41,651;41,894;42,224;42,552;42,058;42,268;42,707;42,11;42,414;42,805;42,052;42,757;42,457;42,71;43,279;42,404;42,06;42,329;42,661;43,227;42,878;42,861;42,505;42,742;42,856;42,763;42,834;42,614;42,054;41,609;42,241;42,214;42,45;41,656;41,772;42,691;42,088;41,328;42,647;42,023;40,934;40,553;39,86;40,673;40,984;41,547;40,92;40,544;39,364;39,047;40,191;39,561;39,247;38,575;38,523;39,829;38,699;38,698;39,214;39,47;37,866;37,29;41,064;38,045;35,559;39,949;37,548;34,725;37,766;36,419;38,037;37,619;34,665;35,874;35,506;34,41;35,376;34,389;34,267;35,831;34,153;36,403;35,063;34,545;33,92;33,612;33,319;35,857;33,588;34,503;34,83;34,664;33,048;33,527;33,47
D04;B2;;1;25,932;28,482;29,54;31,871;30,6;29,988;30,465;32,232;31,16;30,266;31,561;31,485;30,886;30,173;30,499;31,022;32,698;31,15;31,753;31,673;32,272;31,039;32,327;31,676;31,864;31,86;31,804;32,717;32,425;31,641;32,307;33,222;33,976;34,327;33,309;32,809;33,779;33,827;34,334;34,375;34,13;34,567;35,186;34,321;35,387;34,409;34,735;36,118;34,758;35,339;36,277;36,053;37,477;37,128;37,517;36,697;37,106;36,59;38,449;36,999;38,604;38,587;38,905;38,703;39,513;38,896;39,044;38,321;39,472;38,568;39,854;39,298;40,395;39,886;40,285;38,849;41,738;41,855;41,098;41,922;40,937;41,306;41,528;42,237;41,729;43,127;42,771;42,717;43,49;42,353;42,953;43,771;43,595;42,992;42,614;44,467;44,775;44,865;44,821;44,599;44,219;45,622;44,606;43,274;45,574;44,379;46,35;44,991;45,521;43,877;45,245;45,363;43,877;43,769;43,073;44,913;43,883;45,795;44,413;45,749;44,582;44,408;43,588;44,758;43,681;44,968;44,784;42,782;44,116;43,141;41,429;41,841;42,351;42,57;43,337;41,783;43,694;43,098;43,333;43,616;44,057;41,324;43,026;42,302;41,683;41,901;41,93;40,532;42,899;40,877;41,219;41,332;40,303;41,144;38,476;38,768;40,752;40,246;39,59
D05;B2;;1;30,335;34,859;39,221;40,299;39,555;38,806;38,829;40,444;39,774;40,365;39,8;40,292;40,41;39,831;41,02;40,788;41,407;41,033;41,956;41,663;42,16;41,152;42,154;41,645;42,022;42,789;41,385;42,126;42,214;42,602;42,785;42,757;43,164;43,239;43,453;43,305;44,025;43,463;43,181;44,254;44,049;44,217;44,263;44,539;45,285;44,104;44,147;45,227;45,316;44,692;44,729;45,012;45,532;45,166;45,226;45,581;46,161;46,183;46,456;45,786;46,297;46,04;46,546;46,233;46,876;46,445;46,847;46,428;46,936;46,536;46,821;46,792;46,761;47,435;47,178;46,992;47,431;47,085;47,272;47,224;46,765;46,816;47,611;48,126;47,051;48,041;47,765;47,519;48,005;47,285;48,146;47,789;47,44;48,139;47,891;47,985;48,305;48,075;48,491;47,604;47,528;48,093;47,32;47,295;48,687;47,169;47,689;48,992;49,024;48,809;46,857;48,442;48,712;47,395;48,024;46,719;47,181;48,094;47,221;45,932;47,886;45,819;47,162;47,718;46,153;45,402;46,27;46,201;46,095;46,106;45,372;47,956;45,505;46,87;44,314;45,442;44,919;45,361;44,685;45,903;45,613;45,399;44,169;43,39;45,086;46,13;42,502;44,907;43,911;44,612;43,209;44,818;44,04;42,386;43,915;43,667;43,612;41,58;43,139
D06;X2;;1;10,622;10,559;10,609;10,616;10,662;10,663;10,665;10,67;10,66;10,712;10,721;10,724;10,73;10,775;10,769;10,786;10,807;10,814;10,828;10,882;10,878;10,915;10,923;10,959;10,957;10,985;11,01;10,997;11,007;11,055;11,055;11,13;11,126;11,118;11,132;11,177;11,161;11,25;11,234;11,263;11,312;11,297;11,357;11,39;11,443;11,47;11,506;11,516;11,536;11,52;11,568;11,522;11,585;11,566;11,598;11,661;11,66;11,712;11,67;11,725;11,735;11,69;11,767;11,711;11,735;11,705;11,811;11,826;11,766;11,832;11,858;11,825;11,838;11,932;11,842;11,874;11,878;11,81;11,874;11,866;11,87;11,852;11,868;11,943;11,842;11,955;11,972;11,858;11,946;11,977;12,005;12,032;11,998;11,981;11,996;12,024;12,028;12,059;12,124;12,067;12,089;12,058;12,158;12,127;12,164;12,173;12,163;12,17;12,235;12,194;12,233;12,241;12,215;12,206;12,28;12,224;12,28;12,295;12,293;12,336;12,328;12,346;12,321;12,354;12,397;12,408;12,378;12,401;12,362;12,405;12,358;12,451;12,423;12,467;12,463;12,449;12,43;12,487;12,546;12,41;12,487;12,509;12,475;12,551;12,541;12,549;12,56;12,543;12,535;12,541;12,577;12,537;12,607;12,621;12,601;12,542;12,612;12,654;12,648
D07;X2;;1;9,7;9,671;9,687;9,731;9,727;9,747;9,756;9,764;9,787;9,79;9,83;9,829;9,819;9,848;9,857;9,872;9,875;9,904;9,928;9,97;10,006;10,019;10,031;10,021;10,043;10,043;10,112;10,07;10,14;10,181;10,155;10,151;10,167;10,181;10,236;10,221;10,246;10,28;10,275;10,364;10,38;10,38;10,407;10,498;10,491;10,577;10,601;10,611;10,601;10,582;10,566;10,604;10,638;10,634;10,697;10,681;10,674;10,706;10,721;10,728;10,691;10,661;10,762;10,701;10,75;10,75;10,811;10,729;10,817;10,792;10,857;10,841;10,819;10,853;10,906;10,889;10,888;10,874;10,931;10,895;10,912;10,927;10,939;10,914;10,889;10,932;10,985;10,955;10,977;11,035;10,977;11,022;11,051;11,024;11,024;11,079;11,09;11,089;11,092;11,183;11,135;11,094;11,151;11,162;11,168;11,228;11,196;11,251;11,254;11,192;11,26;11,22;11,251;11,234;11,226;11,277;11,311;11,317;11,327;11,34;11,297;11,352;11,287;11,329;11,364;11,348;11,385;11,406;11,368;11,424;11,375;11,403;11,402;11,416;11,406;11,43;11,449;11,428;11,454;11,394;11,494;11,46;11,445;11,508;11,495;11,51;11,498;11,517;11,51;11,522;11,52;11,521;11,595;11,602;11,571;11,51;11,593;11,578;11,56
D08;X2;;1;9,498;9,51;9,522;9,533;9,557;9,536;9,533;9,532;9,557;9,553;9,578;9,576;9,599;9,624;9,625;9,62;9,639;9,624;9,667;9,691;9,709;9,732;9,746;9,768;9,824;9,796;9,805;9,821;9,863;9,851;9,884;9,901;9,875;9,916;9,939;9,953;10,01;10,001;10,024;10,073;10,117;10,15;10,18;10,193;10,268;10,311;10,327;10,362;10,377;10,358;10,37;10,437;10,438;10,459;10,447;10,489;10,502;10,491;10,531;10,531;10,519;10,469;10,508;10,519;10,568;10,465;10,619;10,59;10,626;10,622;10,601;10,6;10,625;10,662;10,666;10,667;10,656;10,705;10,731;10,734;10,712;10,737;10,704;10,823;10,711;10,767;10,757;10,79;10,83;10,801;10,83;10,823;10,841;10,867;10,863;10,933;10,874;10,901;10,89;10,943;10,936;10,927;10,962;10,974;11,005;10,984;10,967;11,014;11,004;11,081;11,031;11,05;11,015;11,033;11,019;11,022;11,059;11,079;11,082;11,105;11,111;11,118;11,084;11,126;11,151;11,1;11,157;11,182;11,155;11,139;11,189;11,166;11,21;11,172;11,2;11,217;11,219;11,243;11,242;11,237;11,25;11,285;11,257;11,261;11,29;11,298;11,299;11,312;11,26;11,326;11,359;11,345;11,379;11,348;11,379;11,321;11,374;11,379;11,402
D09;X2;;1;9,534;9,588;9,638;9,618;9,631;9,614;9,661;9,658;9,69;9,713;9,759;9,724;9,772;9,763;9,761;9,821;9,81;9,805;9,839;9,87;9,851;9,908;9,916;9,952;9,963;9,949;9,969;9,937;9,993;10,026;10,042;10,035;10,051;10,061;10,14;10,09;10,126;10,174;10,229;10,243;10,273;10,288;10,372;10,403;10,406;10,453;10,516;10,558;10,544;10,536;10,549;10,554;10,552;10,616;10,601;10,649;10,656;10,713;10,685;10,66;10,691;10,654;10,698;10,719;10,736;10,732;10,74;10,75;10,81;10,824;10,829;10,841;10,802;10,825;10,892;10,865;10,913;10,891;10,872;10,934;10,894;10,871;10,911;10,981;10,921;10,97;10,981;10,976;11,022;10,983;11,005;10,987;11,061;11,017;10,985;11,093;11,052;11,058;11,047;11,089;11,1;11,042;11,185;11,099;11,144;11,085;11,193;11,161;11,181;11,168;11,173;11,175;11,175;11,21;11,154;11,174;11,197;11,207;11,258;11,261;11,232;11,235;11,277;11,315;11,271;11,255;11,288;11,289;11,327;11,304;11,282;11,328;11,34;11,375;11,358;11,306;11,397;11,315;11,403;11,336;11,371;11,329;11,373;11,429;11,437;11,459;11,423;11,48;11,452;11,436;11,462;11,435;11,482;11,488;11,509;11,455;11,514;11,561;11,564
D10;X2;;1;9,412;9,456;9,44;9,442;9,487;9,494;9,493;9,499;9,517;9,569;9,605;9,576;9,585;9,621;9,605;9,643;9,629;9,658;9,684;9,695;9,685;9,732;9,74;9,74;9,73;9,782;9,78;9,797;9,806;9,812;9,842;9,838;9,819;9,885;9,925;9,96;9,964;10,008;10,053;10,087;10,124;10,135;10,198;10,204;10,253;10,289;10,338;10,334;10,395;10,326;10,349;10,379;10,413;10,426;10,418;10,424;10,463;10,498;10,517;10,499;10,548;10,472;10,533;10,527;10,543;10,575;10,669;10,626;10,622;10,679;10,669;10,646;10,635;10,708;10,69;10,681;10,712;10,712;10,727;10,776;10,778;10,811;10,774;10,78;10,791;10,798;10,834;10,836;10,83;10,906;10,855;10,963;10,929;10,895;10,912;10,985;10,968;10,981;10,939;10,988;11,006;11,018;11,029;11,029;11,067;11,036;11,082;11,105;11,084;11,119;11,128;11,116;11,15;11,158;11,164;11,146;11,186;11,186;11,24;11,185;11,232;11,269;11,236;11,219;11,264;11,282;11,281;11,216;11,296;11,345;11,316;11,348;11,381;11,375;11,324;11,372;11,38;11,393;11,413;11,381;11,415;11,422;11,48;11,456;11,444;11,479;11,495;11,524;11,507;11,484;11,514;11,524;11,595;11,571;11,612;11,513;11,559;11,595;11,619
E03;B3;;1;35,032;28,682;28,804;27,39;26,991;27,263;27,042;27,008;27,095;26,738;26,877;27,084;27,181;27,32;27,16;26,938;27,151;27,193;27,669;27,717;27,639;27,754;28,164;27,834;27,489;27,128;27,531;27,268;27,257;27,308;27,128;27,053;27,391;27,053;27,462;27,423;27,063;27,199;27,393;27,162;26,906;27,247;27,069;27,409;27,501;27,512;27,403;27,675;27,477;28,004;27,479;27,369;28,687;28,241;28,3;27,849;28,776;28,201;28,333;28,259;29,097;28,855;28,379;28,305;28,784;28,92;28,94;29,43;29,255;28,982;29,334;29,441;29,773;28,959;29,874;30,039;29,787;30,348;29,751;30,127;30,176;29,807;31,017;30,347;31,631;31,253;31,618;30,66;30,69;32,046;31,613;31,787;31,223;31,895;32,158;32,934;31,942;33,606;32,081;32,42;34,213;33,383;32,898;34,196;33,017;33,186;33,954;33,754;33,933;34,807;33,867;33,688;35,028;34,798;35,779;35,656;34,553;35,834;35,146;35,713;35,93;35,399;34,889;35,754;35,783;35,183;36,244;36,327;35,642;36,213;35,658;35,502;35,247;36,055;36,157;36,143;36,484;36,501;36,947;36,917;35,86;37,558;36,453;37,021;36,412;36,283;37,316;37,496;36,114;36,954;37,108;37,272;34,902;37,025;38,232;38,02;37,815;36,06;37,849
E04;B3;;1;26,31;24,96;25,817;26,536;27,152;28,108;27,971;27,789;28,421;28,346;28,195;28,201;28,19;28,302;28,328;28,313;28,411;28,349;28,466;28,616;28,525;28,414;28,587;28,72;28,779;28,77;29,236;29,062;29,205;29,165;28,749;28,796;28,677;28,924;28,906;29,346;29,1;28,951;29,03;29,009;28,838;29,507;29,122;29,394;28,975;29,343;29,123;29,587;29,807;29,576;29,386;28,89;29,051;29,123;29,726;29,203;29,605;29,078;29,518;30,118;29,472;29,844;29,577;29,543;29,923;29,583;29,75;29,968;30,413;30,206;29,582;29,608;30,307;30,144;30,471;30,229;30,146;30,035;30,391;30,239;31,061;30,284;30,583;30,782;30,234;30,807;31,069;31,286;31,309;31,139;30,84;31,158;30,979;31,699;31,437;31,511;30,775;31,677;31,171;31,498;31,59;31,887;30,518;32,708;31,054;31,74;31,789;32,503;31,783;31,333;31,831;32,393;32,29;32,532;32,742;32,924;32,035;32,475;33,259;32,937;32,523;33,225;32,425;33,608;32,96;32,911;33,158;32,492;32,927;33,55;32,653;32,853;33,378;34,21;33,316;33,703;33,144;33,889;34,391;33,936;34,28;34,584;34,247;34,503;34,307;32,627;33,765;34,226;34,55;34,49;34,654;34,304;33,804;35,066;34,38;34,688;34,753;33,897;35,282
E05;B3;;1;45,08;33,929;26,859;22,429;20,328;20,293;19,603;18,766;18,078;18,063;17,38;16,742;16,928;16,511;15,758;16,35;15,596;16,44;15,742;14,773;15,203;15,414;14,628;15,041;14,724;14,148;14,518;13,483;13,799;13,538;14,177;14,327;13,472;13,088;13,254;12,73;13,173;12,97;12,273;12,19;11,879;12,565;12,492;11,794;12,298;11,989;11,926;11,833;11,711;11,234;11,704;11,272;11,36;12,037;10,955;10,728;10,892;11,025;10,943;11,268;11,131;10,994;10,998;10,191;11,253;10,265;10,508;10,611;10,91;9,909;10,541;10,526;10,123;10,62;10,03;9,919;9,99;9,716;9,989;10,255;9,83;9,854;9,845;9,92;10,052;9,712;9,617;9,999;9,787;9,737;9,729;9,754;9,66;9,624;9,546;9,834;9,679;9,561;9,674;9,606;9,679;9,58;9,711;9,583;9,636;9,567;9,73;9,757;9,584;9,606;9,718;9,547;9,57;9,563;9,512;9,516;9,607;9,612;9,546;9,609;9,556;9,561;9,53;9,566;9,609;9,557;9,561;9,557;9,534;9,539;9,543;9,527;9,543;9,596;9,554;9,546;9,533;9,528;9,577;9,573;9,554;9,522;9,545;9,545;9,545;9,638;9,566;9,562;9,566;9,576;9,585;9,587;9,588;9,571;9,573;9,549;9,601;9,596;9,607
E06;X3;;1;9,784;9,773;9,797;9,8;9,788;9,789;9,789;9,79;9,777;9,787;9,79;9,762;9,788;9,794;9,765;9,797;9,793;9,795;9,794;9,832;9,809;9,843;9,837;9,827;9,82;9,834;9,857;9,807;9,863;9,858;9,87;9,88;9,907;9,871;9,925;9,942;9,95;9,993;9,961;9,992;10,029;10,029;10,06;10,076;10,136;10,14;10,178;10,177;10,213;10,215;10,303;10,294;10,366;10,409;10,429;10,471;10,534;10,609;10,653;10,714;10,809;10,876;10,941;10,976;11,096;11,185;11,297;11,374;11,468;11,587;11,705;11,804;11,919;12,067;12,192;12,337;12,494;12,64;12,793;12,973;13,152;13,321;13,456;13,692;13,862;14,082;14,281;14,525;14,729;14,938;15,03;15,128;15,381;15,535;15,753;15,944;16,119;16,304;16,455;16,652;16,85;17,076;17,343;17,609;17,821;18,059;18,309;18,679;18,984;19,403;20,578;21,767;22,394;22,917;23,461;24,161;24,739;25,435;26,3;27,021;27,733;28,732;29,65;30,731;31,642;32,494;33,199;33,762;34,214;34,483;34,747;34,663;34,608;34,269;33,327;33,016;32,667;32,576;32,781;32,478;32,433;32,324;32,559;32,42;32,446;32,524;32,634;32,669;32,5;32,434;32,564;32,487;32,572;32,702;32,56;32,133;32,489;32,433;32,584
E07;X3;;1;8,785;8,754;8,801;8,786;8,773;8,808;8,804;8,791;8,814;8,812;8,781;8,803;8,796;8,816;8,805;8,825;8,826;8,803;8,816;8,82;8,848;8,857;8,876;8,84;8,885;8,844;8,879;8,867;8,911;8,927;8,907;8,937;8,931;8,926;8,972;8,979;8,972;9,045;9,034;9,047;9,068;9,08;9,095;9,128;9,164;9,166;9,213;9,223;9,271;9,281;9,34;9,38;9,434;9,477;9,493;9,545;9,569;9,66;9,747;9,777;9,857;9,904;9,986;10,077;10,197;10,272;10,347;10,483;10,555;10,643;10,765;10,89;11;11,129;11,235;11,43;11,55;11,697;11,846;12,013;12,221;12,374;12,565;12,75;12,916;13,147;13,393;13,548;13,787;13,982;14,058;14,213;14,434;14,673;14,805;15,037;15,21;15,453;15,619;15,852;15,994;16,262;16,517;16,748;16,985;17,243;17,533;17,78;18,118;18,346;18,664;19,031;19,355;19,779;20,272;21,015;21,593;22,252;22,912;24,204;24,826;25,765;26,583;27,575;28,282;29,003;29,848;30,419;30,849;31,5;31,667;32,059;31,993;32,108;31,69;31,242;31,04;31,04;30,095;29,638;29,177;28,733;28,596;28,598;28,69;28,721;28,829;28,943;29,109;29,232;29,341;29,571;29,638;29,817;29,964;29,973;30,17;30,355;30,621
E08;X3;;1;8,746;8,733;8,78;8,754;8,751;8,766;8,771;8,768;8,774;8,789;8,747;8,776;8,789;8,772;8,791;8,76;8,802;8,793;8,809;8,82;8,806;8,802;8,855;8,83;8,805;8,844;8,844;8,832;8,869;8,86;8,857;8,894;8,917;8,891;8,926;8,936;8,936;8,974;8,967;8,976;9,001;9,038;9,067;9,089;9,096;9,134;9,198;9,191;9,235;9,271;9,312;9,334;9,366;9,437;9,478;9,502;9,562;9,664;9,694;9,77;9,829;9,886;9,979;10,077;10,179;10,244;10,351;10,412;10,551;10,668;10,775;10,908;10,986;11,158;11,266;11,44;11,55;11,732;11,899;12,056;12,263;12,392;12,579;12,845;13,008;13,199;13,403;13,657;13,85;14,003;14,082;14,297;14,497;14,649;14,851;15,051;15,244;15,456;15,643;15,82;16,056;16,255;16,527;16,79;17,052;17,222;17,613;17,892;18,215;18,544;18,935;19,902;20,873;21,464;22,024;22,627;23,38;23,999;24,792;25,49;26,333;27,145;28,099;29,2;29,907;30,621;31,244;31,638;32,064;32,195;32,292;32,368;32,206;32,098;31,296;31,372;31,023;30,268;30,167;30,071;30,238;30,517;29,999;29,912;30,448;29,616;29,576;29,746;29,654;29,757;29,918;29,839;29,906;29,989;30,074;29,98;30,304;30,348;30,542
E09;X3;;1;8,74;8,781;8,81;8,839;8,776;8,815;8,85;8,807;8,851;8,832;8,878;8,847;8,898;8,884;8,914;8,913;8,935;8,895;8,905;8,965;8,944;8,978;8,959;8,976;8,937;8,973;9,019;8,947;8,985;9,032;8,956;9,011;9,054;9,057;9,085;9,06;9,102;9,102;9,109;9,128;9,164;9,183;9,216;9,227;9,259;9,283;9,327;9,354;9,396;9,417;9,479;9,519;9,566;9,591;9,668;9,699;9,791;9,85;9,908;9,981;10,058;10,129;10,201;10,312;10,425;10,539;10,626;10,708;10,853;10,931;11,059;11,138;11,276;11,416;11,574;11,712;11,839;12,028;12,191;12,393;12,558;12,743;12,944;13,179;13,372;13,637;13,851;14,031;14,113;14,308;14,463;14,72;14,93;15,109;15,22;15,445;15,645;15,84;16,044;16,224;16,506;16,725;16,977;17,232;17,487;17,764;18,072;18,338;18,64;18,986;19,355;19,812;20,446;21,354;22,49;23,204;24,063;24,782;25,493;26,421;27,381;28,084;28,926;29,769;30,268;30,783;31,406;31,814;32,132;32,277;32,327;32,358;32,234;31,463;30,774;30,446;30,36;30,244;30,366;29,975;30,152;29,885;30,051;30,108;30,198;30,25;30,161;30,113;30,056;30,152;30,103;30,131;30,287;30,428;30,813;30,1;30,273;30,359;30,343
E10;X3;;1;11,606;11,047;10,933;11,207;10,995;11,085;11,262;11,14;11,24;11,352;11,286;11,338;11,265;11,407;11,538;11,554;11,364;11,484;11,515;11,561;11,388;11,506;11,454;11,577;11,389;11,442;11,615;11,679;11,731;11,796;11,748;11,641;11,717;11,756;11,574;11,689;11,641;11,713;11,944;11,652;11,61;11,594;11,808;11,645;11,762;11,733;11,755;11,868;11,853;11,819;12,003;11,957;12,014;11,951;12,034;12,2;12,167;12,332;12,106;12,365;12,372;12,451;12,607;12,677;12,674;12,813;13,006;13,083;13,244;13,276;13,455;13,887;13,755;13,871;14,033;14,278;14,4;14,622;14,731;14,963;15,114;15,452;15,535;15,623;16,001;16,22;16,297;16,506;16,643;16,943;17,1;17,4;17,813;17,962;18,266;18,688;18,97;19,44;19,766;20,158;20,494;20,821;21,371;22,317;23,088;23,654;24,364;25,055;25,58;26,383;26,936;27,828;28,626;29,56;30,268;31,067;31,641;32,357;33,155;33,634;34,254;34,874;35,271;35,806;35,986;36,257;36,664;36,778;36,76;37,028;36,995;37,196;37,261;37,466;37,532;37,297;36,986;36,628;36,831;36,409;36,365;36,516;36,902;37,183;37,872;38,441;38,796;39,465;39,844;40,383;40,862;41,558;42,143;42,935;43,853;44,274;45,372;45,876;46,681
F03;B4;;1;51,618;26,198;29,119;33,736;34,711;37,228;37,671;37,92;38,078;38,11;38,586;38,013;38,693;38,904;39,205;39,683;40,56;40,565;41,159;41,033;41,481;40,1;40,252;40,947;41,803;41,433;41,626;41,884;41,684;42,103;42,926;41,722;41,367;41,871;41,575;41,936;41,289;42,136;41,696;42,229;41,397;42,064;41,894;42,019;41,504;41,861;41,775;42,186;41,286;41,555;41,539;41,436;41,547;41,702;42,196;41,454;40,658;41,972;41,069;41,007;41,15;41,013;41,548;41,739;41,783;41,359;41,878;41,381;42,165;40,909;42,005;41,497;41,063;41,287;41,002;41,609;40,953;40,958;40,883;41,022;40,708;41,155;40,817;40,927;41,691;41,255;41,511;42,101;40,494;40,673;41,005;41,317;41,411;41,547;40,429;40,522;40,509;40,488;41,051;40,358;40,684;40,924;41,079;40,685;41,09;40,469;40,719;40,979;39,711;41,182;40,729;40,322;40,432;40,548;40,043;41,084;43,035;40,491;38,834;39,247;39,075;40,606;40,451;41,671;40,465;40,499;41,153;41,075;41,45;40,73;39,906;37,57;35,426;35,388;35,182;35,096;36,938;36,117;36,844;35,555;36,54;36,594;36,762;37,574;34,739;35,995;36,491;36,48;36,011;35,544;36,181;36,626;35,437;36,417;37,247;35,744;35,39;36,338;34,808
F04;B4;;1;33,216;22,228;24,226;27,952;30,44;34,412;36,669;37,602;39,181;41,883;41,041;40,575;41,376;42,527;43,252;39,092;39,887;37,771;38,484;37,732;34,343;33,868;35,016;33,729;32,469;32,809;31,228;32,612;32,474;31,417;30,528;31,194;31,249;32,054;31,371;31,337;31,06;31,817;31,601;29,901;31,383;29,67;28,597;28,286;28,151;28,699;28,065;29,381;26,828;26,464;25,967;26,844;25,442;25,77;25,805;25,576;25,128;25,096;25,358;25,646;24,944;24,631;24,51;24,691;24,291;24,964;14,099;13,254;13,333;12,953;12,876;12,902;12,733;13,453;13,496;14,045;12,956;13,32;13,327;12,994;13,815;12,9;12,387;11,694;11,593;10,914;10,813;10,846;10,767;10,773;10,757;10,739;10,768;10,762;10,752;10,737;10,731;10,709;10,751;10,769;10,745;10,732;10,771;10,768;10,75;10,738;10,762;10,743;10,764;10,778;10,77;10,762;10,745;10,743;10,725;10,753;10,769;10,758;10,754;10,757;10,787;10,762;10,787;10,764;10,758;10,732;10,764;10,776;10,783;10,778;10,746;10,788;10,766;10,791;10,768;10,743;10,769;10,763;10,754;10,756;10,79;10,777;10,794;10,794;10,772;10,8;10,792;10,794;10,793;10,777;10,783;10,772;10,782;10,782;10,812;10,773;10,839;10,786;10,816
F05;B4;;1;11,356;9,836;9,662;9,69;9,599;9,627;9,49;9,499;9,49;9,506;9,473;9,508;9,49;9,498;9,506;9,507;9,492;9,514;9,496;9,519;9,496;9,531;9,521;9,5;9,49;9,52;9,511;9,51;9,533;9,517;9,525;9,507;9,512;9,539;9,547;9,529;9,508;9,53;9,519;9,518;9,515;9,505;9,514;9,515;9,536;9,511;9,533;9,522;9,549;9,531;9,533;9,519;9,548;9,53;9,539;9,531;9,53;9,539;9,554;9,548;9,525;9,515;9,55;9,513;9,533;9,541;9,566;9,536;9,535;9,533;9,554;9,552;9,514;9,544;9,549;9,555;9,532;9,544;9,552;9,549;9,543;9,56;9,533;9,558;9,555;9,568;9,543;9,562;9,566;9,565;9,557;9,561;9,559;9,561;9,543;9,552;9,557;9,551;9,552;9,574;9,54;9,542;9,583;9,555;9,584;9,546;9,559;9,576;9,584;9,557;9,561;9,585;9,573;9,556;9,554;9,554;9,582;9,564;9,57;9,571;9,563;9,572;9,567;9,604;9,567;9,54;9,588;9,564;9,551;9,601;9,563;9,586;9,577;9,585;9,561;9,57;9,588;9,559;9,608;9,594;9,595;9,594;9,555;9,604;9,566;9,583;9,57;9,593;9,586;9,596;9,588;9,594;9,584;9,574;9,61;9,586;9,583;9,596;9,597
F06;X4;;1;10,568;10,509;10,539;10,554;10,576;10,618;10,635;10,65;10,687;10,722;10,758;10,751;10,784;10,813;10,82;10,817;10,827;10,821;10,828;10,882;10,836;10,873;10,898;10,904;10,884;10,887;10,909;10,899;10,927;10,918;10,942;10,919;10,932;10,977;10,991;10,976;10,991;11,016;11,018;11,018;11,042;11,053;11,06;11,098;11,113;11,157;11,185;11,195;11,229;11,245;11,269;11,307;11,338;11,394;11,455;11,503;11,517;11,608;11,648;11,675;11,76;11,79;11,881;11,925;12,006;12,083;12,185;12,25;12,313;12,403;12,493;12,612;12,676;12,824;12,923;13,05;13,153;13,284;13,422;13,564;13,742;13,889;14,063;14,169;14,272;14,492;14,656;14,836;14,995;15,214;15,39;15,618;15,835;16,049;16,318;16,61;16,872;17,141;17,494;17,749;18,087;18,406;18,782;19,058;19,492;19,828;20,175;20,632;21,002;21,473;21,884;22,336;22,589;23,07;23,561;23,891;24,304;24,63;24,961;25,283;25,557;25,803;26,179;26,447;26,839;27,068;27,507;27,813;28,152;28,703;28,965;29,486;30,038;30,566;31,066;31,458;32,039;32,36;33,028;33,374;33,95;34,128;34,542;35,433;35,843;36,86;38,06;39,884;41,922;43,898;45,351;46,934;48,474;49,542;50,411;50,638;51,36;51,526;51,503
F07;X4;;1;9,677;9,621;9,632;9,646;9,67;9,737;9,775;9,744;9,79;9,794;9,779;9,816;9,819;9,845;9,836;9,872;9,844;9,877;9,88;9,894;9,913;9,929;9,92;9,921;9,935;9,932;9,948;9,937;9,975;9,959;9,972;9,968;9,984;10,015;10,024;10,009;10,041;10,068;10,067;10,056;10,096;10,107;10,127;10,143;10,172;10,204;10,231;10,245;10,295;10,322;10,349;10,379;10,431;10,459;10,515;10,581;10,616;10,663;10,728;10,771;10,855;10,887;10,955;11,026;11,11;11,192;11,29;11,356;11,432;11,527;11,613;11,723;11,806;11,957;12,079;12,241;12,339;12,478;12,624;12,794;12,969;13,135;13,228;13,347;13,522;13,746;13,897;14,091;14,288;14,448;14,677;14,919;15,175;15,424;15,711;15,958;16,276;16,573;16,898;17,248;17,544;17,863;18,2;18,63;18,973;19,265;19,723;20,166;20,543;21,114;21,398;21,77;22,207;22,568;22,998;23,387;23,763;24,037;24,42;24,638;24,867;25,206;25,528;25,853;26,223;26,576;27,003;27,321;27,763;28,218;28,618;29,242;29,68;30,178;30,702;31,146;31,459;31,972;32,562;32,907;33,185;33,874;34,175;34,966;35,733;36,997;38,142;39,565;41,013;42,377;43,669;44,959;46,302;47,072;47,918;48,502;48,922;48,67;48,685
F08;X4;;1;9,403;9,381;9,378;9,404;9,426;9,461;9,49;9,509;9,54;9,583;9,581;9,613;9,612;9,665;9,656;9,667;9,653;9,665;9,691;9,698;9,678;9,715;9,712;9,716;9,702;9,716;9,721;9,709;9,75;9,742;9,761;9,743;9,748;9,761;9,77;9,776;9,794;9,827;9,809;9,84;9,855;9,863;9,875;9,916;9,916;9,951;9,978;10,01;10,009;10,069;10,092;10,165;10,202;10,241;10,293;10,356;10,377;10,466;10,521;10,556;10,623;10,676;10,752;10,808;10,9;10,967;11,047;11,121;11,208;11,293;11,372;11,457;11,558;11,67;11,757;11,899;12,005;12,141;12,258;12,393;12,555;12,711;12,881;13,014;13,071;13,231;13,396;13,58;13,742;13,87;14,04;14,23;14,427;14,645;14,868;15,128;15,401;15,606;15,915;16,161;16,45;16,714;17,067;17,382;17,636;17,969;18,312;18,679;19,054;19,445;19,887;20,232;20,641;20,855;21,326;21,668;22,104;22,428;22,76;23,011;23,198;23,501;23,788;24,17;24,422;24,558;24,955;25,224;25,55;25,879;26,359;26,713;26,942;27,417;27,886;28,232;28,898;29,377;29,782;30,16;30,616;30,945;31,485;31,799;32,107;32,555;32,703;33,183;33,776;34,277;35,024;36,145;37,448;39,199;40,416;42,008;43,533;44,7;45,994
F09;X4;;1;9,584;9,555;9,592;9,561;9,606;9,591;9,651;9,621;9,65;9,7;9,652;9,677;9,69;9,678;9,71;9,681;9,711;9,706;9,729;9,753;9,754;9,753;9,767;9,782;9,779;9,81;9,805;9,793;9,852;9,815;9,817;9,813;9,836;9,846;9,84;9,886;9,868;9,923;9,883;9,932;9,947;9,919;9,96;10,016;9,987;10,03;10,089;10,056;10,091;10,108;10,128;10,212;10,266;10,276;10,361;10,392;10,423;10,513;10,553;10,599;10,655;10,715;10,759;10,837;10,935;10,981;11,097;11,128;11,219;11,296;11,396;11,51;11,537;11,685;11,771;11,934;12,033;12,172;12,272;12,421;12,579;12,739;12,927;12,979;13,078;13,308;13,487;13,611;13,784;13,923;14,131;14,346;14,577;14,795;15;15,33;15,541;15,781;16,107;16,353;16,687;16,944;17,332;17,636;17,936;18,233;18,743;19,09;19,488;19,859;20,165;20,725;20,897;21,191;21,651;22,158;22,483;22,828;23,122;23,366;23,567;23,864;24,26;24,508;24,784;24,875;25,404;25,669;25,867;26,35;26,727;27,132;27,536;27,97;28,466;28,925;29,564;29,843;30,345;30,688;31,172;31,443;31,921;32,434;32,621;32,981;33,343;33,825;34,245;34,827;35,378;36,355;37,544;39,117;40,371;42,042;43,574;45,012;45,507
F10;X4;;1;10,25;10,23;10,24;10,255;10,262;10,283;10,32;10,293;10,333;10,353;10,334;10,342;10,327;10,368;10,354;10,373;10,377;10,38;10,375;10,421;10,433;10,437;10,472;10,452;10,446;10,462;10,472;10,465;10,523;10,497;10,521;10,528;10,544;10,561;10,575;10,577;10,606;10,627;10,629;10,661;10,709;10,681;10,712;10,747;10,754;10,801;10,869;10,868;10,89;10,931;10,976;11,033;11,063;11,098;11,158;11,218;11,26;11,35;11,401;11,439;11,528;11,576;11,667;11,725;11,835;11,926;12,025;12,118;12,21;12,3;12,433;12,555;12,662;12,799;12,937;13,113;13,224;13,422;13,584;13,736;13,805;13,97;14,133;14,397;14,527;14,72;14,862;15,078;15,299;15,54;15,789;16,061;16,342;16,562;16,823;17,171;17,447;17,793;18,107;18,452;18,797;19,175;19,548;19,936;20,293;20,659;21,11;21,576;21,958;22,283;22,618;23,221;23,705;23,903;24,242;24,54;24,832;25,107;25,517;25,728;25,984;26,334;26,683;27,119;27,397;27,729;28,224;28,612;29,046;29,501;30,106;30,65;31,124;31,672;31,872;32,203;32,825;33,206;33,56;33,878;34,095;34,19;34,617;34,561;34,787;34,863;35,094;35,475;36,08;36,965;38,69;40,796;42,928;44,462;45,793;46,095;46,48;46,435;46,293
C03;B1;;2;76,77;110,042;121,879;124,898;129,468;131,52;130,849;134,253;132,52;135,702;137,565;135,707;138,372;140,389;137,358;139,657;138,425;140,143;143,273;140,678;144,142;144,275;145,329;143,689;144,11;144,204;144,651;146,022;144,513;144,343;145,277;145,454;145,364;145,066;143,699;141,674;142,417;139,385;137,426;138,846;132,644;137,969;135,332;135,423;130,056;129,435;132,348;128,053;124,62;126,741;125,582;120,533;122,715;120,27;121,053;117,572;114,555;114,284;114,873;112,8;108,621;106,104;112,043;110,852;110,588;112,534;102,56;101,539;102,078;99,325;102,962;94,106;102,137;100,421;98,274;94,896;95,763;89,987;93,511;92,116;86,321;90,314;92,1;89,941;87,161;85,245;86,968;81,414;80,867;85,735;83,909;83,452;77,894;77,976;74,41;76,013;79,003;74,344;75,848;66,127;65,783;66,648;68,003;65,705;66,489;70,244;58,094;56,623;59,321;55,821;57,228;55,802;53,805;54,042;54,914;50,85;52,15;51,095;47,131;49,636;44,884;46,421;42,996;42,574;42,188;42,095;40,556;40,231;38,845;38,824;38,485;38,592;38,705;38,944;39,549;40,077;40,501;41,383;41,96;42,596;43,316;44,016;44,256;44,919;46,254;47,084;47,873;49,887;51,326;54,177;53,803;58,868;57,968;60,592;61,711;60,031;60,878;61,119;61,692
C04;B1;;2;89,617;90,26;102,156;107,655;109,376;109,99;115,018;118,709;119,584;119,361;119,561;119,775;120,404;120,911;123,206;125,91;128,314;127,075;130,292;131,353;131,839;130,08;131,534;133,957;132,939;135,392;138,829;138,901;140,16;142,409;140,328;141,365;142,428;145,423;143,011;144,562;142,102;143,901;143,436;145,616;141,624;144,986;145,524;143,823;146,135;143,717;140,904;140,525;143,314;142,86;139,186;140,479;139,573;137,424;139,449;136,351;140,216;134,443;132,041;135,966;132,82;128,948;124,964;127,857;126,66;122,028;117,533;120,691;124,843;114,615;120,259;118,77;121,405;115,95;121,775;110,954;109,202;106,661;102,226;110,799;115,648;98,674;103,838;106,004;111,954;110,405;108,512;108,932;96,939;99,689;100,154;96,821;99,976;100,402;87,97;96,092;92,046;93,071;89,345;86,68;88,998;77,128;83,772;80,186;80,89;76,696;78,087;77,945;80,781;77,083;66,167;65,032;68,965;71,274;65,241;63,053;62,963;64,747;59,483;59,811;64,845;58,151;57,688;53,259;55,045;59,242;53,513;48,108;50,223;51,242;48,108;48,594;50,781;48,841;46,877;49,555;46,838;43,729;46,172;45,208;42,969;44,904;44,363;43,151;40,334;40,839;39,986;41,504;41,081;40,132;40,403;39,67;39,898;39,49;39,882;40,302;39,162;39,29;39,38
C05;B1;;2;90,281;85,038;85,681;86,06;86,208;86,359;87,061;90,021;88,244;88,971;89,267;90,092;90,295;91,789;92,452;93,983;95,632;96,503;97,903;97,952;99,833;101,572;101,851;103,2;104,278;105,871;109,347;108,098;111,431;113,214;111,657;114,99;112,83;117,026;117,222;119,039;116,442;119,295;115,696;120,469;124,945;121,424;124,707;122,365;120,883;122,976;120,42;124,507;124,252;124,842;124,275;121,748;127,43;127,279;125,039;126,351;127,733;126,041;128,455;128,808;131,134;128,081;132,548;131,119;131,42;131,27;132,145;132,76;133,778;131,766;134,593;136,917;135,437;136,288;137,287;136,312;134,597;134,711;138,692;137,498;135,208;135,59;137,077;134,878;135,21;138,427;136,888;137,003;135,444;137,462;135,4;133,992;132,116;131,182;130,445;130,13;129,679;128,017;128,28;124,764;129,612;126,417;122,386;124,167;123,287;121,07;123,272;120,773;119,214;119,791;121,072;115,043;116,891;117,545;108,959;110,428;109,374;112,735;110,551;107,332;104,717;102,585;101,77;105,235;99,608;100,834;100,881;101,153;102,251;96,784;91,86;90,119;91,901;98,289;85,62;87,593;90,044;86,04;86,079;82,865;84,469;86,062;79,673;79,779;78,859;80,732;76,056;76,278;76,176;77,47;76,55;75,853;71,479;72,123;68,873;67,519;72,351;68,634;66,62
C06;X1;;2;31,873;32,017;32,226;32,169;32,326;32,511;32,479;32,277;32,566;32,568;32,778;32,814;32,854;32,849;32,913;33,038;33,148;33,072;33,088;33,091;33,221;33,227;33,207;33,355;33,387;33,482;33,627;33,761;33,658;33,8;33,863;34,014;34,172;34,187;34,094;34,327;34,358;34,494;34,658;34,821;34,886;34,871;35,02;35,241;35,358;35,54;35,664;35,852;35,954;36,121;36,282;36,598;36,757;36,887;37,131;37,458;37,732;37,906;37,96;38,409;38,625;39,037;39,325;39,738;40,14;40,449;40,715;41,394;41,737;42,136;42,859;43,29;44,07;44,559;45,203;46,123;46,998;47,645;48,673;49,464;50,272;51,404;52,35;53,351;53,719;54,346;55,404;56,156;57,025;57,873;58,699;59,768;62,536;71,121;72,49;73,804;75,151;76,739;78,06;79,376;79,897;81,021;83,055;83,524;84,657;86,476;86,87;87,932;89,357;91,781;92,281;93,642;95,623;96,422;98,486;98,471;97,35;96,166;95,815;95,859;95,669;95,485;96,058;96,012;96,327;97,495;96,664;96,984;99,484;98,865;101,318;100,424;100,896;101,752;102,606;106,423;105,344;106,687;108,763;110,119;111,194;114,923;116,34;117,147;119,44;119,337;122,3;124,483;126,484;128,693;130,453;132,351;134,423;137,296;139,188;141,842;144,013;146,323;147,522
C07;X1;;2;32,487;32,595;32,721;32,706;32,796;32,818;32,848;32,795;32,903;32,88;32,984;33,051;33,071;33,206;33,124;33,202;33,185;33,37;33,422;33,429;33,425;33,487;33,45;33,525;33,649;33,702;33,739;33,754;33,991;34,015;34,039;34,063;34,101;34,257;34,274;34,408;34,56;34,7;34,704;34,8;34,968;34,999;35,123;35,33;35,49;35,6;35,81;36,009;35,997;36,307;36,414;36,648;36,807;36,977;37,184;37,415;37,707;37,992;38,174;38,499;38,879;39,148;39,518;39,878;40,404;40,638;41,182;41,572;42,124;42,715;43,328;43,765;44,566;45,055;45,86;46,469;47,396;48,222;49,078;49,974;50,863;51,734;52,856;53,688;54,14;54,643;55,621;56,52;57,476;58,072;59,148;60,037;62,404;68,729;71,124;72,778;74,006;75,373;76,729;77,724;79,186;80,31;81,223;82,496;84,511;85,165;86,703;87,81;89,486;90,609;92,386;93,836;95,331;96,467;97,787;98,557;99,01;98,703;99,148;99,513;99,943;99,551;99,771;99,98;99,828;101,524;100,061;100,826;101,772;104,139;103,101;103,978;105,436;107,668;107,606;109,3;111,664;111,891;113,957;115,879;118,513;121,285;124,472;127,942;130,712;133,529;137,134;139,158;142,529;145,648;148,902;152,909;155,642;157,849;158,512;159,426;159,213;159,607;160,325
C08;X1;;2;33,512;33,558;33,753;33,717;33,9;33,901;33,975;33,98;34,059;34,098;34,083;34,222;34,132;34,189;34,246;34,279;34,312;34,366;34,417;34,564;34,571;34,647;34,733;34,716;34,75;34,834;34,968;34,957;35,058;35,182;35,297;35,34;35,464;35,499;35,639;35,709;35,89;35,951;36,054;36,166;36,231;36,264;36,492;36,713;36,722;36,963;37,104;37,272;37,414;37,492;37,75;37,898;38,159;38,383;38,666;38,89;39,227;39,583;39,676;40,113;40,354;40,706;41,092;41,425;41,974;42,229;42,683;43,148;43,706;44,318;44,7;45,311;45,993;46,663;47,507;48,198;48,966;49,721;50,692;51,617;52,518;53,362;54,385;55,285;55,489;56,073;57,106;57,949;58,592;59,335;60,082;60,778;61,702;63,197;69,884;72,101;73,65;75,617;76,402;77,421;78,768;80,052;80,191;81,252;82,424;83,119;84,691;85,845;87,053;88,213;89,227;90,688;91,995;92,657;92,551;92,614;93,71;93,839;94,315;94,758;94,696;94,528;95,089;95,322;95,257;95,847;96,192;96,787;97,337;97,679;98,704;99,85;100,696;101,481;101,943;103,129;105,526;105,825;107,246;108,763;110,943;112,483;113,037;114,602;116,114;117,85;119,802;122,63;125,235;127,907;130,429;132,897;134,972;137,392;138,576;140,801;143,049;146,587;150,267
C09;X1;;2;32,114;32,155;32,423;32,548;32,535;32,655;32,743;32,725;32,766;32,779;32,883;32,987;32,959;32,927;33,07;33,151;33,312;33,209;33,353;33,436;33,394;33,56;33,429;33,605;33,711;33,713;33,83;33,905;33,861;34,177;34,166;34,268;34,274;34,501;34,468;34,571;34,74;34,902;34,938;35,183;35,277;35,251;35,456;35,607;35,785;35,892;36,227;36,337;36,465;36,592;36,846;37,17;37,354;37,66;37,871;38,278;38,499;38,777;38,95;39,476;39,814;40,259;40,695;41,142;41,763;41,997;42,526;43,066;43,681;44,243;44,817;45,389;45,912;46,844;47,529;48,201;49,096;49,939;50,995;51,73;52,645;53,671;54,624;55,148;55,665;56,571;57,79;58,38;59,102;59,835;60,674;61,715;62,784;65,973;72,521;74,506;75,779;77,534;78,795;80,02;81,566;82,799;83,591;84,631;85,838;86,95;87,593;88,496;89,646;91,98;91,924;92,324;92,591;92,986;93,87;94,851;96,089;96,721;97,534;98,468;98,76;99,231;99,881;100,387;100,802;101,417;102,148;102,785;102,992;103,922;105,184;105,736;107,145;107,74;109,563;111,422;112,189;116,329;116,072;118,096;121,125;122,84;125,701;128,86;131,688;134,019;136,812;138,711;141,102;143,033;146,218;148,831;152,26;154,474;157,083;160,433;161,639;161,398;162,243
C10;X1;;2;29,879;29,97;30,232;30,188;30,305;30,361;30,472;30,308;30,415;30,454;30,523;30,58;30,686;30,652;30,635;30,816;30,874;30,953;30,993;31,038;30,977;31,067;31,188;31,187;31,306;31,467;31,485;31,576;31,664;31,754;31,789;32,063;32,029;32,101;32,249;32,38;32,487;32,602;32,648;32,899;32,973;33,004;33,197;33,335;33,454;33,604;33,803;33,968;34,141;34,418;34,672;34,83;34,997;35,17;35,528;35,771;36,112;36,361;36,709;37,034;37,375;37,834;38,177;38,57;39,156;39,472;40,052;40,567;40,99;41,621;42,259;42,776;43,585;44,389;44,998;45,788;46,8;47,567;48,676;49,7;50,803;51,784;52,888;53,597;53,933;54,784;55,817;56,727;57,382;57,946;58,766;59,52;60,553;62,439;69,811;72,701;73,549;74,878;75,935;78,496;79,688;79,774;80,456;81,987;82,974;83,919;85,485;86,646;88,158;89,503;90,771;91,912;92,792;93,807;93,105;93,216;94,882;94,73;94,346;94,444;94,348;94,397;94,855;94,622;94,469;95,45;95,144;96,216;96,731;97,324;98,498;98,916;100,046;101,361;104,277;103,552;104,297;105,529;106,934;108,324;110,133;111,532;114,792;115,16;117,22;119,121;120,936;123,279;126,748;128,514;131,232;134,494;137,235;140,455;143,035;145,179;148,748;151,866;154,354
D03;B2;;2;99,292;90,723;87,051;91,2;97,493;101,191;101,662;105,728;107,921;107,775;114,1;115,934;115,878;118,242;117,281;118,119;117,203;117,849;118,816;118,978;120,478;118,412;120,656;118,299;120,416;119,66;121,697;123,471;122,032;126,293;124,432;127,054;126,476;128,73;124,349;126,359;129,021;128,103;128,591;127,626;132,133;130,597;132,97;130,061;130,067;132,712;131,621;133,454;133,499;131,781;136,155;135,471;136,351;136,634;135,831;136,179;136,93;137,002;136,495;137,921;137,418;139,061;138,256;139,49;139,12;138,192;139,026;138,205;140,636;139,93;139,276;139,034;139,643;141,803;140,787;138,719;138,751;140,549;140,038;141,984;138,424;139,682;140,143;142,176;137,118;136,998;139,534;139,08;137,969;140,012;139,395;138,604;140,601;135,76;139,933;132,325;139,128;137,084;138,409;135,65;141,109;140,344;134,56;137,332;137,737;134,17;132,194;129,83;136,46;140,26;134,277;135,134;132,987;127,113;134,075;130,438;129,311;129,207;129,909;124,56;128,073;127,635;128,835;131,917;128,244;127,292;129,086;126,68;124,566;128,811;127,353;125,562;121,574;120,358;123,14;119,594;115,78;125,843;121,613;122,177;117,775;118,78;117,153;116,144;111,913;117,723;117,924;117,318;110,215;109,792;111,914;111,401;114,268;119,098;112,337;107,402;115,926;108,408;112,616
D04;B2;;2;86,747;95,397;101,059;103,018;96,514;100,594;101,946;106,973;107,015;100,667;100,448;103,61;100,193;101,566;101,759;101,392;101,812;107,353;104,926;106,366;106,387;103,473;101,782;101,856;104,815;104,142;107,701;110,634;108,612;106,682;105,236;109,112;109,438;108,173;108,868;109,542;110,079;113,621;110,617;111,674;111,963;112,149;113,788;111,58;111,382;113,259;115,604;117,248;119,812;118,871;115,166;115,603;120,362;119,612;121,59;123,73;123,78;121,951;121,019;124,401;126,394;125,212;128,636;129,486;127,125;127,289;128,488;125,893;126,312;127,081;131,931;130,834;129,96;127,979;130,993;134,996;133,747;136,073;135,22;135,454;138,695;135,724;136,564;137,068;137,556;136,591;133,507;141,027;140,55;145,417;140,925;145,415;143,248;143,673;146,128;148,397;143,556;146,737;148,084;147,584;150,171;147,028;151,598;143,442;148,909;149,257;146,383;147,679;147,992;148,444;145,681;144,624;144,048;146,769;148,396;138,814;148,421;146,263;144,241;148,773;145,358;138,129;143,635;141,919;145,376;141,936;147,466;139,983;144,211;141,071;137,713;141,072;144,791;136,046;134,683;138,183;138,592;143,334;138,485;140,877;141,901;137,744;138,849;141,546;144,361;138,651;139,749;133,701;133,419;140,295;135,546;134,175;133,489;128,962;127,904;121,402;124,377;125,393;126,541
D05;B2;;2;100,863;118,484;125,13;132,382;128,911;133,092;132,151;133,991;133,074;127,818;132,633;134,837;128,98;132,208;135,091;134,385;138,237;136,284;137,385;135,099;139,881;137,589;137,528;136,135;139,279;140,425;139,949;139,21;142,164;139,442;139,529;140,963;143,995;143,955;143,498;143,102;141,816;141,352;145,998;143,694;147,638;143,359;146,279;145,124;145,523;146,646;146,744;147,042;146,491;146,45;147,767;148,211;150,333;148,525;151,035;150,994;150,216;149,085;150,967;150,407;150,361;152,733;153,193;150,783;152,341;154,87;151,849;152,81;152,924;154,208;153,219;154,668;153,696;153,067;155,165;154,385;153,964;156,734;154,62;155,45;156,16;155,899;156,1;155,142;158,123;157,167;156,435;157,795;156,814;156,31;156,647;155,013;155,899;155,889;154,872;157,684;159,646;156,853;157,14;159,244;157,868;155,835;159,644;159,341;158,164;155,921;159,331;157,223;159,746;157,744;159,149;158,268;154,841;157,483;158,581;160,697;152,525;154,043;157,786;157,295;155,858;156,273;155,16;153,242;152,794;152,147;153,712;153,833;151,84;152,237;152,018;152,809;153,053;156,598;151,429;149,745;151,039;144,769;151,407;146,049;141,976;150,016;150,263;146,41;144,046;141,727;141,24;148,389;138,966;143,078;141,169;139,194;141,554;142,496;142,097;143,533;143,001;139,96;135,388
D06;X2;;2;34,841;34,78;34,853;34,864;35,049;35,007;35,119;34,999;35,104;35,246;35,242;35,329;35,389;35,396;35,35;35,479;35,534;35,65;35,573;35,809;35,763;35,966;35,857;36,001;36,082;36,077;36,137;36,216;36,336;36,43;36,442;36,409;36,498;36,547;36,5;36,589;36,884;36,887;36,961;36,988;37,197;37,172;37,212;37,506;37,622;37,696;37,902;37,914;37,964;37,877;37,832;38,016;38,145;38,218;38,226;38,446;38,463;38,573;38,432;38,481;38,482;38,518;38,517;38,559;38,716;38,787;38,744;38,887;38,871;38,897;38,691;38,933;38,944;38,991;38,964;39,063;39,01;38,936;39,133;39,109;38,941;39,188;39,166;39,149;39,252;39,243;39,245;39,143;39,33;39,266;39,266;39,334;39,256;39,37;39,451;39,413;39,678;39,593;39,619;39,594;39,802;39,725;39,801;39,787;39,86;40,108;40,011;40,125;40,099;40,107;40,351;40,011;40,282;40,17;40,347;40,295;40,223;40,294;40,411;40,413;40,341;40,399;40,531;40,502;40,518;40,491;40,653;40,713;40,667;40,802;40,912;40,625;40,865;40,876;40,843;40,953;40,786;40,92;41,033;41,045;41,03;41,099;41,139;41,075;40,958;41,222;41,104;41,277;41,414;41,274;41,09;41,281;41,35;41,356;41,308;41,491;41,358;41,472;41,401
D07;X2;;2;31,867;31,848;31,946;31,923;32,062;32,045;32,024;32,054;32,085;32,122;32,236;32,215;32,198;32,308;32,371;32,553;32,593;32,584;32,675;32,749;32,848;32,794;32,877;32,98;32,993;32,997;33,137;33,214;33,191;33,372;33,479;33,481;33,477;33,534;33,625;33,574;33,644;33,934;33,864;33,91;34,084;34,134;34,279;34,547;34,653;34,732;34,879;34,906;34,769;34,843;34,722;34,947;35,058;34,934;35,123;35,134;35,241;35,386;35,157;35,161;35,227;35,288;35,381;35,387;35,448;35,135;35,468;35,35;35,372;35,511;35,6;35,508;35,516;35,64;35,677;35,746;35,688;35,646;35,761;35,812;35,781;35,827;35,992;35,839;35,988;35,987;36,063;36,012;35,994;36,097;36,185;36,21;36,253;36,234;36,381;36,37;36,439;36,536;36,463;36,466;36,465;36,651;36,719;36,752;36,762;36,702;36,862;37,095;36,893;36,955;36,872;36,814;36,952;37,043;37,045;37,153;37,212;37,173;37,099;37,373;37,198;37,176;37,328;37,281;37,124;37,488;37,18;37,188;37,432;37,327;37,545;37,325;37,481;37,568;37,559;37,632;37,367;37,402;37,665;37,544;37,696;37,681;37,748;37,605;37,6;37,683;37,673;37,893;37,795;37,771;37,788;37,983;37,834;37,926;38,024;37,993;38,023;38,09;38,09
D08;X2;;2;31,187;31,228;31,27;31,354;31,27;31,281;31,329;31,4;31,3;31,319;31,403;31,497;31,478;31,591;31,587;31,674;31,662;31,798;31,822;31,901;31,909;31,988;32,059;32,08;32,188;32,239;32,252;32,333;32,352;32,482;32,528;32,631;32,559;32,659;32,637;32,79;32,795;33,009;33,059;33,133;33,175;33,386;33,524;33,612;33,657;33,903;33,956;34,079;34,177;34,14;34,265;34,165;34,275;34,301;34,372;34,475;34,582;34,669;34,485;34,556;34,597;34,636;34,408;34,565;34,711;34,714;34,705;34,886;34,818;34,818;34,918;34,789;35,052;34,974;35,045;34,913;35,064;35,087;35,211;35,372;35,159;35,475;35,349;35,295;35,378;35,378;35,457;35,437;35,47;35,548;35,723;35,711;35,575;35,714;35,871;35,679;35,763;35,807;35,826;35,969;35,799;36,03;36,078;35,927;36,013;36,288;36,177;36,213;36,081;36,228;36,213;36,138;36,31;36,215;36,364;36,34;36,399;36,365;36,478;36,52;36,481;36,478;36,597;36,581;36,532;36,484;36,567;36,616;36,712;36,626;36,836;36,817;36,693;36,707;36,676;36,951;36,773;36,894;36,951;37,08;37,058;36,994;36,975;37,022;37,131;36,971;37,036;37,214;37,246;37,163;37,194;37,296;37,116;37,352;37,426;37,234;37,491;37,541;37,29
D09;X2;;2;31,363;31,439;31,704;31,604;31,769;31,725;31,662;31,756;31,774;31,86;31,882;31,907;31,971;32,111;32,156;32,194;32,21;32,21;32,472;32,398;32,393;32,555;32,621;32,639;32,746;32,64;32,724;32,824;32,759;32,89;32,969;33,036;32,979;33,026;33,106;33,267;33,435;33,587;33,456;33,633;33,924;33,89;34,052;34,188;34,322;34,362;34,616;34,7;34,548;34,658;34,564;34,701;34,793;34,837;34,801;34,948;35,094;34,999;35,028;35,076;35,102;35,173;35,052;35,183;35,494;35,295;35,418;35,329;35,543;35,404;35,575;35,618;35,637;35,782;35,635;35,711;35,798;35,805;35,916;35,97;35,9;36,083;36,038;35,856;35,872;36,149;36,154;36,243;36,099;36,097;36,262;36,106;36,19;36,171;36,322;36,565;36,394;36,369;36,247;36,31;36,579;36,407;36,527;36,669;36,368;36,483;36,594;36,666;36,744;36,642;36,657;36,495;36,65;36,742;36,685;36,748;36,786;36,921;36,792;36,838;36,878;36,777;36,973;37,078;37,018;37,039;36,932;36,95;37,073;37,169;37,235;37,112;37,219;37,266;37,188;37,392;37,192;37,413;37,439;37,365;37,459;37,509;37,569;37,55;37,378;37,454;37,361;37,725;37,651;37,675;37,558;37,757;37,618;37,785;37,753;37,787;38,047;37,815;37,949
D10;X2;;2;30,916;31,132;31,058;31,272;31,222;31,245;31,21;31,211;31,353;31,397;31,474;31,494;31,576;31,465;31,529;31,695;31,651;31,805;31,874;31,873;31,909;31,766;31,951;32,063;32,024;32,169;32,161;32,224;32,176;32,268;32,299;32,468;32,428;32,468;32,633;32,776;32,791;32,846;33,038;33,194;33,306;33,308;33,431;33,602;33,721;33,903;34,024;33,99;34,038;34,054;34,05;34,151;34,192;34,208;34,379;34,318;34,467;34,561;34,285;34,513;34,454;34,468;34,537;34,622;34,886;34,6;34,755;34,858;34,921;35,003;35,042;35,023;35,01;35,077;35,101;35,072;35,177;35,361;35,324;35,34;35,415;35,51;35,563;35,477;35,507;35,511;35,587;35,556;35,676;35,702;35,818;35,798;35,785;35,993;35,857;36;35,94;36,076;36,076;36,122;36,28;36,309;36,14;36,286;36,445;36,371;36,521;36,523;36,496;36,468;36,466;36,464;36,643;36,586;36,633;36,762;36,648;36,797;36,712;36,907;36,874;36,911;36,952;36,806;36,877;37,184;36,966;37,019;37,063;37,152;37,204;37,181;37,391;37,338;37,342;37,488;37,271;37,392;37,35;37,386;37,528;37,516;37,614;37,577;37,559;37,635;37,718;37,78;37,733;37,692;37,739;37,846;37,721;37,977;38,045;38,01;38,071;38,038;37,946
E03;B3;;2;103,649;96,625;94,293;88,445;88,004;89,472;88,999;89,815;89,336;88,115;89,388;88,782;89,228;89,671;89,642;90,144;88,746;90,044;89,95;91,814;91,753;91,327;91,892;90,992;90,023;89,032;89,127;89,763;89,276;88,822;89,414;90,337;89,311;89,784;88,833;89,398;88,218;89,472;89,763;90,151;90,396;88,871;90,034;91,395;91,373;88,803;90,806;91,435;90,478;90,088;91,035;91,481;94,149;90,885;92,106;93,172;92,664;92,164;93,677;91,155;93,243;94,322;95,322;94,811;94,853;96,491;94,382;97,927;93,61;96,312;97,135;94,595;97,733;95,26;95,517;99,412;97,579;101,479;98,455;99,248;102,334;99,809;101,774;102,62;100,169;103,284;102,752;102,529;105,57;106,598;106,196;106,049;102,162;103,503;101,858;104,758;104,363;106,199;105,021;110,892;113,365;109,388;107,463;111,957;113,018;110,857;109,201;113,719;113,137;112,083;113,193;116,031;111,619;113,622;116,341;118,366;116,454;111,91;119,183;120,088;113,716;116,725;112,322;116,312;118,227;120,236;115,96;119,509;112,292;118,797;122,467;121,229;121,43;115,303;119,842;122,729;123,181;122,58;120,03;121,367;116,017;118,234;117,109;119,028;122,061;122,533;119,497;123,499;121,123;119,73;125,874;120,721;122,519;121,761;126,767;124,622;122,027;119,116;123,933
E04;B3;;2;86,166;82,865;85,229;86,846;90,527;92,659;92,038;92,793;92,957;93,109;92,712;92,038;92,143;93,643;92,632;91,97;92,157;92,802;92,854;93,042;93,959;93,21;94,268;95,378;96,314;95,923;94,801;96,175;93,977;95,2;96,19;95,073;93,977;94,053;95,416;96,538;94,352;95,002;94,745;95,443;95,44;94,393;96,088;95,716;95,438;96,496;96,653;96,418;95,332;95,792;98,291;98,147;96,077;94,613;96,976;98,367;98,072;95,2;100,144;98,169;98,245;97,796;97,6;97,626;98,801;98,282;98,927;98,059;98,815;99,74;98,169;98,757;99,064;98,824;97,705;98,813;101,638;99,505;100,422;100,479;100,594;101,37;102,182;99,457;101,225;100,334;101,274;100,921;99,052;102,932;102,167;101,077;97,906;101,956;99,18;103,051;106,181;102,301;105,115;107,263;105,495;102,281;101,388;105,491;104,418;104,135;103,091;104,802;102,892;107,652;104,035;103,004;106,402;106,838;106,765;108,811;105,454;105,127;106,559;108,785;107,463;109,178;110,202;108,451;106,747;106,162;111,312;106,114;104,815;108,559;109,178;109,911;107,221;106,885;106,813;108,926;111,482;110,424;108,969;112,099;107,054;110,358;110,549;111,68;112,503;111,752;109,588;111,607;110,884;112,602;112,652;111,304;110,082;108,409;113,828;108,148;112,221;114,376;113,896
E05;B3;;2;160,508;105,175;87,38;72,792;70,162;69,019;63,511;61,871;61,654;61,615;58,801;58,737;56,473;53,85;53,719;55,947;50,846;49,666;51,272;48,953;49,899;51,22;51,592;46,956;46,099;44,652;42,425;48,64;46,134;46,179;44,328;44,003;44,112;44,119;42,092;42,955;40,732;40,339;39,644;40,577;38,894;39,11;39,467;38,683;39,527;36,707;37,51;37,115;37,4;37,681;38,853;37,709;36,242;38,944;36,304;37,024;35,005;34,855;37,284;36,157;34,98;33,39;33,965;35,751;36,231;36,312;35,261;34,929;35,045;35,564;33,301;33,324;33,395;33,094;35,511;33,728;33,639;32,497;32,392;32,283;32,744;33,788;31,854;32,02;32,229;31,912;32,458;31,942;33,148;32,151;31,795;31,867;31,703;31,768;32,302;32,562;32,266;31,722;31,5;32,524;32,123;31,632;31,668;31,687;31,514;31,448;31,664;31,476;31,495;31,488;32,061;31,422;31,371;31,333;31,522;31,414;31,387;31,429;31,351;31,634;31,276;31,151;31,35;31,303;31,352;31,38;31,43;31,318;31,426;31,352;31,379;31,316;31,327;31,429;31,501;31,351;31,404;31,501;31,328;31,4;31,445;31,521;31,414;31,401;31,32;31,49;31,401;31,414;31,419;31,306;31,379;31,439;31,479;31,609;31,505;31,584;31,59;31,539;31,611
E06;X3;;2;32,156;32,119;32,167;32,191;32,194;32,178;32,186;32,111;32,075;32,111;32,165;32,161;32,11;32,141;32,183;32,173;32,233;32,138;32,242;32,239;32,241;32,164;32,246;32,261;32,342;32,309;32,42;32,435;32,39;32,426;32,469;32,514;32,527;32,433;32,538;32,715;32,678;32,754;32,79;32,743;32,944;32,947;32,949;33,075;33,144;33,291;33,354;33,587;33,599;33,705;33,782;33,861;33,967;34,168;34,451;34,507;34,636;34,827;34,875;35,251;35,356;35,7;36,035;36,162;36,635;36,736;37,065;37,539;37,808;38,015;38,496;38,876;39,28;39,728;40,325;40,651;41,091;41,6;42,199;42,67;43,334;43,881;44,387;45,064;45,514;46,43;47,117;47,777;48,513;49,215;49,387;49,785;50,559;51,331;51,984;52,511;53,035;53,889;54,254;54,851;55,505;56,255;57,02;57,821;58,812;59,733;60,432;61,594;62,698;64,227;68,277;71,849;73,831;75,658;77,493;79,965;81,728;83,891;86,238;89,044;91,43;94,508;97,792;101,021;104,558;107,052;109,083;111,412;112,861;113,809;114,215;113,674;113,447;112,221;109,954;109,682;107,267;106,879;107,39;106,594;106,539;106,357;107,6;106,298;106,288;107,151;107,494;107,191;106,638;106,45;106,94;106,354;106,185;107,526;106,907;107,127;106,998;107,43;107,373
E07;X3;;2;28,83;28,917;28,972;28,95;28,898;28,975;28,929;28,943;28,878;28,859;28,929;28,942;28,963;28,891;28,972;28,967;29,001;29,055;29,059;29,079;28,984;29,093;29,107;29,079;29,212;29,088;29,164;29,26;29,228;29,29;29,337;29,346;29,4;29,388;29,384;29,527;29,636;29,653;29,668;29,779;29,771;29,775;29,853;30,038;30,047;30,27;30,284;30,319;30,405;30,624;30,726;30,839;31,037;31,045;31,309;31,532;31,65;31,798;31,9;32,211;32,384;32,577;32,931;33,233;33,667;33,794;34,116;34,391;34,846;35,07;35,404;35,774;36,139;36,696;36,985;37,532;38,048;38,595;39,01;39,703;40,21;40,829;41,494;42,111;42,604;43,385;44,073;44,727;45,342;45,867;46,191;46,735;47,434;48,163;48,942;49,583;50,278;50,989;51,419;51,956;52,763;53,627;54,32;55,174;56,059;56,852;57,558;58,688;59,59;60,419;61,532;62,626;63,898;65,048;66,999;69,21;71,34;73,356;76,112;80,297;82,406;84,933;88,053;90,705;93,58;95,488;98,069;100,375;102,017;103,117;104,915;105,118;105,766;104,737;102,382;102,535;101,469;99,529;98,712;96,921;95,296;94,734;93,861;93,811;94,036;94,376;94,587;95,132;95,844;96,007;96,643;96,872;97,447;97,652;98,766;99,127;99,44;99,788;100,465
E08;X3;;2;28,723;28,718;28,778;28,776;28,853;28,821;28,936;28,814;28,791;28,775;28,865;28,824;28,739;28,87;28,886;28,84;28,871;28,893;28,924;28,93;28,971;28,948;28,94;29,01;29,058;28,938;29,059;29,071;29,035;29,16;29,284;29,212;29,195;29,268;29,239;29,428;29,48;29,554;29,555;29,545;29,689;29,661;29,775;29,903;29,965;30,117;30,127;30,301;30,244;30,503;30,64;30,682;30,88;31,045;31,302;31,389;31,528;31,769;31,832;32,222;32,345;32,584;32,974;33,079;33,513;33,722;34,049;34,302;34,868;35,131;35,504;35,763;36,235;36,703;37,151;37,581;38,157;38,581;39,179;39,812;40,336;40,952;41,575;42,157;42,864;43,535;44,174;44,828;45,562;46,137;46,394;47,011;47,699;48,335;49,141;49,559;50,111;50,846;51,474;51,994;52,93;53,592;54,338;55,216;56;56,883;57,687;58,674;59,733;60,788;62,199;65,816;69,239;70,938;72,602;74,769;77,106;79,376;81,774;84,665;86,818;89,646;92,903;96,267;98,572;101,068;102,851;104,964;105,79;106,158;106,716;106,086;106,509;105,183;104,548;101,238;100,545;99,343;98,739;99,303;99,57;99,112;98,509;97,963;97,719;97,48;97,421;97,627;97,202;97,126;98,044;98,28;98,271;98,717;98,402;99,141;99,203;99,617;99,068
E09;X3;;2;28,777;28,911;28,821;28,915;29,004;29,069;28,834;29,017;29,035;29,175;29,138;29,189;29,174;29,071;29,108;29,288;29,34;29,247;29,341;29,286;29,15;29,491;29,336;29,465;29,546;29,486;29,525;29,548;29,547;29,61;29,785;29,748;29,728;29,744;29,733;29,831;29,852;29,975;30,008;30,084;30,144;30,108;30,257;30,351;30,524;30,523;30,655;30,793;30,893;30,967;31,204;31,314;31,495;31,732;31,878;32,026;32,191;32,493;32,501;32,884;32,993;33,415;33,582;33,936;34,378;34,553;34,919;35,286;35,628;36,037;36,445;36,703;37,265;37,695;38,113;38,618;39,123;39,591;40,275;40,77;41,429;41,944;42,773;43,491;44,168;44,923;45,551;46,121;46,415;47,025;47,707;48,286;49,127;49,574;50,349;50,906;51,472;52,122;52,822;53,602;54,376;55,102;55,943;56,811;57,694;58,452;59,315;60,441;61,632;62,457;63,653;65,164;67,966;70,737;74,233;76,85;78,973;81,795;84,233;86,995;90,281;92,848;95,52;97,374;100,234;101,648;103,361;104,237;105,524;105,814;106,275;106,484;106,375;102,627;101,346;100,08;99,653;99,505;99,028;98,631;98,764;98,508;98,674;98,953;98,73;99,118;98,731;98,907;98,955;98,78;99,231;98,748;99,61;99,906;100,099;100,478;100,054;101,352;99,755
E10;X3;;2;40,002;36,305;36,033;39,22;36,108;36,511;36,981;36,865;37,295;36,991;37,12;37,333;37,339;37,99;37,843;37,448;37,311;37,278;37,617;37,945;37,734;37,538;37,879;37,728;38,424;37,963;38,077;37,679;38,081;39,025;37,875;38,318;39,103;38,636;37,943;38,381;38,239;38,369;38,425;38,134;38,407;38,635;38,35;38,605;38,687;38,998;39,154;38,831;38,863;39,051;39,428;39,313;39,422;39,624;40,251;39,71;39,954;40,315;40,412;40,915;40,906;41,036;41,26;41,675;42,747;42,7;42,644;43,444;43,738;43,874;44,621;44,396;45,558;45,484;46,302;47,016;47,788;48,102;48,595;49,263;49,636;50,578;50,965;51,22;51,973;52,867;53,809;54,835;55,154;55,512;56,553;57,364;58,185;59,324;60,585;61,687;62,606;63,646;65,229;66,221;67,379;68,764;70,668;72,885;76,824;78,185;80,502;82,585;85,178;86,404;89,275;91,863;94,443;97,048;100,224;102,17;104,372;106,825;108,608;110,914;112,895;114,7;116,518;117,547;118,795;119,829;120,101;120,563;121,437;121,755;122,065;122,235;122,555;122,832;122,715;121,925;119,749;120,347;120,792;119,537;119,869;120,671;121,52;122,536;124,946;126,185;127,774;129,933;131,677;132,948;134,743;136,875;138,581;141,795;144,495;146,275;149,094;151,224;154,117
F03;B4;;2;99,593;87,533;99,274;112,321;116,046;119,438;125,288;124,755;123,749;124,328;129,4;128,058;125,908;127,511;130,25;132,027;131,786;136,297;132,302;136,39;138,472;131,281;131,395;133,815;136,881;137,166;137,716;136,976;138,457;137,23;138,071;139,35;137,789;136,418;136,146;137,054;138,024;134,689;138,723;138,24;136,108;136,37;138,038;136,718;135,061;138,209;139,382;134,171;136,115;136,771;135,833;137,478;136,454;136,015;135,441;133,44;137,561;137,364;134,475;138,261;134,972;135,633;133,621;134,706;134,968;136,812;134,783;136,483;137,319;138,722;135,371;136,432;135,802;136,908;137,174;137,816;134,872;133,146;133,61;134,374;133,591;136,233;135,017;135,692;134,618;131,99;134,944;138,502;132,822;135,741;134,798;134,81;136,757;134,999;136,504;135,24;132,746;131,486;134,25;132,804;132,956;133,676;136,497;135,008;133,964;132,239;136,797;132,519;134,77;135,369;131,424;133,452;135,315;132,931;133,348;136,132;144,242;130,301;127,577;128,428;134,306;135,444;134,941;132,566;134,243;132,669;138,973;136,636;132,364;134,366;130,878;122,249;114,967;117,039;121,129;120,027;118,736;121,55;120,15;124,35;121,359;121,484;120,209;121,049;117,409;119,789;123,853;115,907;119,439;117,4;119,507;116,767;121,156;121,682;123,322;119,646;116,736;120,605;116,199
F04;B4;;2;97,487;69,959;81,895;91,806;103,396;113,298;123,505;124,343;132,006;139,018;135,07;131,808;135,925;137,349;140,27;132,365;132,214;127,779;120,034;118,616;109,878;109,057;106,198;107,111;106,352;104,826;102,814;106,673;100,864;105,578;103,799;102,69;103,783;99,882;103,347;99,938;105,696;102,785;101,269;99,925;99,146;99,099;91,581;94,539;92,908;91,82;94,168;89,883;90,553;85,73;86,622;87,258;85,347;83,594;87,29;83,795;81,281;83,034;82,455;83,324;82,599;83,185;80,682;79,391;77,54;78,555;44,975;43,772;42,721;42,946;42,447;42,755;43,203;44,017;45,327;45,724;44,046;45,382;43,721;43,264;44,083;42,65;40,471;37,931;37,93;35,76;35,611;35,63;35,291;35,324;35,359;35,201;35,216;35,211;35,25;35,197;35,291;35,236;35,24;35,13;35,37;35,424;35,416;35,418;35,288;35,352;35,338;35,405;35,472;35,324;35,334;35,371;35,304;35,339;35,377;35,345;35,345;35,326;35,298;35,371;35,408;35,334;35,346;35,461;35,307;35,38;35,333;35,449;35,509;35,363;35,458;35,416;35,445;35,451;35,383;35,459;35,427;35,376;35,448;35,423;35,444;35,368;35,52;35,412;35,36;35,357;35,401;35,433;35,449;35,372;35,402;35,427;35,427;35,448;35,396;35,485;35,392;35,428;35,523
F05;B4;;2;36,593;31,944;31,897;31,705;31,56;31,395;31,134;31,138;31,219;31,229;31,268;31,267;31,254;31,227;31,215;31,202;31,196;31,283;31,282;31,349;31,256;31,222;31,202;31,243;31,24;31,324;31,278;31,298;31,292;31,329;31,348;31,297;31,26;31,269;31,317;31,291;31,309;31,326;31,319;31,307;31,361;31,221;31,307;31,379;31,339;31,263;31,354;31,375;31,336;31,331;31,312;31,321;31,406;31,339;31,359;31,375;31,378;31,454;31,307;31,348;31,41;31,338;31,347;31,343;31,403;31,286;31,357;31,339;31,362;31,386;31,418;31,375;31,437;31,422;31,425;31,367;31,425;31,424;31,412;31,371;31,37;31,425;31,439;31,419;31,398;31,401;31,382;31,399;31,392;31,382;31,428;31,43;31,389;31,384;31,38;31,421;31,415;31,419;31,35;31,397;31,427;31,44;31,455;31,468;31,406;31,417;31,417;31,406;31,506;31,46;31,377;31,412;31,437;31,436;31,508;31,456;31,428;31,488;31,434;31,434;31,545;31,434;31,468;31,455;31,431;31,459;31,464;31,463;31,491;31,4;31,523;31,405;31,548;31,529;31,466;31,464;31,462;31,481;31,452;31,468;31,575;31,503;31,531;31,459;31,492;31,476;31,494;31,493;31,504;31,433;31,414;31,47;31,503;31,557;31,601;31,526;31,466;31,494;31,532
F06;X4;;2;34,644;34,626;34,702;34,709;34,804;34,883;34,994;35,036;35,181;35,303;35,283;35,397;35,43;35,433;35,494;35,585;35,651;35,637;35,718;35,661;35,735;35,779;35,694;35,734;35,785;35,84;35,787;35,813;35,859;35,952;35,98;36,004;35,983;35,944;36,031;36,056;36,155;36,178;36,238;36,286;36,341;36,3;36,368;36,51;36,668;36,653;36,769;36,844;36,932;37,01;37,157;37,28;37,376;37,524;37,718;37,866;38,008;38,261;38,296;38,542;38,682;38,837;39,104;39,281;39,593;39,682;39,981;40,267;40,563;40,84;41,157;41,418;41,78;42,211;42,594;42,909;43,341;43,785;44,303;44,721;45,281;45,874;46,419;46,615;47,015;47,656;48,309;48,821;49,419;50,03;50,651;51,347;52,096;52,885;53,866;54,811;55,659;56,597;57,42;58,591;59,498;60,497;61,792;62,859;64,112;65,338;66,713;67,996;69,243;70,77;72,21;73,257;74,611;75,789;77,524;78,845;79,917;80,836;82,16;83,347;83,996;84,926;85,891;86,896;87,921;88,908;90,473;91,386;92,892;94,111;95,971;97,065;99,028;100,763;101,981;104,03;105,413;106,835;108,832;110,435;111,578;113,54;115,152;115,596;117,97;122,468;126,728;131,869;139,398;144,769;150,8;154,637;159,728;162,42;166,481;167,639;168,772;169,417;169,593
F07;X4;;2;31,771;31,631;31,793;31,875;31,914;31,911;32,041;32,051;32,111;32,138;32,252;32,35;32,331;32,298;32,32;32,402;32,405;32,464;32,486;32,536;32,555;32,562;32,437;32,608;32,624;32,672;32,672;32,677;32,643;32,795;32,874;32,849;32,75;32,758;32,789;32,889;32,982;33,048;33,109;33,158;33,143;33,191;33,226;33,377;33,472;33,497;33,657;33,697;33,859;33,951;34,047;34,212;34,292;34,458;34,587;34,762;34,912;35,124;35,271;35,487;35,66;35,897;36,132;36,309;36,603;36,765;37,033;37,372;37,651;37,902;38,279;38,61;39,007;39,437;39,845;40,192;40,661;41,012;41,709;42,142;42,688;43,357;43,547;43,986;44,596;45,21;45,853;46,362;46,947;47,62;48,466;49,01;49,966;50,978;51,704;52,812;53,666;54,67;55,609;56,49;57,735;59,033;60,068;61,378;62,677;63,682;65,109;66,498;67,922;69,25;70,166;71,384;73,193;74,598;75,984;77,23;78,288;79,093;80,187;81,025;82,223;82,716;84,247;85,451;86,131;87,46;88,612;90,081;91,404;92,911;94,776;96,142;98,206;99,552;101,294;101,912;103,446;105,145;107,346;108,543;110,24;111,23;112,742;114,972;118,316;122,423;126,074;130,997;135,398;140,487;144,251;148,175;151,487;155,976;158,646;159,976;160,534;160,214;159,8
F08;X4;;2;30,818;30,801;30,898;30,893;30,955;31,072;31,246;31,258;31,336;31,413;31,501;31,656;31,648;31,611;31,72;31,831;31,802;31,819;31,815;31,883;31,913;31,894;31,823;31,868;31,871;31,896;31,958;32,017;31,973;32,011;32,085;32,098;32,068;32,034;32,136;32,161;32,232;32,261;32,347;32,3;32,447;32,433;32,488;32,556;32,688;32,729;32,808;32,969;33,013;33,048;33,29;33,397;33,488;33,667;33,871;34,01;34,292;34,432;34,485;34,796;34,959;35,173;35,381;35,587;35,877;36,016;36,248;36,616;36,869;37,088;37,494;37,713;38,037;38,442;38,735;39,197;39,553;39,96;40,458;40,875;41,331;41,887;42,432;42,715;42,979;43,525;44,066;44,716;45,128;45,752;46,303;46,91;47,574;48,265;49,18;49,925;50,735;51,522;52,3;53,212;54,3;55,213;56,139;57,121;58,028;59,402;60,276;61,493;62,789;63,737;65,268;66,606;67,942;68,618;70,176;71,585;72,702;73,97;74,746;75,722;76,932;77,572;78,245;79,348;80,321;81,393;81,96;83,096;84,467;85,147;86,32;87,777;89,002;90,201;92,199;93,128;94,668;96,733;98,125;99,259;100,662;102,019;103,703;104,685;106,151;106,617;108,207;109,435;110,071;113,464;115,542;119,223;124,287;129,519;133,843;138,935;143,951;147,777;151,289
F09;X4;;2;31,491;31,436;31,59;31,717;31,531;31,611;31,642;31,593;31,687;31,672;31,814;31,853;31,784;31,757;32,037;31,9;31,823;32,049;31,932;31,97;31,989;32,043;32,045;32,042;32,15;32,246;32,178;32,186;32,176;32,275;32,321;32,352;32,326;32,334;32,503;32,39;32,483;32,623;32,691;32,63;32,54;32,628;32,793;32,876;32,991;33,024;33,086;33,173;33,285;33,283;33,422;33,572;33,645;33,825;34,071;34,121;34,302;34,622;34,589;34,839;35,123;35,252;35,47;35,751;35,952;36,112;36,33;36,626;36,866;37,198;37,583;37,891;38,126;38,46;38,873;39,176;39,571;39,946;40,487;40,988;41,387;42,088;42,471;42,691;43,126;43,798;44,251;44,954;45,387;45,976;46,677;47,172;47,947;48,677;49,525;50,553;51,137;52,111;52,99;53,849;55,059;55,914;56,908;58,072;59,07;60,217;61,441;62,868;64,364;65,243;66,729;68,066;68,951;69,903;71,609;73,168;74,067;75,372;75,846;76,791;77,974;78,371;79,669;80,576;81,447;82,18;83,259;84,556;85,487;86,554;88,1;89,133;90,783;92,205;94,166;95,631;96,8;98,636;99,811;101,033;102,643;103,433;105,131;106,007;107,422;108,72;110,164;111,762;113,079;114,613;116,596;119,746;124,363;128,817;133,946;139,21;144,027;148,202;149,948
F10;X4;;2;33,664;33,561;33,658;33,717;33,765;33,842;33,857;33,91;33,958;33,91;33,924;33,985;34,05;34,005;34,034;34,002;34,045;34,195;34,159;34,167;34,23;34,255;34,237;34,254;34,325;34,352;34,418;34,427;34,437;34,468;34,533;34,642;34,624;34,631;34,669;34,727;34,871;34,962;34,934;35,024;35,067;35,088;35,176;35,44;35,44;35,533;35,66;35,745;35,854;35,96;36,075;36,28;36,399;36,551;36,78;36,867;37,112;37,332;37,381;37,664;37,941;38,146;38,392;38,652;39,003;39,144;39,503;39,839;40,218;40,527;40,926;41,28;41,727;42,253;42,665;43,071;43,644;44,087;44,775;45,28;45,52;46,057;46,711;47,201;47,702;48,318;48,96;49,606;50,332;51,156;51,95;52,86;53,8;54,68;55,678;56,598;57,676;58,612;59,649;60,63;62,059;63,135;64,443;65,677;66,973;68,181;69,594;71,11;72,226;73,152;74,848;76,506;77,528;78,539;79,936;81,044;81,828;82,779;83,554;84,607;85,887;86,468;87,901;89,164;90,224;91,774;92,695;94,326;96,031;97,321;99,465;100,836;102,516;103,687;105,142;106,203;108,056;109,198;110,858;111,578;112,797;113,255;113,295;113,718;114,233;114,801;115,638;116,553;118,746;122,451;128,067;134,804;141,891;147,352;150,241;151,746;152,368;153,519;152,103
C03;B1;;3;245,777;295,475;303,002;315,066;321,056;325,889;329;331,989;333,823;335,459;336,753;337,823;339,29;339,735;340,807;341,445;341,826;342,891;343,06;344,484;344,726;345,386;347,006;347,669;348,275;348,862;349,28;350,174;350,49;350,064;350,186;351,71;351,865;351,974;351,035;347,414;346,738;350,482;350,263;352,456;343,714;343,125;335,827;337,423;347,326;337,109;333,926;331,949;340,214;339,438;333,11;335,006;329,765;329,481;317,903;322,447;307,029;310,092;313,307;301,48;305,229;293,066;319,514;289,353;302,425;280,274;280,786;284,578;293,464;289,361;290,05;274,527;278,619;276,688;287,957;263,085;267,343;264,2;257,576;259,325;249,78;249,602;245,291;255,646;243,969;257,787;251,284;248,491;244,62;234,628;228,671;230,86;225,132;222,265;223,739;220,706;217,004;220,796;218,922;200,138;181,792;181,319;186,99;175,5;166,671;168,073;178,316;161,61;152,913;155,092;160,306;158,23;156,384;149,937;152,127;143,852;153,216;146,34;134,759;139,05;129,44;129,795;130,993;124,015;125,232;118,464;114,138;115,908;115,873;110,137;110,709;110,848;112,075;112,998;112,912;114,642;116,108;118,576;119,274;123,942;124,239;124,363;130,825;130,814;132,255;136,329;140,805;143,038;147,215;151,724;161,566;161,189;167,339;172,365;170,276;175,227;181,717;178,629;185,615
C04;B1;;3;250,419;268,676;294,694;307,751;303,603;315,42;325,24;328,569;331,446;328,217;334,807;335,394;333,466;335,928;336,305;338,61;341,289;342,41;341,377;344,27;344,339;345,181;346,71;347,701;348,432;348,96;349,507;350,669;350,508;350,851;351,771;352,052;352,631;352,779;352,708;353,25;353,202;353,108;354,006;354,425;354,212;354,544;354,283;354,32;355,233;354,963;355,601;355,886;355,481;354,98;356,79;355,329;356,518;354,64;354,347;352,637;354,032;347,708;350,08;350,933;344,536;349,868;335,832;333,791;328,725;332,31;323,482;309,66;311,211;340,519;325,096;325,543;323,508;309,336;327,222;309,496;309,911;313,253;307,249;297,606;295,051;297,103;295,23;293,897;303,277;293,512;291,047;285,126;278,266;285,813;273,021;290,163;276,703;267,884;262,432;276,743;260,46;272,181;252,172;256,935;246,697;261,89;218,158;219,742;218,351;205,375;193,087;196,28;222,676;182,898;227,107;181,043;192,879;186,233;191,209;180,512;176,099;173,462;166,563;171,203;166,185;171,492;157,686;156,897;156,719;153,375;151,703;143,747;154,703;146,115;142,025;146,256;139,219;137,475;142,612;130,73;125,88;131,177;128,432;133,921;125,494;127,598;118,512;117,218;119,539;117,664;119,406;116,015;116,154;113,814;114,759;114,079;112,947;113,75;112,694;112,486;112,051;112,525;112,457
C05;B1;;3;251,906;241,871;245,996;250,532;243,925;248,401;253,139;258,326;254,688;253,772;257,219;259,823;258,761;261,478;263,454;267,585;271,96;276;277,695;282,452;281,03;290,504;295,625;298,549;302,304;304,052;309,994;315,342;315,378;321,33;318,268;331,531;327,313;332,167;337,037;341,872;336,763;334,35;340,888;341,927;338,026;338,176;346,274;330,143;344,064;339,132;349,036;350,573;343,257;345,392;344,37;344,645;352,356;351,389;353,953;354,136;351,257;350,939;353,621;352,83;354,082;355,091;355,05;354,898;354,001;355,694;355,168;353,942;354,305;354,011;353,983;353,547;353,725;353,164;351,755;352,267;351,789;351,189;351,508;351,179;350,416;350,271;350,764;350,036;349,787;349,187;349,43;349,813;349,355;347,637;347,191;347,868;347,199;344,95;346,994;347,566;346,327;345,038;343,984;335,892;338,894;341,907;331,814;337,819;329,491;322,5;333,278;325,036;326,68;328,495;311,832;324,598;321,789;319,994;305,326;312,642;308,354;313,106;314,075;305,37;300,577;297,722;302,268;289,748;282,527;282,94;281,203;283,453;285,182;265,605;270,908;273,796;258,653;262,993;253,319;247,07;252,35;252,033;267,07;252,363;230,945;233,718;238,375;230,657;231,763;222,907;219,702;216,86;211,811;218,518;215,414;207,649;204,957;195,841;194,493;197,692;200,381;184,773;189,12
C06;X1;;3;91,202;91,405;91,892;91,697;92,251;92,37;92,839;92,925;92,875;93,101;93,683;93,756;93,858;94,122;94,467;94,456;94,34;94,55;94,294;94,623;94,579;95,138;95,574;95,325;95,789;96,144;96,108;96,141;96,319;96,67;96,903;96,896;97,608;98,046;97,868;98,396;98,196;98,725;99,209;99,254;99,805;99,969;100,193;100,43;101,102;101,403;101,688;102,013;102,544;103,564;104,057;104,436;105,149;105,796;106,257;106,726;107,346;108,641;108,733;109,801;110,967;111,28;112,307;113,483;114,82;116,171;116,985;118,331;119,144;120,884;122,499;123,832;126,296;127,77;129,883;132,218;134,018;136,955;139,79;141,676;144,415;146,818;150,197;152,792;154,04;155,709;158,125;161,035;163,655;166,089;168,932;171,599;191,179;203,058;209,178;212,335;217,405;219,685;223,091;227,067;230,355;235,921;236,046;239,172;242,154;245,756;248,967;252,662;256,81;260,789;265,715;268,55;271,972;275,179;279,25;280,231;275,628;274,995;275,683;274,296;274,587;273,479;275,368;274,142;274,819;275,757;277,201;283,701;279,802;281,998;284,484;286,21;291,093;292,896;295,66;298,884;308,06;305,818;309,822;319,622;319,43;323,474;329,453;336,907;338,198;341,712;342,556;342,777;342,613;342,857;342,901;343,457;342,857;343,034;342,746;343,168;342,657;342,679;342,746
C07;X1;;3;93,124;93,061;93,451;93,175;93,73;93,671;93,898;93,807;93,982;93,988;94,425;94,28;94,463;94,7;94,842;95,02;94,789;94,969;95,274;95,376;95,197;95,467;96,279;95,938;96,022;96,353;96,454;96,637;97,214;96,747;97,171;97,266;97,993;97,848;97,769;98,492;98,967;98,834;99,326;99,968;100,067;100,321;100,431;100,814;101,38;101,713;101,813;102,401;102,74;103,532;104,114;104,793;105,51;105,636;106,651;106,912;108,048;108,906;109,43;110,173;111,06;111,982;112,832;114,301;114,966;116,803;117,677;118,847;120,769;122,627;124,071;125,759;127,221;129,157;131,31;133,251;135,576;138,188;141,068;142,963;145,51;148,395;151,209;154,027;154,969;156,899;159,371;162,068;164,619;166,163;168,589;172,747;187,252;198,177;203,945;207,983;211,313;215,049;220,195;223,708;226,21;231,999;232,885;236,092;240,274;244,622;251,147;251,426;255,85;261,578;264,58;268,932;271,83;274,999;279,537;283,834;282,672;281,489;283,273;283,888;283,891;283,668;285,146;285,865;287,898;287,81;288,31;289,477;290,865;293,354;299,321;296,859;300,907;304,795;308,28;312,258;318,408;323,841;328,354;332,962;338,406;341,748;342,709;342,564;342,498;342,586;342,697;342,897;342,719;342,963;343,008;343,564;342,963;343,141;342,852;343,274;342,764;342,786;342,852
C08;X1;;3;95,669;96;96,222;96,144;96,628;96,715;96,834;97,171;97,032;97,205;97,221;97,623;97,854;97,524;98,02;97,93;98,072;98,318;98,352;98,579;98,991;98,636;99,146;99,292;99,584;99,767;100,03;99,831;100,31;100,626;100,7;100,995;101,449;101,808;101,745;102,127;102,453;102,649;103,044;103,566;103,532;103,991;104,351;104,815;105,413;105,577;106,121;106,335;106,463;107,416;107,915;108,574;109,232;109,876;110,638;111,227;111,955;112,692;113,522;114,393;115,496;116,568;117,407;118,409;119,903;120,985;122,392;123,531;125,109;126,805;128,207;129,859;131,584;133,901;135,816;137,625;139,81;142,227;144,963;147,491;150,347;153,199;155,925;157,65;159,484;160,474;163,704;165,545;168,335;169,594;171,463;173,704;176,681;182,071;203,774;206,826;211,885;214,158;218,137;222,413;226,179;227,618;230,256;232,936;235,361;239,74;241,872;245,609;248,884;252,685;256,814;259,474;262,862;264,354;266,749;266,002;267,881;267,775;268,914;274,189;269,614;273,217;272,044;277,267;274,247;273,26;274,72;276,977;277,783;280,475;283,793;284,593;287,421;293,557;292,547;296,617;306,259;303,459;311,238;311,361;318,963;323,269;324,691;328,934;333,382;337,525;341,724;342,852;342,822;343,07;343,114;343,67;343,07;343,247;342,959;343,381;342,87;342,892;342,959
C09;X1;;3;91,947;92,067;92,521;92,653;93,103;93,145;93,317;93,431;93,384;93,773;93,942;94,05;94,252;94,088;94,73;94,476;94,775;94,777;95,023;95,372;95,456;95,962;96,008;96,158;96,204;96,346;96,881;96,763;96,895;97,25;97,495;97,731;98,018;98,396;98,676;99,096;99,182;99,495;100,195;100,379;100,411;100,938;101,609;101,665;102,45;102,683;103,248;103,805;103,923;104,723;105,318;106,1;106,89;107,482;108,528;109,055;109,76;110,698;111,891;112,685;113,858;115,254;116,479;117,927;119,132;120,817;121,961;123,585;124,892;126,659;128,267;130,624;131,907;134,025;135,597;138,387;140,776;143,26;146,174;148,054;150,59;153,36;156,586;157,923;159,323;162,246;164,621;167,058;169,579;171,171;173,353;176,353;180,352;198,98;207,234;212,446;217,056;221,676;225,641;231,637;233,556;238,359;240,286;242,762;245,17;248,91;253,116;252,836;255,791;260,425;262,347;265,478;264,689;266,504;270,068;271,488;275,013;276,436;280,139;281,227;283,464;284,337;286,825;289,5;290,775;292,024;292,66;297,092;294,347;298,519;302,428;302,197;306,357;314,116;313,862;317,392;322,33;327,978;332,96;338,576;341,982;342,436;342,935;342,78;342,713;342,802;342,913;343,113;342,935;343,179;343,224;343,78;343,179;343,357;343,068;343,491;342,979;343,002;343,068
C10;X1;;3;85,519;85,851;85,989;86,123;86,449;86,792;86,859;86,907;87,121;86,931;87,416;87,493;87,683;87,586;88,088;88,109;88,096;88,413;88,45;88,362;88,706;88,905;89,186;89,328;89,457;89,788;90,159;90,461;90,369;90,523;91,215;91,077;91,857;91,918;92,218;92,529;92,856;92,902;93,507;93,871;94,12;94,577;94,848;95,095;95,397;95,978;96,675;96,982;97,531;98,028;98,906;99,574;100,094;100,649;101,859;102,419;103,028;104,358;104,77;105,61;106,88;108,28;109,211;110,636;111,853;113,66;114,474;116,095;117,566;119,251;121,37;122,851;125,258;126,755;129,06;131,114;133,659;136,409;139,314;142,498;145,079;148,658;151,659;153,378;154,622;156,899;159,959;162,155;164,794;166,338;168,128;170,706;174,487;179,579;200,362;207,586;211,997;214,43;217,491;221,712;225,66;227,722;231,37;234,54;237,3;240,54;245,757;248,598;251,849;255,519;259,836;262,885;267,298;265,684;265,75;266,973;268,818;269,991;270,519;271,031;269,232;269,731;269,755;270,063;272,004;272,084;273,555;274,597;275,963;278,15;281,174;283,662;286,803;288,463;294,001;295,531;299,376;301,214;304,26;316,045;314,846;319,315;324,565;330,345;336,657;340,534;342,227;343,181;343,041;343,286;343,33;343,887;343,286;343,463;343,175;343,597;343,086;343,108;343,175
D03;B2;;3;288,386;246,33;247,151;257,508;286,21;284,819;299,878;305,152;314,151;313,292;324,486;327,142;330,496;332,022;335,144;334,865;328,965;334,913;336,993;339,293;335,163;336,98;338,227;340,512;341,217;340,791;344,846;346,438;345,256;346,246;344,639;346,225;348,751;351,253;349,965;351,085;350,031;348,18;350,096;350,71;351,75;352,996;353,233;350,176;354,429;352,943;353,725;354,108;355,024;355,95;356,008;356,214;356,071;355,308;356,185;356,179;357,297;357,051;356,557;357,318;356,956;357,404;356,55;356,544;355,906;356,444;356,088;355,366;354,799;354,427;354,409;353,763;353,686;353,202;352,666;352,196;351,757;351,817;351,628;351,098;350,462;350,622;350,761;349,496;349,46;348,885;349,346;348,608;347,474;348,116;347,812;346,231;346,78;348,515;347,41;339,199;348,41;341,327;348,048;345,806;347,138;347,128;341,701;346,268;346,09;340,353;341,796;335,439;337,238;333,519;345,578;336,195;329,228;328,449;323,642;334,786;336,27;342,503;328,603;318,031;322,504;329,865;332,126;318,062;341,521;320,166;334,623;318,348;331,529;321,965;326,905;315,854;312,663;327,063;327,171;315,474;321,949;309,369;316,79;312,719;317,681;310,26;321,521;308,019;317,791;301,813;320,046;297,651;297,285;306,439;309,855;317,612;309,451;303,375;295,95;306,614;301,317;307,837;302,256
D04;B2;;3;248,924;263,404;286,434;297,759;292,304;287,631;291,764;299,044;295,496;292,73;284,34;294,767;290,066;292,26;291,046;297,657;294,41;297,172;304,106;314,334;301,804;288,235;297,589;297,532;298,896;303,423;303,209;305,958;311,84;302,593;313,58;315,688;307,221;318,403;311,492;321,664;319,892;313,058;313,889;308,366;327,99;328,667;315,794;317,585;333,113;316,354;332,968;329,573;325,012;332,572;334,378;336,013;340,28;339,815;342,467;349,714;340,826;346,091;344,393;347,397;345,287;351,286;350,05;350,897;351,801;353,923;350,563;352,251;351,081;350,199;352,407;348,789;352,415;352,41;350,056;351,367;351,454;351,746;351,314;350,694;350,308;350,651;350,989;350,313;350,271;349,712;349,584;349,792;349,814;349,337;348,801;348,594;348,935;348,739;348,463;348,257;348,525;347,662;348,397;347,959;347,891;347,884;347,724;347,541;347,587;346,8;347,381;347,531;347,212;346,348;346,87;346,287;345,512;344,749;344,605;341,059;344,231;344,016;341,509;340,316;343,883;334,189;344,328;332,825;340,657;342,789;339,263;344,402;342,957;342,368;336,257;336,923;339,816;334,818;338,663;339,387;333,028;341,278;336,6;329,649;333,675;341,152;335,99;331,534;339,075;341,664;331,029;327,055;338,208;323,674;334,794;336,072;336,03;337,78;321,333;329,866;322,502;322,574;316,621
D05;B2;;3;283,019;302,038;307,665;316,24;322,228;326,566;329,367;332,269;334,044;335,661;336,813;337,799;339,471;339,623;340,725;341,496;341,707;342,778;343,163;344,723;344,93;345,354;347,006;347,69;348,31;348,904;349,609;350,728;350,68;350,963;351,866;352,161;352,701;352,818;352,772;353,359;353,224;353,218;354,101;354,507;354,304;354,664;354,3;354,447;355,357;355,034;355,733;355,936;355,972;356,396;356,872;356,671;357,19;356,911;357,293;357,441;357,755;357,538;357,366;357,586;357,514;357,683;356,836;356,887;356,359;356,815;356,359;355,665;355,14;354,664;354,664;354,001;353,906;353,457;352,892;352,422;352;352,141;351,86;351,323;350,718;350,858;351,133;350,44;350,509;349,838;349,699;349,907;350;349,445;348,916;348,709;349,054;348,847;348,571;348,365;348,64;347,77;348,571;348,067;347,999;347,999;347,839;347,652;347,907;347,451;347,496;347,656;347,163;347,106;346,995;346,405;345,727;345,343;345,058;344,503;345,208;343,578;337,94;344,512;342,825;344,512;344,49;342,125;344,243;344,579;344,378;341,502;339,868;332,584;342,828;343,013;341,104;341,943;330,301;341,291;342,422;339,807;339,126;325,418;334,779;339,16;328,994;335,869;341,484;322,043;338,717;336,733;329,617;339,406;332,969;327,416;324,559;332,185;340,092;332,953;334,456;332,009;321,889
D06;X2;;3;99,501;99,407;99,61;99,613;100,049;100,18;100,059;100,481;100,305;100,727;100,472;100,516;101,144;101,063;101,201;101,401;101,423;101,968;101,98;102,262;102,223;102,683;102,587;102,89;103,118;102,922;103,152;103,581;103,553;103,878;104,373;104,509;104,45;103,951;104,665;104,918;104,699;105,106;105,901;106,188;106,216;106,422;106,422;106,816;107,231;107,795;107,926;107,995;107,878;108,055;108,533;108,56;108,771;108,858;108,639;109,424;109,831;110,398;109,816;109,865;110,305;109,788;109,871;110,804;110,672;110,296;110,423;110,788;111,061;111,282;111,08;110,914;111,621;111,628;111,503;111,7;111,57;111,146;111,775;111,812;111,799;111,562;111,816;111,71;111,736;111,483;112,093;112,048;112,253;112,516;111,916;112,757;112,459;112,728;112,691;113,109;112,867;113,348;112,995;113,497;113,784;113,328;113,6;114,024;113,956;114,329;114,184;114,233;114,534;114,647;114,769;114,484;114,699;115,083;115,237;114,944;115,256;115,113;115,154;116,075;115,608;115,734;115,699;116,058;115,802;116,546;116,154;116,225;116,182;116,829;116,4;116,752;116,647;116,523;116,628;117,326;116,839;117,096;116,981;117,416;116,971;116,962;117,083;117,259;117,593;117,644;117,778;117,589;117,58;117,293;117,802;118,254;117,886;118,469;118,051;118,423;118,246;118,144;118,548
D07;X2;;3;91,047;90,842;91,082;91,048;91,59;91,866;91,681;91,791;91,688;91,579;91,878;92,314;92,291;92,353;92,552;92,855;92,957;93,352;93,116;93,578;93,681;93,727;93,881;94,211;94,149;94,515;94,634;95,06;95,034;95,251;95,427;95,75;95,539;95,909;95,774;96,126;96,187;96,483;96,945;97,512;97,304;98,02;98,384;98,174;99,068;98,652;98,965;99,326;99,099;99,18;99,731;99,821;99,776;99,856;99,978;100,67;100,654;100,779;100,649;100,141;100,711;100,705;100,621;100,931;100,889;100,886;100,992;101,113;101,116;101,712;101,794;101,592;101,732;101,833;102,246;102,057;102,354;102,014;102,545;102,807;102,729;102,053;102,914;102,668;102,59;102,908;103,186;103,38;103,352;102,954;102,937;103,142;103,551;103,807;103,781;103,824;104,381;103,477;104,235;104,708;104,537;105,223;104,945;104,789;104,806;105,089;104,626;105,492;105,221;105,576;105,403;105,504;105,806;106,028;105,741;106,155;105,769;106,52;105,865;106,241;106,107;106,538;106,324;106,42;106,496;106,224;107,068;106,921;106,705;107,169;107,086;106,961;107,116;107,449;107,179;107,244;107,307;107,844;106,912;107,454;107,45;107,417;107,22;107,552;108,234;108,049;107,44;107,825;108,04;107,918;108,103;108,148;108,034;108,715;108,178;108,991;108,482;108,558;109,172
D08;X2;;3;89,343;89,222;89,201;89,294;89,586;89,545;89,313;89,572;89,595;89,431;89,736;89,841;90,004;90,206;90,579;90,499;90,568;90,9;90,773;91,092;91,05;91,524;91,528;91,797;92,094;92,265;92,346;92,55;92,605;92,754;93,092;92,885;93,322;93,126;93,549;93,887;94,196;94,231;94,077;95,071;94,932;95,663;95,699;96,081;96,105;96,294;97,231;97,36;97,211;97,617;97,563;97,94;97,692;97,913;98,337;98,849;98,545;98,582;98,55;98,717;98,944;98,586;98,496;98,495;99,355;98,975;99,17;99,354;99,243;99,454;99,426;99,782;99,667;99,944;99,957;100,388;100,49;100,061;100,376;100,589;100,679;100,74;100,82;101,069;100,945;100,653;101,601;101,276;101,951;101,467;101,516;101,7;101,609;101,597;102,11;102,022;102,525;102,056;102,494;102,729;102,514;102,465;102,978;102,868;102,803;103,187;103,353;103,279;103,226;103,718;103,204;103,639;103,356;103,822;103,967;103,616;103,858;103,839;103,808;104,159;103,957;104,207;104,579;104,692;104,543;104,765;104,621;104,91;104,679;105,061;105,027;104,956;104,991;105,188;105,088;105,577;104,851;105,465;105,304;105,88;105,623;105,517;105,181;105,911;105,692;106,113;106,189;106,11;105,746;105,969;106,769;107,069;106,36;107,016;106,48;106,893;106,535;106,511;106,905
D09;X2;;3;89,515;90,014;90,325;90;90,447;90,438;90,853;90,637;90,866;91,112;91,261;91,059;91,431;91,465;92,071;91,795;92,108;92,122;92,14;92,649;92,942;93,067;93,356;93,222;93,514;93,645;93,875;93,456;94,048;93,607;94,484;94,111;94,48;94,468;95,11;94,87;95,317;95,872;96,282;96,238;96,514;96,909;97,132;97,241;98,2;98,392;98,416;98,557;98,426;98,898;99,159;99,175;99,297;99,306;99,742;100,029;99,884;99,963;99,784;99,948;100,271;100,201;100,711;100,621;100,636;100,836;100,992;101,098;101,401;101,634;101,907;101,78;101,728;102,186;102,277;101,602;102,431;102,384;102,299;102,674;102,374;102,889;102,777;102,71;102,538;103,188;103,582;103,296;103,005;103,227;103,685;103,117;103,569;103,221;103,781;103,416;104,102;103,664;103,68;103,791;104,558;104,252;104,214;104,431;104,249;104,098;104,637;104,563;104,307;104,117;104,684;104,547;104,661;105,412;105,105;105,385;105,254;105,159;104,833;105,062;105,904;105,31;105,559;106,038;105,466;105,876;106,103;105,738;105,928;106,199;106,388;105,993;106,621;106,315;105,805;106,811;106,377;106,953;106,394;107,091;106,864;106,928;106,524;106,86;107,374;107,268;107,429;107,629;107,152;107,293;107,369;107,918;107,623;108,056;107,972;108,321;108,026;107,851;108,637
D10;X2;;3;88,413;88,418;88,671;88,348;89,056;89,14;89,362;89,246;89,682;89,646;89,935;89,882;89,946;90,124;90,716;90,441;90,602;90,44;90,457;90,72;91,057;91,247;91,41;91,299;91,215;91,832;91,754;91,802;91,935;92,023;92,529;92,61;92,817;93,056;93,037;93,282;93,853;94,03;94,464;94,73;95,318;95,337;95,87;95,758;96,429;96,703;96,921;96,925;97,186;97,011;97,134;97,433;97,67;97,981;97,911;98,291;98,345;98,607;98,303;98,431;98,175;98,658;98,518;99,192;99,145;99,454;99,455;99,536;99,371;99,515;100,352;100,062;100,145;100,754;100,684;100,462;100,666;100,777;101,299;101,274;101,121;101,105;102,103;101,675;101,313;101,217;102,045;101,868;101,87;102,254;102,04;102,171;102,08;102,903;102,693;102,472;103,31;102,596;102,913;103,3;103,51;103,541;103,431;103,477;103,82;104,206;103,722;104,368;104,244;104,263;104,121;104,284;104,388;104,42;104,991;104,528;104,511;104,697;104,968;105,366;105,266;105,486;105,728;105,429;105,811;105,741;105,969;106,162;106,151;106,165;106,23;106,412;106,494;106,476;106,24;106,924;106,638;106,939;106,956;107,118;107,142;106,89;107,214;107,689;107,312;107,885;107,522;107,866;107,937;108;107,722;108,251;108,178;108,574;108,51;108,627;108,204;108,859;108,671
E03;B3;;3;270,718;271,11;262,432;248,7;252,362;256,3;252,941;254,886;252,782;255,385;252,848;255,188;254,387;257,409;258,01;257,73;256,099;256,14;256,703;264,786;261,306;262,181;262,143;261,26;258,291;260,384;253,445;257,374;256,899;255,231;253,505;253,464;256,619;255,594;256,087;257,092;253,536;253,04;257,582;256,64;256,4;256,499;259,832;255,315;258,242;260,211;255,839;256,246;263,39;259,532;260,224;264,918;262,108;266,347;260,587;267,239;259,54;258,19;267,797;268,185;262,66;274,011;270,768;266,05;268,898;281,767;273,349;271,899;272,898;268,298;285,077;285,177;272,421;283,41;285,708;281,31;281,135;282,344;278,315;283,305;281,14;288,513;291,157;291,502;284,003;283,172;293,329;284,069;300,948;295,669;294,086;302,473;301,738;307,019;295,435;297,76;306,433;299,925;321,45;305,065;321,957;306,506;316,043;313,007;315,691;318,111;317,906;314,475;319,213;321,036;323,272;312,761;328,467;326,572;334,321;329,552;329,312;321,102;324,306;330,465;332,556;332,885;327,319;332,969;327,471;325,998;330,256;328,135;332,892;328,729;335,078;334,153;327,748;328,92;336,695;335,092;332,339;327,869;336,785;336,388;332,118;325,774;334,66;333,326;327,524;328,821;332,002;336,298;338,28;331,231;331,123;337,948;331,976;329,91;332,811;336,301;336,102;329,836;330,942
E04;B3;;3;240,932;238,624;241,632;247,566;261,831;262,666;264,66;265,01;266,588;265,807;263,712;264,821;263,957;264,051;265,375;263,745;266,486;266,899;264,485;269,083;262,932;270,846;272,437;272,035;267,46;269,13;273,913;271,284;269,704;267,93;274,375;268,451;274,006;270,828;273,655;269,569;271,521;269,557;271,869;273,115;270,688;269,678;274,637;275,157;272,306;275,715;273,093;275,119;274,726;273,625;276,995;274,977;277,838;276,309;279,193;277,271;271,459;269,863;282,562;275,415;279,094;279,924;277,621;277,398;281,485;275,949;285,151;279,506;281,514;280,86;289,528;285,532;280,203;283,601;285,987;286,925;287,251;282,379;283,886;282,395;282,575;280,412;285,531;286,164;288,048;295,56;285,139;285,161;293,213;286,597;296,255;288,059;296,103;290,976;286,072;290,097;291,882;295,786;303,982;301,15;295,465;296,98;294,285;291,18;299,886;291,408;294,851;301,702;301,474;306,497;303,403;306,861;298,003;307,849;304,324;304,42;308,609;302,621;304,169;310,949;304,347;309,521;316,411;308,263;318,059;308,347;318,179;308,358;314,88;310,937;317,385;313,506;316,404;309,354;313,824;313,529;312,198;302,678;310,854;319,691;323,996;316,569;308,049;321,135;315,383;314,642;322,326;315,555;322,086;321,008;317,513;320,313;316,546;323,447;320,03;329,097;317,89;320,777;327,143
E05;B3;;3;297,376;256,327;226,24;204,916;195,421;189,134;173,127;172,933;169,995;169,654;169,166;171,857;156,978;155,162;156,106;148,276;142,904;147,918;146,188;145,825;146,433;138,571;142,603;128,955;132,462;132,432;139,264;129,905;123,119;127,059;137,556;134,754;123,296;128,862;121,742;124,627;124,844;115,167;114,836;114,761;113,078;110,405;112,743;109,345;115,482;109,968;107,435;112,025;107,414;109,984;104,782;101,963;103,687;106,725;105,843;103,592;102,595;105,893;102,305;104,397;105,61;105,492;97,311;102,975;94,508;91,851;98,182;97,475;98,873;101,442;95,124;97,263;95,278;93,997;96,909;93,821;92,081;94,003;93,519;95,606;94,666;94,015;94,304;92,188;94,62;93,164;91,696;91,396;91,445;91,118;92,615;92,183;90,814;92,537;90,716;92,824;91,289;90,24;90,182;91,362;90,811;90,153;90,212;89,925;89,6;89,43;89,995;89,775;90,054;90,082;89,844;89,982;89,083;89,696;90,163;89,29;89,64;89,418;89,746;89,68;89,556;89,763;89,554;89,63;89,652;89,56;89,514;89,94;89,519;89,641;89,61;89,576;89,72;89,487;89,465;89,668;89,973;89,797;89,885;89,68;89,574;89,387;89,703;89,423;89,806;89,888;89,348;89,434;89,697;89,75;89,772;89,729;89,606;90,064;89,543;89,955;90,044;90,235;90,143
E06;X3;;3;91,798;91,961;92,043;91,63;92,064;92,014;92,011;91,897;91,588;91,75;91,774;91,729;91,771;91,689;91,989;92,12;91,865;91,885;91,759;91,876;92,176;91,956;92,328;92,417;92,237;92,447;92,395;92,589;92,377;92,465;92,723;92,853;92,782;93,101;93,062;93,247;93,309;93,305;93,84;93,928;93,914;94,464;94,376;94,612;94,832;95,228;95,436;95,61;95,853;96,226;96,405;96,865;97,488;97,613;98,101;98,638;99,129;99,566;99,92;100,739;101,617;102,184;102,775;103,546;104,434;105,879;106,328;107,21;108,094;109,138;110,089;111,421;112,624;113,733;115,006;116,282;117,46;119,245;120,748;122,066;123,744;125,658;127,192;128,98;130,897;132,782;134,693;136,783;139,026;140,684;141,068;142,852;144,726;146,773;148,796;150,399;151,498;153,452;155,588;156,662;159,23;161,487;163,665;165,702;168,067;170,549;173,047;176,408;179,277;185,069;198,581;205,981;211,197;217,288;222,997;228,969;234,769;240,973;248,612;255,283;263,37;271,955;283,149;290,433;299,695;306,512;314,574;320,21;323,476;325,363;326,513;326,59;324,614;321,929;314,009;308,176;306,99;307,552;306,028;305,997;304,43;303,129;303,479;304,442;304,78;306,325;311,6;305,492;306,256;304,573;305,364;305,371;304,381;307,326;305,027;305,224;305,503;306,744;307,523
E07;X3;;3;82,364;82,568;82,758;82,388;82,927;82,552;82,683;82,619;82,71;82,76;82,667;82,641;82,949;82,795;83,05;82,788;82,899;82,905;82,86;83,195;82,985;83,035;83,354;83,624;83,331;83,254;83,451;83,58;83,538;83,476;83,876;83,562;84,139;84,194;84,05;84,465;84,62;84,64;85,029;85,295;85,126;85,565;85,36;85,538;85,876;86,223;86,183;86,827;86,729;87,387;87,707;88,144;88,79;88,907;89,414;89,769;90,729;90,885;91,571;91,874;92,882;93,678;93,964;95,174;95,928;96,829;97,725;98,653;99,549;100,246;101,424;102,503;103,726;104,992;106,201;107,418;108,663;110,402;112,392;113,824;115,263;116,749;118,95;120,675;122,572;124,074;126,037;128,199;130,248;131,314;132,041;134,276;136,114;138,051;139,959;141,787;143,591;145,338;147,372;149,566;150,843;153,49;155,574;157,351;160,421;162,484;165,17;167,96;170,041;173,445;175,969;179,653;183,623;186,686;192,931;199,46;204,796;210,37;219,742;229,257;236,591;245,081;253,133;261,555;267,543;275,546;282,265;288,536;292,658;296,246;299,791;302,373;300,831;299,62;293,226;292,765;291,66;288,748;282,318;276,756;271,637;268,632;268,202;269,605;269,159;269,167;270,45;272,353;273,512;274,519;276,03;278,045;278,485;279,607;281,553;284,09;283,63;286,779;288,22
E08;X3;;3;82,113;82,224;82,176;81,847;82,45;82,153;82,314;82,626;82,295;82,239;82,316;82,29;82,47;82,363;82,408;82,706;82,54;82,658;82,214;82,539;82,526;82,624;83,153;82,767;82,758;82,961;83,15;83,042;83,237;83,589;83,439;83,569;83,422;83,894;83,594;83,896;84,065;84,085;84,2;84,439;84,527;84,975;85,349;85,19;85,491;85,473;86,147;86,282;86,779;87,048;87,411;87,648;88,407;88,521;89,189;89,472;90,324;90,591;91,232;91,842;92,503;93,274;93,793;94,841;95,575;96,504;97,697;98,183;99,35;100,313;101,506;102,709;103,878;105,034;106,18;107,644;109,329;110,367;112,378;113,686;115,225;117,023;119,109;120,924;123,098;124,739;126,804;128,97;130,706;131,699;132,296;134,395;136,565;138,47;140,126;141,891;144,1;145,056;147,871;149,441;151,125;153,81;156,198;158,353;160,758;163,197;165,521;168,649;171,581;175,088;179,605;192,332;197,72;203,069;208,515;214,954;221,944;228,044;235,92;242,881;250,282;257,845;267,696;276,276;283,946;289,714;295,303;301,061;302,596;304,812;304,376;303,011;302,544;299,613;292,462;290,407;286,067;283,277;282,14;282,483;284,758;281,716;281,307;280,237;279,056;277,747;278,471;280,307;277,474;278,777;279,324;281,622;280,653;281,842;282,013;283,754;283,692;285,952;283,189
E09;X3;;3;82,158;82,024;82,78;82,227;82,66;82,974;82,986;82,865;83,018;83,217;83,257;83,044;83,605;83,411;83,729;83,489;83,755;83,715;83,781;83,464;83,993;83,772;84,147;83,902;84,307;84,086;84,434;84,443;84,725;84,383;84,693;84,729;85,032;85,264;85,275;85,693;85,335;85,545;85,848;85,827;86,144;86,2;86,321;86,538;86,644;87,261;87,511;87,586;88,004;88,375;88,947;89,329;89,894;90,493;90,63;91,347;92,118;92,717;92,991;93,875;94,668;95,654;96,275;97,202;97,907;99,122;99,894;101,177;101,845;103,21;104,495;105,27;106,542;107,868;109,161;110,3;112,091;113,405;115,396;117,041;118,63;120,225;122,359;124,719;126,719;128,577;130,717;131,905;133,218;134,633;136,745;138,377;140,547;142,311;143,594;146,009;147,701;149,101;151,527;153,343;155,531;157,983;160,069;162,41;164,662;167,346;170,15;173,412;176,722;179,664;183,724;187,024;195,076;203,224;215,488;221,493;228,491;235,562;243,596;250,387;260,127;265,762;274,082;280,341;287,598;291,71;296,941;301,433;300,934;302,993;304,225;303,633;302,932;293,882;289,212;287,995;285,247;284,117;284,323;283,271;283,678;281,391;282,01;282,865;282,835;282,438;282,437;282,485;282,627;281,699;282,473;284,821;285,61;286,637;283,361;282,408;284,768;284,214;287,997
E10;X3;;3;105,16;103,551;103,176;101,847;103,273;104,666;105,225;104,872;105,602;106,76;106,02;106,345;106,333;106,667;107,85;109,495;108,095;106,721;107,288;107,218;107,422;106,592;108,151;107,94;109,101;109,606;110,682;108,226;109,521;109,562;111,343;109,75;110,113;110,443;109,627;110,541;109,221;110,228;109,367;109,928;110,933;109,145;109,717;110,381;108,604;110,504;110,337;111,487;111,562;111,368;112,162;112,675;112,314;112,959;113,953;113,878;114,357;115,583;116,115;117,37;116,577;117,499;118,032;119,448;121,672;122,013;122,72;124,482;124,476;126,208;127,376;127,712;129,119;129,981;133,069;134,133;135,16;136,983;139,807;141,489;142,674;145,505;145,765;147,212;149,935;151,22;153,502;156,937;157,599;160,147;162,262;164,413;166,983;170,902;172,749;175,928;180,414;183,876;186,993;189,496;193,297;196,672;202,767;211,102;219,789;224,435;230,423;235,483;242,696;250,631;256,089;263,634;272,367;278,888;286,15;291,904;299,882;307,701;313,675;320,738;324,516;329,792;333,653;337,217;339,347;342,082;342,72;343,643;343,556;343,733;343,615;343,405;343,403;342,717;342,849;343,576;341,009;342,556;341,974;340,918;341,217;341,487;342,712;342,845;342,82;342,915;343,026;343,226;343,048;343,292;343,337;343,893;343,292;343,47;343,181;343,604;343,093;343,115;343,181
F03;B4;;3;258,289;252,887;292,208;306,726;314,882;321,763;327,358;330,376;331,68;333,708;333,562;333,059;334,003;336,775;339,349;341,192;341,823;342,28;342,734;344,619;344,409;344,261;346,366;347,582;348,076;348,803;349,221;350,468;350,501;350,637;351,482;351,815;351,921;352,387;352,556;352,882;353,047;352,854;353,605;354,173;353,992;354,285;353,577;353,915;355,076;354,838;355,391;355,462;354,9;355,808;356,318;356,028;356,668;355,068;356,396;356,447;356,778;357,069;356,879;356,702;356,952;357,056;356,307;356,019;355,767;356,108;355,603;355,241;354,696;354,054;354,139;353,547;353,616;352,566;352,652;352,154;351,631;351,803;351,575;351,095;350,248;350,187;350,782;350,061;349,98;349,442;349,437;349,592;349,513;348,746;347,641;348,011;348,809;348,623;348,247;348,138;348,417;347,457;347,598;347,621;347,765;347,737;347,605;347,374;347,663;347,235;347,235;347,44;346,68;346,824;346,492;346,124;345,505;345,074;345,138;344,949;344,759;342,33;341,858;340,047;343,218;340,757;337,756;333,482;341,408;342,772;340,741;341,688;339,779;337,399;334,628;316,589;325,871;321,251;321,771;316,127;322,896;317,698;317,366;315,696;312,597;314,234;322,086;317,695;321,59;317,705;321,537;316,385;326,313;318,933;321,143;324,299;308,94;313,596;315,041;316,263;316,022;315,446;313,175
F04;B4;;3;245,24;208,853;245,719;270,289;291,681;308,64;323,779;328,466;333,011;335,641;336,476;337,539;339,43;339,851;339,974;340,248;340,498;340,281;336,756;324,782;318,815;310,21;305,979;301,69;301,3;305,589;301,305;303,584;300,934;299,33;296,165;286,067;287,08;286,276;285,707;289,413;292,465;288,541;283,316;283,502;276,249;276,49;264,589;274,131;248,589;263,546;262,782;268,884;249,862;247,496;250,161;246,837;242,045;240,37;251,018;240,777;232,334;235,635;242,023;240,649;236,718;232,455;235,689;231,181;231,035;226,638;124,778;124,069;124,238;124,419;122,3;119,789;123,962;122,559;127,202;126,775;126,278;123,566;124,126;126,981;121,768;119,748;114,354;109,262;109,599;101,637;101,496;101,395;101,054;100,499;100,884;100,866;100,672;101,15;100,533;100,557;100,703;100,462;100,481;100,66;101,075;101,284;100,813;100,84;100,965;100,513;100,936;100,972;101,283;100,872;100,832;100,924;101,114;100,971;101,215;101,001;101,101;101,178;101,337;100,887;101,227;101,087;100,935;100,964;101,159;101,217;101,319;100,979;100,902;101,079;101,257;101,255;100,999;100,739;101,132;101,1;100,929;101,235;101,058;101,172;101,022;100,653;101,067;101,107;101,022;101,079;101,112;101,051;100,999;101,16;101,241;101,591;101,259;101,288;101,196;101,251;101,217;101,354;101,034
F05;B4;;3;96,593;92,596;90,904;90,165;90,444;89,081;89,128;89,296;89,271;89,303;89,45;89,229;89,189;89,28;89,303;89,306;89,301;89,32;89,179;89,311;89,176;89,106;89,426;89,464;89,485;89,446;89,329;89,292;89,372;89,322;89,437;89,632;89,414;89,509;89,403;89,466;89,281;89,335;89,491;89,485;89,453;89,551;89,577;89,291;89,432;89,294;89,323;89,514;89,333;89,349;89,475;89,426;89,444;89,354;89,436;89,569;89,715;89,568;89,551;89,616;89,669;89,432;89,489;89,644;89,376;89,598;89,533;89,711;89,671;89,579;89,661;89,649;89,508;89,642;89,774;89,514;89,551;89,689;89,586;89,527;89,555;89,633;89,764;89,712;89,849;89,624;89,781;89,859;89,911;89,597;89,615;89,558;89,608;89,646;89,673;89,634;89,827;89,651;89,959;89,519;89,728;89,728;89,78;89,702;89,798;89,576;89,709;89,702;89,818;89,634;89,754;89,702;89,765;89,935;89,935;89,829;89,983;89,79;90,074;89,836;89,938;89,877;89,885;89,74;89,976;90,008;89,993;89,892;89,88;89,968;90,012;89,889;89,806;89,654;89,814;89,747;89,97;89,955;89,751;89,896;89,924;89,65;89,971;89,92;89,865;90,004;90,075;90,185;90,056;89,935;89,827;90,082;90,083;89,93;89,869;90,079;89,989;89,968;90,091
F06;X4;;3;98,997;98,941;99,296;99,078;99,665;99,648;99,947;100,391;100,616;100,744;100,988;101,108;101,368;101,441;101,597;101,794;101,731;101,985;101,65;101,982;101,878;102,07;102,5;102,385;102,33;102,394;102,385;102,637;102,374;102,428;103,013;102,729;102,911;103,136;102,914;103,174;103,086;103,306;103,505;103,591;103,869;103,87;103,907;104,145;104,471;104,606;104,918;105,245;105,287;105,672;106,025;106,393;106,808;106,975;107,602;108,079;108,6;108,838;109,348;109,973;110,53;111,184;111,625;112,347;112,969;113,732;114,546;115,07;115,871;116,851;117,671;118,734;119,623;120,522;121,812;122,638;124,038;125,335;126,732;127,969;129,3;130,96;132,959;133,375;134,773;136,409;137,99;140,106;141,531;143,23;144,731;146,924;149,438;151,857;154,702;156,905;159,949;161,962;165,409;167,587;170,912;174,374;177,58;180,705;184,213;187,338;190,813;195,044;199,072;202,346;207,339;209,993;213,484;218,066;223,242;226,019;229,576;231,784;235,927;237,826;240,929;244,329;246,62;249,067;253,351;255,254;258,527;261,958;265,977;271,627;273,939;278,286;284,232;289,782;294,049;297,647;301,215;305,451;309,908;316,028;320,65;321,632;327,458;332,035;340,082;342,446;342,598;342,797;342,62;342,864;342,908;343,464;342,864;343,041;342,753;343,175;342,664;342,686;342,753
F07;X4;;3;90,52;90,437;90,43;90,614;91,202;91,334;91,539;91,645;91,869;92,13;92,091;92,152;92,288;92,554;92,494;92,544;92,656;92,706;92,803;93,084;92,773;92,897;93,343;93,403;93,361;93,32;93,501;93,263;93,535;93,361;93,695;93,681;93,703;93,882;93,867;94,255;94,221;94,369;94,496;94,961;94,627;94,847;95,299;95,13;95,582;95,704;95,885;96,401;96,452;97,054;97,298;97,64;98,067;98,298;98,891;99,26;99,913;100,164;100,724;101,39;101,975;102,477;103,093;103,893;104,359;105,346;106,111;106,872;107,617;108,62;109,642;110,595;111,579;112,796;113,841;115,016;116,414;117,782;119,298;120,62;122,277;124,021;124,777;125,953;128,122;129,466;131,217;132,955;134,812;136,414;138,526;140,733;143,468;145,966;148,635;150,74;154,136;155,986;159,6;162,498;165,593;169,261;172,487;176,018;179,224;183,175;186,869;190,733;195,602;199,264;202,113;206,297;209,602;213,742;217,777;220,768;224,186;227,462;229,969;232,509;234,665;237,919;239,869;243,401;247,48;250,681;255,525;259,017;262,073;267,424;271,186;275,086;280,463;284,846;289,181;292,349;297,784;302,671;306,063;311,608;314,609;317,11;324,702;330,513;339,634;342,442;342,704;342,903;342,726;342,97;343,014;343,57;342,97;343,148;342,859;343,281;342,77;342,793;342,859
F08;X4;;3;88,091;87,971;88,034;87,785;88,608;88,882;89,339;89,599;89,702;89,814;90,148;90,152;90,436;90,526;90,583;90,677;90,763;90,886;90,735;90,978;90,881;90,905;91,219;91,233;91,257;91,126;91,233;91,304;91,306;91,359;91,543;91,404;91,518;91,611;91,741;91,825;91,961;92,1;92,334;92,473;92,336;92,77;92,936;92,931;93,238;93,418;93,834;94,096;94,318;94,496;95,151;95,412;95,911;96,102;96,652;97,153;97,915;98,339;98,714;99,393;99,788;100,473;101,229;101,892;102,348;103,193;103,985;104,565;105,346;106,277;107,107;108,002;108,915;110,058;110,973;112,046;113,205;114,427;115,586;116,893;118,412;119,829;121,794;122,302;123,169;124,757;126,335;128,07;129,68;131,181;132,369;134,071;136,593;138,694;140,768;142,927;145,179;147,552;150,142;152,472;155,346;158,387;161,03;163,694;166,803;169,902;173,454;177,087;179,879;183,218;187,624;190,487;194,391;196,916;200,868;205,899;208,732;211,79;214,834;217,234;219,54;221,51;224,843;227,134;229,816;232,658;235,586;237,75;241,126;243,958;247,073;250,519;255,06;258,512;262,809;267,563;272,891;276,791;281,18;284,509;288,375;291,801;296,212;299,98;302,622;307,878;309,77;314,299;316,636;324,161;332,468;342,653;343,073;343,258;342,969;343,391;342,88;342,902;342,969
F09;X4;;3;90,079;89,666;89,903;89,703;90,07;90,274;90,392;90,36;90,411;90,675;90,59;90,704;90,833;90,696;91,105;91,669;91,256;91,515;91,329;91,289;91,448;91,389;91,65;91,902;91,574;91,877;91,957;91,893;91,777;92,023;92,466;92,233;92,432;92,374;92,641;92,886;92,662;93,001;92,993;93,321;93,191;93,278;93,454;93,64;93,886;94,417;94,212;94,816;94,774;95,284;95,819;95,798;96,372;96,602;97,307;97,704;98,184;98,993;99,204;99,676;100,103;100,766;101,343;102,007;102,526;103,614;104,327;104,861;105,485;106,44;107,079;108,073;109,17;109,959;111,467;112,321;113,367;114,667;115,811;117,217;118,647;120,145;121,435;121,997;123,8;125,138;126,737;128,48;129,967;131,654;132,91;134,992;137,494;139,643;142,122;144,667;146,983;148,969;151,956;155,015;157,366;160,069;162,983;166,589;170,87;172,583;176,64;180,444;183,744;187,862;191,51;194,786;197,388;201,123;204,982;208,791;212,764;214,992;217,947;220,02;222,535;225,289;228,591;229,592;234,498;235,941;239,653;241,892;245,722;249,59;252,947;256,012;260,802;263,633;269,004;275,13;278,621;282,917;285,506;289,664;293,785;296,532;300,997;304,62;307,072;311,787;315,443;319,307;323,396;328,12;334,005;342,21;343,176;343,364;343,075;343,497;342,986;343,009;343,075
F10;X4;;3;96,032;96,115;96,315;96,014;96,721;96,725;96,899;96,888;96,717;96,835;96,786;97,112;97,185;97,276;97,348;97,321;97,52;97,641;97,469;97,92;97,745;97,619;98,107;98,314;98,321;98,257;98,361;98,35;98,464;98,697;98,597;98,972;99,006;99,215;99,28;99,51;99,755;99,637;99,886;100,287;100,354;100,491;100,552;100,75;101,177;101,489;101,728;101,992;102,416;102,84;103,403;103,501;104,005;104,414;104,942;105,51;106,075;106,505;107,152;107,918;108,501;109,304;109,854;110,622;111,25;112,41;113,255;113,991;114,978;115,978;117,068;118,156;119,594;120,677;122,046;123,407;125,038;126,639;128,154;129,411;129,985;131,792;133,739;135,508;136,994;138,433;140,24;142,131;144,491;146,367;148,765;151,514;154,315;156,65;159,331;162,054;165,183;167,423;170,875;173,805;177,487;181,43;184,56;188,016;191,808;195,52;199,709;203,969;207,036;210,075;214,751;219,038;222,408;225,822;228,718;231,529;234,143;237,985;239,558;242,708;245,53;248,846;252,022;254,426;259,102;263,117;266,806;270,587;274,701;280,2;284,545;290,103;294,292;297,044;300,268;304,595;308,784;313,702;317,575;319,451;321,607;324,268;325,675;327,988;327,438;329,253;329,74;337,107;340,457;343,241;343,337;343,893;343,292;343,47;343,181;343,604;343,093;343,115;343,181
C03;B1;;4;297,982;303,275;309,501;317,599;322,751;326,818;329,894;332,067;333,953;335,456;337,273;337,833;338,655;339,393;340,748;341,628;341,959;342,712;343,557;344,295;344,676;345,576;346,436;347,368;348,214;348,42;349,479;350,381;350,172;350,962;351,172;351,849;351,942;352,341;352,74;352,857;352,952;353,281;353,376;353,706;353,919;354,441;353,967;354,536;355,417;355,131;355,584;355,919;356,134;356,47;356,662;356,59;356,47;356,951;357,096;356,59;357,144;357,313;357,361;356,903;357,144;356,686;356,734;356,206;355,919;356,038;355,584;355,345;354,75;354,322;353,825;353,305;353,919;352,693;353,093;352,411;351,732;351,592;350,962;350,52;350,706;350,497;350,312;349,363;349,779;350,103;349,479;349,433;349,294;349,018;348,88;348,88;348,972;348,214;348,374;348,42;348,031;347,939;347,962;347,894;347,163;347,118;347,711;347,095;347,232;347,277;346,686;347,027;347,049;346,981;346,391;345,712;345,389;345,531;344,654;344,716;344,422;343,966;344,598;343,616;343,816;343,339;342,311;341,699;340,984;341,033;333,865;336,025;332,574;324,71;325,876;325,957;325,777;330,119;333,29;337,019;339,035;340,475;341,948;342,087;341,811;342,369;342,328;342,417;342,151;341,848;341,959;342,092;342,092;342,202;342,534;342,867;342,224;341,848;342,534;342,579;342,136;341,848;341,959
C04;B1;;4;298,074;303,37;309,597;317,698;322,852;326,919;329,996;332,17;334,057;335,56;337,378;337,938;338,76;339,498;340,854;341,734;342,065;342,818;343,664;344,402;344,783;345,684;346,544;347,476;348,322;348,528;349,587;350,49;350,281;351,071;351,281;351,958;352,052;352,45;352,849;352,967;353,061;353,391;353,486;353,816;354,029;354,551;354,077;354,646;355,527;355,241;355,694;356,029;356,245;356,581;356,773;356,701;356,581;357,062;357,206;356,701;357,255;357,423;357,472;357,014;357,255;356,797;356,845;356,317;356,029;356,149;355,694;355,456;354,86;354,432;353,935;353,415;354,029;352,802;353,202;352,52;351,841;351,701;351,071;350,629;350,815;350,606;350,42;349,472;349,888;350,212;349,587;349,541;349,403;349,126;348,988;348,988;349,08;348,322;348,483;348,528;348,139;348,047;348,07;348,002;347,271;347,225;347,819;347,203;347,339;347,385;346,793;347,134;347,157;347,089;346,498;345,819;345,503;345,638;344,761;344,85;344,536;344,2;344,761;344,133;344,312;344,073;344,044;344,514;343,419;344,128;343,651;344,445;343,928;343,281;343,199;342,676;342,864;342,499;342,3;341,9;341,591;341,719;341,577;340,822;340,051;340,287;337,453;334,498;338,577;338,576;335,065;335,784;333,256;336,726;332,644;333,943;330,157;328,452;326,864;329,977;331,295;327,5;328,911
C05;B1;;4;298,167;303,464;309,693;317,796;322,952;327,02;330,099;332,273;334,161;335,664;337,483;338,043;338,865;339,604;340,96;341,84;342,171;342,925;343,771;344,509;344,89;345,791;346,651;347,584;348,43;348,637;349,696;350,599;350,39;351,18;351,39;352,067;352,161;352,559;352,959;353,077;353,171;353,501;353,595;353,926;354,139;354,661;354,186;354,756;355,637;355,351;355,805;356,14;356,355;356,691;356,884;356,812;356,691;357,173;357,317;356,812;357,366;357,534;357,583;357,124;357,366;356,908;356,956;356,427;356,14;356,26;355,805;355,566;354,97;354,542;354,044;353,524;354,139;352,912;353,312;352,63;351,95;351,81;351,18;350,738;350,924;350,715;350,529;349,58;349,996;350,32;349,696;349,65;349,511;349,234;349,096;349,096;349,188;348,43;348,591;348,637;348,247;348,155;348,178;348,11;347,379;347,333;347,927;347,31;347,447;347,493;346,901;347,242;347,265;347,197;346,606;345,926;345,61;345,746;344,868;344,957;344,643;344,307;344,868;344,24;344,419;344,217;344,15;344,621;343,525;344,307;343,927;344,621;344,083;343,436;343,347;342,814;343,08;342,636;342,925;342,703;342,791;342,57;342,747;342,437;342,061;342,636;342,548;342,636;342,37;342,061;342,171;342,304;342,304;342,415;342,747;343,08;342,437;342,061;342,747;342,791;342,348;342,061;342,171
C06;X1;;4;265,501;267,096;266,649;268,263;270,097;270,505;271,591;271,701;272,799;273,191;274,106;275,285;276,246;276,444;276,336;278,176;277,911;278,602;278,642;279,334;280,34;279,861;280,828;281,622;282,471;283,009;284,092;284,714;284,397;286,711;286,636;289,483;288,351;289,288;290,771;290,67;290,963;291,96;292,859;293,717;294,181;295,318;295,805;297,985;299,655;299,99;301,298;302,11;304,6;305,973;306,795;309,508;310,757;312,395;313,508;315,289;317,356;320,194;321,532;324,116;326,33;327,977;331,419;334,499;336,924;339,74;343,847;346,178;349,786;351,388;352,871;353,365;354,164;353,007;353,418;352,743;352,063;351,923;351,292;350,85;351,036;350,827;350,641;349,692;350,108;350,433;349,808;349,762;349,623;349,346;349,208;349,208;349,3;348,542;348,702;348,748;348,358;348,267;348,29;348,221;347,49;347,444;348,038;347,422;347,558;347,604;347,012;347,353;347,376;347,308;346,717;346,037;345,721;345,856;344,978;345,068;344,754;344,417;344,978;344,35;344,529;344,328;344,261;344,731;343,635;344,417;344,037;344,731;344,194;343,546;343,457;342,923;343,19;342,746;343,034;342,812;342,901;342,679;342,857;342,546;342,17;342,746;342,657;342,746;342,48;342,17;342,281;342,414;342,414;342,524;342,857;343,19;342,546;342,17;342,857;342,901;342,458;342,17;342,281
C07;X1;;4;270,324;271,803;270,827;272,058;272,14;273,608;273,729;274,375;274,769;274,786;276,579;275,833;275,276;276,271;277,466;277,183;278,007;278,029;278,639;278,896;279,487;279,148;280,231;281,444;281,913;281,707;283,084;282,917;283,615;284,356;284,744;286,107;286,955;286,729;287,983;289,599;289,941;290,4;292,165;292,704;292,399;294,359;294,331;296,774;297,697;298,225;299,39;300,124;302,389;304,409;305,159;307,583;308,286;311,047;311,659;313,375;316,569;318,429;320,741;322,983;324,957;328,92;330,626;333,678;335,972;342,157;344,253;347,495;350,657;352,686;353,417;353,503;354,313;353,124;353,528;352,852;352,172;352,032;351,401;350,959;351,145;350,936;350,75;349,801;350,217;350,541;349,916;349,87;349,731;349,455;349,316;349,316;349,409;348,65;348,811;348,856;348,466;348,375;348,398;348,329;347,598;347,552;348,146;347,529;347,666;347,712;347,12;347,461;347,484;347,415;346,824;346,145;345,828;345,964;345,085;345,175;344,86;344,524;345,085;344,457;344,636;344,435;344,367;344,838;343,742;344,524;344,144;344,838;344,3;343,653;343,564;343,03;343,296;342,852;343,141;342,919;343,008;342,786;342,963;342,653;342,276;342,852;342,764;342,852;342,586;342,276;342,387;342,52;342,52;342,631;342,963;343,296;342,653;342,276;342,963;343,008;342,564;342,276;342,387
C08;X1;;4;278,793;279,436;279,804;281,826;282,354;283,031;283,528;283,374;284,722;284,868;285,638;286,102;286,112;287,511;288,137;289,367;288,14;290,168;289,233;290,581;290,226;291,832;292,277;293,022;294,311;293,752;295,45;295,563;296,282;297,607;297,584;299,243;299,059;301,412;301,033;301,621;302,723;303,689;303,957;305,276;306,438;308,011;307,333;309,677;311,294;312,438;312,858;314,161;315,782;317,115;318,943;321,425;321,82;324,167;325,921;326,653;329,692;331,72;334,245;336,747;340,308;341,783;345,42;347,998;350,593;352,951;354,423;355,139;355,151;354,826;354,374;353,853;354,469;353,244;353,645;352,962;352,281;352,141;351,51;351,068;351,254;351,045;350,859;349,909;350,325;350,65;350,025;349,978;349,84;349,563;349,425;349,425;349,517;348,758;348,919;348,965;348,575;348,483;348,506;348,437;347,706;347,66;348,254;347,637;347,774;347,82;347,227;347,569;347,592;347,523;346,932;346,252;345,936;346,071;345,192;345,282;344,967;344,631;345,192;344,564;344,743;344,541;344,474;344,945;343,848;344,631;344,25;344,945;344,407;343,759;343,67;343,136;343,403;342,959;343,247;343,025;343,114;342,892;343,07;342,759;342,383;342,959;342,87;342,959;342,692;342,383;342,493;342,626;342,626;342,737;343,07;343,403;342,759;342,383;343,07;343,114;342,67;342,383;342,493
C09;X1;;4;267,387;268,702;269,389;270,038;272,227;272,305;273,762;273,224;273,599;273,957;275,576;276,05;276,311;277,199;278,654;278,128;278,75;279,532;279,461;280,196;281,238;281,363;282,334;282,46;283,678;283,759;285,485;285,556;285,589;287,642;287,765;289,011;290,381;290,833;291,085;293,133;293,168;293,669;294,646;295,935;297,035;298,108;298,953;301,238;301,997;303,276;304,835;305,767;307,436;308,982;310,878;313,143;315,058;316,992;319,33;319,961;323,326;326,892;329,839;331,293;334,718;338,143;341,822;344,776;348,002;351,71;353,914;354,95;355,059;354,911;354,477;353,963;354,586;353,357;353,758;353,075;352,394;352,254;351,623;351,18;351,366;351,157;350,971;350,021;350,438;350,762;350,137;350,09;349,952;349,675;349,537;349,537;349,629;348,87;349,03;349,076;348,686;348,594;348,617;348,549;347,817;347,771;348,365;347,748;347,885;347,931;347,338;347,68;347,703;347,634;347,043;346,363;346,046;346,182;345,303;345,392;345,078;344,741;345,303;344,674;344,853;344,652;344,584;345,055;343,958;344,741;344,361;345,055;344,517;343,869;343,78;343,246;343,513;343,068;343,357;343,135;343,224;343,002;343,179;342,869;342,492;343,068;342,979;343,068;342,802;342,492;342,603;342,736;342,736;342,846;343,179;343,513;342,869;342,492;343,179;343,224;342,78;342,492;342,603
C10;X1;;4;248,766;250,509;251,79;252,175;253,819;254,978;256,265;257,803;257,635;258,627;259,204;259,313;260,693;260,829;261,526;261,572;261,805;262,563;263,18;263,962;263,281;265,692;266,294;266,983;267,72;267,568;268,734;269,516;270,036;271,028;271,225;272,114;273,716;275,057;276,043;276,623;277,167;278,162;279,644;279,924;282,148;282,873;283,012;284,77;286,431;287,67;289,946;290,158;291,985;293,324;295,551;297,294;299,018;301,495;303,101;305,14;307,052;309,856;312,181;314,619;318,501;320,833;323,577;326,062;330,878;334,926;338,573;342,456;346,376;350,057;352,545;353,284;354,494;353,435;353,86;353,177;352,503;352,363;351,732;351,289;351,475;351,266;351,08;350,13;350,546;350,871;350,245;350,199;350,06;349,783;349,645;349,645;349,737;348,978;349,139;349,184;348,794;348,702;348,725;348,657;347,925;347,879;348,473;347,856;347,993;348,039;347,446;347,788;347,811;347,742;347,15;346,47;346,153;346,289;345,41;345,5;345,185;344,848;345,41;344,781;344,96;344,758;344,691;345,162;344,065;344,848;344,467;345,162;344,624;343,976;343,887;343,352;343,619;343,175;343,463;343,241;343,33;343,108;343,286;342,975;342,598;343,175;343,086;343,175;342,908;342,598;342,709;342,842;342,842;342,953;343,286;343,619;342,975;342,598;343,286;343,33;342,886;342,598;342,709
D03;B2;;4;297,985;303,278;309,504;317,602;322,755;326,821;329,897;332,071;333,957;335,459;337,277;337,837;338,658;339,396;340,751;341,631;341,962;342,715;343,561;344,298;344,679;345,58;346,439;347,372;348,217;348,424;349,482;350,385;350,176;350,966;351,175;351,852;351,946;352,344;352,743;352,861;352,955;353,285;353,379;353,71;353,923;354,444;353,97;354,539;355,42;355,134;355,588;355,922;356,138;356,474;356,666;356,594;356,474;356,955;357,099;356,594;357,147;357,316;357,364;356,906;357,147;356,69;356,738;356,21;355,922;356,042;355,588;355,349;354,753;354,326;353,828;353,309;353,923;352,696;353,096;352,415;351,735;351,595;350,966;350,524;350,71;350,501;350,315;349,367;349,782;350,106;349,482;349,436;349,298;349,021;348,883;348,883;348,975;348,217;348,378;348,424;348,034;347,943;347,966;347,897;347,167;347,121;347,714;347,098;347,235;347,281;346,689;347,03;347,053;346,985;346,394;345,715;345,399;345,535;344,657;344,747;344,433;344,097;344,657;344,03;344,209;344,007;343,94;344,41;343,316;344,097;343,717;344,41;343,873;343,226;343,137;342,604;342,871;342,427;342,715;342,493;342,582;342,361;342,538;342,228;341,852;342,427;342,338;342,427;342,161;341,852;341,962;342,095;342,095;342,206;342,538;342,871;342,228;341,852;342,538;342,582;342,139;341,852;341,962
D04;B2;;4;298,077;303,373;309,6;317,701;322,855;326,922;330;332,174;334,06;335,564;337,381;337,941;338,763;339,502;340,857;341,737;342,068;342,822;343,667;344,405;344,787;345,687;346,547;347,48;348,326;348,532;349,591;350,493;350,285;351,074;351,284;351,961;352,055;352,454;352,853;352,971;353,065;353,395;353,489;353,82;354,033;354,554;354,08;354,649;355,531;355,244;355,698;356,033;356,248;356,584;356,777;356,705;356,584;357,065;357,21;356,705;357,258;357,427;357,475;357,017;357,258;356,801;356,849;356,32;356,033;356,153;355,698;355,459;354,863;354,436;353,938;353,418;354,033;352,806;353,206;352,524;351,844;351,704;351,074;350,633;350,819;350,609;350,424;349,475;349,891;350,215;349,591;349,545;349,406;349,13;348,991;348,991;349,084;348,326;348,486;348,532;348,142;348,051;348,074;348,005;347,274;347,229;347,822;347,206;347,343;347,388;346,797;347,138;347,161;347,092;346,502;345,823;345,507;345,642;344,764;344,854;344,54;344,204;344,764;344,137;344,316;344,114;344,047;344,517;343,422;344,204;343,824;344,517;343,98;343,333;343,244;342,711;342,977;342,533;342,822;342,6;342,689;342,467;342,644;342,334;341,958;342,533;342,445;342,533;342,268;341,958;342,068;342,201;342,201;342,312;342,644;342,977;342,334;341,958;342,644;342,689;342,245;341,958;342,068
D05;B2;;4;298,17;303,467;309,696;317,8;322,955;327,024;330,102;332,277;334,164;335,668;337,486;338,046;338,868;339,607;340,963;341,843;342,175;342,928;343,774;344,512;344,894;345,794;346,655;347,587;348,434;348,64;349,699;350,602;350,393;351,183;351,393;352,071;352,164;352,563;352,962;353,08;353,174;353,504;353,599;353,93;354,143;354,664;354,19;354,759;355,641;355,355;355,808;356,143;356,359;356,695;356,887;356,815;356,695;357,176;357,321;356,815;357,369;357,538;357,586;357,128;357,369;356,911;356,96;356,431;356,143;356,263;355,808;355,569;354,974;354,546;354,048;353,528;354,143;352,915;353,316;352,633;351,954;351,813;351,183;350,741;350,927;350,718;350,533;349,584;350;350,324;349,699;349,653;349,515;349,238;349,1;349,1;349,192;348,434;348,594;348,64;348,25;348,159;348,182;348,113;347,382;347,337;347,93;347,314;347,451;347,496;346,904;347,246;347,268;347,2;346,609;345,93;345,614;345,749;344,871;344,961;344,647;344,31;344,871;344,243;344,422;344,221;344,154;344,624;343,529;344,31;343,93;344,624;344,087;343,44;343,351;342,817;343,084;342,64;342,928;342,706;342,795;342,573;342,75;342,44;342,064;342,64;342,551;342,64;342,374;342,064;342,175;342,307;342,307;342,418;342,75;343,084;342,44;342,064;342,75;342,795;342,352;342,064;342,175
D06;X2;;4;288,307;289,553;288,87;290,322;291,431;292,143;292,779;292,662;293,572;293,811;294,988;294,895;295,361;295,57;296,31;297,995;298,551;299,741;298,529;300,201;301,383;301,658;302,387;302,575;303,929;303,596;304,952;305,68;305,028;306,774;306,661;307,919;308,272;308,96;309,433;309,65;309,863;312,742;312,677;312,534;313,644;315,001;315,348;315,465;316,882;318,213;318,823;318,848;319,655;319,91;319,947;320,161;319,874;322,125;323,293;323,76;323,501;325,279;325,208;323,966;323,866;325,43;326,51;324,707;325,1;325,716;326,379;328,004;326,129;326,381;326,242;325,784;327,109;328,25;328,662;326,601;326,813;327,732;326,386;326,025;328,452;328,225;327,027;326,541;328,355;330,38;327,604;328,88;329,526;329,566;328,66;329,107;330,655;330,879;331,708;330,576;330,903;332,004;332,309;331,442;332,06;332,708;333,5;333,43;334,65;334,367;333,068;334,793;335,295;336,087;336,237;334,813;335,828;335,593;336,225;336,744;335,758;336,964;336,753;336,715;338,028;337,555;338,46;337,56;336,914;338,118;338,275;339,644;338,918;338,548;338,44;338,487;339,389;338,747;339,359;338,46;339,735;339,546;339,612;338,365;338,88;339,66;339,565;339,975;339,523;339,493;339,558;339,659;339,943;340,53;340,387;341,154;340,483;340,544;341,176;341,241;340,844;340,664;340,764
D07;X2;;4;265;265,319;265,081;266,88;267,408;267,857;268,591;268,894;270,107;269,939;271,563;270,914;270,966;272,702;273,2;274,587;275,634;275,352;275,322;276,472;276,805;277,068;278,725;279,375;279,068;280,357;280,655;282,264;283,562;283,259;282,644;284,024;284,742;285,103;286,047;286,821;285,682;287,513;287,232;288,553;288,996;290,721;290,885;292,531;293,863;294;295,095;295,18;294,007;295,727;295,718;295,787;296,916;297,978;298,703;296,984;298,26;299,031;299,032;297,769;299,172;299,486;299,133;297,805;300,138;299,84;299,415;299,79;300,009;300,864;299,942;298,939;301,206;300,805;302,43;300,854;301,596;301,799;301,955;301,529;301,974;303,542;304,03;301,898;302,019;303,341;303,556;304,415;302,692;304,571;304,601;304,167;305,74;305,198;306,438;306,105;305,414;306,679;306,399;307,318;306,749;307,018;307,814;308,927;308,044;308,338;309,219;310,132;308,525;310,786;311,017;308,659;310,297;311,027;309,806;310,546;310,084;311,384;311,128;311,974;311,285;311,248;312,654;312,443;311,306;311,99;312,799;313,182;314,115;311,827;313,742;313,835;314,027;313,532;314,379;312,917;313,952;315,847;314,566;315,053;314,487;313,827;313,906;315,479;315,337;315,922;314,973;314,653;316,126;316,067;316,604;317,705;316,132;315,634;317,297;317,317;316,804;317,843;317,479
D08;X2;;4;258,966;260,474;260,224;261,857;263,061;264,493;264,815;266,43;266,06;267,157;268,428;268,103;269,707;269,643;271,05;271,507;272,277;273,151;273,454;273,851;274,32;275,379;276,852;276,351;277,558;278,078;278,79;279,004;278,663;280,978;280,263;281,424;281,506;283,582;284,574;283,008;283,49;283,946;285,753;286,172;286,784;288,46;289,63;289,829;292,255;292,179;295,134;294,45;294,41;295,813;295,111;296,005;295,284;296,229;298,159;295,841;296,908;297,542;299,579;297,927;297,756;297,796;297,782;297,869;298,442;300,268;298,044;299,715;300,602;301,251;300,109;299,374;299,98;300,357;300,326;299,778;301,155;300,757;300,538;302,133;301,496;300,898;301,946;301,856;302,902;304,287;303,409;303,166;303,927;304,581;302,756;303,381;305,53;304,574;305,433;305,986;304,215;304,748;305,504;307,276;305,317;305,777;307,045;306,206;305,766;307,205;306,706;307,393;307,451;307,28;308,703;306,755;307,986;308,024;307,894;309,973;307,748;309,323;309,837;307,905;308,424;308,939;309,833;310,76;307,228;308,971;309,742;310,37;310,472;310,844;311,076;309,374;311,51;311,275;310,003;309,511;311,197;311,232;311,938;311,224;310,947;310,822;310,811;310,929;314,005;311,564;312,979;312,734;311,953;313,846;313,554;316,3;313,767;314,152;314,278;314,03;314,2;314,867;315,74
D09;X2;;4;261,398;262,458;262,595;264,214;265,178;265,933;266,464;268,063;269,097;269,532;270,485;270,251;272,021;271,652;272,692;273,499;274,866;274,806;277,025;276,065;277,199;277,601;277,553;278,661;279,619;280,531;280,34;280,562;279,747;281,818;282,328;283,147;283,846;284,686;284,041;285,917;286,279;287,028;287,607;288,539;290,236;290,565;292,65;293,355;294,23;294,968;296,021;296,011;295,976;295,595;297,587;297,109;296,934;298,685;298,91;300,09;299,98;299,213;300,66;300,554;300,113;298,864;300,773;300,574;299,982;301,577;301,868;302,569;302,325;303,245;302,635;303,302;304,74;302,921;305,549;304,052;303,434;304,785;303,997;304,264;305,661;305,227;305,216;305,089;305,078;305,16;305,449;306,049;305,715;304,997;307,389;306,428;306,914;306,38;306,246;307,514;306,721;307,334;308,027;308,37;305,793;308,524;307,264;307,467;307,081;307,824;308,261;309,263;309,182;308,826;309,608;309,466;310,528;308,674;308,632;308,768;308,79;309,764;310,21;310,651;309,937;311,006;311,214;311,726;309,246;311,325;311,556;311,571;311,739;312,356;313,117;312,033;313,052;313,137;312,66;312,587;313,132;313,358;313,486;312,64;312,851;312,794;314,009;315,315;314,361;314,58;316,086;314,797;315,355;315,759;316,13;316,778;318,182;316,439;316,12;317,091;317,106;317,305;318,178
D10;X2;;4;257,939;258,552;258,596;259,462;261,79;263,511;263,705;264,664;265,338;266,055;266,885;267,422;267,94;270,129;269,129;270,156;270,099;271,83;271,682;270,927;271,248;273,403;273,726;274,602;274,82;273,361;274,754;275,92;277,102;276,001;276,374;277,921;278,81;279,937;280,021;282,302;281,196;283,051;284,1;284,444;286,405;287,207;286,73;288,668;290,5;290,422;291,591;291,962;290,801;292,425;293,6;292,841;292,967;293,749;294,708;294,852;295,03;295,449;296,58;295,099;296,636;295,567;295,764;296,054;296,446;297,982;297,378;296,673;298,637;298,572;299,623;299,824;300,739;299,788;301,38;299,457;300,708;301,268;300,18;300,954;300,551;300,898;301,311;302,696;303,179;303,088;304,193;303,866;303,175;303,739;302,931;303,364;304,87;304,63;304,296;304,65;304,888;306,396;306,932;307,123;305,376;306,587;307,02;307,068;307,602;307,65;308,171;309,927;308,97;309,031;309,008;309,192;309,038;309,667;309,516;310,463;309,932;309,881;310,413;310,503;310,475;312,285;311,783;311,864;310,405;312,721;312,434;312,888;313,65;312,438;315,079;312,661;313,756;314,08;313,562;313,678;314,315;314,623;314,796;314,49;314,258;315,202;315,062;316,21;315,272;315,275;316,38;318,301;316,821;317,428;317,448;318,323;317,705;319,229;319,701;319,462;318,199;319,541;320,055
E03;B3;;4;297,985;303,278;309,504;317,602;322,755;326,821;329,897;332,071;333,957;335,459;337,277;337,837;338,658;339,396;340,751;341,631;341,962;342,715;343,561;344,298;344,679;345,58;346,439;347,372;348,217;348,424;349,482;350,385;350,176;350,966;351,175;351,852;351,946;352,344;352,743;352,861;352,955;353,285;353,379;353,71;353,923;354,444;353,97;354,539;355,42;355,134;355,588;355,922;356,138;356,474;356,666;356,594;356,474;356,955;357,099;356,594;357,147;357,316;357,364;356,906;357,147;356,69;356,738;356,21;355,922;356,042;355,588;355,349;354,753;354,326;353,828;353,309;353,923;352,696;353,096;352,415;351,735;351,595;350,966;350,524;350,71;350,501;350,315;349,367;349,782;350,106;349,482;349,436;349,298;349,021;348,883;348,883;348,975;348,217;348,378;348,424;348,034;347,943;347,966;347,897;347,167;347,121;347,714;347,098;347,235;347,281;346,689;347,03;347,053;346,985;346,394;345,715;345,399;345,535;344,657;344,747;344,433;344,097;344,657;344,03;344,209;344,007;343,94;344,41;343,316;344,097;343,717;344,41;343,873;343,226;343,137;342,604;342,871;342,427;342,715;342,493;342,582;342,361;342,538;342,228;341,852;342,427;342,338;342,427;342,161;341,852;341,962;342,095;342,095;342,206;342,538;342,871;342,228;341,852;342,538;342,582;342,139;341,852;341,962
E04;B3;;4;298,08;303,376;309,603;317,704;322,858;326,926;330,003;332,177;334,064;335,567;337,385;337,945;338,767;339,505;340,861;341,741;342,072;342,825;343,671;344,409;344,79;345,691;346,55;347,483;348,329;348,535;349,594;350,497;350,288;351,078;351,288;351,965;352,059;352,457;352,856;352,974;353,068;353,398;353,493;353,823;354,036;354,558;354,084;354,653;355,534;355,248;355,701;356,036;356,252;356,588;356,78;356,708;356,588;357,069;357,214;356,708;357,262;357,431;357,479;357,021;357,262;356,804;356,852;356,324;356,036;356,156;355,701;355,463;354,867;354,439;353,942;353,422;354,036;352,809;353,21;352,527;351,848;351,708;351,078;350,636;350,822;350,613;350,427;349,479;349,895;350,219;349,594;349,548;349,41;349,133;348,995;348,995;349,087;348,329;348,49;348,535;348,146;348,054;348,077;348,008;347,278;347,232;347,826;347,21;347,346;347,392;346,8;347,141;347,164;347,096;346,505;345,826;345,51;345,645;344,768;344,857;344,543;344,207;344,768;344,14;344,319;344,118;344,05;344,521;343,426;344,207;343,827;344,521;343,983;343,336;343,247;342,714;342,981;342,537;342,825;342,603;342,692;342,47;342,648;342,337;341,961;342,537;342,448;342,537;342,271;341,961;342,072;342,205;342,205;342,315;342,648;342,981;342,337;341,961;342,648;342,692;342,249;341,961;342,072
E05;B3;;4;298,173;303,47;309,699;317,803;322,958;327,027;330,099;332,263;334,137;335,634;337,219;333,472;336,182;333,258;334,233;333,276;334,295;327,881;332,485;326,582;320,727;329,542;330,851;329,331;326,903;328,862;319,281;324,492;329,45;316,032;326,237;320,896;326,917;315,999;317,996;322,94;322,38;311,444;316,984;313,02;310,776;319,136;323,271;316,732;319,598;304,115;309,549;322,039;315,254;307,754;310,274;310,015;312,738;304,777;310,215;298,612;303,689;306,513;305,613;299,031;295,688;295,585;284,335;301,084;288,625;293,222;289,711;279,082;298,531;284,382;301,225;278,198;285,434;286,603;279,795;291,964;280,175;274,127;281,569;277,922;274,891;297,68;278,556;271;273,232;280,199;276,571;272,727;278,419;279,016;270,196;271,817;273,723;269,174;273,492;268,737;283,522;276,457;268,415;273,257;273,104;270,972;270,394;270,155;271,402;269,584;271,566;273,23;268,795;267,485;268,528;269,092;267,228;269,343;267,389;267,137;267,108;266,568;268,376;267,312;266,81;266,709;266,436;267,618;267,194;267,791;266,776;267,045;266,694;266,708;266,608;266,355;266,006;266,739;266,987;267,559;267,975;266,923;266,729;267,228;265,075;266,787;267,177;269,084;267,954;268,204;266,068;267,939;267,761;264,616;267,861;266,422;267,639;266,897;266,924;267,079;266,456;267,232;267,308
E06;X3;;4;267,226;267,527;266,999;268,209;269,06;269,153;269,665;269,094;269,385;269,891;270,357;270,84;271,156;270,826;271,74;271,637;272,13;271,899;272,769;272,803;272,646;273,348;274,107;274,365;274,182;274,519;275,108;276,092;275,153;276,332;276,3;276,917;276,42;277,262;276,884;277,626;278,344;278,905;279,106;279,817;279,787;281,541;281,615;282,81;282,769;284,22;284,351;285,638;286,76;287,798;287,549;288,748;289,508;291,625;291,632;293,93;294,597;296,762;299,014;299,442;302,802;304,729;305,807;308,158;309,075;312,901;315,08;317,249;318,963;322,542;325,562;328,99;332,603;334,799;339,072;341,932;344,581;348,324;349,25;350,06;350,752;350,76;350,631;349,692;350,108;350,436;349,811;349,765;349,626;349,35;349,212;349,212;349,304;348,545;348,706;348,752;348,362;348,27;348,293;348,224;347,494;347,448;348,041;347,425;347,562;347,608;347,015;347,357;347,38;347,311;346,72;346,041;345,725;345,86;344,982;345,071;344,757;344,421;344,982;344,354;344,533;344,331;344,264;344,735;343,639;344,421;344,04;344,735;344,197;343,55;343,46;342,927;343,193;342,749;343,038;342,816;342,905;342,683;342,86;342,55;342,174;342,749;342,661;342,749;342,483;342,174;342,284;342,417;342,417;342,528;342,86;343,193;342,55;342,174;342,86;342,905;342,461;342,174;342,284
E07;X3;;4;240,598;241,018;240,343;242,045;242,526;243,113;243,608;244,501;244,722;244,947;246,071;245,783;245,597;246,126;246,613;247,893;246,469;247,791;247,026;248,167;247,71;248,381;248,523;249,93;249,199;248,942;249,677;250,122;252,102;251,173;251,477;251,677;252,882;252,23;253,028;253,766;253,844;255,055;254,291;254,809;255,756;257,127;257,166;257,569;258,632;259,74;260,627;260,983;261,84;263,593;264,375;265,207;267,042;268,006;270,958;270,667;270,841;272,905;275,046;276,924;277,715;280,471;282,617;284,663;287,356;288,851;292,139;293,883;296,602;298,849;301,526;304,905;308,763;310,96;315,214;318,466;322,171;327,69;330,4;335,787;339,913;343,277;346,572;348,275;349,754;350,443;349,906;349,87;349,738;349,462;349,323;349,323;349,416;348,657;348,818;348,863;348,473;348,382;348,405;348,336;347,605;347,559;348,153;347,536;347,673;347,719;347,127;347,468;347,491;347,422;346,831;346,151;345,835;345,971;345,092;345,182;344,867;344,531;345,092;344,464;344,643;344,441;344,374;344,845;343,749;344,531;344,151;344,845;344,307;343,66;343,57;343,037;343,303;342,859;343,148;342,926;343,014;342,793;342,97;342,66;342,283;342,859;342,77;342,859;342,593;342,283;342,394;342,527;342,527;342,637;342,97;343,303;342,66;342,283;342,97;343,014;342,571;342,283;342,394
E08;X3;;4;239,258;240,104;239,568;242,15;243,803;243,706;244,949;245,273;245,732;246,267;246,723;246,693;246,96;246,948;249,476;248,54;247,729;248,556;248,024;248,384;248,545;250,219;249,911;250,1;254,636;251,011;251,781;252,483;252,575;252,814;251,98;252,618;254,045;253,987;253,946;255,932;254,654;255,514;256,216;258,287;256,302;257,879;259,211;258,616;260,088;261,781;261,624;263,193;263,702;265,45;265,6;265,9;267,663;268,893;270,382;271,578;274,471;274,644;277,594;278,876;281,027;282,125;284,81;286,707;290,347;292,784;293,895;296,95;300,709;300,982;304,361;307,88;310,216;313,638;317,774;321,879;325,51;328,518;333,015;337,444;341,62;345,435;347,982;348,744;350,178;350,587;350,025;349,978;349,847;349,57;349,432;349,432;349,524;348,765;348,926;348,972;348,581;348,49;348,513;348,444;347,713;347,667;348,261;347,644;347,781;347,827;347,234;347,576;347,599;347,53;346,939;346,259;345,942;346,078;345,199;345,289;344,974;344,638;345,199;344,571;344,75;344,548;344,481;344,952;343,855;344,638;344,257;344,952;344,414;343,766;343,677;343,143;343,41;342,965;343,254;343,032;343,121;342,899;343,076;342,766;342,389;342,965;342,877;342,965;342,699;342,389;342,5;342,633;342,633;342,744;343,076;343,41;342,766;342,389;343,076;343,121;342,677;342,389;342,5
E09;X3;;4;239,712;241,495;241,133;243,68;244,136;245,594;247,622;247,87;248,023;249,603;249,662;249,964;249,155;249,892;249,244;252,526;251,904;251,724;252,583;253,863;252,031;253,631;253,495;253,057;255,159;254,748;255,239;255,999;255,977;256,508;256,028;257,935;259,35;256,761;261,227;259,434;259,458;260,252;261,535;260,809;261,431;263,104;263,713;265;265,392;265,985;266,688;268,875;269,808;269,93;272,962;273,449;272,772;274,202;276,727;277,571;279,915;281,132;283,625;285,234;287,251;289,283;291,973;293,774;296,235;299,541;301,202;304,317;306,517;309,739;311,498;315,265;319,616;321,458;326,2;329,297;332,964;336,859;342,101;345,409;348,655;350,188;350,778;350;350,438;350,766;350,14;350,094;349,955;349,678;349,54;349,54;349,632;348,873;349,034;349,08;348,69;348,598;348,621;348,552;347,82;347,775;348,369;347,752;347,889;347,934;347,342;347,683;347,706;347,638;347,046;346,366;346,05;346,185;345,306;345,396;345,081;344,745;345,306;344,677;344,857;344,655;344,588;345,059;343,962;344,745;344,364;345,059;344,521;343,873;343,784;343,249;343,516;343,072;343,361;343,138;343,227;343,005;343,183;342,872;342,496;343,072;342,983;343,072;342,806;342,496;342,606;342,739;342,739;342,85;343,183;343,516;342,872;342,496;343,183;343,227;342,783;342,496;342,606
E10;X3;;4;298,155;298,677;302,964;300,204;300,378;305,576;306,212;307,484;308,207;309,312;311,528;308,083;313,615;313,347;313,85;315,448;318,247;316,61;313,462;315,762;313,885;318,066;319,61;316,448;318,101;316,8;318,721;322,562;320,767;323,49;324,84;322,669;324,884;321,829;323,355;326,926;322,581;322,953;323,737;323,391;328,945;325,671;324,686;322,861;328,532;327,002;329,958;324,961;327,669;333,583;331,63;330,956;330,638;335,681;334,93;334,249;339,439;340,573;346,696;345,808;347,415;347,152;348,367;349,425;351,641;353,343;354,352;355,285;355,119;355,014;354,569;354,076;354,696;353,466;353,874;353,191;352,51;352,37;351,739;351,296;351,482;351,273;351,087;350,137;350,553;350,878;350,252;350,206;350,067;349,79;349,652;349,652;349,744;348,985;349,145;349,191;348,801;348,709;348,732;348,663;347,932;347,886;348,48;347,863;348;348,046;347,453;347,795;347,817;347,749;347,157;346,477;346,16;346,296;345,416;345,506;345,192;344,855;345,416;344,788;344,967;344,765;344,698;345,169;344,072;344,855;344,474;345,169;344,631;343,983;343,893;343,359;343,626;343,181;343,47;343,248;343,337;343,115;343,292;342,982;342,605;343,181;343,093;343,181;342,915;342,605;342,716;342,849;342,849;342,96;343,292;343,626;342,982;342,605;343,292;343,337;342,893;342,605;342,716
F03;B4;;4;297,988;303,281;309,507;317,606;322,758;326,824;329,9;332,074;333,96;335,463;337,28;337,84;338,661;339,4;340,755;341,635;341,966;342,719;343,564;344,302;344,683;345,583;346,443;347,375;348,221;348,427;349,486;350,388;350,179;350,969;351,179;351,856;351,949;352,348;352,747;352,865;352,959;353,289;353,383;353,714;353,926;354,448;353,974;354,543;355,424;355,138;355,591;355,926;356,141;356,477;356,669;356,597;356,477;356,958;357,103;356,597;357,151;357,32;357,368;356,91;357,151;356,694;356,742;356,213;355,926;356,046;355,591;355,352;354,757;354,329;353,832;353,312;353,926;352,7;353,1;352,418;351,739;351,599;350,969;350,527;350,713;350,504;350,319;349,37;349,786;350,11;349,486;349,44;349,301;349,025;348,887;348,887;348,979;348,221;348,381;348,427;348,038;347,946;347,969;347,9;347,17;347,125;347,718;347,102;347,239;347,284;346,693;347,034;347,056;346,988;346,398;345,719;345,403;345,538;344,661;344,75;344,436;344,1;344,661;344,033;344,212;344,011;343,944;344,414;343,319;344,1;343,72;344,414;343,877;343,23;343,141;342,608;342,874;342,43;342,719;342,497;342,586;342,364;342,541;342,231;341,855;342,43;342,342;342,43;342,165;341,855;341,966;342,098;342,098;342,209;342,541;342,874;342,231;341,855;342,541;342,586;342,143;341,855;341,966
F04;B4;;4;298,08;303,376;309,603;317,704;322,858;326,926;330,003;332,177;334,064;335,567;337,385;337,945;338,767;339,505;340,861;341,741;342,072;342,825;343,671;344,409;344,79;345,691;346,55;347,483;348,329;348,535;349,594;350,497;350,288;351,078;351,288;351,965;352,059;352,457;352,856;352,974;353,068;353,398;353,493;353,823;354,036;354,558;354,084;354,653;355,534;355,248;355,701;356,036;356,252;356,588;356,78;356,708;356,588;357,069;357,214;356,708;357,262;357,431;357,479;357,021;357,262;356,804;356,852;356,324;356,036;356,156;334,588;334,21;333,987;331,367;333,127;331,513;331,114;332,62;337,417;337,507;336,31;333,451;335,001;334,724;333,812;329,38;320,666;317,416;323,938;300,844;299,268;297,881;297,379;297,758;297,763;296,641;297,901;297,38;297,077;297,092;296,564;297,232;297,293;297,5;296,326;297,052;297,451;297,606;297,497;298,238;296,119;297,519;297,049;296,236;296,811;296,742;296,45;297,147;296,103;296,953;295,555;296,4;296,904;296,38;296,645;296,371;296,865;297,06;296,387;296,652;297,57;297,119;297,313;297,091;297,038;296,971;296,536;296,474;296,604;296,521;296,897;295,947;297,092;296,703;295,922;296,611;296,912;296,697;295,812;296,616;296,74;296,827;296,334;296,707;296,893;297,301;296,991;296,664;296,875;297,507;296,927;296,719;295,733
F05;B4;;4;282,189;268,475;262,511;262,78;264,499;261,246;262,172;262,912;263,95;264,157;264,862;265,467;265,22;265,228;265,843;266,372;266,089;266,75;266,541;266,607;266,467;267,27;267,786;267,874;268,254;267,711;268,507;268,548;268,275;268,912;269,561;268,647;268,972;269,488;269,999;269,838;269,281;269,78;269,558;270,501;269,292;270,335;269,892;270,099;270,93;270,331;270,541;271,402;271,113;271,247;270,669;271,667;269,869;271,324;271,348;271,035;270,751;270,758;271,413;270,79;270,773;271,169;270,741;270,519;270,682;272,196;270,203;270,512;269,523;269,95;269,929;270,435;270,065;270,076;270,099;269,599;269,903;269,915;269,084;269,097;269,246;269,532;269,147;269,332;269,144;269,341;269,427;269,675;268,984;269,051;269,717;268,756;269,452;268,421;269,895;269,023;269,343;268,997;269,217;269,442;268,369;268,494;268,851;268,313;269,486;269,382;268,496;268,986;269,282;269;268,896;268,303;268,369;268,633;268,341;268,653;268,318;267,578;268,673;267,863;268,275;268,628;268,345;268,722;267,338;267,908;268,05;268,642;268,792;268,142;267,794;267,632;268,053;267,627;267,986;268,217;268,15;268,34;268,509;268,115;267,913;268,522;268,103;268,086;268,043;267,705;267,534;267,864;267,689;267,93;268,074;268,235;268,098;267,821;268,183;268,585;267,789;267,455;267,897
F06;X4;;4;287,632;288,062;287,271;289,068;290,658;291,214;293,162;293,71;295,13;295,491;297,193;297,697;298,105;298,551;299,63;299,614;299,829;300,527;301,051;301,373;300,609;301,287;302,148;302,798;303,245;302,992;303,801;304,16;304,228;304,478;305,248;305,413;305,572;305,879;306,501;306,695;306,83;307,166;307,932;308,808;308,994;309,25;309,801;310,65;311,575;312,526;313,121;313,573;314,155;315,719;316,268;317,518;317,95;319,19;320,947;321,128;323,108;324,23;325,738;326,861;328,018;330,16;332,487;333,332;334,799;337,312;338,868;340,851;342,578;344,787;346,628;348,642;350,765;351,329;352,52;352,443;351,957;351,901;351,289;350,854;351,043;350,834;350,648;349,699;350,115;350,44;349,815;349,769;349,63;349,353;349,215;349,215;349,307;348,549;348,709;348,755;348,365;348,274;348,297;348,228;347,497;347,451;348,045;347,429;347,565;347,611;347,019;347,36;347,383;347,315;346,724;346,044;345,728;345,863;344,985;345,075;344,76;344,424;344,985;344,357;344,536;344,335;344,267;344,738;343,642;344,424;344,044;344,738;344,2;343,553;343,464;342,93;343,197;342,753;343,041;342,819;342,908;342,686;342,864;342,553;342,177;342,753;342,664;342,753;342,487;342,177;342,288;342,42;342,42;342,531;342,864;343,197;342,553;342,177;342,864;342,908;342,465;342,177;342,288
F07;X4;;4;263,278;263,785;263,112;265,42;266,251;266,738;267,878;269,556;269,645;270,207;271,573;271,584;271,6;271,642;272,914;274,145;273,589;274,37;274,341;275,027;274,893;275,604;275,218;276,588;276,979;276,48;277,257;278,208;277,727;277,949;278,203;279,158;279,571;279,644;280,017;280,429;280,645;281,654;280,904;282,333;282,215;283,43;283,246;284,408;285,823;286,275;287,659;287,321;288,59;289,776;291,161;291,359;292,849;293,981;295,037;296,055;297,859;299,346;300,199;301,376;302,971;305,08;306,836;308,472;310,244;312,562;314,389;316,797;318,142;321,495;323,701;326,018;329,289;331,606;336,052;339,328;342,277;345,627;347,88;349,636;350,734;350,817;350,711;349,797;350,22;350,548;349,923;349,877;349,738;349,462;349,323;349,323;349,416;348,657;348,818;348,863;348,473;348,382;348,405;348,336;347,605;347,559;348,153;347,536;347,673;347,719;347,127;347,468;347,491;347,422;346,831;346,151;345,835;345,971;345,092;345,182;344,867;344,531;345,092;344,464;344,643;344,441;344,374;344,845;343,749;344,531;344,151;344,845;344,307;343,66;343,57;343,037;343,303;342,859;343,148;342,926;343,014;342,793;342,97;342,66;342,283;342,859;342,77;342,859;342,593;342,283;342,394;342,527;342,527;342,637;342,97;343,303;342,66;342,283;342,97;343,014;342,571;342,283;342,394
F08;X4;;4;256,271;257,44;256,907;260,324;262,35;265,147;266,566;267,757;268,742;270,177;270,762;271,953;271,932;272,913;274,234;274,07;274,818;274,744;275,58;275,465;276,464;276,068;277,206;277,089;278,416;276,993;278,002;278,085;278,523;278,898;278,558;279,331;280,085;279,559;280,346;280,333;283,409;280,967;281,626;282,995;282,825;283,877;283,848;284,951;285,623;285,386;287,567;287,139;288,996;290,629;290,546;292,405;292,442;294,242;296,281;297,312;298,374;300,169;301,945;304,242;304,498;306,055;308,479;309,916;311,138;313,45;315,959;317,616;319,087;322,152;323,51;324,684;329,062;330,465;333,626;337,069;339,135;343,197;344,934;347,077;348,922;350,034;350,575;349,668;350,238;350,643;350,028;349,989;349,85;349,574;349,435;349,435;349,527;348,768;348,929;348,975;348,585;348,493;348,516;348,447;347,716;347,67;348,264;347,648;347,784;347,83;347,238;347,579;347,602;347,534;346,942;346,262;345,946;346,081;345,202;345,292;344,978;344,641;345,202;344,574;344,753;344,552;344,484;344,955;343,859;344,641;344,261;344,955;344,417;343,77;343,68;343,146;343,413;342,969;343,258;343,035;343,124;342,902;343,08;342,769;342,393;342,969;342,88;342,969;342,703;342,393;342,503;342,636;342,636;342,747;343,08;343,413;342,769;342,393;343,08;343,124;342,681;342,393;342,503
F09;X4;;4;261,828;262,036;261,349;263,518;265,087;266,168;268,191;267,65;269,01;269,932;270,658;270,545;272,285;271,733;272,218;273,109;272,404;274,648;274,197;275,268;273,654;276,376;275,693;276,745;276,39;275,419;277,201;277,755;277,902;279,021;278,494;278,788;279,261;279,481;280,801;280,503;281,511;281,3;280,306;281,791;282,885;283,639;282,707;284,01;284,612;285,144;286,473;287,299;288,511;288,922;289,25;291,912;291,782;293,505;293,925;294,562;296,854;298,863;299,894;301,008;302,388;304,276;306,132;307,648;308,818;310,94;313,438;315,018;317,78;319,455;320,466;323,343;326,556;328,31;331,681;333,688;337,145;340,613;343,669;346,171;349,024;350,22;350,287;349,657;350,392;350,752;350,14;350,094;349,959;349,682;349,544;349,544;349,636;348,877;349,037;349,083;348,693;348,601;348,624;348,555;347,824;347,778;348,372;347,755;347,892;347,938;347,345;347,687;347,71;347,641;347,05;346,37;346,053;346,189;345,309;345,399;345,085;344,748;345,309;344,681;344,86;344,658;344,591;345,062;343,965;344,748;344,367;345,062;344,524;343,876;343,787;343,253;343,52;343,075;343,364;343,142;343,231;343,009;343,186;342,875;342,499;343,075;342,986;343,075;342,809;342,499;342,61;342,742;342,742;342,853;343,186;343,52;342,875;342,499;343,186;343,231;342,787;342,499;342,61
F10;X4;;4;278,799;279,776;278,145;280,846;281,834;282,21;283,075;283,091;283,666;283,326;284,5;284,573;284,274;285,044;285,274;285,549;286,267;286,801;286,69;286,043;287,717;287,977;288,547;288,778;289,544;288,822;290,161;290,851;290,194;291,157;291,391;291,988;292,742;292,926;293,406;294,278;294,236;294,592;295,297;296,325;296,677;297,536;297,333;298,528;300,021;300,455;301,565;302,117;303,163;304,42;305,513;306,49;307,858;309,274;310,851;311,65;313,883;314,343;316,622;318,583;320,436;321,944;323,92;326,33;328,013;330,918;332,964;335,192;337,931;340,927;343,51;346,561;350,081;351,004;352,814;352,789;352,426;352,356;351,735;351,293;351,482;351,273;351,087;350,137;350,553;350,878;350,252;350,206;350,067;349,79;349,652;349,652;349,744;348,985;349,145;349,191;348,801;348,709;348,732;348,663;347,932;347,886;348,48;347,863;348;348,046;347,453;347,795;347,817;347,749;347,157;346,477;346,16;346,296;345,416;345,506;345,192;344,855;345,416;344,788;344,967;344,765;344,698;345,169;344,072;344,855;344,474;345,169;344,631;343,983;343,893;343,359;343,626;343,181;343,47;343,248;343,337;343,115;343,292;342,982;342,605;343,181;343,093;343,181;342,915;342,605;342,716;342,849;342,849;342,96;343,292;343,626;342,982;342,605;343,292;343,337;342,893;342,605;342,716
C06;X1;;Blanked.1;-18,675;-19,193;-21,429;-22,762;-22,795;-23,524;-24,018;-24,704;-24,609;-24,978;-25,315;-25,558;-25,768;-25,54;-25,895;-26,025;-27,07;-26,916;-27,01;-27,427;-27,869;-27,923;-27,865;-28,317;-29,075;-29,014;-29,574;-29,539;-30,142;-30,526;-30,278;-30,374;-30,469;-30,502;-30,569;-30,923;-29,92;-30,683;-30,767;-30,229;-30,601;-30,263;-29,681;-29,629;-30,039;-29,311;-29,145;-29,527;-29,429;-29,262;-28,699;-28,772;-28,636;-27,591;-27,685;-27,39;-27,11;-26,625;-25,913;-25,928;-26,051;-25,422;-25,063;-25,294;-24,401;-24,487;-23,56;-23,668;-22,773;-23,063;-22,428;-22,54;-22,71;-22,636;-21,46;-20,389;-19,996;-20,044;-18,914;-19,564;-19,334;-18,409;-17,129;-17,893;-16,736;-17,176;-16,062;-16,345;-15,241;-15,143;-13,685;-13,965;-13,362;-10,093;-9,331;-7,862;-7,527;-6,267;-4,809;-6,121;-4,617;-3,57;-2,663;-2,497;-1,091;-0,292;0,309;1,48;1,908;2,941;3,496;3,232;3,891;5,075;6,163;6,982;7,523;6,49;7,135;7,229;8,043;7,829;8,096;8,634;9,049;9,572;9,501;10,535;10,277;10,234;12,223;12,185;13,062;12,889;13,443;13,894;13,853;14,883;15,124;15,523;16,212;17,329;18,094;18,239;19,151;19,846;20,048;20,748;21,274;21,582;22,208;23,04;24,108;23,55;25,013;25,757;26,451;27,64;28,253
C07;X1;;Blanked.1;-18,479;-19,005;-21,261;-22,583;-22,644;-23,404;-23,897;-24,558;-24,519;-24,877;-25,241;-25,471;-25,724;-25,482;-25,814;-25,899;-26,998;-26,874;-26,941;-27,361;-27,776;-27,823;-27,803;-28,254;-29,002;-28,979;-29,581;-29,507;-30,075;-30,515;-30,278;-30,364;-30,423;-30,47;-30,555;-30,919;-29,852;-30,662;-30,746;-30,215;-30,562;-30,26;-29,646;-29,611;-30,021;-29,296;-29,113;-29,488;-29,404;-29,244;-28,638;-28,743;-28,618;-27,577;-27,674;-27,365;-27,11;-26,611;-25,909;-25,885;-26,036;-25,394;-25,002;-25,187;-24,266;-24,405;-23,424;-23,621;-22,645;-22,861;-22,34;-22,395;-22,548;-22,424;-21,283;-20,333;-19,799;-19,872;-18,82;-19,434;-19,173;-18,219;-16,985;-17,801;-16,614;-17,025;-15,873;-16,198;-15,094;-15,052;-13,604;-13,884;-13,271;-10,651;-9,753;-8,161;-7,813;-6,895;-5,171;-6,336;-4,941;-3,856;-2,97;-2,916;-1,335;-0,354;0,076;1,393;1,775;2,833;3,427;3,194;3,954;5,034;5,855;7,134;7,789;7,449;8,015;8,318;8,66;8,909;9,295;9,845;10,13;10,571;11,17;11,939;11,492;12,006;12,852;12,842;14,089;14,078;15,247;15,851;15,641;16,539;16,507;17,756;18,283;19,233;20,692;21,604;23,072;23,883;24,323;25,05;25,902;26,606;27,798;29,01;30,713;30,277;31,043;30,862;31,356;31,744;32,194
C08;X1;;Blanked.1;-18,191;-18,706;-20,968;-22,285;-22,311;-23,085;-23,575;-24,267;-24,169;-24,545;-24,871;-25,133;-25,362;-25,139;-25,494;-25,582;-26,626;-26,532;-26,608;-27,045;-27,428;-27,456;-27,439;-27,907;-28,665;-28,624;-29,161;-29,126;-29,755;-30,108;-29,881;-29,973;-30,082;-30,054;-30,156;-30,531;-29,496;-30,308;-30,343;-29,833;-30,165;-29,856;-29,245;-29,235;-29,616;-28,873;-28,718;-29,107;-28,99;-28,87;-28,243;-28,34;-28,218;-27,191;-27,224;-26,922;-26,685;-26,163;-25,476;-25,449;-25,575;-24,918;-24,523;-24,724;-23,827;-23,939;-22,96;-23,108;-22,212;-22,46;-21,857;-21,941;-22,113;-21,957;-20,831;-19,856;-19,373;-19,411;-18,264;-18,963;-18,692;-17,732;-16,4;-17,362;-16,113;-16,559;-15,446;-15,792;-14,73;-14,65;-13,307;-13,636;-13,387;-12,184;-10,143;-8,193;-7,712;-7,031;-5,471;-6,615;-5,248;-4,242;-3,301;-3,254;-1,864;-1,036;-0,511;0,763;1,149;2,134;2,683;2,534;2,945;4,117;4,48;5,442;5,943;5,73;6,579;7,212;7,291;7,495;7,886;8,589;8,783;9,417;9,501;10,232;9,913;10,299;11,955;11,553;12,735;12,642;13,779;13,709;13,973;14,317;14,475;15,465;15,765;16,465;17,381;17,799;18,654;19,016;19,213;19,979;21,034;21,163;22,201;23,085;24,423;23,807;24,938;25,13;26,334;27,667;28,782
C09;X1;;Blanked.1;-18,625;-19,128;-21,371;-22,677;-22,705;-23,475;-23,949;-24,628;-24,552;-24,911;-25,275;-25,501;-25,755;-25,478;-25,834;-25,937;-27,002;-26,885;-26,952;-27,375;-27,769;-27,84;-27,813;-28,254;-29,009;-28,941;-29,532;-29,511;-30,078;-30,48;-30,201;-30,308;-30,413;-30,393;-30,463;-30,838;-29,785;-30,63;-30,718;-30,137;-30,523;-30,132;-29,571;-29,501;-29,943;-29,158;-29,003;-29,388;-29,254;-29,088;-28,517;-28,597;-28,446;-27,405;-27,46;-27,162;-26,867;-26,346;-25,648;-25,621;-25,721;-25,051;-24,656;-24,813;-23,937;-24,017;-22,999;-23,119;-22,169;-22,446;-21,875;-21,906;-22,01;-21,946;-20,75;-19,754;-19,306;-19,358;-18,221;-18,829;-18,636;-17,634;-16,428;-17,341;-16,18;-16,447;-15,278;-15,652;-14,576;-14,559;-13,097;-13,44;-13,055;-11,776;-9,582;-7,844;-7,144;-6,037;-4,819;-5,804;-4,227;-3,073;-2,228;-2,215;-0,934;0,174;0,365;1,654;1,883;2,792;3,239;3,041;3,191;4,155;4,881;5,842;6,954;6,607;7,507;8,008;8,498;8,961;9,405;9,903;10,57;10,998;11,232;12,091;12,104;11,923;13,519;13,336;14,698;14,782;15,412;15,841;16,29;16,995;17,227;18,456;19,031;19,847;21,247;21,906;23,38;24,112;24,289;24,947;25,724;25,868;26,913;27,804;29,31;29,08;30,03;30,962;31,688;32,378;32,819
C10;X1;;Blanked.1;-19,3;-19,791;-22,028;-23,349;-23,406;-24,112;-24,649;-25,306;-25,259;-25,638;-25,937;-26,186;-26,486;-26,219;-26,579;-26,687;-27,685;-27,589;-27,673;-28,105;-28,524;-28,556;-28,493;-28,966;-29,722;-29,684;-30,255;-30,21;-30,805;-31,182;-30,897;-31,015;-31,142;-31,108;-31,173;-31,526;-30,499;-31,317;-31,386;-30,81;-31,214;-30,841;-30,249;-30,211;-30,628;-29,894;-29,712;-30,096;-29,957;-29,815;-29,234;-29,293;-29,154;-28,126;-28,149;-27,891;-27,582;-27,059;-26,389;-26,343;-26,469;-25,829;-25,406;-25,569;-24,669;-24,783;-23,777;-23,896;-22,958;-23,251;-22,645;-22,692;-22,788;-22,699;-21,573;-20,534;-19,975;-20,108;-18,9;-19,522;-19,243;-18,24;-16,94;-17,812;-16,593;-16,966;-15,852;-16,145;-15,115;-15,066;-13,681;-13,989;-13,698;-12,562;-11,189;-8,301;-8,001;-6,829;-5,579;-6,598;-5,108;-4,009;-3,228;-2,933;-1,745;-0,851;-0,229;1,052;1,358;2,524;3,065;2,763;3,184;4,044;4,695;5,604;6,192;6,182;6,624;6,888;7,215;7,377;7,737;8,147;9,062;9,015;9,146;10,049;10,467;10,12;11,432;11,983;12,708;12,721;13,048;13,634;13,925;14,303;14,163;15,396;15,755;16,352;17,947;17,816;18,815;19,311;19,641;20,14;21,287;21,667;22,599;23,596;24,876;24,973;25,796;26,505;27,922;29,224;30,158
D06;X2;;Blanked.1;-19,107;-20,641;-20,977;-22,551;-22,672;-22,267;-22,731;-24,11;-23,952;-23,796;-24,547;-24,873;-24,812;-24,34;-25,024;-25,12;-26,009;-25,247;-25,748;-25,596;-26,012;-25,057;-25,963;-25,62;-26,115;-26,316;-25,755;-26,426;-26,456;-26,295;-26,954;-27,023;-27,397;-27,397;-27,463;-26,796;-27,694;-27,678;-27,848;-28,077;-28,032;-28,111;-28,645;-28,181;-28,848;-27,9;-28,111;-29,287;-28,852;-28,761;-28,933;-29,088;-29,814;-29,657;-29,686;-29,626;-30,079;-29,569;-30,531;-29,832;-30,502;-30,415;-30,703;-30,67;-30,945;-30,707;-30,894;-30,608;-31,056;-30,625;-31,27;-30,908;-31,352;-31,443;-31,329;-30,992;-31,997;-32,074;-32,009;-31,984;-31,384;-31,632;-32,066;-32,587;-32,044;-32,721;-32,375;-32,468;-32,838;-32,157;-32,64;-32,693;-32,365;-32,266;-32,252;-32,864;-33,149;-32,807;-32,904;-32,897;-32,523;-32,957;-32,7;-32,07;-32,901;-31,861;-32,47;-32,715;-32,941;-32,551;-32,108;-32,542;-31,77;-31,198;-31,483;-31,507;-31,157;-31,86;-31,093;-31,5;-31,394;-30,629;-31;-31,628;-30,169;-30,145;-31,661;-29,942;-29,561;-30,661;-29,092;-29,056;-29,451;-29,486;-29,433;-29,165;-28,662;-28,957;-28,629;-28,9;-29,195;-27,862;-28,013;-27,956;-27,767;-28,929;-27,272;-27,451;-27,708;-27,159;-26,672;-28,132;-26,703;-26,724;-26,473;-26,491;-26,525;-25,797;-26,084
D07;X2;;Blanked.1;-20,028;-21,529;-21,899;-23,437;-23,607;-23,183;-23,64;-25,016;-24,826;-24,717;-25,438;-25,768;-25,723;-25,267;-25,936;-26,034;-26,941;-26,156;-26,648;-26,509;-26,884;-25,953;-26,854;-26,558;-27,029;-27,258;-26,653;-27,353;-27,323;-27,17;-27,854;-28,002;-28,355;-28,335;-28,36;-27,752;-28,608;-28,647;-28,806;-28,976;-28,964;-29,029;-29,595;-29,072;-29,799;-28,793;-29,016;-30,191;-29,786;-29,698;-29,935;-30,006;-30,761;-30,589;-30,587;-30,605;-31,066;-30,575;-31,479;-30,829;-31,547;-31,444;-31,708;-31,679;-31,93;-31,662;-31,894;-31,705;-32,005;-31,665;-32,27;-31,892;-32,371;-32,522;-32,266;-31,976;-32,987;-33,01;-32,951;-32,954;-32,342;-32,557;-32,995;-33,616;-32,997;-33,744;-33,362;-33,371;-33,807;-33,098;-33,668;-33,702;-33,312;-33,223;-33,225;-33,809;-34,087;-33,776;-33,936;-33,782;-33,477;-33,92;-33,707;-33,036;-33,897;-32,806;-33,437;-33,634;-33,922;-33,553;-33,081;-33,563;-32,734;-32,17;-32,537;-32,454;-32,127;-32,837;-32,059;-32,497;-32,425;-31,623;-32,034;-32,653;-31,202;-31,205;-32,654;-30,937;-30,555;-31,641;-30,075;-30,104;-30,472;-30,537;-30,49;-30,185;-29,644;-30,017;-29,72;-29,915;-30,188;-28,911;-29,042;-29;-28,812;-29,968;-28,334;-28,477;-28,733;-28,178;-27,729;-29,148;-27,715;-27,743;-27,503;-27,523;-27,544;-26,873;-27,172
D08;X2;;Blanked.1;-20,23;-21,691;-22,064;-23,635;-23,777;-23,394;-23,863;-25,248;-25,055;-24,955;-25,691;-26,021;-25,943;-25,491;-26,168;-26,287;-27,177;-26,437;-26,909;-26,787;-27,181;-26,24;-27,139;-26,811;-27,248;-27,506;-26,96;-27,601;-27,601;-27,5;-28,125;-28,252;-28,648;-28,599;-28,657;-28,021;-28,845;-28,927;-29,057;-29,267;-29,227;-29,259;-29,822;-29,377;-30,023;-29,059;-29,29;-30,441;-30,011;-29,923;-30,131;-30,173;-30,961;-30,764;-30,837;-30,798;-31,237;-30,79;-31,669;-31,026;-31,718;-31,637;-31,962;-31,861;-32,112;-31,947;-32,086;-31,844;-32,196;-31,835;-32,526;-32,133;-32,565;-32,713;-32,506;-32,199;-33,22;-33,179;-33,152;-33,116;-32,542;-32,746;-33,23;-33,707;-33,175;-33,909;-33,589;-33,536;-33,954;-33,333;-33,814;-33,902;-33,522;-33,38;-33,385;-33,956;-34,303;-33,965;-34,138;-34,022;-33,675;-34,088;-33,895;-33,224;-34,06;-33,049;-33,666;-33,871;-34,173;-33,664;-33,31;-33,733;-32,969;-32,371;-32,744;-32,709;-32,378;-33,075;-32,304;-32,731;-32,611;-31,858;-32,237;-32,856;-31,416;-31,453;-32,882;-31,161;-30,769;-31,927;-30,261;-30,341;-30,664;-30,78;-30,695;-30,398;-29,874;-30,202;-29,933;-30,073;-30,432;-29,086;-29,231;-29,247;-29,018;-30,181;-28,532;-28,683;-28,983;-28,374;-27,89;-29,323;-27,932;-27,997;-27,695;-27,711;-27,763;-27,072;-27,33
D09;X2;;Blanked.1;-20,195;-21,613;-21,948;-23,55;-23,703;-23,316;-23,735;-25,122;-24,922;-24,795;-25,509;-25,872;-25,771;-25,352;-26,031;-26,086;-27,006;-26,255;-26,738;-26,608;-27,039;-26,064;-26,969;-26,627;-27,109;-27,352;-26,796;-27,486;-27,471;-27,324;-27,967;-28,119;-28,472;-28,455;-28,455;-27,883;-28,728;-28,754;-28,852;-29,097;-29,071;-29,121;-29,63;-29,168;-29,885;-28,917;-29,101;-30,245;-29,844;-29,745;-29,953;-30,056;-30,846;-30,607;-30,683;-30,638;-31,083;-30,568;-31,515;-30,897;-31,547;-31,451;-31,772;-31,662;-31,944;-31,68;-31,965;-31,683;-32,012;-31,633;-32,299;-31,892;-32,388;-32,55;-32,28;-32,001;-32,963;-32,992;-33,011;-32,916;-32,36;-32,613;-33,023;-33,549;-32,965;-33,706;-33,365;-33,35;-33,762;-33,151;-33,64;-33,737;-33,302;-33,23;-33,263;-33,795;-34,125;-33,808;-33,981;-33,876;-33,512;-33,973;-33,672;-33,098;-33,921;-32,948;-33,44;-33,725;-33,995;-33,577;-33,168;-33,608;-32,81;-32,194;-32,609;-32,557;-32,24;-32,948;-32,128;-32,576;-32,491;-31,74;-32,044;-32,667;-31,295;-31,298;-32,751;-31,054;-30,597;-31,761;-30,168;-30,18;-30,534;-30,578;-30,538;-30,308;-29,695;-30,13;-29,772;-29,973;-30,311;-29,042;-29,114;-29,078;-28,871;-30,019;-28,409;-28,515;-28,791;-28,264;-27,787;-29,234;-27,829;-27,856;-27,564;-27,578;-27,623;-26,89;-27,169
D10;X2;;Blanked.1;-20,316;-21,745;-22,147;-23,726;-23,847;-23,436;-23,902;-25,281;-25,095;-24,939;-25,664;-26,021;-25,957;-25,494;-26,188;-26,263;-27,187;-26,403;-26,892;-26,784;-27,205;-26,24;-27,146;-26,839;-27,342;-27,519;-26,985;-27,626;-27,657;-27,538;-28,167;-28,316;-28,704;-28,631;-28,671;-28,013;-28,891;-28,92;-29,029;-29,253;-29,22;-29,273;-29,804;-29,366;-30,037;-29,081;-29,279;-30,469;-29,993;-29,955;-30,152;-30,23;-30,986;-30,796;-30,866;-30,863;-31,276;-30,782;-31,683;-31,058;-31,69;-31,633;-31,937;-31,854;-32,137;-31,837;-32,037;-31,808;-32,2;-31,778;-32,458;-32,087;-32,555;-32,667;-32,481;-32,185;-33,163;-33,171;-33,155;-33,074;-32,475;-32,673;-33,16;-33,75;-33,095;-33,878;-33,512;-33,49;-33,954;-33,228;-33,79;-33,762;-33,434;-33,352;-33,336;-33,904;-34,209;-33,885;-34,089;-33,977;-33,606;-33,997;-33,829;-33,168;-33,998;-32,997;-33,551;-33,78;-34,093;-33,626;-33,213;-33,667;-32,834;-32,246;-32,599;-32,585;-32,251;-32,968;-32,145;-32,652;-32,491;-31,706;-32,086;-32,763;-31,302;-31,271;-32,758;-31,126;-30,628;-31,72;-30,133;-30,159;-30,493;-30,578;-30,572;-30,243;-29,713;-30,051;-29,762;-29,929;-30,267;-28,949;-29,008;-29,051;-28,864;-29,999;-28,337;-28,47;-28,737;-28,216;-27,735;-29,145;-27,715;-27,774;-27,461;-27,519;-27,578;-26,856;-27,114
E06;X3;;Blanked.1;-25,69;-19,418;-17,363;-15,652;-15,036;-15,432;-15,083;-14,731;-14,754;-14,595;-14,361;-14,247;-14,311;-14,25;-13,984;-14,07;-13,927;-14,199;-14,165;-13,869;-13,98;-14,018;-13,956;-14,038;-13,844;-13,514;-13,905;-13,464;-13,558;-13,479;-13,481;-13,512;-13,273;-13,151;-13,283;-13,224;-13,163;-13,046;-12,938;-12,795;-12,512;-13,077;-12,835;-12,79;-12,788;-12,808;-12,64;-12,855;-12,786;-12,723;-12,553;-12,216;-12,666;-12,725;-12,564;-12,123;-12,557;-12,159;-12,278;-12,501;-12,424;-12,355;-12,044;-11,704;-12,224;-11,738;-11,769;-11,963;-12,058;-11,445;-11,447;-11,387;-11,482;-11,174;-11,266;-11,059;-10,813;-10,726;-10,584;-10,567;-10,537;-9,994;-10,359;-9,992;-10,111;-9,842;-9,82;-9,457;-9,2;-9,369;-9,03;-9,105;-8,573;-8,871;-8,627;-8,816;-8,013;-8,644;-7,854;-7,856;-8,31;-7,874;-7,033;-7,887;-6,748;-6,772;-6,849;-6,659;-6,116;-5,845;-4,561;-3,443;-3,235;-2,714;-2,55;-1,872;-0,659;-0,539;0,316;0,934;1,73;2,671;4,036;4,422;5,524;6,61;6,878;7,637;8,18;8,048;8,796;8,703;8,552;7,648;6,984;6,552;6,28;5,936;5,81;5,67;5,868;5,103;5,811;5,397;5,692;6,342;5,752;5,574;5,757;5,427;5,448;5,433;6,474;5,482;5,165;4,714;5,099;5,915;5,004
E07;X3;;Blanked.1;-26,689;-20,437;-18,359;-16,666;-16,051;-16,413;-16,068;-15,73;-15,717;-15,57;-15,37;-15,206;-15,304;-15,228;-14,944;-15,042;-14,893;-15,191;-15,144;-14,882;-14,941;-15,004;-14,917;-15,024;-14,779;-14,505;-14,883;-14,405;-14,509;-14,41;-14,445;-14,455;-14,249;-14,096;-14,236;-14,188;-14,141;-13,995;-13,864;-13,74;-13,473;-14,026;-13,799;-13,738;-13,761;-13,782;-13,605;-13,809;-13,727;-13,657;-13,516;-13,13;-13,599;-13,657;-13,5;-13,048;-13,522;-13,107;-13,184;-13,438;-13,376;-13,327;-12,998;-12,603;-13,123;-12,651;-12,718;-12,853;-12,971;-12,389;-12,388;-12,301;-12,401;-12,111;-12,224;-11,966;-11,757;-11,669;-11,531;-11,527;-11,468;-10,941;-11,25;-10,933;-11,056;-10,777;-10,708;-10,433;-10,141;-10,325;-10,002;-10,02;-9,52;-9,733;-9,575;-9,723;-8,922;-9,495;-8,69;-8,656;-9,167;-8,688;-7,859;-8,748;-7,584;-7,588;-7,624;-7,558;-6,982;-6,903;-6,475;-6,178;-6,275;-5,852;-5,739;-5,017;-3,805;-3,722;-3,072;-1,883;-1,177;-0,297;0,968;1,265;2,164;3,119;3,527;4,294;4,815;5,066;5,715;6,098;5,937;5,488;5,348;4,778;4,653;4,4;3,123;2,83;2,612;1,511;1,848;1,575;1,935;2,538;1,947;1,848;2,366;2,225;2,226;2,517;3,54;2,597;2,569;2,554;2,781;3,838;3,041
E08;X3;;Blanked.1;-26,728;-20,458;-18,38;-16,697;-16,073;-16,455;-16,101;-15,753;-15,757;-15,594;-15,403;-15,233;-15,31;-15,273;-14,957;-15,107;-14,917;-15,201;-15,151;-14,882;-14,983;-15,059;-14,938;-15,035;-14,859;-14,505;-14,918;-14,439;-14,551;-14,477;-14,494;-14,498;-14,263;-14,131;-14,282;-14,23;-14,176;-14,065;-13,932;-13,811;-13,54;-14,069;-13,828;-13,777;-13,829;-13,814;-13,619;-13,841;-13,763;-13,668;-13,544;-13,177;-13,667;-13,696;-13,515;-13,091;-13,529;-13,104;-13,237;-13,445;-13,404;-13,345;-13,005;-12,603;-13,141;-12,679;-12,715;-12,924;-12,975;-12,364;-12,377;-12,283;-12,416;-12,083;-12,192;-11,955;-11,757;-11,634;-11,478;-11,485;-11,426;-10,923;-11,236;-10,838;-10,965;-10,725;-10,698;-10,325;-10,078;-10,304;-9,978;-9,936;-9,457;-9,758;-9,53;-9,709;-8,887;-9,491;-8,665;-8,688;-9,104;-8,695;-7,848;-8,706;-7,517;-7,609;-7,544;-7,446;-6,885;-6,704;-6,204;-5,307;-4,757;-4,167;-3,987;-3,405;-2,018;-1,975;-1,191;-0,596;0,33;1,083;2,485;2,89;3,789;4,737;4,923;5,513;6,029;5,761;6,341;6,408;6,15;5,478;4,954;4,908;4,636;3,629;3,195;3,262;3,673;3,295;3,251;2,889;3,694;3,433;2,693;2,651;2,911;2,75;2,803;2,785;3,808;2,768;2,679;2,561;2,914;3,831;2,962
E09;X3;;Blanked.1;-26,734;-20,41;-18,35;-16,613;-16,048;-16,406;-16,022;-15,714;-15,681;-15,55;-15,272;-15,162;-15,202;-15,16;-14,835;-14,954;-14,784;-15,098;-15,054;-14,737;-14,845;-14,883;-14,834;-14,889;-14,727;-14,376;-14,743;-14,324;-14,435;-14,305;-14,395;-14,381;-14,126;-13,965;-14,123;-14,107;-14,01;-13,938;-13,79;-13,659;-13,377;-13,923;-13,679;-13,638;-13,665;-13,664;-13,491;-13,677;-13,603;-13,521;-13,377;-12,991;-13,467;-13,543;-13,325;-12,895;-13,3;-12,918;-13,023;-13,234;-13,175;-13,102;-12,784;-12,367;-12,895;-12,383;-12,44;-12,629;-12,673;-12,101;-12,093;-12,053;-12,126;-11,825;-11,885;-11,684;-11,468;-11,338;-11,186;-11,147;-11,131;-10,573;-10,871;-10,504;-10,601;-10,287;-10,25;-9,95;-9,816;-9,999;-9,597;-9,514;-9,024;-9,297;-9,16;-9,315;-8,487;-9,108;-8,265;-8,284;-8,655;-8,225;-7,399;-8,264;-7,082;-7,067;-7,085;-7,001;-6,46;-6,263;-5,784;-5,397;-5,183;-4,277;-3,521;-2,828;-1,335;-1,191;-0,491;0,334;1,378;2,022;3,312;3,459;4,151;4,899;5,086;5,688;6,098;5,843;6,375;6,397;6,178;4,843;4,432;3,982;3,973;3,605;3,394;3,166;3,588;2,664;3,303;3,085;3,443;4,068;3,279;3,018;3,312;3,145;2,988;3,076;4,189;3,207;3,418;2,681;2,883;3,841;2,763
E10;X3;;Blanked.1;-23,868;-18,144;-16,227;-14,245;-13,829;-14,136;-13,609;-13,381;-13,291;-13,031;-12,864;-12,671;-12,835;-12,637;-12,211;-12,313;-12,355;-12,509;-12,444;-12,141;-12,401;-12,355;-12,339;-12,287;-12,275;-11,907;-12,147;-11,592;-11,69;-11,541;-11,604;-11,751;-11,463;-11,266;-11,634;-11,477;-11,471;-11,326;-10,954;-11,135;-10,931;-11,512;-11,087;-11,22;-11,162;-11,215;-11,062;-11,163;-11,145;-11,119;-10,853;-10,553;-11,019;-11,182;-10,959;-10,393;-10,924;-10,436;-10,825;-10,85;-10,861;-10,779;-10,377;-10,002;-10,646;-10,109;-10,059;-10,253;-10,282;-9,756;-9,698;-9,305;-9,646;-9,37;-9,426;-9,117;-8,907;-8,745;-8,646;-8,577;-8,575;-7,863;-8,28;-8,06;-7,971;-7,704;-7,804;-7,476;-7,285;-7,364;-6,96;-6,833;-6,141;-6,444;-6,114;-6,071;-5,162;-5,508;-4,543;-4,35;-4,667;-4,13;-3,005;-3,179;-1,481;-1,177;-0,794;-0,283;0,48;1,135;1,797;2,619;2,997;3,929;4,257;5,034;6,243;6,384;7,172;7,547;8,251;8,813;9,657;9,496;9,869;10,373;10,343;10,653;10,726;10,594;11,044;11,235;11,205;10,846;11,19;10,833;10,598;9,989;9,859;9,601;9,8;9,294;10,154;10,159;11,117;12,258;11,914;12,371;13,101;13,376;13,746;14,504;16,045;15,715;16,458;16,855;17,982;19,358;19,101
F06;X4;;Blanked.1;-21,495;-8,912;-10,464;-13,239;-14,341;-16,471;-17,308;-17,69;-18,23;-19,111;-18,942;-18,615;-19,069;-19,497;-19,835;-18,61;-19,152;-18,462;-18,885;-18,546;-17,603;-16,96;-17,365;-17,155;-17,036;-17,033;-16,546;-17,104;-16,97;-16,761;-16,717;-16,555;-16,444;-16,844;-16,506;-16,624;-16,294;-16,811;-16,587;-16,198;-16,389;-16,027;-15,609;-15,508;-15,284;-15,533;-15,272;-15,834;-14,658;-14,605;-14,411;-14,626;-14,174;-14,273;-14,392;-14,017;-13,588;-13,927;-13,679;-13,725;-13,446;-13,263;-13,321;-13,39;-13,196;-13,205;-9,662;-9,14;-9,364;-8,729;-8,985;-8,705;-8,427;-8,605;-8,426;-8,687;-7,994;-7,989;-7,832;-7,624;-7,614;-7,316;-6,85;-6,557;-6,675;-6,087;-5,967;-6;-5,281;-5,123;-5,05;-4,922;-4,744;-4,574;-3,923;-3,661;-3,393;-3,108;-2,957;-2,485;-2,236;-1,994;-1,696;-1,278;-0,983;-0,423;-0,171;0,2;0,982;0,967;1,531;2,113;2,338;2,787;3,454;3,428;3,176;4,359;5,242;5,425;5,749;5,49;5,911;5,767;6,576;6,811;7,005;7,342;7,557;8,334;8,893;10,171;11,448;11,978;12,562;12,988;12,941;13,547;13,959;14,739;14,975;15,14;15,505;16,109;17,484;18,067;19,109;20,928;23,125;25,259;26,5;27,937;29,873;30,618;31,188;31,937;32,756;32,619;33,097
F07;X4;;Blanked.1;-22,387;-9,8;-11,371;-14,147;-15,247;-17,352;-18,168;-18,596;-19,126;-20,039;-19,921;-19,55;-20,034;-20,465;-20,818;-19,555;-20,136;-19,406;-19,833;-19,534;-18,527;-17,904;-18,343;-18,138;-17,985;-17,989;-17,507;-18,065;-17,922;-17,719;-17,688;-17,506;-17,392;-17,806;-17,474;-17,591;-17,244;-17,76;-17,538;-17,161;-17,336;-16,973;-16,541;-16,463;-16,225;-16,486;-16,227;-16,785;-15,593;-15,528;-15,33;-15,554;-15,082;-15,209;-15,332;-14,939;-14,489;-14,873;-14,599;-14,629;-14,351;-14,166;-14,247;-14,289;-14,092;-14,097;-10,558;-10,034;-10,245;-9,605;-9,866;-9,594;-9,297;-9,471;-9,27;-9,495;-8,808;-8,795;-8,63;-8,394;-8,386;-8,07;-7,684;-7,379;-7,424;-6,833;-6,726;-6,746;-5,988;-5,889;-5,763;-5,621;-5,404;-5,199;-4,53;-4,313;-3,989;-3,677;-3,553;-2,986;-2,779;-2,537;-2,278;-1,706;-1,502;-0,986;-0,623;-0,267;0,523;0,609;1,045;1,547;1,957;2,286;2,891;2,924;2,634;3,766;4,7;4,78;5,059;4,893;5,259;5,174;5,959;6,319;6,501;6,85;7,168;7,849;8,546;9,927;11,09;11,59;12,199;12,676;12,361;13,159;13,493;14,272;14,21;14,886;15,138;15,642;17,374;18,204;19,191;20,609;22,216;23,738;24,818;25,962;27,7;28,148;28,695;29,801;30,318;29,763;30,279
F08;X4;;Blanked.1;-22,66;-10,039;-11,624;-14,389;-15,49;-17,628;-18,453;-18,831;-19,376;-20,25;-20,119;-19,753;-20,241;-20,645;-20,999;-19,76;-20,327;-19,618;-20,021;-19,73;-18,762;-18,119;-18,551;-18,343;-18,218;-18,205;-17,734;-18,293;-18,147;-17,937;-17,899;-17,731;-17,628;-18,06;-17,728;-17,824;-17,491;-18;-17,796;-17,376;-17,577;-17,217;-16,793;-16,69;-16,481;-16,739;-16,48;-17,02;-15,878;-15,781;-15,587;-15,768;-15,311;-15,427;-15,553;-15,164;-14,728;-15,07;-14,807;-14,844;-14,584;-14,377;-14,451;-14,506;-14,302;-14,321;-10,801;-10,269;-10,469;-9,839;-10,107;-9,86;-9,545;-9,758;-9,592;-9,838;-9,142;-9,133;-8,996;-8,795;-8,801;-8,494;-8,031;-7,713;-7,876;-7,348;-7,226;-7,257;-6,534;-6,467;-6,399;-6,309;-6,152;-5,978;-5,373;-5,143;-4,864;-4,643;-4,536;-4,072;-3,873;-3,685;-3,41;-2,954;-2,838;-2,282;-2,035;-1,754;-0,966;-1,061;-0,467;0,009;0,391;0,573;1,219;1,204;0,975;2,157;3,041;3,152;3,39;3,188;3,519;3,49;4,159;4,301;4,453;4,753;4,956;5,51;6,287;7,398;8,352;8,829;9,382;9,762;9,8;10,564;10,713;11,525;11,641;11,957;12,448;12,475;13,748;13,762;13,752;14,228;14,979;15,638;16,174;17,148;18,847;20,275;21,193;23,307;24,929;25,793;27,588
F09;X4;;Blanked.1;-22,479;-9,866;-11,41;-14,232;-15,311;-17,498;-18,293;-18,719;-19,266;-20,133;-20,049;-19,689;-20,163;-20,631;-20,944;-19,746;-20,269;-19,577;-19,984;-19,675;-18,686;-18,081;-18,496;-18,277;-18,142;-18,111;-17,65;-18,209;-18,045;-17,863;-17,842;-17,661;-17,54;-17,976;-17,657;-17,715;-17,417;-17,905;-17,722;-17,284;-17,485;-17,16;-16,708;-16,591;-16,41;-16,66;-16,369;-16,973;-15,796;-15,742;-15,551;-15,721;-15,246;-15,391;-15,485;-15,128;-14,682;-15,023;-14,774;-14,801;-14,551;-14,338;-14,444;-14,478;-14,267;-14,307;-10,751;-10,262;-10,459;-9,836;-10,082;-9,807;-9,566;-9,744;-9,578;-9,802;-9,114;-9,101;-8,982;-8,767;-8,776;-8,466;-7,985;-7,748;-7,869;-7,271;-7,135;-7,225;-6,492;-6,414;-6,309;-6,194;-6,002;-5,828;-5,241;-4,94;-4,725;-4,468;-4,344;-3,881;-3,636;-3,456;-3,145;-2,7;-2,539;-2,018;-1,604;-1,343;-0,531;-0,647;-0,189;0,502;0,647;0,909;1,543;1,694;1,354;2,557;3,403;3,508;3,759;3,551;3,991;3,828;4,52;4,618;4,902;5,197;5,272;5,981;6,655;7,817;8,946;9,382;9,962;10,455;10,466;11,03;11,276;12,053;12,197;12,454;12,884;13,11;14,262;14,188;14,392;14,869;15,448;16,187;16,527;17,358;18,943;20,193;21,148;23,341;24,97;26,105;27,1
F10;X4;;Blanked.1;-21,813;-9,19;-10,763;-13,538;-14,655;-16,806;-17,623;-18,047;-18,583;-19,479;-19,366;-19,024;-19,526;-19,942;-20,301;-19,054;-19,603;-18,904;-19,338;-19,007;-18,007;-17,396;-17,792;-17,606;-17,474;-17,459;-16,983;-17,537;-17,374;-17,182;-17,139;-16,946;-16,832;-17,26;-16,923;-17,023;-16,679;-17,201;-16,976;-16,555;-16,723;-16,399;-15,956;-15,86;-15,643;-15,889;-15,589;-16,162;-14,997;-14,919;-14,703;-14,9;-14,449;-14,57;-14,688;-14,303;-13,846;-14,185;-13,926;-13,961;-13,679;-13,477;-13,536;-13,589;-13,367;-13,362;-9,823;-9,272;-9,467;-8,832;-9,046;-8,762;-8,441;-8,629;-8,412;-8,623;-7,923;-7,852;-7,67;-7,452;-7,551;-7,235;-6,779;-6,329;-6,419;-5,859;-5,76;-5,759;-4,976;-4,797;-4,651;-4,478;-4,237;-4,061;-3,418;-3,099;-2,818;-2,456;-2,344;-1,781;-1,526;-1,225;-0,929;-0,4;-0,182;0,408;0,764;1,143;1,939;1,777;2,264;2,998;3,455;3,621;4,135;4,077;3,704;4,836;5,797;5,869;6,176;6,021;6,414;6,44;7,133;7,472;7,722;8,141;8,451;9,132;10,034;11,336;12,534;13,084;13,368;13,733;13,727;14,393;14,491;15,243;15,12;15,202;15,581;15,237;16,428;16,071;16,142;16,52;17,283;18,326;19,839;21,799;24,327;25,537;26,57;27,394;27,875;27,528;27,886
C06;X1;;Blanked.2;-53,683;-63,096;-71,013;-74,035;-76,025;-76,778;-78,497;-82,051;-80,884;-82,11;-82,686;-82,378;-83,503;-84,848;-84,759;-86,812;-87,643;-88,169;-90,734;-90,236;-92,05;-92,082;-93,031;-93,594;-93,722;-95,007;-97,315;-97,246;-98,377;-99,522;-98,557;-99,923;-99,369;-101,652;-100,551;-100,764;-99,296;-99,699;-97,528;-100,156;-98,185;-99,922;-100,167;-98,629;-97;-96,503;-95,561;-95,177;-94,774;-95,36;-93,399;-90,989;-93,149;-91,437;-91,383;-89,3;-89,769;-87,017;-87,163;-87,449;-85,567;-82,007;-83,86;-83,538;-82,75;-81,495;-76,697;-76,936;-78,497;-73,099;-76,412;-73,308;-75,589;-72,994;-73,909;-67,931;-66,189;-62,809;-62,804;-64,007;-62,12;-56,789;-58,655;-56,923;-57,723;-57,013;-55,386;-52,96;-47,392;-49,756;-47,788;-44,987;-40,792;-32,066;-25,119;-26,941;-25,092;-21,738;-19,765;-13,147;-14,9;-9,043;-8,332;-6,496;-5,565;-2,86;0,385;2,818;2,918;7,55;10,792;15,016;15,736;15,468;22,115;23,693;22,522;19,974;23,427;23,599;24,187;26,433;28,573;28,989;30,714;30,105;31,68;33,82;35,711;36,582;41,834;41,322;40,433;39,727;45,257;47,348;46,217;49,636;50,693;53,229;54,276;56,595;60,242;61,198;64,291;63,119;67,662;68,594;70,289;71,433;73,534;74,22;77,974;79,895;82,366;85,891;86,549;89,975;91,624
C07;X1;;Blanked.2;-53,07;-62,519;-70,518;-73,498;-75,555;-76,472;-78,128;-81,533;-80,547;-81,798;-82,48;-82,141;-83,285;-84,491;-84,548;-86,648;-87,605;-87,87;-90,4;-89,898;-91,846;-91,822;-92,788;-93,424;-93,46;-94,787;-97,203;-97,253;-98,043;-99,307;-98,381;-99,874;-99,439;-101,581;-100,371;-100,683;-99,094;-99,494;-97,482;-100,177;-98,103;-99,794;-100,065;-98,541;-96,868;-96,443;-95,414;-95,02;-94,731;-95,174;-93,267;-90,939;-93,099;-91,348;-91,329;-89,343;-89,794;-86,931;-86,949;-87,359;-85,313;-81,896;-83,667;-83,398;-82,485;-81,306;-76,23;-76,758;-78,109;-72,52;-75,943;-72,833;-75,094;-72,498;-73,252;-67,585;-65,791;-62,232;-62,398;-63,497;-61,529;-56,458;-58,149;-56,586;-57,302;-56,716;-55,169;-52,596;-46,941;-49,557;-47,34;-44,718;-40,925;-34,458;-26,484;-27,967;-26,237;-23,105;-21,095;-14,8;-15,611;-9,754;-10,165;-7,523;-5,711;-4,172;0,218;2,696;3,047;6,378;10,896;15,211;15,445;15,513;21,416;23,78;24,181;22,511;26,76;27,253;28,461;30,5;32,286;32,958;34,215;34,133;35,077;37,662;37,999;41,856;43,617;44,876;44,973;45,643;50,258;50,226;52,537;54,84;55,887;58,988;61,595;62,958;68,375;71,992;75,562;77,312;82,495;83,268;86,335;88,388;91,983;94,778;99,194;100,447;101,69;103,475;101,749;103,259;104,427
C08;X1;;Blanked.2;-52,044;-61,555;-69,486;-72,487;-74,451;-75,389;-77,001;-80,348;-79,391;-80,58;-81,382;-80,969;-82,225;-83,508;-83,426;-85,571;-86,479;-86,874;-89,406;-88,763;-90,7;-90,662;-91,505;-92,233;-92,359;-93,655;-95,974;-96,05;-96,976;-98,14;-97,124;-98,596;-98,077;-100,339;-99,005;-99,382;-97,764;-98,242;-96,132;-98,812;-96,84;-98,529;-98,696;-97,157;-95,637;-95,08;-94,12;-93,757;-93,315;-93,989;-91,931;-89,689;-91,747;-89,942;-89,848;-87,868;-88,275;-85,339;-85,447;-85,745;-83,838;-80,338;-82,093;-81,851;-80,915;-79,715;-74,73;-75,182;-76,527;-70,918;-74,572;-71,287;-73,667;-70,89;-71,604;-65,856;-64,221;-60,733;-60,784;-61,854;-59,874;-54,83;-56,62;-54,989;-55,952;-55,286;-53,683;-51,167;-45,825;-48,294;-46,405;-43,977;-41,627;-39,99;-27,724;-28,644;-26,592;-22,861;-21,422;-15,102;-16,029;-10,012;-11,196;-8,767;-7,798;-6,218;-1,793;0,732;0,614;3,981;7,738;12,062;12,108;11,704;16,18;17,837;18,881;17,647;21,926;22,499;23,214;25,476;27,604;28,3;29,643;28,457;31,208;33,623;33,564;35,395;39,22;40,748;40,234;39,456;44,595;44,054;46,399;48,774;49,176;51,873;54,025;54,155;56,94;58,653;60,964;61,632;65,164;66,741;69,041;70,647;73,51;74,766;78,524;79,991;81,754;84,85;85,585;90,239;94,369
C09;X1;;Blanked.2;-53,442;-62,958;-70,816;-73,656;-75,816;-76,635;-78,233;-81,603;-80,683;-81,899;-82,582;-82,205;-83,397;-84,77;-84,602;-86,699;-87,478;-88,031;-90,469;-89,892;-91,877;-91,749;-92,809;-93,344;-93,398;-94,776;-97,112;-97,102;-98,173;-99,145;-98,254;-99,669;-99,266;-101,338;-100,177;-100,52;-98,914;-99,292;-97,248;-99,794;-97,794;-99,542;-99,731;-98,263;-96,573;-96,151;-94,997;-94,692;-94,264;-94,889;-92,835;-90,417;-92,552;-90,665;-90,642;-88,48;-89,002;-86,146;-86,173;-86,382;-84,378;-80,786;-82,49;-82,134;-81,126;-79,947;-74,886;-75,264;-76,552;-70,992;-74,454;-71,209;-73,748;-70,709;-71,583;-65,853;-64,091;-60,514;-60,481;-61,741;-59,747;-54,521;-56,381;-55,126;-55,777;-54,788;-53;-50,736;-45,315;-47,794;-45,814;-43,04;-40,544;-37,213;-25,087;-26,239;-24,464;-20,943;-19,03;-12,503;-13,231;-7,266;-7,796;-5,388;-4,384;-2,387;1,109;3,382;3,207;7,748;10,435;13,699;12,705;12,032;17,498;20,074;21,26;20,529;25,145;26,208;27,278;30,179;32,396;33,365;35,189;34,026;37,165;39,621;39,219;41,639;45,7;46,634;46,683;45,715;52,214;52,347;53,062;59,278;58,002;61,206;64,207;64,512;69,604;72,911;76,539;77,801;82,173;82,822;84,908;85,773;89,299;90,7;95,812;97,072;100,261;104,482;104,175;105,05;106,345
C10;X1;;Blanked.2;-55,677;-65,143;-73,007;-76,016;-78,046;-78,929;-80,504;-84,02;-83,035;-84,224;-84,941;-84,611;-85,671;-87,045;-87,037;-89,034;-89,916;-90,287;-92,83;-92,289;-94,294;-94,242;-95,05;-95,762;-95,803;-97,022;-99,457;-99,431;-100,37;-101,568;-100,632;-101,874;-101,511;-103,737;-102,396;-102,712;-101,167;-101,592;-99,537;-102,078;-100,098;-101,789;-101,99;-100,535;-98,904;-98,439;-97,422;-97,06;-96,587;-97,063;-95,009;-92,757;-94,909;-93,155;-92,986;-90,986;-91,389;-88,562;-88,414;-88,824;-86,816;-83,21;-85,008;-84,706;-83,733;-82,472;-77,36;-77,764;-79,243;-73,614;-77,013;-73,822;-76,074;-73,164;-74,114;-68,266;-66,387;-62,886;-62,8;-63,771;-61,589;-56,409;-58,117;-56,677;-57,509;-56,575;-54,973;-52,389;-47,035;-49,683;-47,722;-45,235;-42,776;-40,747;-27,797;-28,044;-26,694;-23,6;-21,889;-14,027;-15,109;-10,291;-10,931;-8,032;-7,248;-5,418;-1;1,533;1,719;5,272;9,282;13,286;12,906;12,853;16,733;18,439;20,053;18,538;21,957;22,185;22,866;25,345;27,37;27,6;28,855;28,06;30,161;33,052;32,958;35,041;39,014;39,814;39,583;39,336;46,928;44,477;45,17;48,479;48,863;51,434;53,215;53,205;58,694;59,211;62,071;62,903;66,298;67,389;70,553;71,255;74,313;76,364;80,786;83,053;86,213;89,228;91,284;95,518;98,456
D06;X2;;Blanked.2;-60,793;-66,755;-69,561;-74,003;-72,59;-76,619;-76,801;-80,565;-80,899;-76,841;-80,485;-82,798;-79,628;-81,943;-82,693;-82,486;-83,55;-84,845;-84,803;-84,338;-86,486;-83,859;-84,131;-82,762;-85,422;-85,332;-86,979;-88,222;-87,933;-87,709;-86,624;-89,3;-90,138;-90,406;-89,072;-89,745;-90,088;-90,805;-91,441;-90,676;-93,381;-91,53;-93,801;-91,415;-91,369;-93,176;-93,421;-94,668;-95,304;-94,49;-95,197;-95,078;-97,537;-96,706;-97,926;-98,522;-98,512;-97,44;-97,729;-99,095;-99,576;-100,484;-101,511;-101,36;-100,812;-101,33;-101,044;-100,082;-101,086;-101,51;-102,784;-102,579;-102,156;-101,958;-103,35;-103,637;-103,144;-105,516;-104,159;-105,187;-105,486;-104,581;-105,102;-105,647;-105,014;-104,343;-103,914;-106,824;-105,781;-107,98;-106,39;-107,01;-107,327;-105,737;-107,527;-106,722;-107,766;-107,298;-108,259;-107,899;-109,914;-108,011;-108,799;-106,919;-108,41;-106,341;-105,958;-104,785;-107,967;-108,709;-106,019;-105,998;-103,677;-103,619;-106,67;-103,021;-103,196;-102,877;-103,568;-103,13;-102,755;-100,28;-102,013;-101,858;-101,619;-99,967;-102,768;-99,452;-99,538;-99,904;-98,116;-99,19;-98,941;-96,791;-95,574;-94,887;-94,351;-97,062;-96,135;-95,323;-92,854;-94,414;-94,282;-93,625;-92,482;-91,478;-91,867;-91,859;-86,12;-89,78;-88,453;-86,975;-88,42;-88,829;-86,138;-82,621;-86,41;-83,115;-83,447
D07;X2;;Blanked.2;-63,767;-69,687;-72,467;-76,944;-75,577;-79,581;-79,896;-83,509;-83,919;-79,965;-83,492;-85,912;-82,819;-85,03;-85,673;-85,413;-86,491;-87,911;-87,7;-87,398;-89,4;-87,03;-87,111;-85,784;-88,51;-88,413;-89,979;-91,225;-91,078;-90,767;-89,586;-92,229;-93,16;-93,419;-91,947;-92,76;-93,328;-93,758;-94,538;-93,754;-96,494;-94,568;-96,733;-94,374;-94,337;-96,14;-96,444;-97,675;-98,498;-97,524;-98,308;-98,147;-100,624;-99,99;-101,029;-101,834;-101,734;-100,627;-101,003;-102,415;-102,83;-103,714;-104,647;-104,533;-104,081;-104,982;-104,32;-103,619;-104,585;-104,895;-105,876;-106,004;-105,583;-105,309;-106,637;-106,954;-106,466;-108,805;-107,532;-108,484;-108,645;-107,942;-108,277;-108,957;-108,278;-107,598;-107,095;-109,956;-109,117;-111,149;-109,471;-110,134;-110,33;-108,873;-110,597;-109,766;-111,004;-110,355;-111,415;-111,026;-113,252;-111,085;-111,882;-109,953;-111,508;-109,747;-109,107;-107,816;-111,173;-111,861;-109,497;-109,195;-107,007;-106,746;-109,972;-106,164;-106,207;-105,998;-106,88;-106,17;-105,898;-103,503;-105,215;-105,078;-105,013;-102,971;-106,241;-102,977;-102,774;-103,379;-101,483;-102,49;-102,325;-100,099;-98,859;-98,208;-97,77;-100,58;-99,503;-98,824;-96,188;-97,832;-97,674;-97,095;-95,84;-95,017;-95,298;-95,243;-89,738;-93,284;-91,755;-90,273;-91,936;-92,259;-89,422;-86,119;-89,745;-86,497;-86,758
D08;X2;;Blanked.2;-64,447;-70,307;-73,143;-77,512;-76,369;-80,344;-80,591;-84,163;-84,704;-80,767;-84,324;-86,63;-83,539;-85,748;-86,457;-86,291;-87,423;-88,697;-88,554;-88,247;-90,34;-87,837;-87,93;-86,683;-89,315;-89,17;-90,864;-92,105;-91,917;-91,657;-90,537;-93,079;-94,078;-94,294;-92,935;-93,544;-94,177;-94,683;-95,343;-94,531;-97,403;-95,315;-97,489;-95,309;-95,334;-96,969;-97,367;-98,503;-99,09;-98,227;-98,765;-98,93;-101,407;-100,623;-101,78;-102,492;-102,393;-101,344;-101,675;-103,02;-103,46;-104,366;-105,62;-105,355;-104,817;-105,403;-105,083;-104,083;-105,14;-105,588;-106,558;-106,723;-106,047;-105,975;-107,27;-107,787;-107,09;-109,365;-108,081;-108,924;-109,268;-108,293;-108,92;-109,501;-108,888;-108,208;-107,702;-110,53;-109,642;-111,698;-109,933;-110,633;-111,007;-109,393;-111,107;-110,457;-111,681;-111,084;-112,052;-111,524;-113,917;-111,705;-112,523;-110,778;-112,257;-110,162;-109,793;-108,697;-111,985;-112,588;-110,156;-109,871;-107,649;-107,573;-110,654;-106,976;-107,02;-106,805;-107,501;-107,023;-106,615;-104,202;-105,946;-105,778;-105,605;-103,974;-106,854;-103,549;-103,494;-104,08;-102,192;-102,998;-103,113;-100,96;-99,741;-98,889;-98,364;-101,088;-100,217;-99,287;-96,826;-98,519;-98,447;-97,678;-96,309;-95,73;-95,935;-95,922;-90,287;-93,891;-92,349;-90,96;-92,654;-92,833;-90,02;-86,879;-90,276;-87,046;-87,558
D09;X2;;Blanked.2;-64,271;-70,096;-72,71;-77,263;-75,87;-79,901;-80,258;-83,808;-84,23;-80,227;-83,846;-86,22;-83,046;-85,228;-85,888;-85,772;-86,875;-88,285;-87,903;-87,75;-89,856;-87,269;-87,368;-86,124;-88,757;-88,769;-90,392;-91,614;-91,51;-91,249;-90,097;-92,673;-93,657;-93,927;-92,466;-93,067;-93,537;-94,105;-94,946;-94,031;-96,654;-94,812;-96,96;-94,733;-94,668;-96,51;-96,707;-97,882;-98,719;-97,71;-98,465;-98,394;-100,889;-100,086;-101,351;-102,02;-101,881;-101,014;-101,132;-102,501;-102,956;-103,829;-104,976;-104,736;-104,034;-104,822;-104,37;-103,641;-104,414;-105,002;-105,901;-105,894;-105,463;-105,168;-106,68;-106,989;-106,356;-108,647;-107,377;-108,326;-108,526;-107,685;-108,231;-108,939;-108,394;-107,437;-107,004;-109,725;-109,012;-111,149;-109,394;-110,238;-110,393;-108,936;-110,656;-109,57;-111,049;-110,522;-111,631;-111,183;-113,137;-111,329;-112,074;-110,036;-111,902;-109,967;-109,375;-108,244;-111,322;-112,174;-109,712;-109,514;-107,309;-107,047;-110,332;-106,568;-106,633;-106,25;-107,187;-106,705;-106,218;-103,902;-105,57;-105,282;-105,12;-103,419;-106,489;-103,215;-103,132;-103,537;-101,793;-102,702;-102,587;-100,401;-99,229;-98,449;-97,945;-100,569;-99,729;-99,002;-96,425;-98,004;-97,853;-97,15;-96,062;-95,247;-95,61;-95,411;-89,883;-93,38;-91,985;-90,5;-92,153;-92,4;-89,694;-86,325;-89,721;-86,772;-86,899
D10;X2;;Blanked.2;-64,718;-70,403;-73,355;-77,595;-76,418;-80,38;-80,71;-84,353;-84,65;-80,69;-84,253;-86,633;-83,44;-85,874;-86,515;-86,271;-87,433;-88,69;-88,502;-88,275;-90,34;-88,059;-88,037;-86,701;-89,479;-89,24;-90,955;-92,214;-92,093;-91,871;-90,766;-93,241;-94,208;-94,484;-92,938;-93,559;-94,181;-94,846;-95,364;-94,471;-97,271;-95,393;-97,581;-95,32;-95,27;-96,969;-97,299;-98,592;-99,23;-98,313;-98,979;-98,944;-101,489;-100,716;-101,773;-102,65;-102,508;-101,451;-101,876;-103,063;-103,604;-104,534;-105,491;-105,297;-104,642;-105,517;-105,033;-104,111;-105,036;-105,403;-106,433;-106,489;-106,09;-105,872;-107,214;-107,628;-106,977;-109,09;-107,969;-108,956;-109,011;-108,258;-108,706;-109,318;-108,758;-108,074;-107,572;-110,411;-109,435;-111,545;-109,838;-110,546;-110,798;-109,114;-111,121;-110,136;-111,503;-110,815;-111,801;-111,371;-113,436;-111,427;-112,461;-110,42;-111,825;-110,078;-109,448;-108,387;-111,57;-112,348;-109,903;-109,545;-107,316;-107,203;-110,384;-106,554;-106,771;-106,374;-107,266;-106,636;-106,222;-103,768;-105,591;-105,554;-105,261;-103,274;-106,455;-103,146;-103,142;-103,554;-101,824;-102,634;-102,415;-100,329;-99,075;-98,353;-97,866;-100,59;-99,819;-98,982;-96,356;-97,997;-97,808;-97,123;-95,881;-95,065;-95,253;-95,356;-89,8;-93,363;-91,804;-90,411;-92,05;-92,208;-89,402;-86,102;-89,697;-86,549;-86,902
E06;X3;;Blanked.2;-84,618;-62,769;-56,8;-50,503;-50,704;-51,538;-49,33;-49,382;-49,241;-48,835;-48,136;-47,692;-47,172;-46,913;-46,482;-47,18;-45,016;-45,366;-45,784;-45,698;-46,297;-46,422;-47,005;-45,515;-45,137;-44,227;-43,031;-45,758;-44,072;-44,308;-44,175;-43,957;-43,273;-43,552;-42,909;-43,582;-41,756;-42,184;-41,927;-42,647;-41,965;-41,178;-42,248;-42,189;-42,302;-40,711;-41,636;-41,403;-40,805;-40,816;-42,277;-41,918;-41,523;-40,646;-40,678;-41,68;-40,611;-39,246;-42,16;-39,909;-40,133;-39,469;-39,594;-39,9;-39,993;-40,292;-39,125;-39,433;-38,015;-39,19;-37,706;-36,683;-37,451;-35,998;-35,919;-36,667;-36,528;-36,227;-34,89;-34,667;-35,223;-34,442;-34,217;-32,969;-32,36;-32,08;-31,711;-30,686;-30,743;-31,345;-30,665;-29,879;-26,698;-27,745;-25,796;-27,612;-27,902;-26,185;-26,292;-28,709;-28,156;-24,845;-23,153;-25,224;-24,171;-22,414;-20,886;-21,739;-19,81;-19,514;-14,819;-11,637;-9,3;-8,273;-7,383;-6,232;-2,703;1,069;0,541;2,208;7,278;8,823;13,167;15,666;19,116;21,126;22,849;25,765;30,016;27,573;26,54;26,189;26,787;27,682;23,902;22,013;18,578;18,711;20,614;18,305;21,7;19,653;21,243;18,928;17,66;18,56;20,666;18,351;18,829;18,57;16,972;18,532;18,159;20,266;16,207;19,009;18,386;19,087;17,559
E07;X3;;Blanked.2;-87,944;-65,972;-59,995;-53,744;-54;-54,742;-52,587;-52,55;-52,438;-52,087;-51,372;-50,911;-50,318;-50,164;-49,693;-50,387;-48,249;-48,449;-48,967;-48,858;-49,553;-49,493;-50,144;-48,697;-48,267;-47,448;-46,287;-48,932;-47,235;-47,444;-47,307;-47,125;-46,4;-46,597;-46,063;-46,77;-44,798;-45,285;-45,049;-45,612;-45,139;-44,35;-45,343;-45,226;-45,399;-43,732;-44,706;-44,67;-43,999;-43,896;-45,334;-44,94;-44,452;-43,769;-43,82;-44,655;-43,597;-42,275;-45,135;-42,949;-43,105;-42,592;-42,698;-42,83;-42,961;-43,235;-42,073;-42,581;-40,977;-42,135;-40,797;-39,785;-40,591;-39,03;-39,259;-39,786;-39,571;-39,232;-38,08;-37,633;-38,348;-37,493;-37,11;-35,921;-35,27;-35,125;-34,755;-33,737;-33,915;-34,693;-33,862;-32,929;-29,823;-30,912;-28,838;-30,54;-30,659;-29,085;-29,127;-31,604;-30,898;-27,473;-25,853;-27,871;-26,924;-25,295;-23,76;-24,644;-22,918;-23,322;-21,564;-20,86;-19,233;-18,883;-17,877;-16,987;-13,092;-9,466;-9,585;-6,539;-1,745;-0,752;3,428;5,35;8,139;9,562;11,835;14,728;19,172;16,881;17,241;17,632;19,107;20,198;16,33;14,866;12,779;11,36;11,936;8,633;10,458;8,029;7,504;6,442;5,408;5,785;7,758;6,292;8,035;8,128;6,675;9,05;9,42;10,392;8,066;11,009;10,827;11,445;10,651
E08;X3;;Blanked.2;-88,051;-66,17;-60,189;-53,918;-54,045;-54,896;-52,58;-52,679;-52,525;-52,171;-51,436;-51,029;-50,542;-50,184;-49,778;-50,513;-48,379;-48,611;-49,101;-49,006;-49,567;-49,638;-50,311;-48,766;-48,42;-47,598;-46,392;-49,122;-47,428;-47,574;-47,36;-47,259;-46,605;-46,717;-46,208;-46,869;-44,954;-45,384;-45,162;-45,846;-45,22;-44,463;-45,421;-45,362;-45,481;-43,885;-44,862;-44,688;-44,16;-44,017;-45,419;-45,097;-44,61;-43,769;-43,827;-44,799;-43,719;-42,304;-45,203;-42,939;-43,144;-42,585;-42,655;-42,984;-43,115;-43,306;-42,141;-42,67;-40,956;-42,075;-40,698;-39,795;-40,496;-39,023;-39,093;-39,737;-39,462;-39,246;-37,911;-37,524;-38,221;-37,37;-37,029;-35,875;-35,011;-34,975;-34,654;-33,636;-33,694;-34,424;-33,659;-32,653;-29,558;-30,741;-28,639;-30,565;-30,826;-29,228;-29,071;-31,565;-30,731;-27,508;-25,835;-27,83;-26,983;-25,264;-23,632;-24,658;-22,775;-22,953;-20,897;-17,67;-13,892;-12,993;-12,273;-11,428;-7,325;-3,446;-3,924;-2,17;2,666;3,962;8,278;10,911;13,13;15,142;16,617;19,317;22,946;19,922;19,042;18,601;19,85;20,644;18,496;13,57;11,856;11,175;11,964;11,015;14,732;12,408;12,152;10,594;9,091;8,889;10,593;8,786;9,394;9,247;8,075;10,459;10,245;11,457;7,702;11,023;10,591;11,273;9,255
E09;X3;;Blanked.2;-87,998;-65,978;-60,146;-53,779;-53,894;-54,648;-52,682;-52,477;-52,281;-51,772;-51,163;-50,663;-50,107;-49,984;-49,557;-50,066;-47,91;-48,257;-48,685;-48,651;-49,387;-49,095;-49,915;-48,311;-47,932;-47,049;-45,926;-48,645;-46,915;-47,124;-46,859;-46,723;-46,072;-46,241;-45,714;-46,466;-44,582;-44,962;-44,709;-45,307;-44,766;-44,017;-44,939;-44,913;-44,922;-43,479;-44,335;-44,196;-43,51;-43,553;-44,855;-44,465;-43,994;-43,082;-43,251;-44,161;-43,056;-41,58;-44,534;-42,276;-42,496;-41,754;-42,047;-42,126;-42,25;-42,475;-41,271;-41,686;-40,195;-41,169;-39,756;-38,856;-39,465;-38,031;-38,131;-38,699;-38,495;-38,236;-36,815;-36,567;-37,128;-36,379;-35,83;-34,541;-33,706;-33,587;-33,277;-32,343;-32,841;-33,535;-32,346;-31,378;-28,13;-29,501;-27,431;-29,218;-29,465;-27,952;-27,723;-29,958;-29,285;-25,999;-24,229;-26,234;-25,29;-23,694;-22,003;-22,892;-20,876;-21,284;-19,443;-18,322;-15,165;-13,194;-10,643;-9,347;-5,459;-1,026;-1,464;0,159;6,13;7,164;10,895;12,018;14,792;15,722;17,127;18,59;22,68;19,578;18,601;18,999;19,715;18,088;15,294;12,411;10,963;11,336;12,252;10,342;13,925;11,804;12,317;11,584;10,102;10,526;11,902;10,066;11,146;10,901;9,263;10,926;11,584;12,647;9,399;12,36;11,442;13,009;9,941
E10;X3;;Blanked.2;-76,772;-58,583;-52,934;-43,474;-46,79;-47,206;-44,535;-44,628;-44,021;-43,955;-43,181;-42,52;-41,942;-41,064;-40,822;-41,905;-39,939;-40,226;-40,408;-39,992;-40,803;-41,048;-41,371;-40,048;-39,055;-38,572;-37,374;-40,514;-38,382;-37,709;-38,769;-38,153;-36,697;-37,349;-37,504;-37,916;-36,195;-36,569;-36,293;-37,257;-36,502;-35,489;-36,846;-36,66;-36,76;-35,004;-35,836;-36,159;-35,54;-35,469;-36,632;-36,466;-36,068;-35,19;-34,878;-36,478;-35,293;-33,759;-36,623;-34,245;-34,584;-34,134;-34,369;-34,388;-33,881;-34,329;-33,546;-33,528;-32,085;-33,332;-31,58;-31,163;-31,173;-30,242;-29,942;-30,302;-29,831;-29,725;-28,495;-28,073;-28,921;-27,744;-27,639;-26,812;-25,902;-25,643;-25,019;-23,628;-24,102;-25,049;-23,499;-22,3;-19,072;-19,751;-17,195;-18,437;-18,331;-16,428;-15,317;-17,338;-16,282;-12,337;-9,505;-10,161;-6,16;-3,962;-0,817;-0,748;2,671;2,663;6,179;8,377;11,313;13,118;15,348;15,973;19,94;24,003;22,911;24,078;28,744;29,016;31,893;32,191;33,353;33,903;33,867;34,916;38,593;35,519;34,39;34,75;35,895;38,292;36,663;34,256;31,059;32,179;34,016;31,249;35,03;33,966;35,163;35,167;36,318;37,593;40,945;41,093;43,868;45,069;44,775;49,054;50,554;54,535;53,795;58,157;60,482;62,881;64,303
F06;X4;;Blanked.2;-43,247;-28,519;-36,32;-43,902;-48,863;-53,161;-58,315;-58,376;-60,477;-62,888;-63,297;-61,648;-62,266;-63,263;-65,085;-62,946;-62,748;-62,816;-58,822;-59,79;-57,467;-54,742;-53,904;-54,989;-55,706;-55,266;-54,816;-55,836;-54,346;-55,427;-55,092;-55,109;-54,961;-53,246;-54,239;-53,372;-55,521;-53,422;-54,199;-53,538;-52,53;-52,597;-50,607;-51,035;-49,768;-50,444;-51,532;-48,299;-49,069;-47,601;-47,432;-48,072;-47,026;-46,125;-46,979;-45,004;-45,398;-45,69;-44,45;-45,77;-44,312;-44,549;-42,78;-42,532;-41,711;-42,536;-30,391;-30,264;-29,904;-30,179;-28,588;-28,769;-28,368;-28,572;-28,714;-28,727;-26,773;-26,199;-25,278;-24,949;-24,4;-24,229;-22,557;-21,733;-20,967;-18,727;-19,004;-19,689;-17,083;-17,452;-16,544;-15,8;-15,691;-14,313;-13,845;-12,475;-10,825;-9,449;-9,527;-7,853;-7,087;-6,35;-5,997;-4,439;-2,774;-0,997;-1,138;1,552;1,993;3,385;6,165;6,512;7,259;9,221;10,78;11,201;9,578;15,131;17,391;18,269;16,91;17,522;18,64;20,402;20,928;22,405;21,882;23,536;26,437;27,068;30,017;34,042;38,375;39,424;39,322;41,713;43,538;44,033;46,482;46,688;48,786;50,754;52,732;52,955;56,55;60,26;63,146;70,924;77,267;83,368;88,693;93,416;97,033;99,524;103,041;105,42;107,574;106,908;108,508
F07;X4;;Blanked.2;-46,119;-31,514;-39,229;-46,736;-51,753;-56,133;-61,269;-61,361;-63,547;-66,053;-66,327;-64,694;-65,365;-66,398;-68,259;-66,129;-65,994;-65,989;-62,053;-62,916;-60,647;-57,958;-57,161;-58,115;-58,867;-58,434;-57,931;-58,972;-57,561;-58,584;-58,199;-58,263;-58,195;-56,432;-57,482;-56,539;-58,694;-56,552;-57,328;-56,666;-55,729;-55,705;-53,749;-54,168;-52,964;-53,6;-54,645;-51,446;-52,142;-50,66;-50,542;-51,141;-50,11;-49,191;-50,11;-48,108;-48,495;-48,826;-47,474;-48,824;-47,333;-47,489;-45,751;-45,505;-44,701;-45,453;-33,339;-33,159;-32,816;-33,117;-31,466;-31,577;-31,14;-31,345;-31,464;-31,444;-29,453;-28,972;-27,872;-27,528;-26,994;-26,746;-25,429;-24,362;-23,386;-21,173;-21,46;-22,148;-19,555;-19,862;-18,729;-18,137;-17,821;-16,22;-16,007;-14,474;-12,818;-11,377;-11,338;-9,954;-8,85;-7,814;-7,722;-5,92;-4,209;-2,654;-2,742;0,055;0,673;1,865;4,12;4,639;5,841;8,029;9,239;9,586;7,95;13,387;15,417;15,947;15,137;15,312;16,996;18,957;19,138;20,957;20,022;22,232;24,949;25,868;28,823;33,119;37,553;38,212;38,635;39,595;41,571;42,343;44,996;44,797;47,447;48,445;50,322;52,332;56,896;60,216;62,491;70,052;73,268;79,085;82,144;86,953;88,792;93,08;95,207;97,757;99,336;97,705;98,715
F08;X4;;Blanked.2;-47,073;-32,345;-40,124;-47,718;-52,712;-56,972;-62,063;-62,154;-64,322;-66,778;-67,079;-65,388;-66,048;-67,085;-68,859;-66,7;-66,597;-66,635;-62,724;-63,568;-61,289;-58,626;-57,775;-58,855;-59,62;-59,209;-58,645;-59,632;-58,232;-59,368;-58,988;-59,015;-58,876;-57,155;-58,134;-57,267;-59,444;-57,338;-58,09;-57,524;-56,424;-56,464;-54,487;-54,989;-53,748;-54,369;-55,493;-52,174;-52,988;-51,563;-51,299;-51,956;-50,915;-49,982;-50,826;-48,86;-49,115;-49,518;-48,261;-49,515;-48,035;-48,212;-46,502;-46,226;-45,427;-46,202;-34,124;-33,915;-33,598;-33,93;-32,251;-32,474;-32,11;-32,34;-32,574;-32,439;-30,561;-30,024;-29,123;-28,795;-28,351;-28,216;-26,543;-25,632;-25,003;-22,859;-23,247;-23,794;-21,373;-21,73;-20,892;-20,237;-20,213;-18,933;-18,532;-17,361;-15,749;-14,525;-14,647;-13,232;-12,285;-11,634;-11,651;-10,177;-8,858;-6,934;-7,575;-4,951;-4,461;-3,647;-0,778;-0,139;0,59;2,049;3,432;3,941;2,363;8,265;9,976;10,644;9,846;10,168;10,994;12,855;13,327;14,89;13,369;15,246;18,012;18,104;20,367;24,754;28,349;28,861;29,54;30,811;32,793;33,931;35,775;35,512;37,869;39,234;41,284;42,044;44,731;44,409;44,625;48,491;47,941;52,062;53,435;58,002;61,592;66,623;70,403;76,716;82,753;85,268;90,205
F09;X4;;Blanked.2;-46,4;-31,71;-39,432;-46,893;-52,136;-56,433;-61,667;-61,819;-63,971;-66,52;-66,765;-65,191;-65,912;-66,939;-68,542;-66,631;-66,576;-66,405;-62,607;-63,482;-61,214;-58,477;-57,553;-58,681;-59,341;-58,86;-58,425;-59,463;-58,028;-59,105;-58,752;-58,761;-58,618;-56,855;-57,767;-57,038;-59,193;-56,977;-57,746;-57,194;-56,332;-56,269;-54,182;-54,669;-53,445;-54,073;-55,215;-51,97;-52,717;-51,327;-51,167;-51,781;-50,757;-49,824;-50,625;-48,749;-49,104;-49,328;-48,157;-49,472;-47,871;-48,133;-46,413;-46,062;-45,352;-46,106;-34,042;-33,905;-33,602;-33,82;-32,163;-32,296;-32,022;-32,323;-32,436;-32,46;-30,543;-30,038;-29,095;-28,682;-28,294;-28,015;-26,505;-25,657;-24,856;-22,585;-23,061;-23,556;-21,115;-21,506;-20,518;-19,975;-19,84;-18,521;-18,186;-16,732;-15,347;-13,936;-13,957;-12,595;-11,525;-10,933;-10,881;-9,226;-7,816;-6,119;-6,409;-3,575;-2,885;-2,141;0,684;1,321;1,599;3,334;4,865;5,524;3,729;9,666;11,077;11,713;10,887;10,967;12,417;14,082;14,453;15,677;14,668;16,706;19,032;19,511;22,147;26,11;30,13;30,865;31,506;33,314;34,925;35,834;37,461;37,286;39,85;40,648;42,712;43,367;46,002;46,513;46,582;50,817;50,949;53,212;54,489;58,524;61,667;65,921;70,506;76,991;82,829;85,693;88,863
F10;X4;;Blanked.2;-44,227;-29,585;-37,364;-44,894;-49,902;-54,202;-59,453;-59,502;-61,7;-64,281;-64,655;-63,059;-63,646;-64,691;-66,544;-64,529;-64,354;-64,259;-60,381;-61,284;-58,973;-56,265;-55,361;-56,469;-57,166;-56,754;-56,184;-57,222;-55,767;-56,911;-56,54;-56,471;-56,32;-54,558;-55,601;-54,701;-56,805;-54,638;-55,503;-54,8;-53,805;-53,809;-51,799;-52,105;-50,996;-51,565;-52,641;-49,398;-50,147;-48,65;-48,514;-49,072;-48,003;-47,098;-47,917;-46,003;-46,294;-46,618;-45,365;-46,647;-45,053;-45,24;-43,491;-43,161;-42,301;-43,074;-30,869;-30,692;-30,249;-30,491;-28,819;-28,907;-28,421;-28,529;-28,644;-28,565;-26,47;-25,897;-24,806;-24,389;-24,161;-24,046;-22,265;-21,146;-20,28;-18,065;-18,352;-18,904;-16,17;-16,326;-15,245;-14,287;-13,987;-12,518;-12,033;-10,688;-8,808;-7,434;-7,298;-5,814;-4,526;-3,712;-3,346;-1,621;0,087;1,845;1,743;4,667;4,976;5,768;8,803;9,761;10,176;11,97;13,192;13,4;11,49;17,074;18,784;19,529;18,8;19,064;20,65;22,671;23,23;25,271;24,104;26,476;29,577;30,278;33,512;37,813;41,863;42,347;42,483;43,886;46,181;46,396;48,508;47,831;50,004;50,47;50,875;51,078;52,813;52,593;52,055;55,608;56,615;61,049;65,96;73,582;79,196;84,457;86,801;89,527;91,17;91,01;91,018
C06;X1;;Blanked.3;-158,166;-177,269;-189,338;-199,42;-197,277;-204,2;-209,621;-213,37;-213,777;-212,715;-215,91;-217,258;-216,648;-218,258;-219,055;-221,424;-224,018;-225,883;-226,416;-229,112;-228,786;-231,885;-234,207;-235,981;-237,215;-237,815;-240,153;-242,587;-242,473;-244,078;-243,172;-248,202;-246,328;-247,594;-249,059;-249,116;-247,372;-247,256;-249,176;-250,348;-245,513;-245,312;-245,268;-240,198;-247,772;-242,331;-244,499;-244,123;-243,773;-243,04;-240,7;-240,557;-241,064;-239,373;-235,81;-236,347;-230,093;-227,605;-230,27;-225,28;-223,649;-221,395;-224,492;-212,531;-213,563;-206,588;-202,827;-197,729;-200,516;-207,08;-200,544;-194,04;-192,321;-185,292;-192,428;-176,065;-175,663;-172,592;-165,655;-161,028;-154;-152,174;-146,899;-147,068;-144,971;-144,453;-139,128;-133,442;-127,091;-123,27;-114,03;-118,031;-91,833;-75,308;-68,544;-69,337;-57,192;-59,653;-48,602;-37,255;-25,439;-25,784;-9,609;-5,182;3,983;13,773;14,073;25,02;22,72;38,628;32,634;47,26;48,288;56,458;63,029;67,896;63,071;64,026;70,55;69,089;75,853;73,809;78,385;83,922;86,66;90,83;94,853;102,665;94,549;108,046;109,936;109,243;121,111;121,74;126,046;134,737;143,281;138,556;138,23;149,547;159,203;161,581;166,882;177,344;177,013;182,746;182,585;184,139;184,22;181,505;178,988;182,485;181,109;182,382;183,592;181,366;177,941;184,037;180,349
C07;X1;;Blanked.3;-156,244;-175,613;-187,78;-197,942;-195,799;-202,899;-208,562;-212,488;-212,67;-211,827;-215,168;-216,733;-216,043;-217,68;-218,68;-220,86;-223,57;-225,464;-225,437;-228,36;-228,168;-231,556;-233,501;-235,368;-236,981;-237,605;-239,806;-242,092;-241,578;-244,001;-242,904;-247,831;-245,943;-247,791;-249,158;-249,02;-246,601;-247,146;-249,059;-249,635;-245,25;-244,961;-245,03;-239,815;-247,495;-242,022;-244,375;-243,735;-243,577;-243,072;-240,643;-240,2;-240,703;-239,534;-235,417;-236,161;-229,391;-227,341;-229,572;-224,908;-223,556;-220,693;-223,967;-211,713;-213,417;-205,956;-202,135;-197,213;-198,891;-205,337;-198,972;-192,113;-191,397;-183,906;-191,002;-175,031;-174,105;-171,359;-164,376;-159,741;-152,905;-150,597;-145,887;-145,833;-144,042;-143,263;-137,882;-132,409;-126,128;-123,197;-114,372;-116,883;-95,759;-80,189;-73,777;-73,688;-63,284;-64,289;-51,498;-40,613;-29,584;-29,706;-12,77;-8,262;2,103;12,639;16,253;23,785;21,761;39,416;31,498;47,641;48,146;56,278;63,316;71,499;70,116;70,52;78,141;78,681;85,157;83,998;88,163;95,645;99,739;102,884;105,962;108,442;105,612;119,401;124,773;119,893;130,924;133,64;138,666;148,111;153,629;156,579;156,762;162,887;178,18;179,855;180,138;183,001;181,312;183,619;182,726;184,259;184,326;181,611;179,095;182,591;181,215;182,489;183,698;181,472;178,047;184,143;180,455
C08;X1;;Blanked.3;-153,699;-172,674;-185,008;-194,973;-192,9;-199,855;-205,626;-209,124;-209,62;-208,611;-212,372;-213,391;-212,651;-214,856;-215,502;-217,95;-220,287;-222,116;-222,359;-225,157;-224,374;-228,388;-230,634;-232,014;-233,419;-234,191;-236,23;-238,897;-238,482;-240,123;-239,375;-244,102;-242,487;-243,832;-245,182;-245,385;-243,115;-243,331;-245,341;-246,037;-241,786;-241,291;-241,111;-235,813;-243,461;-238,158;-240,067;-239,801;-239,854;-239,187;-236,842;-236,419;-236,981;-235,294;-231,43;-231,847;-225,485;-223,555;-225,481;-220,688;-219,119;-216,107;-219,392;-207,605;-208,481;-201,774;-197,42;-192,529;-194,551;-201,159;-194,836;-188,014;-187,033;-179,162;-186,495;-170,657;-169,871;-167,32;-160,481;-155,212;-148,068;-145,793;-141,171;-142,21;-139,527;-139,688;-133,549;-128,931;-122,411;-119,766;-111,498;-115,927;-106,331;-96,295;-73,948;-74,846;-62,712;-65,18;-53,556;-41,909;-29,615;-34,088;-15,398;-11,417;-2,81;7,757;6,978;17,967;14,794;30,523;23,733;38,183;39,178;45,632;50,528;53,667;55,325;56,805;63,782;68,982;70,88;73,547;75,061;87,047;86,088;88,333;92,372;95,941;92,53;106,523;109,246;107,626;117,438;122,402;122,933;132,469;141,48;136,197;139,646;141,285;158,737;161,376;162,121;169,371;172,196;178,558;181,752;184,214;184,429;181,717;179,201;182,698;181,322;182,595;183,804;181,579;178,153;184,25;180,561
C09;X1;;Blanked.3;-157,421;-176,607;-188,71;-198,464;-196,425;-203,425;-209,142;-212,864;-213,268;-212,043;-215,65;-216,963;-216,254;-218,292;-218,792;-221,404;-223,583;-225,657;-225,688;-228,363;-227,909;-231,062;-233,772;-235,148;-236,8;-237,612;-239,379;-241,965;-241,897;-243,499;-242,58;-247,366;-245,919;-247,244;-248,25;-248,416;-246,386;-246,485;-248,191;-249,223;-244,906;-244,343;-243,852;-238,964;-246,424;-241,051;-242,94;-242,331;-242,394;-241,88;-239,439;-238,893;-239,323;-237,687;-233,539;-234,018;-227,679;-225,548;-227,112;-222,396;-220,758;-217,421;-220,32;-208,088;-209,251;-201,942;-197,851;-192,475;-194,768;-201,305;-194,776;-187,248;-186,711;-179,038;-186,714;-169,896;-168,905;-166,287;-159,27;-154,649;-147,826;-145,631;-140,51;-141,937;-139,688;-137,916;-132,632;-127,419;-121,168;-118,189;-109,609;-113,278;-102,659;-79,386;-70,488;-69,226;-57,541;-57,662;-46,052;-32,685;-22,239;-23,346;-5,368;-1,591;6,999;16,927;18,222;25,194;21,702;38,263;29,265;44,188;41,005;47,782;53,847;59,153;62,456;65,467;75,007;76,019;84,73;84,667;89,842;99,28;102,616;107,098;110,312;116,056;109,094;124,567;127,88;125,231;136,375;142,96;144,247;153,244;157,551;160,716;161,368;168,5;181,756;180,543;180,364;183,217;181,528;183,835;182,942;184,475;184,542;181,827;179,311;182,808;181,432;182,705;183,914;181,689;178,263;184,359;180,671
C10;X1;;Blanked.3;-163,848;-182,823;-195,242;-204,993;-203,08;-209,778;-215,601;-219,388;-219,531;-218,885;-222,177;-223,52;-222,822;-224,794;-225,434;-227,771;-230,262;-232,02;-232,261;-235,373;-234,659;-238,118;-240,595;-241,978;-243,547;-244,17;-246,102;-248,267;-248,423;-250,225;-248,859;-254,021;-252,08;-253,721;-254,709;-254,983;-252,712;-253,078;-254,879;-255,731;-251,198;-250,704;-250,613;-245,534;-253,477;-247,756;-249,512;-249,154;-248,786;-248,576;-245,851;-245,419;-246,119;-244,521;-240,209;-240,654;-234,411;-231,889;-234,233;-229,471;-227,736;-224,395;-227,588;-215,378;-216,531;-209,099;-205,338;-199,965;-202,094;-208,713;-201,673;-195,022;-193,359;-186,308;-193,251;-177,169;-176,022;-173,139;-166,13;-160,205;-153,337;-150,333;-145,437;-146,482;-144,389;-143,263;-137,294;-132,321;-125,953;-123,022;-114,833;-118,925;-108,525;-98,788;-77,36;-74,086;-62,6;-64,908;-54,201;-42,609;-30,134;-33,983;-14,284;-9,813;-0,871;8,557;10,863;20,956;17,759;33,358;26,754;41,595;43,614;46,963;49,529;54,637;56,262;59,021;65,387;65,823;70,498;70,061;72,772;79,843;83,845;87,157;91,207;93,561;90,71;104,198;106,627;106,696;116,82;117,308;124,387;131,383;134,597;133,952;132,668;145,97;154,62;157,422;161,994;170,782;175,471;181,567;182,256;184,544;184,648;181,934;179,417;182,914;181,538;182,811;184,02;181,795;178,369;184,466;180,777
D06;X2;;Blanked.3;-173,942;-171,184;-180,807;-190,89;-200,199;-199,491;-206,943;-211,674;-214,258;-213,167;-214,741;-219,387;-218,867;-220,238;-221,104;-223,272;-220,271;-222,986;-226,107;-230,522;-225,076;-220,84;-225,02;-225,688;-226,356;-228,118;-229,403;-230,794;-232,372;-229,389;-232,322;-233,516;-231,774;-236,873;-233,411;-237,118;-236,35;-233,046;-233,461;-231,673;-238,465;-239,02;-234,687;-233,92;-240,402;-233,648;-239,549;-238,543;-237,458;-240,251;-240,553;-241,073;-242,409;-241,82;-243,343;-245,021;-242,128;-243,162;-242,955;-244,235;-242,948;-245,67;-244,607;-243,972;-244,016;-245,431;-243,914;-243,64;-242,612;-241,815;-242,747;-241,27;-241,714;-241,395;-240,368;-240,295;-240,168;-240,756;-239,825;-239,226;-238,697;-239,148;-239,145;-238,373;-238,344;-237,995;-237,449;-237,388;-236,843;-236,451;-236,594;-235,088;-235,797;-235,972;-235,457;-232,164;-235,658;-232,239;-235,344;-233,781;-233,891;-234,342;-232,155;-233,13;-233,238;-230,54;-231,374;-229,309;-229,336;-227,677;-231,712;-228,479;-225,457;-224,43;-222,531;-225,172;-226,647;-228,252;-220,864;-218,211;-220,797;-220,455;-224,616;-214,946;-226,338;-219,299;-223,267;-218,526;-221,936;-215,477;-218,93;-215,178;-214,547;-218,086;-215,417;-214,725;-215,628;-213,056;-213,858;-205,179;-211,741;-213,229;-211,752;-207,881;-215,191;-204,196;-212,153;-202,891;-204,124;-205,88;-208,071;-208,779;-205,46;-205,978;-201,074;-204,722;-201,179;-202,663;-195,041
D07;X2;;Blanked.3;-182,396;-179,748;-189,334;-199,455;-208,658;-207,805;-215,322;-220,364;-222,875;-222,315;-223,335;-227,588;-227,719;-228,949;-229,753;-231,818;-228,737;-231,602;-234,971;-239,206;-233,618;-229,796;-233,726;-234,367;-235,325;-236,524;-237,92;-239,315;-240,891;-238,016;-241,268;-242,274;-240,685;-244,915;-242,303;-245,91;-244,862;-241,669;-242,418;-240,349;-247,377;-247,422;-242,725;-242,562;-248,565;-242,792;-248,511;-247,212;-246,237;-249,126;-249,355;-249,812;-251,404;-250,822;-252,004;-253,775;-251,305;-252,781;-252,123;-253,959;-252,541;-254,752;-253,857;-253,845;-253,8;-254,841;-253,344;-253,315;-252,557;-251,385;-252,033;-250,592;-251,604;-251,19;-249,626;-249,939;-249,384;-249,887;-249,055;-248,231;-247,767;-248,657;-248,047;-247,415;-247,49;-246,57;-246,357;-246,055;-245,744;-246,012;-245,572;-244,703;-244,705;-244,893;-244,367;-241,449;-244,144;-242,11;-244,104;-242,57;-243,139;-242,447;-240,809;-242,365;-242,389;-239,779;-240,932;-238,05;-238,649;-236,748;-241,079;-237,458;-234,349;-233,486;-232,028;-233,961;-236,134;-236,845;-230,152;-228,045;-230,297;-229,651;-233,99;-224,584;-235,644;-229,621;-232,353;-227,83;-231,413;-225,137;-228,244;-224,969;-224,079;-227,159;-224,866;-224,807;-225,159;-222,307;-223,927;-215,141;-221,261;-222,773;-221,614;-217,589;-224,55;-213,791;-222,491;-212,655;-213,664;-215,255;-217,77;-218,885;-215,313;-215,732;-210,947;-214,154;-210,943;-212,249;-204,417
D08;X2;;Blanked.3;-184,1;-181,369;-191,216;-201,208;-210,662;-210,127;-217,69;-222,583;-224,969;-224,463;-225,477;-230,061;-230,006;-231,096;-231,726;-234,174;-231,126;-234,054;-237,315;-241,691;-236,248;-231,999;-236,079;-236,781;-237,38;-238,774;-240,209;-241,825;-243,32;-240,514;-243,603;-245,14;-242,903;-247,698;-244,527;-248,149;-246,852;-243,921;-245,285;-242,79;-249,75;-249,779;-245,41;-244,655;-251,528;-245,149;-250,245;-249,179;-248,125;-250,689;-251,523;-251,693;-253,488;-252,765;-253,645;-255,596;-253,414;-254,978;-254,222;-255,383;-254,308;-256,871;-255,982;-256,281;-255,333;-256,752;-255,167;-255,073;-254,43;-253,642;-254,401;-252,402;-253,669;-253,08;-251,914;-251,607;-251,247;-251,84;-251,225;-250,45;-249,817;-249,971;-250,141;-249,015;-249,135;-248,825;-247,942;-248,16;-247,145;-247,499;-246,993;-246,144;-246,647;-247,103;-246,038;-243,252;-246;-243,53;-245,845;-244,549;-245,162;-245,205;-242,776;-244,285;-244,391;-241,681;-242,205;-240,263;-240,645;-238,607;-243,277;-239,323;-236,799;-235,691;-233,801;-236,5;-238,045;-239,527;-232,209;-230,128;-232,448;-231,981;-235,735;-226,312;-237,598;-231,079;-234,8;-229,84;-233,439;-227,245;-230,302;-226,974;-226,203;-229,42;-226,957;-226,473;-227,616;-224,686;-225,534;-216,715;-223,089;-224,673;-223,654;-219,23;-227,092;-215,727;-223,742;-214,37;-215,957;-217,204;-219,104;-219,964;-216,987;-217,431;-212,645;-216,252;-212,89;-214,296;-206,683
D09;X2;;Blanked.3;-183,928;-180,576;-190,092;-200,502;-209,8;-209,234;-216,149;-221,518;-223,698;-222,783;-223,952;-228,843;-228,579;-229,837;-230,234;-232,878;-229,586;-232,832;-235,947;-240,134;-234,356;-230,456;-234,251;-235,356;-235,96;-237,394;-238,68;-240,919;-241,877;-239,66;-242,211;-243,913;-241,745;-246,356;-242,966;-247,166;-245,731;-242,28;-243,08;-241,623;-248,168;-248,533;-243,977;-243,495;-249,433;-243,052;-249,059;-247,982;-246,911;-249,408;-249,927;-250,458;-251,883;-251,372;-252,24;-254,416;-252,075;-253,597;-252,988;-254,152;-252,981;-255,257;-253,768;-254,156;-254,053;-254,891;-253,344;-253,329;-252,273;-251,463;-251,919;-250,404;-251,607;-250,837;-249,594;-250,394;-249,306;-249,517;-249,302;-248,365;-248,122;-247,821;-248,184;-247,373;-247,543;-246,29;-245,961;-246,139;-246,091;-245,74;-244,825;-244,727;-244,688;-245,479;-244,367;-241,857;-244,423;-241,922;-244,659;-243,486;-243,118;-243,419;-241,54;-242,723;-242,946;-240,77;-240,921;-238,979;-239,564;-238,207;-241,798;-238,415;-235,495;-234,101;-232,664;-234,731;-236,649;-238,206;-231,184;-229,224;-230,501;-230,878;-234,756;-224,966;-236,675;-229,969;-233,318;-229,013;-232,19;-226,106;-228,941;-225,937;-224,573;-228,293;-226,241;-225,24;-226,089;-223,198;-224,445;-215,505;-221,848;-223,263;-222,31;-218,281;-225,41;-214,572;-222,502;-212,851;-214,552;-215,88;-218,504;-219,116;-215,724;-216,391;-211,153;-214,824;-211,399;-212,955;-204,952
D10;X2;;Blanked.3;-185,03;-182,173;-191,745;-202,154;-211,191;-210,532;-217,64;-222,909;-224,882;-224,248;-225,278;-230,021;-230,064;-231,177;-231,589;-234,232;-231,092;-234,515;-237,631;-242,064;-236,241;-232,276;-236,197;-237,279;-238,259;-239,208;-240,8;-242,573;-243,99;-241,245;-244,166;-245,415;-243,407;-247,769;-245,039;-248,754;-247,195;-244,122;-244,898;-243,131;-249,363;-250,106;-245,239;-244,978;-251,204;-244,74;-250,554;-249,614;-248,15;-251,295;-251,952;-252,2;-253,51;-252,698;-254,071;-256,154;-253,615;-254,953;-254,469;-255,67;-255,078;-256,8;-255,961;-255,584;-255,544;-256,273;-254,881;-254,892;-254,302;-253,582;-253,474;-252,122;-253,191;-252,269;-251,187;-251,533;-251,071;-251,124;-250,302;-249,764;-249,375;-249,605;-248,859;-248,408;-248,767;-248,261;-247,498;-247,568;-247,226;-246,712;-246,47;-245,673;-246,176;-245,797;-245,455;-242,802;-245,215;-242,991;-245,426;-243,977;-244,166;-244,129;-242,324;-243,676;-243,374;-240,662;-241,836;-239,174;-239,626;-238,061;-242,36;-238,679;-235,768;-235,093;-232,778;-235,588;-237,392;-238,668;-231,05;-228,921;-231,138;-230,702;-234,587;-225,575;-236,33;-230,104;-233,452;-228,588;-231,967;-226,141;-229,1;-225,518;-224,7;-228,132;-225,805;-225,126;-225,828;-223,212;-223,883;-215,477;-221,57;-223,3;-221,621;-217,451;-225,471;-213,955;-222,409;-212,614;-213,767;-215,173;-218,15;-218,782;-215,169;-215,873;-210,615;-214,518;-211,221;-211,947;-204,917
E06;X3;;Blanked.3;-177,877;-163,392;-151,391;-142,097;-144,474;-144,02;-138,232;-139,046;-138,2;-138,532;-136,801;-138,893;-133,336;-133,851;-134,508;-131,13;-129,964;-131,767;-130,7;-134,689;-131,381;-131,91;-133,4;-128,332;-127,167;-128,202;-129,813;-126,933;-124,197;-124,274;-129,089;-126,036;-125,192;-125,327;-124,1;-123,849;-123,325;-119,283;-120,922;-120,911;-119,475;-117,73;-121,361;-118,66;-120,512;-120,07;-116,686;-118,853;-119,324;-118,154;-117,595;-117,088;-117,056;-118,848;-117,107;-117,397;-112,069;-111,749;-117,635;-115,26;-114,171;-117,625;-112,458;-111,928;-110,53;-110,644;-112,566;-109,083;-109,668;-107,729;-113,154;-111,237;-103,343;-106,603;-107,861;-104,403;-102,695;-100,33;-97,825;-98,37;-95,716;-95,323;-96,473;-94,304;-91,327;-91,183;-88,695;-83,426;-89,509;-83,777;-86,584;-84,72;-84,826;-83,405;-75,279;-76,495;-78,37;-75,198;-82,95;-75,863;-76,848;-69,726;-69,849;-65,669;-66,992;-62,434;-61,203;-58,909;-57,636;-54,136;-40,259;-30,553;-27,321;-24,084;-19,939;-12,119;-7,752;3,259;9,204;11,585;21,217;27,898;38,721;46,812;54,634;65,211;68,591;78,066;77,713;82,26;79,156;80,845;79,99;79,342;67,348;62,08;62,153;67,438;60,187;57,411;55,867;59,219;59,342;56,48;60,542;61,875;63,708;58,396;56,235;57,243;59,228;56,041;58,339;59,519;57,566;53,439;57,491;59,794;58,114
E07;X3;;Blanked.3;-187,312;-172,785;-160,676;-151,339;-153,61;-153,481;-147,56;-148,324;-147,078;-147,522;-145,908;-147,98;-142,158;-142,745;-143,447;-140,462;-138,93;-140,747;-139,598;-143,37;-140,571;-140,831;-142,374;-137,126;-136,074;-137,394;-138,757;-135,942;-133,035;-133,263;-137,936;-135,327;-133,835;-134,234;-133,111;-132,631;-132,013;-127,948;-129,733;-129,544;-128,263;-126,629;-130,378;-127,734;-129,468;-129,075;-125,939;-127,636;-128,448;-126,994;-126,293;-125,809;-125,754;-127,553;-125,793;-126,265;-120,469;-120,431;-125,983;-124,125;-122,906;-126,131;-121,269;-120,301;-119,036;-119,693;-121,169;-117,64;-118,213;-116,621;-121,818;-120,154;-112,241;-115,344;-116,666;-113,267;-111,492;-109,173;-106,182;-106,612;-104,197;-104,231;-104,714;-102,61;-99,652;-99,891;-97,35;-92,009;-98,288;-93,147;-95,611;-93,295;-93,437;-92,126;-84,116;-85,107;-86,277;-83,312;-91,166;-82,959;-85,235;-77,723;-77,939;-74,02;-74,639;-70,499;-69,081;-67,358;-66,873;-65,76;-62,871;-56,882;-54,895;-54,687;-50,005;-41,628;-37,724;-27,344;-19,665;-14,44;-5,562;1,024;8,705;17,934;22,482;34,245;36,281;46,392;46,894;53,143;52,434;56,628;56,207;57,033;46,565;46,668;46,823;48,633;36,477;28,17;23,074;24,722;24,064;21,644;24,921;24,716;22,558;25,258;23,491;27,19;29,894;28,715;32,443;31,8;34,092;32,306;35,618;39,829;38,811
E08;X3;;Blanked.3;-187,562;-173,13;-161,258;-151,881;-154,088;-153,88;-147,929;-148,317;-147,493;-148,043;-146,259;-148,332;-142,637;-143,177;-144,089;-140,545;-139,29;-140,994;-140,244;-144,026;-141,031;-141,242;-142,575;-137,983;-136,646;-137,688;-139,058;-136,479;-133,337;-133,151;-138,373;-135,32;-134,551;-134,534;-133,567;-133,2;-132,568;-128,503;-130,563;-130,399;-128,862;-127,219;-130,388;-128,082;-129,852;-129,825;-125,975;-128,181;-128,398;-127,332;-126,59;-126,305;-126,137;-127,939;-126,018;-126,562;-120,874;-120,724;-126,323;-124,157;-123,285;-126,535;-121,44;-120,633;-119,389;-120,018;-121,197;-118,11;-118,412;-116,553;-121,737;-119,949;-112,089;-115,301;-116,688;-113,042;-110,827;-109,208;-106,196;-106,749;-104,236;-103,957;-104,556;-102,361;-99,125;-99,226;-96,584;-91,239;-97,829;-92,762;-95,356;-93,176;-92,987;-91,707;-83,948;-85,002;-85,767;-83,594;-90,667;-83,085;-84,953;-77,403;-77,316;-73,018;-74,301;-69,786;-68,729;-66,669;-65,333;-64,117;-59,235;-44,203;-40,798;-38,304;-34,421;-26,134;-20,577;-9,669;-3,487;-0,817;8,129;13,789;23,268;32,655;38,886;48,412;49,32;58,916;56,832;61,71;57,019;57,266;57,92;57,026;45,8;44,311;41,23;43,162;36,299;33,896;36,195;37,806;37,17;32,276;34,818;33,297;30,579;33,211;27,454;31,447;33,188;32,292;34,611;34,035;34,551;31,97;35,68;39,003;33,78
E09;X3;;Blanked.3;-187,517;-173,329;-160,655;-151,501;-153,878;-153,06;-147,256;-148,078;-146,77;-147,065;-145,318;-147,578;-141,502;-142,13;-142,768;-139,761;-138,074;-139,937;-138,677;-143,101;-139,563;-140,094;-141,581;-136,848;-135,097;-136,563;-137,773;-135,078;-131,849;-132,357;-137,119;-134,161;-132,941;-133,164;-131,886;-131,404;-131,299;-127,043;-128,914;-129,012;-127,245;-125,994;-129,416;-126,734;-128,7;-128,037;-124,611;-126,877;-127,172;-126,005;-125,054;-124,623;-124,65;-125,967;-124,577;-124,687;-119,08;-118,598;-124,563;-122,124;-121,12;-124,155;-118,958;-118,272;-117,057;-117,4;-119;-115,116;-115,917;-113,657;-118,748;-117,387;-109,425;-112,468;-113,707;-110,386;-108,064;-106,17;-103,178;-103,394;-100,831;-100,755;-101,305;-98,566;-95,505;-95,389;-92,671;-88,304;-95,317;-89,828;-90,907;-89,194;-89,004;-87,867;-80,48;-80,885;-82,166;-79,549;-87,011;-79,183;-80,547;-73,23;-73,445;-68,961;-70,397;-65,637;-64,1;-61,905;-60,191;-59,542;-55,116;-49,511;-43,442;-38,148;-27,448;-19,594;-14,03;-2,152;4,189;6,689;17,975;21,705;29,654;36,72;42,538;50,409;50,957;59,289;55,171;59,89;56,868;57,888;58,308;51,295;42,55;41,899;40,41;44,002;38,482;34,685;35,115;37,481;37,872;34,904;38,597;37,988;34,545;35,389;32,606;34,369;36,337;35,491;39,568;38,83;35,899;30,624;36,756;37,265;38,588
E10;X3;;Blanked.3;-164,516;-151,802;-140,259;-131,88;-133,265;-131,367;-125,018;-126,071;-124,186;-123,522;-122,555;-124,277;-118,774;-118,874;-118,647;-113,756;-113,734;-116,931;-115,17;-119,346;-116,134;-117,274;-117,577;-112,81;-110,303;-111,043;-111,525;-111,296;-107,053;-107,178;-110,469;-109,139;-107,861;-107,985;-107,535;-106,555;-107,412;-102,36;-105,395;-104,911;-102,456;-103,049;-106,02;-102,891;-106,74;-104,794;-101,786;-102,976;-103,615;-103,012;-101,838;-101,277;-102,231;-103,502;-101,255;-102,157;-96,841;-95,732;-101,44;-98,629;-99,211;-102,31;-97,201;-96,026;-93,292;-94,509;-96,174;-91,811;-93,286;-90,658;-95,867;-94,946;-86,848;-90,354;-89,799;-86,552;-84,996;-82,592;-78,766;-78,946;-76,786;-75,475;-77,899;-76,073;-72,289;-72,745;-69,886;-63,272;-70,936;-64,314;-65,39;-63,158;-62,569;-59,275;-51,325;-50,966;-49,454;-44,774;-51,545;-43,03;-42,781;-34,542;-30,746;-20,268;-15,27;-8,548;-3,828;0,166;5,782;11,426;17,249;27,099;33,849;37,515;43,214;50,817;57,361;69,988;74,268;77,04;82,364;85,736;89,225;93,596;94,287;100,781;96,736;101,499;97,792;100,631;96,258;97,66;98,779;100,13;96,188;97,479;96,172;102,442;96,133;92,332;92,654;97,577;98,575;94,884;98,582;98,465;95,134;96,13;93,027;95,963;97,201;94,564;97,25;95,663;95,72;91,82;95,08;96,166;93,772
F06;X4;;Blanked.3;-101,043;-85,837;-110,315;-123,315;-132,671;-140,18;-146,808;-148,988;-150,704;-152,141;-152,175;-152,168;-152,839;-153,861;-154,612;-155,121;-155,476;-155,308;-154,572;-150,922;-148,922;-145,789;-144,757;-143,861;-143,957;-145,552;-144,233;-145,145;-144,562;-144,002;-142,681;-139,775;-139,894;-139,589;-139,642;-140,746;-141,845;-140,27;-138,633;-138,796;-136,029;-136,238;-132,007;-134,968;-126,562;-131,287;-130,914;-132,708;-126,077;-125,212;-125,96;-124,371;-122,577;-121,289;-124,681;-120,852;-117,676;-118,587;-120,136;-119,016;-117,25;-115,131;-115,537;-113,268;-112,423;-110,383;-75,426;-74,604;-73,664;-72,499;-71,029;-68,928;-69,406;-67,734;-68,064;-66,843;-65,116;-63,018;-61,697;-61,231;-57,89;-55,562;-52,008;-49,636;-48,369;-43,825;-42,248;-40,175;-38,628;-36,384;-34,649;-32,554;-30,258;-27,95;-24,782;-22,539;-19,7;-17,228;-13,937;-11,679;-8,611;-5,209;-1,82;1,4;4,738;8,23;11,519;15,673;19,812;23,236;28,313;31,076;34,69;39,406;44,48;47,425;50,962;54,018;58,171;60,903;62,802;67,089;70,428;74,338;75,837;77,255;81,176;84,439;89,123;95,478;98,641;109,042;112,007;119,234;123,143;128,656;129,95;135,821;140,516;147,107;152,803;153,453;156,416;162,461;169,257;172,849;171,69;173,59;170,164;172,854;172,171;171,473;176,103;174,77;174,051;173,977;173,588;173,764;174,653
F07;X4;;Blanked.3;-109,521;-94,341;-119,181;-131,779;-141,133;-148,494;-155,216;-157,735;-159,451;-160,754;-161,072;-161,124;-161,919;-162,748;-163,715;-164,371;-164,552;-164,587;-163,42;-159,82;-158,026;-154,962;-153,914;-152,843;-152,926;-154,626;-153,118;-154,519;-153,4;-153,068;-152;-148,823;-149,102;-148,842;-148,689;-149,666;-150,71;-149,207;-147,642;-147,426;-145,271;-145,262;-140,616;-143,982;-135,45;-140,189;-139,947;-141,552;-134,913;-133,831;-134,687;-133,124;-131,318;-129,966;-133,392;-129,671;-126,363;-127,261;-128,76;-127,599;-125,805;-123,837;-124,069;-121,722;-121,033;-118,768;-83,861;-82,802;-81,918;-80,731;-79,058;-77,067;-77,45;-75,46;-76,035;-74,465;-72,739;-70,57;-69,131;-68,58;-64,914;-62,501;-60,189;-57,058;-55,021;-50,768;-49,021;-47,327;-45,347;-43,2;-40,854;-38,745;-36,229;-33,84;-30,849;-28,703;-25,513;-23,204;-19,746;-16,769;-13,929;-10,322;-6,913;-3,287;-0,252;4,067;7,575;11,362;16,342;20,154;23,087;27,38;30,807;35,082;39,014;42,175;45,572;49,696;52,213;55,586;56,537;60,679;63,677;68,673;69,966;72,682;78,174;81,497;85,219;91,276;95,888;105,842;108,238;114,298;118,275;123,357;126,519;133,042;136,671;142,687;146,762;148,931;153,66;160,939;168,808;172,846;171,796;173,696;170,27;172,961;172,277;171,58;176,209;174,876;174,158;174,084;173,694;173,87;174,759
F08;X4;;Blanked.3;-111,95;-96,808;-121,577;-134,609;-143,728;-150,946;-157,416;-159,781;-161,618;-163,07;-163,015;-163,123;-163,771;-164,776;-165,626;-166,238;-166,445;-166,408;-165,488;-161,926;-159,918;-156,955;-156,038;-155,012;-155,03;-156,82;-155,385;-156,478;-155,629;-155,07;-154,152;-151,1;-151,287;-151,113;-150,815;-152,095;-152,97;-151,477;-149,804;-149,914;-147,562;-147,338;-142,978;-146,182;-137,794;-142,475;-141,998;-143,857;-137,047;-136,388;-136,834;-135,352;-133,474;-132,162;-135,631;-131,778;-128,361;-129,086;-130,77;-129,596;-127,991;-125,842;-125,933;-123,723;-123,045;-120,922;-85,986;-85,108;-84,189;-83,074;-81,593;-79,66;-80,113;-78,198;-78,903;-77,435;-75,949;-73,926;-72,843;-72,308;-68,778;-66,694;-63,173;-60,709;-59,974;-55,478;-53,903;-52,212;-50,479;-48,432;-47,011;-45,408;-43,104;-41,113;-38,716;-36,516;-34,47;-31,638;-29,204;-26,795;-24,176;-21,196;-18,37;-15,611;-12,672;-9,206;-5,839;-2,285;0,619;4,107;8,598;11,571;15,596;18,257;22,106;27,306;30,117;34,024;37,078;40,311;41,412;44,27;48,651;52,406;52,302;54,659;58,234;60,23;64,273;67,809;71,774;81,275;82,835;87,965;91,903;98,572;101,627;107,162;111,789;115,588;120,527;123,622;125,17;130,406;131,796;138,281;138,862;145,092;144,18;154,152;161,731;170,662;176,312;174,986;174,267;174,193;173,804;173,98;174,869
F09;X4;;Blanked.3;-109,962;-95,112;-119,707;-132,69;-142,266;-149,554;-156,363;-159,019;-160,909;-162,21;-162,573;-162,572;-163,374;-164,606;-165,104;-165,246;-165,952;-165,779;-164,893;-161,615;-159,352;-156,47;-155,607;-154,344;-154,712;-156,069;-154,661;-155,888;-155,159;-154,407;-153,229;-150,272;-150,373;-150,35;-149,914;-151,034;-152,27;-150,576;-149,145;-149,065;-146,707;-146,831;-142,46;-145,472;-137,147;-141,476;-141,621;-143,137;-136,591;-135,6;-136,166;-134,966;-133,013;-131,662;-134,976;-131,227;-128,092;-128,431;-130,28;-129,313;-127,677;-125,548;-125,819;-123,608;-122,867;-120,5;-85,644;-84,813;-84,05;-82,911;-81,621;-79,589;-79,858;-78,297;-78,409;-77,16;-75,787;-73,686;-72,618;-71,984;-68,543;-66,378;-63,531;-61,014;-59,343;-55,096;-53,5;-51,802;-50,192;-47,96;-46,47;-44,487;-42,203;-40,163;-37,363;-34,777;-32,666;-30,221;-27,39;-24,252;-22,156;-19,514;-16,417;-12,716;-8,605;-6,525;-2,654;1,073;4,484;8,752;12,484;15,87;18,593;22,463;26,219;30,198;34,149;37,226;40,191;43,097;44,407;48,049;52,399;54,863;56,984;57,942;62,302;64,372;68,869;73,442;77,648;86,768;88,577;93,085;98,099;106,139;107,356;113,287;116,114;120,743;125,937;128,353;129,956;135,046;136,246;142,191;144,535;150,1;150,94;158,11;163,268;170,219;176,415;175,092;174,374;174,3;173,91;174,086;174,975
F10;X4;;Blanked.3;-104,008;-88,664;-113,296;-126,379;-135,614;-143,103;-149,856;-152,492;-154,603;-156,049;-156,377;-156,164;-157,022;-158,026;-158,861;-159,594;-159,687;-159,652;-158,754;-154,985;-153,055;-150,24;-149,15;-147,932;-147,965;-149,689;-148,257;-149,432;-148,472;-147,732;-147,097;-143,533;-143,799;-143,509;-143,276;-144,41;-145,176;-143,94;-142,251;-142,1;-139,544;-139,618;-135,362;-138,363;-129,856;-134,404;-134,105;-135,961;-128,949;-128,045;-128,582;-127,263;-125,38;-123,85;-127,342;-123,421;-120,201;-120,92;-122,333;-121,071;-119,279;-117,01;-117,308;-114,993;-114,143;-111,704;-76,717;-75,682;-74,556;-73,373;-71,632;-69,506;-69,434;-67,578;-67,831;-66,074;-64,115;-61,714;-60,274;-59,79;-57,205;-54,73;-51,228;-47,504;-46,149;-41,802;-39,998;-38,151;-35,668;-33,247;-30,615;-27,965;-25,381;-23,156;-20,153;-17,389;-14,466;-11,767;-8,471;-5,461;-2,035;1,847;5,161;8,71;12,332;16,412;20,415;24,598;27,776;30,965;35,725;40,121;43,614;47,162;49,955;52,936;55,529;60,219;61,802;65,785;67,402;71,606;75,83;79,697;81,587;85,118;89,455;93,067;97,847;104,051;109,247;120,858;122,067;126,496;129,362;135,604;137,519;144,072;148,183;150,53;153,759;156,089;154,634;158,414;156,612;159,657;158,832;167,9;168,001;173,232;172,6;171,903;176,532;175,199;174,48;174,406;174,016;174,192;175,081
C06;X1;;Blanked.4;-32,573;-36,274;-42,948;-49,434;-52,754;-56,414;-58,405;-60,469;-61,258;-62,37;-63,272;-62,653;-62,513;-63,054;-64,517;-63,558;-64,154;-64,216;-65,022;-65,068;-64,443;-65,823;-65,716;-65,854;-65,851;-65,52;-65,495;-65,776;-65,884;-64,36;-64,645;-62,475;-63,701;-63,162;-62,079;-62,297;-62,098;-61,431;-60,627;-60,099;-59,848;-59,233;-58,271;-56,661;-55,872;-55,251;-54,396;-53,92;-51,645;-50,608;-49,978;-47,193;-45,824;-44,667;-43,698;-41,411;-39,898;-37,23;-35,939;-32,898;-30,924;-28,82;-25,426;-21,818;-19,106;-16,409;-11,848;-9,278;-5,073;-3,045;-1,063;-0,05;0,135;0,205;0,216;0,222;0,222;0,222;0,221;0,221;0,221;0,221;0,221;0,22;0,221;0,221;0,22;0,22;0,22;0,22;0,22;0,22;0,22;0,22;0,22;0,22;0,22;0,22;0,22;0,219;0,219;0,219;0,219;0,219;0,219;0,219;0,219;0,219;0,219;0,219;0,219;0,218;0,22;0,218;0,217;0,227;0,22;0,26;0,236;0,354;0,347;0,451;0,759;1,12;0,992;1,261;3,556;3,034;3,998;6,404;5,983;5,775;5,95;4,328;3,529;2,272;1,762;1,091;0,766;0,764;0,863;0,982;1,881;2,895;1,447;1,342;2,549;2,354;3,196;2,077;3,548;3,227;4,274;4,717;5,475;4,452;3,865;5,034;4,6
C07;X1;;Blanked.4;-27,75;-31,566;-38,77;-45,64;-50,712;-53,311;-56,267;-57,796;-59,288;-60,774;-60,799;-62,105;-63,483;-63,227;-63,388;-64,55;-64,058;-64,79;-65,025;-65,506;-65,296;-66,536;-66,312;-66,032;-66,409;-66,821;-66,503;-67,573;-66,666;-66,715;-66,537;-65,851;-65,097;-65,721;-64,866;-63,368;-63,12;-62,991;-61,32;-61,112;-61,631;-60,192;-59,746;-57,871;-57,83;-57,015;-56,305;-55,905;-53,856;-52,172;-51,614;-49,118;-48,295;-46,015;-45,547;-43,326;-40,685;-38,994;-36,73;-34,031;-32,298;-27,877;-26,22;-22,638;-20,057;-13,992;-11,442;-7,961;-4,203;-1,746;-0,517;0,088;0,284;0,321;0,325;0,332;0,331;0,331;0,33;0,33;0,33;0,33;0,33;0,329;0,329;0,33;0,329;0,329;0,329;0,329;0,328;0,328;0,329;0,328;0,328;0,328;0,328;0,328;0,328;0,328;0,327;0,327;0,327;0,327;0,327;0,327;0,326;0,327;0,327;0,327;0,326;0,325;0,327;0,325;0,324;0,334;0,327;0,366;0,343;0,461;0,454;0,558;0,866;1,227;1,099;1,368;3,663;3,141;4,105;6,51;6,089;5,881;6,056;4,434;3,636;2,378;1,869;1,198;0,872;0,871;0,969;1,088;1,987;3,002;1,553;1,448;2,655;2,46;3,303;2,183;3,655;3,333;4,38;4,823;5,581;4,558;3,971;5,14;4,707
C08;X1;;Blanked.4;-19,281;-23,934;-29,793;-35,872;-40,497;-43,888;-46,468;-48,796;-49,334;-50,692;-51,74;-51,836;-52,647;-51,987;-52,717;-52,367;-53,925;-52,65;-54,431;-53,821;-54,557;-53,851;-54,266;-54,454;-54,011;-54,776;-54,137;-54,926;-53,999;-53,464;-53,696;-52,715;-52,993;-51,038;-51,817;-51,346;-50,338;-49,703;-49,528;-48,54;-47,591;-46,54;-46,743;-44,969;-44,233;-42,803;-42,837;-41,868;-40,463;-39,466;-37,83;-35,276;-34,761;-32,895;-31,285;-30,048;-27,562;-25,704;-23,227;-20,266;-16,947;-15,014;-11,425;-8,319;-5,436;-3,198;-1,271;-0,317;0,291;0,394;0,439;0,439;0,44;0,442;0,442;0,441;0,44;0,44;0,439;0,439;0,439;0,439;0,439;0,437;0,438;0,438;0,437;0,437;0,437;0,437;0,437;0,437;0,437;0,436;0,436;0,436;0,436;0,436;0,436;0,436;0,435;0,435;0,435;0,435;0,435;0,435;0,434;0,434;0,434;0,434;0,434;0,433;0,435;0,433;0,431;0,441;0,433;0,473;0,45;0,567;0,561;0,665;0,972;1,334;1,206;1,475;3,769;3,248;4,212;6,617;6,196;5,987;6,162;4,54;3,742;2,484;1,975;1,304;0,979;0,977;1,075;1,195;2,094;3,108;1,66;1,554;2,761;2,566;3,409;2,289;3,761;3,439;4,486;4,929;5,688;4,665;4,077;5,246;4,813
C09;X1;;Blanked.4;-30,687;-34,667;-40,208;-47,66;-50,624;-54,614;-56,234;-58,946;-60,458;-61,604;-61,802;-61,888;-62,449;-62,3;-62,2;-63,606;-63,315;-63,286;-64,203;-64,206;-63,545;-64,321;-64,21;-65,016;-64,644;-64,77;-64,102;-64,934;-64,692;-63,428;-63,516;-62,947;-61,671;-61,617;-61,764;-59,834;-59,893;-59,722;-58,839;-57,881;-56,995;-56,443;-55,123;-53,408;-53,53;-51,965;-50,86;-50,262;-48,809;-47,599;-45,895;-43,558;-41,522;-40,07;-37,876;-36,74;-33,929;-30,531;-27,633;-25,721;-22,537;-18,654;-15,023;-11,54;-8,027;-4,439;-1,781;-0,505;0,199;0,479;0,542;0,548;0,556;0,555;0,555;0,554;0,553;0,553;0,552;0,551;0,551;0,551;0,551;0,549;0,55;0,55;0,549;0,549;0,549;0,549;0,549;0,549;0,549;0,548;0,548;0,548;0,547;0,547;0,547;0,547;0,546;0,546;0,547;0,546;0,546;0,546;0,545;0,546;0,546;0,546;0,545;0,544;0,545;0,543;0,542;0,551;0,544;0,584;0,56;0,678;0,671;0,775;1,083;1,444;1,316;1,585;3,879;3,358;4,322;6,727;6,306;6,097;6,272;4,65;3,852;2,594;2,085;1,414;1,089;1,086;1,185;1,304;2,203;3,218;1,769;1,664;2,871;2,676;3,518;2,399;3,871;3,549;4,596;5,038;5,797;4,775;4,187;5,356;4,922
C10;X1;;Blanked.4;-49,309;-52,86;-57,807;-65,522;-69,032;-71,941;-73,732;-74,367;-76,421;-76,933;-78,174;-78,625;-78,067;-78,669;-79,328;-80,162;-80,26;-80,255;-80,484;-80,44;-81,502;-79,991;-80,249;-80,493;-80,602;-80,96;-80,853;-80,974;-80,245;-80,043;-80,056;-79,844;-78,335;-77,393;-76,806;-76,344;-75,895;-75,23;-73,841;-73,893;-71,881;-71,678;-71,065;-69,876;-69,096;-67,571;-65,749;-65,871;-64,26;-63,257;-61,223;-59,407;-57,562;-55,567;-54,105;-51,561;-50,203;-47,568;-45,291;-42,395;-38,754;-35,964;-33,268;-30,255;-25,151;-21,223;-17,122;-13;-8,484;-4,375;-1,389;-0,131;0,464;0,632;0,658;0,656;0,662;0,662;0,661;0,66;0,66;0,66;0,66;0,658;0,659;0,659;0,658;0,658;0,658;0,657;0,657;0,657;0,657;0,656;0,656;0,656;0,655;0,655;0,655;0,655;0,654;0,654;0,655;0,654;0,654;0,654;0,653;0,653;0,653;0,653;0,652;0,651;0,653;0,651;0,649;0,658;0,651;0,69;0,667;0,784;0,778;0,882;1,189;1,551;1,422;1,692;3,986;3,465;4,429;6,833;6,412;6,203;6,379;4,756;3,958;2,701;2,191;1,52;1,195;1,193;1,291;1,411;2,31;3,324;1,876;1,77;2,977;2,782;3,625;2,505;3,977;3,656;4,702;5,144;5,904;4,881;4,293;5,462;5,029
D06;X2;;Blanked.4;-9,77;-13,819;-20,73;-27,379;-31,424;-34,779;-37,221;-39,511;-40,488;-41,752;-42,394;-43,046;-43,402;-43,932;-44,547;-43,742;-43,517;-43,081;-45,138;-44,204;-43,404;-44,029;-44,16;-44,905;-44,397;-44,936;-44,639;-44,813;-45,257;-44,301;-44,623;-44,043;-43,783;-43,494;-43,42;-43,321;-43,202;-40,652;-40,812;-41,286;-40,389;-39,554;-38,732;-39,185;-38,648;-37,031;-36,875;-37,184;-36,594;-36,674;-36,83;-36,544;-36,71;-34,94;-33,917;-32,944;-33,757;-32,149;-32,267;-33,052;-33,392;-31,371;-30,339;-31,614;-30,932;-30,436;-29,319;-27,456;-28,735;-28,054;-27,696;-27,634;-26,924;-24,556;-24,545;-25,923;-25,031;-23,972;-24,688;-24,608;-22,366;-22,384;-23,397;-22,935;-21,536;-19,835;-21,987;-20,665;-19,88;-19,563;-20,331;-19,884;-18,429;-17,447;-16,778;-17,956;-17,239;-16,046;-15,765;-16,563;-15,214;-14,521;-14,323;-13,776;-12,693;-13,021;-13,728;-12,345;-11,866;-11,005;-10,265;-11,01;-9,679;-10,049;-8,539;-8,11;-8,782;-7,24;-8,011;-7,421;-6,288;-6,56;-5,587;-6,957;-6,509;-6,086;-5,549;-4,874;-5,062;-4,785;-4,804;-4,224;-3,588;-3,786;-3,463;-4,14;-2,954;-2,921;-3,032;-3,969;-3,078;-2,874;-2,88;-2,558;-2,745;-2,465;-2,51;-2,542;-2,258;-1,782;-2,257;-1,823;-1,851;-1,414;-1,468;-1,448;-1,401;-1,294;-1,305
D07;X2;;Blanked.4;-33,077;-38,054;-44,52;-50,821;-55,447;-59,065;-61,408;-63,279;-63,953;-65,625;-65,818;-67,027;-67,797;-66,8;-67,657;-67,151;-66,435;-67,47;-68,345;-67,934;-67,981;-68,619;-67,822;-68,105;-69,258;-68,175;-68,935;-68,229;-66,723;-67,815;-68,64;-67,937;-67,314;-67,351;-66,806;-66,149;-67,383;-65,882;-66,257;-65,267;-65,037;-63,834;-63,195;-62,118;-61,667;-61,244;-60,603;-60,853;-62,241;-60,858;-61,058;-60,917;-59,669;-59,088;-58,507;-59,721;-58,998;-58,396;-58,444;-59,248;-58,086;-57,315;-57,716;-58,515;-55,894;-56,313;-56,283;-55,669;-54,855;-53,571;-53,996;-54,479;-52,826;-52;-50,776;-51,669;-50,249;-49,905;-49,12;-49,103;-48,845;-47,068;-46,394;-47,577;-47,872;-46,875;-46,035;-45,13;-46,714;-44,559;-44,391;-44,824;-43,344;-43,127;-42,048;-42,427;-42,728;-41,372;-41,674;-40,687;-40,525;-40,211;-40,008;-38,279;-39,299;-39,05;-37,577;-37,006;-38,635;-36,306;-35,485;-37,164;-35,21;-34,615;-34,958;-34,308;-34,456;-32,82;-33,636;-32,162;-33,031;-32,867;-31,393;-32,074;-32,116;-32,214;-31,025;-31,336;-29,865;-31,506;-29,502;-28,876;-28,95;-29,002;-28,443;-29,683;-28,737;-26,62;-28,078;-27,281;-27,471;-28,707;-28,538;-27,054;-26,93;-26,036;-27,096;-27,548;-26,075;-26,245;-26,04;-25,272;-26,202;-26,324;-25,347;-25,371;-25,441;-24,115;-24,589
D08;X2;;Blanked.4;-39,111;-42,898;-49,377;-55,844;-59,794;-62,43;-65,185;-65,744;-68;-68,407;-68,953;-69,839;-69,056;-69,859;-69,807;-70,23;-69,791;-69,67;-70,214;-70,554;-70,466;-70,308;-69,695;-71,128;-70,768;-70,454;-70,801;-71,489;-71,622;-70,096;-71,021;-70,537;-70,549;-68,872;-68,279;-69,962;-69,574;-69,448;-67,736;-67,647;-67,249;-66,095;-64,45;-64,82;-63,276;-63,065;-60,564;-61,583;-61,838;-60,772;-61,665;-60,699;-61,3;-60,836;-59,051;-60,864;-60,35;-59,885;-57,896;-59,091;-59,502;-59,005;-59,066;-58,451;-57,591;-55,885;-57,654;-55,744;-54,261;-53,185;-53,829;-54,044;-54,053;-52,449;-52,88;-52,746;-50,689;-50,947;-50,536;-48,5;-49,323;-49,711;-48,478;-47,619;-46,989;-45,928;-46,182;-46,379;-45,479;-44,548;-46,236;-45,61;-43,553;-43,752;-43,053;-42,546;-43,927;-43,302;-42,57;-40,729;-41,958;-41,452;-40,777;-41,001;-41,577;-40,184;-40,091;-39,745;-39,709;-39,813;-37,799;-39,068;-37,521;-37,618;-36,87;-34,881;-36,791;-34,881;-34,927;-36,231;-35,892;-35,175;-34,214;-33,757;-36,194;-35,232;-34,082;-34,147;-33,508;-32,49;-32,168;-33,336;-31,467;-31,258;-32,819;-33,089;-31,492;-31,235;-30,706;-31,11;-31,011;-31,711;-31,634;-31,605;-28,263;-30,394;-29,089;-29,467;-30,248;-28,465;-29,09;-26,677;-28,567;-27,806;-28,366;-28,658;-28,045;-27,091;-26,329
D09;X2;;Blanked.4;-36,679;-40,915;-47,005;-53,487;-57,677;-60,989;-63,536;-64,111;-64,963;-66,032;-66,896;-67,69;-66,743;-67,85;-68,165;-68,239;-67,202;-68,016;-66,642;-68,34;-67,588;-68,086;-68,994;-68,818;-68,707;-68,001;-69,25;-69,931;-70,538;-69,256;-68,956;-68,814;-68,209;-67,767;-68,812;-67,054;-66,786;-66,367;-65,882;-65,281;-63,796;-63,99;-61,43;-61,294;-61,301;-60,277;-59,677;-60,022;-60,272;-60,99;-59,19;-59,596;-59,651;-58,38;-58,3;-56,614;-57,278;-58,214;-56,815;-56,464;-57,145;-57,937;-56,076;-55,747;-56,051;-54,576;-53,83;-52,89;-52,538;-51,19;-51,303;-50,116;-49,293;-49,885;-47,657;-48,472;-48,41;-46,919;-47,078;-46,369;-45,157;-45,383;-45,208;-44,386;-44,814;-45,055;-44,142;-43,495;-43,692;-44,132;-41,603;-42,564;-42,169;-41,945;-42,24;-41,018;-41,421;-40,717;-40,047;-39,635;-41,481;-38,705;-40,558;-39,739;-40,262;-39,565;-38,536;-37,875;-37,978;-38,266;-36,893;-36,357;-34,978;-36,968;-36,132;-36,086;-35,75;-34,44;-34,554;-33,485;-34,378;-33,108;-32,833;-32,791;-34,176;-32,879;-32,267;-32,947;-32,241;-30,977;-30,127;-30,677;-29,925;-29,396;-30,162;-30,012;-29,557;-29,109;-29,159;-29,694;-29,107;-29,739;-28,435;-27,218;-27,907;-27,378;-25,983;-27,404;-26,846;-26,553;-26,514;-26,2;-24,152;-25,519;-26,524;-25,598;-25,14;-24,653;-23,89
D10;X2;;Blanked.4;-40,138;-44,821;-51,004;-58,239;-61,065;-63,411;-66,295;-67,51;-68,722;-69,509;-70,497;-70,519;-70,823;-69,373;-71,728;-71,581;-71,969;-70,992;-71,986;-73,478;-73,539;-72,284;-72,821;-72,878;-73,505;-75,171;-74,836;-74,573;-73,182;-75,073;-74,91;-74,04;-73,246;-72,517;-72,832;-70,669;-71,868;-70,344;-69,389;-69,376;-67,628;-67,348;-67,35;-65,981;-65,031;-64,822;-64,107;-64,071;-65,448;-64,16;-63,176;-63,864;-63,617;-63,317;-62,502;-61,853;-62,228;-61,978;-60,895;-61,918;-60,622;-61,234;-61,085;-60,267;-59,587;-58,17;-58,32;-58,786;-56,226;-55,864;-54,315;-53,594;-53,294;-53,018;-51,826;-53,067;-51,137;-50,437;-50,895;-49,679;-50,267;-49,711;-49,113;-46,779;-46,712;-47,127;-45,398;-45,679;-46,231;-45,391;-46,061;-45,628;-44,214;-43,696;-44,191;-43,882;-43,255;-41,654;-41,141;-40,882;-41,899;-40,642;-40,802;-40,138;-39,74;-39,739;-38,626;-37,211;-38,19;-38,061;-37,493;-36,631;-36,469;-35,975;-35,248;-34,391;-34,608;-34,322;-34,351;-33,634;-33,841;-31,83;-32,264;-32,653;-33,017;-31,483;-31,39;-31,629;-30,329;-30,895;-28,165;-30,049;-29,221;-28,453;-29,259;-28,922;-28,373;-27,844;-27,848;-27,844;-27,7;-27,332;-27,383;-26,323;-26,995;-26,683;-25,688;-23,9;-25,38;-24,884;-25,196;-24,654;-24,629;-22,729;-22,943;-23,227;-24,047;-22,417;-22,014
E06;X3;;Blanked.4;-30,853;-35,848;-42,603;-49,494;-53,797;-57,771;-60,334;-63,077;-64,668;-65,662;-66,937;-65,578;-66,713;-66,561;-66,875;-67,245;-67,313;-65,908;-67,137;-65,627;-64,086;-66,923;-67,173;-67,03;-66,968;-67,422;-64,345;-65,699;-68,152;-63,027;-66,6;-64,654;-67,221;-63,005;-64,315;-65,299;-64,457;-60,471;-62,179;-60,367;-59,791;-61,171;-62,16;-59,165;-60,749;-53,946;-55,928;-59,028;-55,788;-52,474;-53,691;-52,357;-52,425;-47,975;-49,877;-43,374;-44,769;-43,658;-41,138;-38,211;-33,897;-31,63;-26,835;-29,715;-24,453;-22,239;-18,587;-12,715;-17,088;-8,507;-10,77;0,681;1,472;4,096;10,372;9,63;16,662;22,514;21,379;23,7;25,278;17,829;24,198;26,41;25,805;23,595;24,595;25,861;23,918;23,626;26,52;25,98;25,375;26,638;25,253;26,853;21,795;24,119;26,807;25,17;24,977;25,673;26,064;25,937;25,567;26,189;25,331;24,89;26,375;26,79;26,244;25,829;26,345;25,686;26,044;26,158;26,063;26,13;25,715;25,86;26,087;26,053;26,122;25,885;25,661;25,722;25,934;26,076;26,013;25,792;25,796;25,702;25,908;25,515;25,529;25,264;25,155;25,431;25,555;25,286;25,877;25,499;25,339;24,733;25,021;24,834;25,583;25,004;25,063;26,149;25,178;25,769;25,148;25,27;25,49;25,454;25,513;25,159;25,17
E07;X3;;Blanked.4;-57,481;-62,357;-69,259;-75,658;-80,331;-83,811;-86,392;-87,669;-89,33;-90,607;-91,222;-90,635;-92,272;-91,261;-92,002;-90,989;-92,974;-90,016;-92,88;-90,263;-89,023;-91,89;-92,757;-91,465;-91,951;-92,999;-89,775;-91,669;-91,203;-88,186;-91,422;-89,894;-90,758;-88,037;-88,171;-89,159;-88,957;-84,321;-86,994;-85,376;-83,822;-85,586;-86,609;-84,406;-84,885;-78,426;-79,653;-83,683;-80,708;-76,679;-76,865;-75,898;-74,891;-71,594;-70,551;-66,637;-68,525;-67,515;-65,106;-60,729;-58,984;-55,889;-50,025;-53,209;-46,172;-46,289;-41,527;-36,082;-39,449;-32,2;-34,805;-23,405;-22,368;-19,742;-13,487;-13,836;-5,749;1,88;2,53;9,427;14,439;10,346;20,139;24,993;25,451;23,602;24,69;25,966;24,03;23,738;26,632;26,092;25,487;26,75;25,364;26,965;21,906;24,23;26,919;25,282;25,088;25,784;26,175;26,049;25,679;26,3;25,442;25,001;26,487;26,901;26,355;25,94;26,456;25,796;26,154;26,268;26,173;26,24;25,825;25,97;26,197;26,164;26,232;25,995;25,771;25,833;26,044;26,186;26,123;25,902;25,906;25,812;26,018;25,625;25,639;25,374;25,265;25,541;25,665;25,395;25,987;25,609;25,449;24,843;25,131;24,944;25,693;25,114;25,173;26,258;25,288;25,879;25,258;25,38;25,6;25,563;25,623;25,268;25,28
E08;X3;;Blanked.4;-58,821;-63,271;-70,034;-75,553;-79,054;-83,219;-85,05;-86,898;-88,32;-89,286;-90,571;-89,725;-90,909;-90,438;-89,139;-90,343;-91,713;-89,251;-91,882;-90,046;-88,187;-90,052;-91,369;-91,295;-86,514;-90,929;-87,672;-89,308;-90,73;-86,544;-90,919;-88,954;-89,595;-86,28;-87,252;-86,993;-88,147;-83,861;-85,069;-81,897;-83,277;-84,833;-84,564;-83,359;-83,43;-76,384;-78,655;-81,473;-78,846;-74,822;-75,64;-75,206;-74,27;-70,707;-71,127;-65,727;-64,895;-65,776;-62,558;-58,777;-55,672;-54,235;-47,832;-51,165;-43,181;-42,356;-39,772;-33,014;-35,342;-30,067;-31,971;-20,429;-20,915;-17,065;-10,927;-10,423;-2,409;2,708;5,145;11,083;16,146;12,504;21,549;25,462;25,875;23,745;24,809;26,075;24,138;23,846;26,741;26,2;25,595;26,858;25,473;27,073;22,014;24,338;27,027;25,39;25,196;25,892;26,283;26,156;25,787;26,408;25,549;25,109;26,594;27,009;26,463;26,048;26,563;25,904;26,261;26,375;26,28;26,347;25,932;26,077;26,304;26,27;26,339;26,102;25,877;25,939;26,151;26,293;26,23;26,009;26,013;25,918;26,124;25,731;25,745;25,48;25,371;25,647;25,772;25,502;26,093;25,715;25,555;24,949;25,237;25,05;25,799;25,22;25,279;26,365;25,394;25,986;25,364;25,486;25,706;25,67;25,729;25,374;25,386
E09;X3;;Blanked.4;-58,368;-61,88;-68,469;-74,023;-78,722;-81,33;-82,378;-84,3;-86,029;-85,95;-87,632;-86,453;-88,714;-87,495;-89,371;-86,357;-87,539;-86,083;-87,323;-84,567;-84,701;-86,64;-87,785;-88,338;-85,991;-87,192;-84,214;-85,792;-87,328;-82,85;-86,871;-83,636;-84,291;-83,506;-79,972;-83,491;-83,343;-79,124;-79,75;-79,375;-78,148;-79,608;-80,062;-76,975;-78,126;-72,181;-73,592;-75,791;-72,74;-70,342;-68,278;-67,656;-69,161;-65,399;-64,783;-59,734;-59,451;-59,288;-56,528;-52,419;-49,448;-47,076;-40,668;-44,098;-37,293;-35,6;-32,464;-25,648;-29,533;-21,31;-24,834;-13,044;-11,515;-9,245;-2,5;-3,005;5,044;11,049;14,23;19,049;23,181;17,257;24,345;26,718;26,135;23,924;24,924;26,19;24,247;23,955;26,849;26,308;25,704;26,966;25,581;27,181;22,122;24,446;27,135;25,498;25,304;25,999;26,391;26,264;25,894;26,516;25,657;25,216;26,702;27,116;26,571;26,155;26,671;26,011;26,368;26,482;26,387;26,454;26,039;26,184;26,411;26,377;26,445;26,209;25,984;26,046;26,257;26,4;26,337;26,116;26,119;26,025;26,23;25,838;25,851;25,586;25,478;25,754;25,878;25,608;26,199;25,822;25,662;25,056;25,344;25,156;25,905;25,326;25,385;26,471;25,501;26,092;25,471;25,592;25,813;25,776;25,835;25,48;25,492
E10;X3;;Blanked.4;0,076;-4,698;-6,638;-17,499;-22,48;-21,349;-23,788;-24,686;-25,845;-26,241;-25,765;-28,334;-24,254;-24,04;-24,765;-23,435;-21,196;-21,197;-26,444;-22,667;-22,847;-22,205;-21,67;-24,947;-23,049;-25,141;-20,731;-19,229;-22,538;-15,868;-18,059;-18,902;-18,757;-18,438;-17,843;-15,999;-20,22;-16,422;-17,549;-16,793;-10,633;-17,042;-19,089;-19,114;-14,985;-11,164;-10,321;-19,704;-14,879;-6,689;-9,61;-10,149;-11,295;-3,919;-6,579;-3,056;0,073;0,153;6,543;8,155;10,716;10,793;15,726;11,552;18,113;18,203;20,685;25,32;19,069;23,965;18,237;25,767;23,565;22,764;25,174;20,889;24,591;26,56;23,868;24,936;26,008;18,342;24,654;26,855;26,25;24,036;25,036;26,302;24,359;24,067;26,961;26,42;25,816;27,078;25,692;27,293;22,234;24,558;27,246;25,609;25,415;26,111;26,502;26,375;26,006;26,627;25,768;25,328;26,813;27,227;26,682;26,266;26,781;26,122;26,479;26,593;26,497;26,564;26,15;26,294;26,521;26,487;26,556;26,319;26,094;26,157;26,367;26,51;26,447;26,226;26,229;26,135;26,34;25,947;25,961;25,696;25,587;25,863;25,988;25,717;26,309;25,931;25,771;25,165;25,453;25,266;26,015;25,436;25,495;26,581;25,61;26,202;25,58;25,702;25,923;25,886;25,945;25,59;25,602
F06;X4;;Blanked.4;-5,12;-3,649;-6,603;-10,295;-12,714;-13,785;-14,197;-15,344;-15,527;-16,238;-15,982;-16,054;-16,111;-16,16;-16,189;-16,969;-16,88;-16,905;-16,874;-17,066;-18,037;-18,227;-18,112;-18,113;-18,356;-18,566;-18,728;-18,984;-18,686;-19,175;-18,762;-18,743;-18,755;-18,885;-18,699;-18,53;-18,272;-18,322;-17,546;-17,205;-16,758;-17,197;-16,183;-15,781;-15,721;-14,379;-14,157;-14,215;-13,68;-12,385;-11,772;-10,806;-9,695;-9,26;-7,608;-6,985;-5,28;-4,273;-3,016;-1,38;-0,377;1,937;4,375;5,647;7,251;9,179;18,741;20,826;23,156;26,239;27,665;30,222;32,396;32,864;32,315;32,602;32,64;33,58;32,937;32,738;33,119;34,362;37,271;37,66;35,826;43,675;43,754;44,103;44,409;44,075;43,76;44,454;43,863;43,875;43,592;43,908;43,717;43,549;43,47;43,281;43,542;43,228;43,372;43,088;42,825;42,643;43,249;42,847;42,921;43,24;42,689;42,456;42,321;42,09;41,95;41,623;41,991;41,731;41,573;41,598;41,492;41,331;41,216;41,339;41,294;41,537;40,93;41,346;40,873;40,732;40,806;40,527;40,709;40,576;40,605;40,407;40,364;40,469;40,15;40,204;40,28;40,232;40,212;40,348;40,48;40,118;40,208;40,157;40,38;40,249;40,361;40,394;40,113;40,064;40,33;40,015;40,178;40,167;40,422
F07;X4;;Blanked.4;-29,474;-27,925;-30,761;-33,943;-37,121;-38,261;-39,481;-39,498;-41,012;-41,522;-41,602;-42,167;-42,616;-43,069;-42,906;-42,437;-43,12;-43,061;-43,584;-43,412;-43,754;-43,911;-45,042;-44,323;-44,622;-45,078;-45,272;-44,936;-45,188;-45,704;-45,807;-44,998;-44,756;-45,121;-45,183;-44,797;-44,458;-43,835;-44,574;-43,68;-43,536;-43,017;-42,737;-42,024;-41,473;-40,63;-39,619;-40,467;-39,246;-38,329;-36,879;-36,965;-34,795;-34,469;-33,518;-32,059;-30,529;-29,157;-28,555;-26,865;-25,425;-23,143;-21,276;-19,214;-17,304;-15,57;-5,738;-3,228;-1,28;2,946;4,739;7,598;10,92;13,141;15,847;19,487;22,96;27,305;29,528;31,52;32,81;34,345;37,334;37,758;35,931;43,783;43,863;44,212;44,517;44,184;43,868;44,562;43,972;43,983;43,7;44,016;43,825;43,657;43,578;43,389;43,65;43,336;43,48;43,196;42,933;42,751;43,357;42,955;43,028;43,348;42,796;42,564;42,428;42,198;42,057;41,73;42,098;41,838;41,68;41,705;41,599;41,438;41,323;41,446;41,401;41,644;41,037;41,453;40,98;40,839;40,913;40,633;40,816;40,682;40,712;40,514;40,47;40,576;40,256;40,31;40,386;40,338;40,318;40,454;40,586;40,224;40,314;40,263;40,486;40,355;40,468;40,5;40,22;40,17;40,437;40,122;40,285;40,274;40,529
F08;X4;;Blanked.4;-36,481;-34,27;-36,967;-39,039;-41,022;-39,851;-40,792;-41,297;-41,915;-41,552;-42,413;-41,798;-42,284;-41,798;-41,585;-42,512;-41,89;-42,687;-42,345;-42,974;-42,183;-43,447;-43,054;-43,822;-43,186;-44,565;-44,527;-45,059;-44,392;-44,755;-45,452;-44,825;-44,241;-45,205;-44,855;-44,892;-41,694;-44,522;-43,852;-43,018;-42,927;-42,57;-42,135;-41,481;-41,673;-41,519;-39,711;-40,649;-38,839;-37,475;-37,493;-35,919;-35,202;-34,208;-32,273;-30,801;-30,014;-28,334;-26,808;-23,998;-23,897;-22,168;-19,633;-17,769;-16,41;-14,682;-4,168;-2,409;-0,335;3,603;4,547;6,264;10,694;12;13,421;17,228;19,818;24,876;26,583;28,961;30,998;33,562;37,197;37,629;35,949;43,878;43,968;44,324;44,629;44,295;43,98;44,674;44,083;44,095;43,811;44,128;43,937;43,768;43,69;43,5;43,761;43,447;43,591;43,307;43,044;42,862;43,468;43,066;43,14;43,459;42,907;42,674;42,539;42,308;42,168;41,84;42,208;41,949;41,79;41,815;41,709;41,548;41,433;41,557;41,511;41,754;41,147;41,564;41,09;40,949;41,023;40,743;40,926;40,792;40,821;40,624;40,58;40,685;40,366;40,419;40,496;40,448;40,428;40,564;40,696;40,334;40,424;40,373;40,596;40,465;40,577;40,61;40,329;40,279;40,546;40,231;40,394;40,383;40,638
F09;X4;;Blanked.4;-30,925;-29,675;-32,525;-35,845;-38,284;-38,83;-39,167;-41,404;-41,648;-41,797;-42,518;-43,205;-41,931;-42,978;-43,602;-43,474;-44,305;-42,783;-43,729;-43,171;-44,993;-43,139;-44,567;-44,166;-45,212;-46,139;-45,328;-45,389;-45,012;-44,632;-45,515;-45,368;-45,066;-45,283;-44,399;-44,723;-43,592;-44,189;-45,172;-44,222;-42,866;-42,808;-43,276;-42,422;-42,684;-41,761;-40,804;-40,489;-39,324;-39,182;-38,79;-36,412;-35,863;-34,945;-34,63;-33,551;-31,534;-29,64;-28,859;-27,233;-26,008;-23,947;-21,98;-20,038;-18,73;-17,192;-6,689;-5,007;-1,643;0,906;1,504;4,923;8,188;9,845;11,476;13,847;17,828;22,291;25,317;28,055;31,1;33,748;36,91;37,618;36,103;43,987;44,08;44,429;44,737;44,404;44,088;44,782;44,192;44,203;43,92;44,236;44,045;43,876;43,798;43,608;43,869;43,555;43,699;43,415;43,152;42,97;43,576;43,174;43,247;43,567;43,015;42,782;42,646;42,416;42,275;41,947;42,315;42,055;41,897;41,922;41,816;41,655;41,54;41,664;41,617;41,861;41,254;41,671;41,197;41,055;41,129;40,849;41,032;40,898;40,928;40,73;40,687;40,792;40,472;40,526;40,602;40,554;40,534;40,67;40,802;40,44;40,53;40,479;40,702;40,571;40,684;40,716;40,435;40,385;40,653;40,338;40,5;40,489;40,744
F10;X4;;Blanked.4;-13,953;-11,934;-15,728;-18,517;-21,538;-22,789;-24,283;-25,963;-26,992;-28,403;-28,676;-29,178;-29,942;-29,667;-30,546;-31,034;-30,442;-30,63;-31,236;-32,396;-30,93;-31,538;-31,712;-32,133;-32,058;-32,736;-32,368;-32,293;-32,721;-32,496;-32,618;-32,168;-31,584;-31,839;-31,795;-30,948;-30,867;-30,897;-30,181;-29,688;-29,075;-28,911;-28,65;-27,903;-27,275;-26,45;-25,712;-25,671;-24,673;-23,684;-22,527;-21,834;-19,787;-19,176;-17,704;-16,463;-14,505;-14,16;-12,131;-9,658;-7,959;-6,279;-4,192;-1,356;0,465;2,786;12,837;15,167;18,509;22,378;24,547;28,141;31,712;32,539;32,608;32,948;33,108;34,034;33,384;33,177;33,558;34,801;37,71;38,097;36,264;44,113;44,192;44,541;44,846;44,512;44,196;44,891;44,3;44,311;44,028;44,344;44,153;43,984;43,906;43,716;43,977;43,663;43,807;43,523;43,26;43,077;43,683;43,282;43,355;43,674;43,122;42,889;42,753;42,523;42,382;42,054;42,422;42,162;42,004;42,029;41,923;41,762;41,647;41,771;41,724;41,968;41,361;41,778;41,304;41,162;41,236;40,956;41,139;41,004;41,034;40,836;40,793;40,898;40,578;40,632;40,708;40,66;40,641;40,777;40,908;40,546;40,636;40,585;40,808;40,677;40,79;40,823;40,542;40,491;40,759;40,444;40,607;40,595;40,85
C03;B1;;Cal.Biomass[DCW [g/L]]:FS=2;0;0;0;0;0;0;0;0;0;0;0;0;0;0;0;0;0;0;0;0;0;0;0;0;0;0;0;0;0;0;0;0;0;0;0;0;0;0;0;0;0;0;0;0;0;0;0;0;0;0;0;0;0;0;0;0;0;0;0;0;0;0;0;0;0;0;0;0;0;0;0;0;0;0;0;0;0;0;0;0;0;0;0;0;0;0;0;0;0;0;0;0;0;0;0;0;0;0;0;0;0;0;0;0;0;0;0;0;0;0;0;0;0;0;0;0;0;0;0;0;0;0;0;0;0;0;0;0;0;0;0;0;0;0;0;0;0;0;0;0;0;0;0;0;0;0;0;0;0;0;0;0;0;0;0;0;0;0;0
C04;B1;;Cal.Biomass[DCW [g/L]]:FS=2;0;0;0;0;0;0;0;0;0;0;0;0;0;0;0;0;0;0;0;0;0;0;0;0;0;0;0;0;0;0;0;0;0;0;0;0;0;0;0;0;0;0;0;0;0;0;0;0;0;0;0;0;0;0;0;0;0;0;0;0;0;0;0;0;0;0;0;0;0;0;0;0;0;0;0;0;0;0;0;0;0;0;0;0;0;0;0;0;0;0;0;0;0;0;0;0;0;0;0;0;0;0;0;0;0;0;0;0;0;0;0;0;0;0;0;0;0;0;0;0;0;0;0;0;0;0;0;0;0;0;0;0;0;0;0;0;0;0;0;0;0;0;0;0;0;0;0;0;0;0;0;0;0;0;0;0;0;0;0
C05;B1;;Cal.Biomass[DCW [g/L]]:FS=2;0;0;0;0;0;0;0;0;0;0;0;0;0;0;0;0;0;0;0;0;0;0;0;0;0;0;0;0;0;0;0;0;0;0;0;0;0;0;0;0;0;0;0;0;0;0;0;0;0;0;0;0;0;0;0;0;0;0;0;0;0;0;0;0;0;0;0;0;0;0;0;0;0;0;0;0;0;0;0;0;0;0;0;0;0;0;0;0;0;0;0;0;0;0;0;0;0;0;0;0;0;0;0;0;0;0;0;0;0;0;0;0;0;0;0;0;0;0;0;0;0;0;0;0;0;0;0;0;0;0;0;0;0;0;0;0;0;0;0;0;0;0;0;0;0;0;0;0;0;0;0;0;0;0;0;0;0;0;0
C06;X1;;Cal.Biomass[DCW [g/L]]:FS=2;0;0;0;0;0;0;0;0;0;0;0;0;0;0;0;0;0;0;0;0;0;0;0;0;0;0;0;0;0;0;0;0;0;0;0;0;0;0;0;0;0;0;0;0;0;0;0;0;0;0;0;0;0;0;0;0;0;0;0;0;0;0;0;0;0;0;0;0;0;0;0;0;0;0;0;0;0;0;0;0;0;0;0;0;0;0;0;0;0;0;0;0;0;0;0;0;0;0;0;0;0;0;0;0;0;0;0;0;0;0;0;0;0;0;0;0;0;0;0;0;0;0;0;0;0;0;0;0;0;0;0;0;0;0;0;0;0;0;0;0;0;0;0;0;0;0;0;0;0;0;0;0;0;0;0;0;0;0;0
C07;X1;;Cal.Biomass[DCW [g/L]]:FS=2;0;0;0;0;0;0;0;0;0;0;0;0;0;0;0;0;0;0;0;0;0;0;0;0;0;0;0;0;0;0;0;0;0;0;0;0;0;0;0;0;0;0;0;0;0;0;0;0;0;0;0;0;0;0;0;0;0;0;0;0;0;0;0;0;0;0;0;0;0;0;0;0;0;0;0;0;0;0;0;0;0;0;0;0;0;0;0;0;0;0;0;0;0;0;0;0;0;0;0;0;0;0;0;0;0;0;0;0;0;0;0;0;0;0;0;0;0;0;0;0;0;0;0;0;0;0;0;0;0;0;0;0;0;0;0;0;0;0;0;0;0;0;0;0;0;0;0;0;0;0;0;0;0;0;0;0;0;0;0
C08;X1;;Cal.Biomass[DCW [g/L]]:FS=2;0;0;0;0;0;0;0;0;0;0;0;0;0;0;0;0;0;0;0;0;0;0;0;0;0;0;0;0;0;0;0;0;0;0;0;0;0;0;0;0;0;0;0;0;0;0;0;0;0;0;0;0;0;0;0;0;0;0;0;0;0;0;0;0;0;0;0;0;0;0;0;0;0;0;0;0;0;0;0;0;0;0;0;0;0;0;0;0;0;0;0;0;0;0;0;0;0;0;0;0;0;0;0;0;0;0;0;0;0;0;0;0;0;0;0;0;0;0;0;0;0;0;0;0;0;0;0;0;0;0;0;0;0;0;0;0;0;0;0;0;0;0;0;0;0;0;0;0;0;0;0;0;0;0;0;0;0;0;0
C09;X1;;Cal.Biomass[DCW [g/L]]:FS=2;0;0;0;0;0;0;0;0;0;0;0;0;0;0;0;0;0;0;0;0;0;0;0;0;0;0;0;0;0;0;0;0;0;0;0;0;0;0;0;0;0;0;0;0;0;0;0;0;0;0;0;0;0;0;0;0;0;0;0;0;0;0;0;0;0;0;0;0;0;0;0;0;0;0;0;0;0;0;0;0;0;0;0;0;0;0;0;0;0;0;0;0;0;0;0;0;0;0;0;0;0;0;0;0;0;0;0;0;0;0;0;0;0;0;0;0;0;0;0;0;0;0;0;0;0;0;0;0;0;0;0;0;0;0;0;0;0;0;0;0;0;0;0;0;0;0;0;0;0;0;0;0;0;0;0;0;0;0;0
C10;X1;;Cal.Biomass[DCW [g/L]]:FS=2;0;0;0;0;0;0;0;0;0;0;0;0;0;0;0;0;0;0;0;0;0;0;0;0;0;0;0;0;0;0;0;0;0;0;0;0;0;0;0;0;0;0;0;0;0;0;0;0;0;0;0;0;0;0;0;0;0;0;0;0;0;0;0;0;0;0;0;0;0;0;0;0;0;0;0;0;0;0;0;0;0;0;0;0;0;0;0;0;0;0;0;0;0;0;0;0;0;0;0;0;0;0;0;0;0;0;0;0;0;0;0;0;0;0;0;0;0;0;0;0;0;0;0;0;0;0;0;0;0;0;0;0;0;0;0;0;0;0;0;0;0;0;0;0;0;0;0;0;0;0;0;0;0;0;0;0;0;0;0
D03;B2;;Cal.Biomass[DCW [g/L]]:FS=2;0;0;0;0;0;0;0;0;0;0;0;0;0;0;0;0;0;0;0;0;0;0;0;0;0;0;0;0;0;0;0;0;0;0;0;0;0;0;0;0;0;0;0;0;0;0;0;0;0;0;0;0;0;0;0;0;0;0;0;0;0;0;0;0;0;0;0;0;0;0;0;0;0;0;0;0;0;0;0;0;0;0;0;0;0;0;0;0;0;0;0;0;0;0;0;0;0;0;0;0;0;0;0;0;0;0;0;0;0;0;0;0;0;0;0;0;0;0;0;0;0;0;0;0;0;0;0;0;0;0;0;0;0;0;0;0;0;0;0;0;0;0;0;0;0;0;0;0;0;0;0;0;0;0;0;0;0;0;0
D04;B2;;Cal.Biomass[DCW [g/L]]:FS=2;0;0;0;0;0;0;0;0;0;0;0;0;0;0;0;0;0;0;0;0;0;0;0;0;0;0;0;0;0;0;0;0;0;0;0;0;0;0;0;0;0;0;0;0;0;0;0;0;0;0;0;0;0;0;0;0;0;0;0;0;0;0;0;0;0;0;0;0;0;0;0;0;0;0;0;0;0;0;0;0;0;0;0;0;0;0;0;0;0;0;0;0;0;0;0;0;0;0;0;0;0;0;0;0;0;0;0;0;0;0;0;0;0;0;0;0;0;0;0;0;0;0;0;0;0;0;0;0;0;0;0;0;0;0;0;0;0;0;0;0;0;0;0;0;0;0;0;0;0;0;0;0;0;0;0;0;0;0;0
D05;B2;;Cal.Biomass[DCW [g/L]]:FS=2;0;0;0;0;0;0;0;0;0;0;0;0;0;0;0;0;0;0;0;0;0;0;0;0;0;0;0;0;0;0;0;0;0;0;0;0;0;0;0;0;0;0;0;0;0;0;0;0;0;0;0;0;0;0;0;0;0;0;0;0;0;0;0;0;0;0;0;0;0;0;0;0;0;0;0;0;0;0;0;0;0;0;0;0;0;0;0;0;0;0;0;0;0;0;0;0;0;0;0;0;0;0;0;0;0;0;0;0;0;0;0;0;0;0;0;0;0;0;0;0;0;0;0;0;0;0;0;0;0;0;0;0;0;0;0;0;0;0;0;0;0;0;0;0;0;0;0;0;0;0;0;0;0;0;0;0;0;0;0
D06;X2;;Cal.Biomass[DCW [g/L]]:FS=2;0;0;0;0;0;0;0;0;0;0;0;0;0;0;0;0;0;0;0;0;0;0;0;0;0;0;0;0;0;0;0;0;0;0;0;0;0;0;0;0;0;0;0;0;0;0;0;0;0;0;0;0;0;0;0;0;0;0;0;0;0;0;0;0;0;0;0;0;0;0;0;0;0;0;0;0;0;0;0;0;0;0;0;0;0;0;0;0;0;0;0;0;0;0;0;0;0;0;0;0;0;0;0;0;0;0;0;0;0;0;0;0;0;0;0;0;0;0;0;0;0;0;0;0;0;0;0;0;0;0;0;0;0;0;0;0;0;0;0;0;0;0;0;0;0;0;0;0;0;0;0;0;0;0;0;0;0;0;0
D07;X2;;Cal.Biomass[DCW [g/L]]:FS=2;0;0;0;0;0;0;0;0;0;0;0;0;0;0;0;0;0;0;0;0;0;0;0;0;0;0;0;0;0;0;0;0;0;0;0;0;0;0;0;0;0;0;0;0;0;0;0;0;0;0;0;0;0;0;0;0;0;0;0;0;0;0;0;0;0;0;0;0;0;0;0;0;0;0;0;0;0;0;0;0;0;0;0;0;0;0;0;0;0;0;0;0;0;0;0;0;0;0;0;0;0;0;0;0;0;0;0;0;0;0;0;0;0;0;0;0;0;0;0;0;0;0;0;0;0;0;0;0;0;0;0;0;0;0;0;0;0;0;0;0;0;0;0;0;0;0;0;0;0;0;0;0;0;0;0;0;0;0;0
D08;X2;;Cal.Biomass[DCW [g/L]]:FS=2;0;0;0;0;0;0;0;0;0;0;0;0;0;0;0;0;0;0;0;0;0;0;0;0;0;0;0;0;0;0;0;0;0;0;0;0;0;0;0;0;0;0;0;0;0;0;0;0;0;0;0;0;0;0;0;0;0;0;0;0;0;0;0;0;0;0;0;0;0;0;0;0;0;0;0;0;0;0;0;0;0;0;0;0;0;0;0;0;0;0;0;0;0;0;0;0;0;0;0;0;0;0;0;0;0;0;0;0;0;0;0;0;0;0;0;0;0;0;0;0;0;0;0;0;0;0;0;0;0;0;0;0;0;0;0;0;0;0;0;0;0;0;0;0;0;0;0;0;0;0;0;0;0;0;0;0;0;0;0
D09;X2;;Cal.Biomass[DCW [g/L]]:FS=2;0;0;0;0;0;0;0;0;0;0;0;0;0;0;0;0;0;0;0;0;0;0;0;0;0;0;0;0;0;0;0;0;0;0;0;0;0;0;0;0;0;0;0;0;0;0;0;0;0;0;0;0;0;0;0;0;0;0;0;0;0;0;0;0;0;0;0;0;0;0;0;0;0;0;0;0;0;0;0;0;0;0;0;0;0;0;0;0;0;0;0;0;0;0;0;0;0;0;0;0;0;0;0;0;0;0;0;0;0;0;0;0;0;0;0;0;0;0;0;0;0;0;0;0;0;0;0;0;0;0;0;0;0;0;0;0;0;0;0;0;0;0;0;0;0;0;0;0;0;0;0;0;0;0;0;0;0;0;0
D10;X2;;Cal.Biomass[DCW [g/L]]:FS=2;0;0;0;0;0;0;0;0;0;0;0;0;0;0;0;0;0;0;0;0;0;0;0;0;0;0;0;0;0;0;0;0;0;0;0;0;0;0;0;0;0;0;0;0;0;0;0;0;0;0;0;0;0;0;0;0;0;0;0;0;0;0;0;0;0;0;0;0;0;0;0;0;0;0;0;0;0;0;0;0;0;0;0;0;0;0;0;0;0;0;0;0;0;0;0;0;0;0;0;0;0;0;0;0;0;0;0;0;0;0;0;0;0;0;0;0;0;0;0;0;0;0;0;0;0;0;0;0;0;0;0;0;0;0;0;0;0;0;0;0;0;0;0;0;0;0;0;0;0;0;0;0;0;0;0;0;0;0;0
E03;B3;;Cal.Biomass[DCW [g/L]]:FS=2;0;0;0;0;0;0;0;0;0;0;0;0;0;0;0;0;0;0;0;0;0;0;0;0;0;0;0;0;0;0;0;0;0;0;0;0;0;0;0;0;0;0;0;0;0;0;0;0;0;0;0;0;0;0;0;0;0;0;0;0;0;0;0;0;0;0;0;0;0;0;0;0;0;0;0;0;0;0;0;0;0;0;0;0;0;0;0;0;0;0;0;0;0;0;0;0;0;0;0;0;0;0;0;0;0;0;0;0;0;0;0;0;0;0;0;0;0;0;0;0;0;0;0;0;0;0;0;0;0;0;0;0;0;0;0;0;0;0;0;0;0;0;0;0;0;0;0;0;0;0;0;0;0;0;0;0;0;0;0
E04;B3;;Cal.Biomass[DCW [g/L]]:FS=2;0;0;0;0;0;0;0;0;0;0;0;0;0;0;0;0;0;0;0;0;0;0;0;0;0;0;0;0;0;0;0;0;0;0;0;0;0;0;0;0;0;0;0;0;0;0;0;0;0;0;0;0;0;0;0;0;0;0;0;0;0;0;0;0;0;0;0;0;0;0;0;0;0;0;0;0;0;0;0;0;0;0;0;0;0;0;0;0;0;0;0;0;0;0;0;0;0;0;0;0;0;0;0;0;0;0;0;0;0;0;0;0;0;0;0;0;0;0;0;0;0;0;0;0;0;0;0;0;0;0;0;0;0;0;0;0;0;0;0;0;0;0;0;0;0;0;0;0;0;0;0;0;0;0;0;0;0;0;0
E05;B3;;Cal.Biomass[DCW [g/L]]:FS=2;0;0;0;0;0;0;0;0;0;0;0;0;0;0;0;0;0;0;0;0;0;0;0;0;0;0;0;0;0;0;0;0;0;0;0;0;0;0;0;0;0;0;0;0;0;0;0;0;0;0;0;0;0;0;0;0;0;0;0;0;0;0;0;0;0;0;0;0;0;0;0;0;0;0;0;0;0;0;0;0;0;0;0;0;0;0;0;0;0;0;0;0;0;0;0;0;0;0;0;0;0;0;0;0;0;0;0;0;0;0;0;0;0;0;0;0;0;0;0;0;0;0;0;0;0;0;0;0;0;0;0;0;0;0;0;0;0;0;0;0;0;0;0;0;0;0;0;0;0;0;0;0;0;0;0;0;0;0;0
E06;X3;;Cal.Biomass[DCW [g/L]]:FS=2;0;0;0;0;0;0;0;0;0;0;0;0;0;0;0;0;0;0;0;0;0;0;0;0;0;0;0;0;0;0;0;0;0;0;0;0;0;0;0;0;0;0;0;0;0;0;0;0;0;0;0;0;0;0;0;0;0;0;0;0;0;0;0;0;0;0;0;0;0;0;0;0;0;0;0;0;0;0;0;0;0;0;0;0;0;0;0;0;0;0;0;0;0;0;0;0;0;0;0;0;0;0;0;0;0;0;0;0;0;0;0;0;0;0;0;0;0;0;0;0;0;0;0;0;0;0;0;0;0;0;0;0;0;0;0;0;0;0;0;0;0;0;0;0;0;0;0;0;0;0;0;0;0;0;0;0;0;0;0
E07;X3;;Cal.Biomass[DCW [g/L]]:FS=2;0;0;0;0;0;0;0;0;0;0;0;0;0;0;0;0;0;0;0;0;0;0;0;0;0;0;0;0;0;0;0;0;0;0;0;0;0;0;0;0;0;0;0;0;0;0;0;0;0;0;0;0;0;0;0;0;0;0;0;0;0;0;0;0;0;0;0;0;0;0;0;0;0;0;0;0;0;0;0;0;0;0;0;0;0;0;0;0;0;0;0;0;0;0;0;0;0;0;0;0;0;0;0;0;0;0;0;0;0;0;0;0;0;0;0;0;0;0;0;0;0;0;0;0;0;0;0;0;0;0;0;0;0;0;0;0;0;0;0;0;0;0;0;0;0;0;0;0;0;0;0;0;0;0;0;0;0;0;0
E08;X3;;Cal.Biomass[DCW [g/L]]:FS=2;0;0;0;0;0;0;0;0;0;0;0;0;0;0;0;0;0;0;0;0;0;0;0;0;0;0;0;0;0;0;0;0;0;0;0;0;0;0;0;0;0;0;0;0;0;0;0;0;0;0;0;0;0;0;0;0;0;0;0;0;0;0;0;0;0;0;0;0;0;0;0;0;0;0;0;0;0;0;0;0;0;0;0;0;0;0;0;0;0;0;0;0;0;0;0;0;0;0;0;0;0;0;0;0;0;0;0;0;0;0;0;0;0;0;0;0;0;0;0;0;0;0;0;0;0;0;0;0;0;0;0;0;0;0;0;0;0;0;0;0;0;0;0;0;0;0;0;0;0;0;0;0;0;0;0;0;0;0;0
E09;X3;;Cal.Biomass[DCW [g/L]]:FS=2;0;0;0;0;0;0;0;0;0;0;0;0;0;0;0;0;0;0;0;0;0;0;0;0;0;0;0;0;0;0;0;0;0;0;0;0;0;0;0;0;0;0;0;0;0;0;0;0;0;0;0;0;0;0;0;0;0;0;0;0;0;0;0;0;0;0;0;0;0;0;0;0;0;0;0;0;0;0;0;0;0;0;0;0;0;0;0;0;0;0;0;0;0;0;0;0;0;0;0;0;0;0;0;0;0;0;0;0;0;0;0;0;0;0;0;0;0;0;0;0;0;0;0;0;0;0;0;0;0;0;0;0;0;0;0;0;0;0;0;0;0;0;0;0;0;0;0;0;0;0;0;0;0;0;0;0;0;0;0
E10;X3;;Cal.Biomass[DCW [g/L]]:FS=2;0;0;0;0;0;0;0;0;0;0;0;0;0;0;0;0;0;0;0;0;0;0;0;0;0;0;0;0;0;0;0;0;0;0;0;0;0;0;0;0;0;0;0;0;0;0;0;0;0;0;0;0;0;0;0;0;0;0;0;0;0;0;0;0;0;0;0;0;0;0;0;0;0;0;0;0;0;0;0;0;0;0;0;0;0;0;0;0;0;0;0;0;0;0;0;0;0;0;0;0;0;0;0;0;0;0;0;0;0;0;0;0;0;0;0;0;0;0;0;0;0;0;0;0;0;0;0;0;0;0;0;0;0;0;0;0;0;0;0;0;0;0;0;0;0;0;0;0;0;0;0;0;0;0;0;0;0;0;0
F03;B4;;Cal.Biomass[DCW [g/L]]:FS=2;0;0;0;0;0;0;0;0;0;0;0;0;0;0;0;0;0;0;0;0;0;0;0;0;0;0;0;0;0;0;0;0;0;0;0;0;0;0;0;0;0;0;0;0;0;0;0;0;0;0;0;0;0;0;0;0;0;0;0;0;0;0;0;0;0;0;0;0;0;0;0;0;0;0;0;0;0;0;0;0;0;0;0;0;0;0;0;0;0;0;0;0;0;0;0;0;0;0;0;0;0;0;0;0;0;0;0;0;0;0;0;0;0;0;0;0;0;0;0;0;0;0;0;0;0;0;0;0;0;0;0;0;0;0;0;0;0;0;0;0;0;0;0;0;0;0;0;0;0;0;0;0;0;0;0;0;0;0;0
F04;B4;;Cal.Biomass[DCW [g/L]]:FS=2;0;0;0;0;0;0;0;0;0;0;0;0;0;0;0;0;0;0;0;0;0;0;0;0;0;0;0;0;0;0;0;0;0;0;0;0;0;0;0;0;0;0;0;0;0;0;0;0;0;0;0;0;0;0;0;0;0;0;0;0;0;0;0;0;0;0;0;0;0;0;0;0;0;0;0;0;0;0;0;0;0;0;0;0;0;0;0;0;0;0;0;0;0;0;0;0;0;0;0;0;0;0;0;0;0;0;0;0;0;0;0;0;0;0;0;0;0;0;0;0;0;0;0;0;0;0;0;0;0;0;0;0;0;0;0;0;0;0;0;0;0;0;0;0;0;0;0;0;0;0;0;0;0;0;0;0;0;0;0
F05;B4;;Cal.Biomass[DCW [g/L]]:FS=2;0;0;0;0;0;0;0;0;0;0;0;0;0;0;0;0;0;0;0;0;0;0;0;0;0;0;0;0;0;0;0;0;0;0;0;0;0;0;0;0;0;0;0;0;0;0;0;0;0;0;0;0;0;0;0;0;0;0;0;0;0;0;0;0;0;0;0;0;0;0;0;0;0;0;0;0;0;0;0;0;0;0;0;0;0;0;0;0;0;0;0;0;0;0;0;0;0;0;0;0;0;0;0;0;0;0;0;0;0;0;0;0;0;0;0;0;0;0;0;0;0;0;0;0;0;0;0;0;0;0;0;0;0;0;0;0;0;0;0;0;0;0;0;0;0;0;0;0;0;0;0;0;0;0;0;0;0;0;0
F06;X4;;Cal.Biomass[DCW [g/L]]:FS=2;0;0;0;0;0;0;0;0;0;0;0;0;0;0;0;0;0;0;0;0;0;0;0;0;0;0;0;0;0;0;0;0;0;0;0;0;0;0;0;0;0;0;0;0;0;0;0;0;0;0;0;0;0;0;0;0;0;0;0;0;0;0;0;0;0;0;0;0;0;0;0;0;0;0;0;0;0;0;0;0;0;0;0;0;0;0;0;0;0;0;0;0;0;0;0;0;0;0;0;0;0;0;0;0;0;0;0;0;0;0;0;0;0;0;0;0;0;0;0;0;0;0;0;0;0;0;0;0;0;0;0;0;0;0;0;0;0;0;0;0;0;0;0;0;0;0;0;0;0;0;0;0;0;0;0;0;0;0;0
F07;X4;;Cal.Biomass[DCW [g/L]]:FS=2;0;0;0;0;0;0;0;0;0;0;0;0;0;0;0;0;0;0;0;0;0;0;0;0;0;0;0;0;0;0;0;0;0;0;0;0;0;0;0;0;0;0;0;0;0;0;0;0;0;0;0;0;0;0;0;0;0;0;0;0;0;0;0;0;0;0;0;0;0;0;0;0;0;0;0;0;0;0;0;0;0;0;0;0;0;0;0;0;0;0;0;0;0;0;0;0;0;0;0;0;0;0;0;0;0;0;0;0;0;0;0;0;0;0;0;0;0;0;0;0;0;0;0;0;0;0;0;0;0;0;0;0;0;0;0;0;0;0;0;0;0;0;0;0;0;0;0;0;0;0;0;0;0;0;0;0;0;0;0
F08;X4;;Cal.Biomass[DCW [g/L]]:FS=2;0;0;0;0;0;0;0;0;0;0;0;0;0;0;0;0;0;0;0;0;0;0;0;0;0;0;0;0;0;0;0;0;0;0;0;0;0;0;0;0;0;0;0;0;0;0;0;0;0;0;0;0;0;0;0;0;0;0;0;0;0;0;0;0;0;0;0;0;0;0;0;0;0;0;0;0;0;0;0;0;0;0;0;0;0;0;0;0;0;0;0;0;0;0;0;0;0;0;0;0;0;0;0;0;0;0;0;0;0;0;0;0;0;0;0;0;0;0;0;0;0;0;0;0;0;0;0;0;0;0;0;0;0;0;0;0;0;0;0;0;0;0;0;0;0;0;0;0;0;0;0;0;0;0;0;0;0;0;0
F09;X4;;Cal.Biomass[DCW [g/L]]:FS=2;0;0;0;0;0;0;0;0;0;0;0;0;0;0;0;0;0;0;0;0;0;0;0;0;0;0;0;0;0;0;0;0;0;0;0;0;0;0;0;0;0;0;0;0;0;0;0;0;0;0;0;0;0;0;0;0;0;0;0;0;0;0;0;0;0;0;0;0;0;0;0;0;0;0;0;0;0;0;0;0;0;0;0;0;0;0;0;0;0;0;0;0;0;0;0;0;0;0;0;0;0;0;0;0;0;0;0;0;0;0;0;0;0;0;0;0;0;0;0;0;0;0;0;0;0;0;0;0;0;0;0;0;0;0;0;0;0;0;0;0;0;0;0;0;0;0;0;0;0;0;0;0;0;0;0;0;0;0;0
F10;X4;;Cal.Biomass[DCW [g/L]]:FS=2;0;0;0;0;0;0;0;0;0;0;0;0;0;0;0;0;0;0;0;0;0;0;0;0;0;0;0;0;0;0;0;0;0;0;0;0;0;0;0;0;0;0;0;0;0;0;0;0;0;0;0;0;0;0;0;0;0;0;0;0;0;0;0;0;0;0;0;0;0;0;0;0;0;0;0;0;0;0;0;0;0;0;0;0;0;0;0;0;0;0;0;0;0;0;0;0;0;0;0;0;0;0;0;0;0;0;0;0;0;0;0;0;0;0;0;0;0;0;0;0;0;0;0;0;0;0;0;0;0;0;0;0;0;0;0;0;0;0;0;0;0;0;0;0;0;0;0;0;0;0;0;0;0;0;0;0;0;0;0
C03;B1;;Cal.Biomass[DCW [g/L]]:FS=1;0;0;0;0;0;0;0;0;0;0;0;0;0;0;0;0;0;0;0;0;0;0;0;0;0;0;0;0;0;0;0;0;0;0;0;0;0;0;0;0;0;0;0;0;0;0;0;0;0;0;0;0;0;0;0;0;0;0;0;0;0;0;0;0;0;0;0;0;0;0;0;0;0;0;0;0;0;0;0;0;0;0;0;0;0;0;0;0;0;0;0;0;0;0;0;0;0;0;0;0;0;0;0;0;0;0;0;0;0;0;0;0;0;0;0;0;0;0;0;0;0;0;0;0;0;0;0;0;0;0;0;0;0;0;0;0;0;0;0;0;0;0;0;0;0;0;0;0;0;0;0;0;0;0;0;0;0;0;0
C04;B1;;Cal.Biomass[DCW [g/L]]:FS=1;0;0;0;0;0;0;0;0;0;0;0;0;0;0;0;0;0;0;0;0;0;0;0;0;0;0;0;0;0;0;0;0;0;0;0;0;0;0;0;0;0;0;0;0;0;0;0;0;0;0;0;0;0;0;0;0;0;0;0;0;0;0;0;0;0;0;0;0;0;0;0;0;0;0;0;0;0;0;0;0;0;0;0;0;0;0;0;0;0;0;0;0;0;0;0;0;0;0;0;0;0;0;0;0;0;0;0;0;0;0;0;0;0;0;0;0;0;0;0;0;0;0;0;0;0;0;0;0;0;0;0;0;0;0;0;0;0;0;0;0;0;0;0;0;0;0;0;0;0;0;0;0;0;0;0;0;0;0;0
C05;B1;;Cal.Biomass[DCW [g/L]]:FS=1;0;0;0;0;0;0;0;0;0;0;0;0;0;0;0;0;0;0;0;0;0;0;0;0;0;0;0;0;0;0;0;0;0;0;0;0;0;0;0;0;0;0;0;0;0;0;0;0;0;0;0;0;0;0;0;0;0;0;0;0;0;0;0;0;0;0;0;0;0;0;0;0;0;0;0;0;0;0;0;0;0;0;0;0;0;0;0;0;0;0;0;0;0;0;0;0;0;0;0;0;0;0;0;0;0;0;0;0;0;0;0;0;0;0;0;0;0;0;0;0;0;0;0;0;0;0;0;0;0;0;0;0;0;0;0;0;0;0;0;0;0;0;0;0;0;0;0;0;0;0;0;0;0;0;0;0;0;0;0
C06;X1;;Cal.Biomass[DCW [g/L]]:FS=1;0;0;0;0;0;0;0;0;0;0;0;0;0;0;0;0;0;0;0;0;0;0;0;0;0;0;0;0;0;0;0;0;0;0;0;0;0;0;0;0;0;0;0;0;0;0;0;0;0;0;0;0;0;0;0;0;0;0;0;0;0;0;0;0;0;0;0;0;0;0;0;0;0;0;0;0;0;0;0;0;0;0;0;0;0;0;0;0;0;0;0;0;0;0;0;0;0;0;0;0;0;0;0;0;0;0;0;0;0;0;0;0;0;0;0;0;0;0;0;0;0;0;0;0;0;0;0;0;0;0;0;0;0;0;0;0;0;0;0;0;0;0;0;0;0;0;0;0;0;0;0;0;0;0;0;0;0;0;0
C07;X1;;Cal.Biomass[DCW [g/L]]:FS=1;0;0;0;0;0;0;0;0;0;0;0;0;0;0;0;0;0;0;0;0;0;0;0;0;0;0;0;0;0;0;0;0;0;0;0;0;0;0;0;0;0;0;0;0;0;0;0;0;0;0;0;0;0;0;0;0;0;0;0;0;0;0;0;0;0;0;0;0;0;0;0;0;0;0;0;0;0;0;0;0;0;0;0;0;0;0;0;0;0;0;0;0;0;0;0;0;0;0;0;0;0;0;0;0;0;0;0;0;0;0;0;0;0;0;0;0;0;0;0;0;0;0;0;0;0;0;0;0;0;0;0;0;0;0;0;0;0;0;0;0;0;0;0;0;0;0;0;0;0;0;0;0;0;0;0;0;0;0;0
C08;X1;;Cal.Biomass[DCW [g/L]]:FS=1;0;0;0;0;0;0;0;0;0;0;0;0;0;0;0;0;0;0;0;0;0;0;0;0;0;0;0;0;0;0;0;0;0;0;0;0;0;0;0;0;0;0;0;0;0;0;0;0;0;0;0;0;0;0;0;0;0;0;0;0;0;0;0;0;0;0;0;0;0;0;0;0;0;0;0;0;0;0;0;0;0;0;0;0;0;0;0;0;0;0;0;0;0;0;0;0;0;0;0;0;0;0;0;0;0;0;0;0;0;0;0;0;0;0;0;0;0;0;0;0;0;0;0;0;0;0;0;0;0;0;0;0;0;0;0;0;0;0;0;0;0;0;0;0;0;0;0;0;0;0;0;0;0;0;0;0;0;0;0
C09;X1;;Cal.Biomass[DCW [g/L]]:FS=1;0;0;0;0;0;0;0;0;0;0;0;0;0;0;0;0;0;0;0;0;0;0;0;0;0;0;0;0;0;0;0;0;0;0;0;0;0;0;0;0;0;0;0;0;0;0;0;0;0;0;0;0;0;0;0;0;0;0;0;0;0;0;0;0;0;0;0;0;0;0;0;0;0;0;0;0;0;0;0;0;0;0;0;0;0;0;0;0;0;0;0;0;0;0;0;0;0;0;0;0;0;0;0;0;0;0;0;0;0;0;0;0;0;0;0;0;0;0;0;0;0;0;0;0;0;0;0;0;0;0;0;0;0;0;0;0;0;0;0;0;0;0;0;0;0;0;0;0;0;0;0;0;0;0;0;0;0;0;0
C10;X1;;Cal.Biomass[DCW [g/L]]:FS=1;0;0;0;0;0;0;0;0;0;0;0;0;0;0;0;0;0;0;0;0;0;0;0;0;0;0;0;0;0;0;0;0;0;0;0;0;0;0;0;0;0;0;0;0;0;0;0;0;0;0;0;0;0;0;0;0;0;0;0;0;0;0;0;0;0;0;0;0;0;0;0;0;0;0;0;0;0;0;0;0;0;0;0;0;0;0;0;0;0;0;0;0;0;0;0;0;0;0;0;0;0;0;0;0;0;0;0;0;0;0;0;0;0;0;0;0;0;0;0;0;0;0;0;0;0;0;0;0;0;0;0;0;0;0;0;0;0;0;0;0;0;0;0;0;0;0;0;0;0;0;0;0;0;0;0;0;0;0;0
D03;B2;;Cal.Biomass[DCW [g/L]]:FS=1;0;0;0;0;0;0;0;0;0;0;0;0;0;0;0;0;0;0;0;0;0;0;0;0;0;0;0;0;0;0;0;0;0;0;0;0;0;0;0;0;0;0;0;0;0;0;0;0;0;0;0;0;0;0;0;0;0;0;0;0;0;0;0;0;0;0;0;0;0;0;0;0;0;0;0;0;0;0;0;0;0;0;0;0;0;0;0;0;0;0;0;0;0;0;0;0;0;0;0;0;0;0;0;0;0;0;0;0;0;0;0;0;0;0;0;0;0;0;0;0;0;0;0;0;0;0;0;0;0;0;0;0;0;0;0;0;0;0;0;0;0;0;0;0;0;0;0;0;0;0;0;0;0;0;0;0;0;0;0
D04;B2;;Cal.Biomass[DCW [g/L]]:FS=1;0;0;0;0;0;0;0;0;0;0;0;0;0;0;0;0;0;0;0;0;0;0;0;0;0;0;0;0;0;0;0;0;0;0;0;0;0;0;0;0;0;0;0;0;0;0;0;0;0;0;0;0;0;0;0;0;0;0;0;0;0;0;0;0;0;0;0;0;0;0;0;0;0;0;0;0;0;0;0;0;0;0;0;0;0;0;0;0;0;0;0;0;0;0;0;0;0;0;0;0;0;0;0;0;0;0;0;0;0;0;0;0;0;0;0;0;0;0;0;0;0;0;0;0;0;0;0;0;0;0;0;0;0;0;0;0;0;0;0;0;0;0;0;0;0;0;0;0;0;0;0;0;0;0;0;0;0;0;0
D05;B2;;Cal.Biomass[DCW [g/L]]:FS=1;0;0;0;0;0;0;0;0;0;0;0;0;0;0;0;0;0;0;0;0;0;0;0;0;0;0;0;0;0;0;0;0;0;0;0;0;0;0;0;0;0;0;0;0;0;0;0;0;0;0;0;0;0;0;0;0;0;0;0;0;0;0;0;0;0;0;0;0;0;0;0;0;0;0;0;0;0;0;0;0;0;0;0;0;0;0;0;0;0;0;0;0;0;0;0;0;0;0;0;0;0;0;0;0;0;0;0;0;0;0;0;0;0;0;0;0;0;0;0;0;0;0;0;0;0;0;0;0;0;0;0;0;0;0;0;0;0;0;0;0;0;0;0;0;0;0;0;0;0;0;0;0;0;0;0;0;0;0;0
D06;X2;;Cal.Biomass[DCW [g/L]]:FS=1;0;0;0;0;0;0;0;0;0;0;0;0;0;0;0;0;0;0;0;0;0;0;0;0;0;0;0;0;0;0;0;0;0;0;0;0;0;0;0;0;0;0;0;0;0;0;0;0;0;0;0;0;0;0;0;0;0;0;0;0;0;0;0;0;0;0;0;0;0;0;0;0;0;0;0;0;0;0;0;0;0;0;0;0;0;0;0;0;0;0;0;0;0;0;0;0;0;0;0;0;0;0;0;0;0;0;0;0;0;0;0;0;0;0;0;0;0;0;0;0;0;0;0;0;0;0;0;0;0;0;0;0;0;0;0;0;0;0;0;0;0;0;0;0;0;0;0;0;0;0;0;0;0;0;0;0;0;0;0
D07;X2;;Cal.Biomass[DCW [g/L]]:FS=1;0;0;0;0;0;0;0;0;0;0;0;0;0;0;0;0;0;0;0;0;0;0;0;0;0;0;0;0;0;0;0;0;0;0;0;0;0;0;0;0;0;0;0;0;0;0;0;0;0;0;0;0;0;0;0;0;0;0;0;0;0;0;0;0;0;0;0;0;0;0;0;0;0;0;0;0;0;0;0;0;0;0;0;0;0;0;0;0;0;0;0;0;0;0;0;0;0;0;0;0;0;0;0;0;0;0;0;0;0;0;0;0;0;0;0;0;0;0;0;0;0;0;0;0;0;0;0;0;0;0;0;0;0;0;0;0;0;0;0;0;0;0;0;0;0;0;0;0;0;0;0;0;0;0;0;0;0;0;0
D08;X2;;Cal.Biomass[DCW [g/L]]:FS=1;0;0;0;0;0;0;0;0;0;0;0;0;0;0;0;0;0;0;0;0;0;0;0;0;0;0;0;0;0;0;0;0;0;0;0;0;0;0;0;0;0;0;0;0;0;0;0;0;0;0;0;0;0;0;0;0;0;0;0;0;0;0;0;0;0;0;0;0;0;0;0;0;0;0;0;0;0;0;0;0;0;0;0;0;0;0;0;0;0;0;0;0;0;0;0;0;0;0;0;0;0;0;0;0;0;0;0;0;0;0;0;0;0;0;0;0;0;0;0;0;0;0;0;0;0;0;0;0;0;0;0;0;0;0;0;0;0;0;0;0;0;0;0;0;0;0;0;0;0;0;0;0;0;0;0;0;0;0;0
D09;X2;;Cal.Biomass[DCW [g/L]]:FS=1;0;0;0;0;0;0;0;0;0;0;0;0;0;0;0;0;0;0;0;0;0;0;0;0;0;0;0;0;0;0;0;0;0;0;0;0;0;0;0;0;0;0;0;0;0;0;0;0;0;0;0;0;0;0;0;0;0;0;0;0;0;0;0;0;0;0;0;0;0;0;0;0;0;0;0;0;0;0;0;0;0;0;0;0;0;0;0;0;0;0;0;0;0;0;0;0;0;0;0;0;0;0;0;0;0;0;0;0;0;0;0;0;0;0;0;0;0;0;0;0;0;0;0;0;0;0;0;0;0;0;0;0;0;0;0;0;0;0;0;0;0;0;0;0;0;0;0;0;0;0;0;0;0;0;0;0;0;0;0
D10;X2;;Cal.Biomass[DCW [g/L]]:FS=1;0;0;0;0;0;0;0;0;0;0;0;0;0;0;0;0;0;0;0;0;0;0;0;0;0;0;0;0;0;0;0;0;0;0;0;0;0;0;0;0;0;0;0;0;0;0;0;0;0;0;0;0;0;0;0;0;0;0;0;0;0;0;0;0;0;0;0;0;0;0;0;0;0;0;0;0;0;0;0;0;0;0;0;0;0;0;0;0;0;0;0;0;0;0;0;0;0;0;0;0;0;0;0;0;0;0;0;0;0;0;0;0;0;0;0;0;0;0;0;0;0;0;0;0;0;0;0;0;0;0;0;0;0;0;0;0;0;0;0;0;0;0;0;0;0;0;0;0;0;0;0;0;0;0;0;0;0;0;0
E03;B3;;Cal.Biomass[DCW [g/L]]:FS=1;0;0;0;0;0;0;0;0;0;0;0;0;0;0;0;0;0;0;0;0;0;0;0;0;0;0;0;0;0;0;0;0;0;0;0;0;0;0;0;0;0;0;0;0;0;0;0;0;0;0;0;0;0;0;0;0;0;0;0;0;0;0;0;0;0;0;0;0;0;0;0;0;0;0;0;0;0;0;0;0;0;0;0;0;0;0;0;0;0;0;0;0;0;0;0;0;0;0;0;0;0;0;0;0;0;0;0;0;0;0;0;0;0;0;0;0;0;0;0;0;0;0;0;0;0;0;0;0;0;0;0;0;0;0;0;0;0;0;0;0;0;0;0;0;0;0;0;0;0;0;0;0;0;0;0;0;0;0;0
E04;B3;;Cal.Biomass[DCW [g/L]]:FS=1;0;0;0;0;0;0;0;0;0;0;0;0;0;0;0;0;0;0;0;0;0;0;0;0;0;0;0;0;0;0;0;0;0;0;0;0;0;0;0;0;0;0;0;0;0;0;0;0;0;0;0;0;0;0;0;0;0;0;0;0;0;0;0;0;0;0;0;0;0;0;0;0;0;0;0;0;0;0;0;0;0;0;0;0;0;0;0;0;0;0;0;0;0;0;0;0;0;0;0;0;0;0;0;0;0;0;0;0;0;0;0;0;0;0;0;0;0;0;0;0;0;0;0;0;0;0;0;0;0;0;0;0;0;0;0;0;0;0;0;0;0;0;0;0;0;0;0;0;0;0;0;0;0;0;0;0;0;0;0
E05;B3;;Cal.Biomass[DCW [g/L]]:FS=1;0;0;0;0;0;0;0;0;0;0;0;0;0;0;0;0;0;0;0;0;0;0;0;0;0;0;0;0;0;0;0;0;0;0;0;0;0;0;0;0;0;0;0;0;0;0;0;0;0;0;0;0;0;0;0;0;0;0;0;0;0;0;0;0;0;0;0;0;0;0;0;0;0;0;0;0;0;0;0;0;0;0;0;0;0;0;0;0;0;0;0;0;0;0;0;0;0;0;0;0;0;0;0;0;0;0;0;0;0;0;0;0;0;0;0;0;0;0;0;0;0;0;0;0;0;0;0;0;0;0;0;0;0;0;0;0;0;0;0;0;0;0;0;0;0;0;0;0;0;0;0;0;0;0;0;0;0;0;0
E06;X3;;Cal.Biomass[DCW [g/L]]:FS=1;0;0;0;0;0;0;0;0;0;0;0;0;0;0;0;0;0;0;0;0;0;0;0;0;0;0;0;0;0;0;0;0;0;0;0;0;0;0;0;0;0;0;0;0;0;0;0;0;0;0;0;0;0;0;0;0;0;0;0;0;0;0;0;0;0;0;0;0;0;0;0;0;0;0;0;0;0;0;0;0;0;0;0;0;0;0;0;0;0;0;0;0;0;0;0;0;0;0;0;0;0;0;0;0;0;0;0;0;0;0;0;0;0;0;0;0;0;0;0;0;0;0;0;0;0;0;0;0;0;0;0;0;0;0;0;0;0;0;0;0;0;0;0;0;0;0;0;0;0;0;0;0;0;0;0;0;0;0;0
E07;X3;;Cal.Biomass[DCW [g/L]]:FS=1;0;0;0;0;0;0;0;0;0;0;0;0;0;0;0;0;0;0;0;0;0;0;0;0;0;0;0;0;0;0;0;0;0;0;0;0;0;0;0;0;0;0;0;0;0;0;0;0;0;0;0;0;0;0;0;0;0;0;0;0;0;0;0;0;0;0;0;0;0;0;0;0;0;0;0;0;0;0;0;0;0;0;0;0;0;0;0;0;0;0;0;0;0;0;0;0;0;0;0;0;0;0;0;0;0;0;0;0;0;0;0;0;0;0;0;0;0;0;0;0;0;0;0;0;0;0;0;0;0;0;0;0;0;0;0;0;0;0;0;0;0;0;0;0;0;0;0;0;0;0;0;0;0;0;0;0;0;0;0
E08;X3;;Cal.Biomass[DCW [g/L]]:FS=1;0;0;0;0;0;0;0;0;0;0;0;0;0;0;0;0;0;0;0;0;0;0;0;0;0;0;0;0;0;0;0;0;0;0;0;0;0;0;0;0;0;0;0;0;0;0;0;0;0;0;0;0;0;0;0;0;0;0;0;0;0;0;0;0;0;0;0;0;0;0;0;0;0;0;0;0;0;0;0;0;0;0;0;0;0;0;0;0;0;0;0;0;0;0;0;0;0;0;0;0;0;0;0;0;0;0;0;0;0;0;0;0;0;0;0;0;0;0;0;0;0;0;0;0;0;0;0;0;0;0;0;0;0;0;0;0;0;0;0;0;0;0;0;0;0;0;0;0;0;0;0;0;0;0;0;0;0;0;0
E09;X3;;Cal.Biomass[DCW [g/L]]:FS=1;0;0;0;0;0;0;0;0;0;0;0;0;0;0;0;0;0;0;0;0;0;0;0;0;0;0;0;0;0;0;0;0;0;0;0;0;0;0;0;0;0;0;0;0;0;0;0;0;0;0;0;0;0;0;0;0;0;0;0;0;0;0;0;0;0;0;0;0;0;0;0;0;0;0;0;0;0;0;0;0;0;0;0;0;0;0;0;0;0;0;0;0;0;0;0;0;0;0;0;0;0;0;0;0;0;0;0;0;0;0;0;0;0;0;0;0;0;0;0;0;0;0;0;0;0;0;0;0;0;0;0;0;0;0;0;0;0;0;0;0;0;0;0;0;0;0;0;0;0;0;0;0;0;0;0;0;0;0;0
E10;X3;;Cal.Biomass[DCW [g/L]]:FS=1;0;0;0;0;0;0;0;0;0;0;0;0;0;0;0;0;0;0;0;0;0;0;0;0;0;0;0;0;0;0;0;0;0;0;0;0;0;0;0;0;0;0;0;0;0;0;0;0;0;0;0;0;0;0;0;0;0;0;0;0;0;0;0;0;0;0;0;0;0;0;0;0;0;0;0;0;0;0;0;0;0;0;0;0;0;0;0;0;0;0;0;0;0;0;0;0;0;0;0;0;0;0;0;0;0;0;0;0;0;0;0;0;0;0;0;0;0;0;0;0;0;0;0;0;0;0;0;0;0;0;0;0;0;0;0;0;0;0;0;0;0;0;0;0;0;0;0;0;0;0;0;0;0;0;0;0;0;0;0
F03;B4;;Cal.Biomass[DCW [g/L]]:FS=1;0;0;0;0;0;0;0;0;0;0;0;0;0;0;0;0;0;0;0;0;0;0;0;0;0;0;0;0;0;0;0;0;0;0;0;0;0;0;0;0;0;0;0;0;0;0;0;0;0;0;0;0;0;0;0;0;0;0;0;0;0;0;0;0;0;0;0;0;0;0;0;0;0;0;0;0;0;0;0;0;0;0;0;0;0;0;0;0;0;0;0;0;0;0;0;0;0;0;0;0;0;0;0;0;0;0;0;0;0;0;0;0;0;0;0;0;0;0;0;0;0;0;0;0;0;0;0;0;0;0;0;0;0;0;0;0;0;0;0;0;0;0;0;0;0;0;0;0;0;0;0;0;0;0;0;0;0;0;0
F04;B4;;Cal.Biomass[DCW [g/L]]:FS=1;0;0;0;0;0;0;0;0;0;0;0;0;0;0;0;0;0;0;0;0;0;0;0;0;0;0;0;0;0;0;0;0;0;0;0;0;0;0;0;0;0;0;0;0;0;0;0;0;0;0;0;0;0;0;0;0;0;0;0;0;0;0;0;0;0;0;0;0;0;0;0;0;0;0;0;0;0;0;0;0;0;0;0;0;0;0;0;0;0;0;0;0;0;0;0;0;0;0;0;0;0;0;0;0;0;0;0;0;0;0;0;0;0;0;0;0;0;0;0;0;0;0;0;0;0;0;0;0;0;0;0;0;0;0;0;0;0;0;0;0;0;0;0;0;0;0;0;0;0;0;0;0;0;0;0;0;0;0;0
F05;B4;;Cal.Biomass[DCW [g/L]]:FS=1;0;0;0;0;0;0;0;0;0;0;0;0;0;0;0;0;0;0;0;0;0;0;0;0;0;0;0;0;0;0;0;0;0;0;0;0;0;0;0;0;0;0;0;0;0;0;0;0;0;0;0;0;0;0;0;0;0;0;0;0;0;0;0;0;0;0;0;0;0;0;0;0;0;0;0;0;0;0;0;0;0;0;0;0;0;0;0;0;0;0;0;0;0;0;0;0;0;0;0;0;0;0;0;0;0;0;0;0;0;0;0;0;0;0;0;0;0;0;0;0;0;0;0;0;0;0;0;0;0;0;0;0;0;0;0;0;0;0;0;0;0;0;0;0;0;0;0;0;0;0;0;0;0;0;0;0;0;0;0
F06;X4;;Cal.Biomass[DCW [g/L]]:FS=1;0;0;0;0;0;0;0;0;0;0;0;0;0;0;0;0;0;0;0;0;0;0;0;0;0;0;0;0;0;0;0;0;0;0;0;0;0;0;0;0;0;0;0;0;0;0;0;0;0;0;0;0;0;0;0;0;0;0;0;0;0;0;0;0;0;0;0;0;0;0;0;0;0;0;0;0;0;0;0;0;0;0;0;0;0;0;0;0;0;0;0;0;0;0;0;0;0;0;0;0;0;0;0;0;0;0;0;0;0;0;0;0;0;0;0;0;0;0;0;0;0;0;0;0;0;0;0;0;0;0;0;0;0;0;0;0;0;0;0;0;0;0;0;0;0;0;0;0;0;0;0;0;0;0;0;0;0;0;0
F07;X4;;Cal.Biomass[DCW [g/L]]:FS=1;0;0;0;0;0;0;0;0;0;0;0;0;0;0;0;0;0;0;0;0;0;0;0;0;0;0;0;0;0;0;0;0;0;0;0;0;0;0;0;0;0;0;0;0;0;0;0;0;0;0;0;0;0;0;0;0;0;0;0;0;0;0;0;0;0;0;0;0;0;0;0;0;0;0;0;0;0;0;0;0;0;0;0;0;0;0;0;0;0;0;0;0;0;0;0;0;0;0;0;0;0;0;0;0;0;0;0;0;0;0;0;0;0;0;0;0;0;0;0;0;0;0;0;0;0;0;0;0;0;0;0;0;0;0;0;0;0;0;0;0;0;0;0;0;0;0;0;0;0;0;0;0;0;0;0;0;0;0;0
F08;X4;;Cal.Biomass[DCW [g/L]]:FS=1;0;0;0;0;0;0;0;0;0;0;0;0;0;0;0;0;0;0;0;0;0;0;0;0;0;0;0;0;0;0;0;0;0;0;0;0;0;0;0;0;0;0;0;0;0;0;0;0;0;0;0;0;0;0;0;0;0;0;0;0;0;0;0;0;0;0;0;0;0;0;0;0;0;0;0;0;0;0;0;0;0;0;0;0;0;0;0;0;0;0;0;0;0;0;0;0;0;0;0;0;0;0;0;0;0;0;0;0;0;0;0;0;0;0;0;0;0;0;0;0;0;0;0;0;0;0;0;0;0;0;0;0;0;0;0;0;0;0;0;0;0;0;0;0;0;0;0;0;0;0;0;0;0;0;0;0;0;0;0
F09;X4;;Cal.Biomass[DCW [g/L]]:FS=1;0;0;0;0;0;0;0;0;0;0;0;0;0;0;0;0;0;0;0;0;0;0;0;0;0;0;0;0;0;0;0;0;0;0;0;0;0;0;0;0;0;0;0;0;0;0;0;0;0;0;0;0;0;0;0;0;0;0;0;0;0;0;0;0;0;0;0;0;0;0;0;0;0;0;0;0;0;0;0;0;0;0;0;0;0;0;0;0;0;0;0;0;0;0;0;0;0;0;0;0;0;0;0;0;0;0;0;0;0;0;0;0;0;0;0;0;0;0;0;0;0;0;0;0;0;0;0;0;0;0;0;0;0;0;0;0;0;0;0;0;0;0;0;0;0;0;0;0;0;0;0;0;0;0;0;0;0;0;0
F10;X4;;Cal.Biomass[DCW [g/L]]:FS=1;0;0;0;0;0;0;0;0;0;0;0;0;0;0;0;0;0;0;0;0;0;0;0;0;0;0;0;0;0;0;0;0;0;0;0;0;0;0;0;0;0;0;0;0;0;0;0;0;0;0;0;0;0;0;0;0;0;0;0;0;0;0;0;0;0;0;0;0;0;0;0;0;0;0;0;0;0;0;0;0;0;0;0;0;0;0;0;0;0;0;0;0;0;0;0;0;0;0;0;0;0;0;0;0;0;0;0;0;0;0;0;0;0;0;0;0;0;0;0;0;0;0;0;0;0;0;0;0;0;0;0;0;0;0;0;0;0;0;0;0;0;0;0;0;0;0;0;0;0;0;0;0;0;0;0;0;0;0;0
C03;B1;;Cal.Biomass[DCW [g/L]]:FS=3;0;0;0;0;0;0;0;0;0;0;0;0;0;0;0;0;0;0;0;0;0;0;0;0;0;0;0;0;0;0;0;0;0;0;0;0;0;0;0;0;0;0;0;0;0;0;0;0;0;0;0;0;0;0;0;0;0;0;0;0;0;0;0;0;0;0;0;0;0;0;0;0;0;0;0;0;0;0;0;0;0;0;0;0;0;0;0;0;0;0;0;0;0;0;0;0;0;0;0;0;0;0;0;0;0;0;0;0;0;0;0;0;0;0;0;0;0;0;0;0;0;0;0;0;0;0;0;0;0;0;0;0;0;0;0;0;0;0;0;0;0;0;0;0;0;0;0;0;0;0;0;0;0;0;0;0;0;0;0
C04;B1;;Cal.Biomass[DCW [g/L]]:FS=3;0;0;0;0;0;0;0;0;0;0;0;0;0;0;0;0;0;0;0;0;0;0;0;0;0;0;0;0;0;0;0;0;0;0;0;0;0;0;0;0;0;0;0;0;0;0;0;0;0;0;0;0;0;0;0;0;0;0;0;0;0;0;0;0;0;0;0;0;0;0;0;0;0;0;0;0;0;0;0;0;0;0;0;0;0;0;0;0;0;0;0;0;0;0;0;0;0;0;0;0;0;0;0;0;0;0;0;0;0;0;0;0;0;0;0;0;0;0;0;0;0;0;0;0;0;0;0;0;0;0;0;0;0;0;0;0;0;0;0;0;0;0;0;0;0;0;0;0;0;0;0;0;0;0;0;0;0;0;0
C05;B1;;Cal.Biomass[DCW [g/L]]:FS=3;0;0;0;0;0;0;0;0;0;0;0;0;0;0;0;0;0;0;0;0;0;0;0;0;0;0;0;0;0;0;0;0;0;0;0;0;0;0;0;0;0;0;0;0;0;0;0;0;0;0;0;0;0;0;0;0;0;0;0;0;0;0;0;0;0;0;0;0;0;0;0;0;0;0;0;0;0;0;0;0;0;0;0;0;0;0;0;0;0;0;0;0;0;0;0;0;0;0;0;0;0;0;0;0;0;0;0;0;0;0;0;0;0;0;0;0;0;0;0;0;0;0;0;0;0;0;0;0;0;0;0;0;0;0;0;0;0;0;0;0;0;0;0;0;0;0;0;0;0;0;0;0;0;0;0;0;0;0;0
C06;X1;;Cal.Biomass[DCW [g/L]]:FS=3;0;0;0;0;0;0;0;0;0;0;0;0;0;0;0;0;0;0;0;0;0;0;0;0;0;0;0;0;0;0;0;0;0;0;0;0;0;0;0;0;0;0;0;0;0;0;0;0;0;0;0;0;0;0;0;0;0;0;0;0;0;0;0;0;0;0;0;0;0;0;0;0;0;0;0;0;0;0;0;0;0;0;0;0;0;0;0;0;0;0;0;0;0;0;0;0;0;0;0;0;0;0;0;0;0;0;0;0;0;0;0;0;0;0;0;0;0;0;0;0;0;0;0;0;0;0;0;0;0;0;0;0;0;0;0;0;0;0;0;0;0;0;0;0;0;0;0;0;0;0;0;0;0;0;0;0;0;0;0
C07;X1;;Cal.Biomass[DCW [g/L]]:FS=3;0;0;0;0;0;0;0;0;0;0;0;0;0;0;0;0;0;0;0;0;0;0;0;0;0;0;0;0;0;0;0;0;0;0;0;0;0;0;0;0;0;0;0;0;0;0;0;0;0;0;0;0;0;0;0;0;0;0;0;0;0;0;0;0;0;0;0;0;0;0;0;0;0;0;0;0;0;0;0;0;0;0;0;0;0;0;0;0;0;0;0;0;0;0;0;0;0;0;0;0;0;0;0;0;0;0;0;0;0;0;0;0;0;0;0;0;0;0;0;0;0;0;0;0;0;0;0;0;0;0;0;0;0;0;0;0;0;0;0;0;0;0;0;0;0;0;0;0;0;0;0;0;0;0;0;0;0;0;0
C08;X1;;Cal.Biomass[DCW [g/L]]:FS=3;0;0;0;0;0;0;0;0;0;0;0;0;0;0;0;0;0;0;0;0;0;0;0;0;0;0;0;0;0;0;0;0;0;0;0;0;0;0;0;0;0;0;0;0;0;0;0;0;0;0;0;0;0;0;0;0;0;0;0;0;0;0;0;0;0;0;0;0;0;0;0;0;0;0;0;0;0;0;0;0;0;0;0;0;0;0;0;0;0;0;0;0;0;0;0;0;0;0;0;0;0;0;0;0;0;0;0;0;0;0;0;0;0;0;0;0;0;0;0;0;0;0;0;0;0;0;0;0;0;0;0;0;0;0;0;0;0;0;0;0;0;0;0;0;0;0;0;0;0;0;0;0;0;0;0;0;0;0;0
C09;X1;;Cal.Biomass[DCW [g/L]]:FS=3;0;0;0;0;0;0;0;0;0;0;0;0;0;0;0;0;0;0;0;0;0;0;0;0;0;0;0;0;0;0;0;0;0;0;0;0;0;0;0;0;0;0;0;0;0;0;0;0;0;0;0;0;0;0;0;0;0;0;0;0;0;0;0;0;0;0;0;0;0;0;0;0;0;0;0;0;0;0;0;0;0;0;0;0;0;0;0;0;0;0;0;0;0;0;0;0;0;0;0;0;0;0;0;0;0;0;0;0;0;0;0;0;0;0;0;0;0;0;0;0;0;0;0;0;0;0;0;0;0;0;0;0;0;0;0;0;0;0;0;0;0;0;0;0;0;0;0;0;0;0;0;0;0;0;0;0;0;0;0
C10;X1;;Cal.Biomass[DCW [g/L]]:FS=3;0;0;0;0;0;0;0;0;0;0;0;0;0;0;0;0;0;0;0;0;0;0;0;0;0;0;0;0;0;0;0;0;0;0;0;0;0;0;0;0;0;0;0;0;0;0;0;0;0;0;0;0;0;0;0;0;0;0;0;0;0;0;0;0;0;0;0;0;0;0;0;0;0;0;0;0;0;0;0;0;0;0;0;0;0;0;0;0;0;0;0;0;0;0;0;0;0;0;0;0;0;0;0;0;0;0;0;0;0;0;0;0;0;0;0;0;0;0;0;0;0;0;0;0;0;0;0;0;0;0;0;0;0;0;0;0;0;0;0;0;0;0;0;0;0;0;0;0;0;0;0;0;0;0;0;0;0;0;0
D03;B2;;Cal.Biomass[DCW [g/L]]:FS=3;0;0;0;0;0;0;0;0;0;0;0;0;0;0;0;0;0;0;0;0;0;0;0;0;0;0;0;0;0;0;0;0;0;0;0;0;0;0;0;0;0;0;0;0;0;0;0;0;0;0;0;0;0;0;0;0;0;0;0;0;0;0;0;0;0;0;0;0;0;0;0;0;0;0;0;0;0;0;0;0;0;0;0;0;0;0;0;0;0;0;0;0;0;0;0;0;0;0;0;0;0;0;0;0;0;0;0;0;0;0;0;0;0;0;0;0;0;0;0;0;0;0;0;0;0;0;0;0;0;0;0;0;0;0;0;0;0;0;0;0;0;0;0;0;0;0;0;0;0;0;0;0;0;0;0;0;0;0;0
D04;B2;;Cal.Biomass[DCW [g/L]]:FS=3;0;0;0;0;0;0;0;0;0;0;0;0;0;0;0;0;0;0;0;0;0;0;0;0;0;0;0;0;0;0;0;0;0;0;0;0;0;0;0;0;0;0;0;0;0;0;0;0;0;0;0;0;0;0;0;0;0;0;0;0;0;0;0;0;0;0;0;0;0;0;0;0;0;0;0;0;0;0;0;0;0;0;0;0;0;0;0;0;0;0;0;0;0;0;0;0;0;0;0;0;0;0;0;0;0;0;0;0;0;0;0;0;0;0;0;0;0;0;0;0;0;0;0;0;0;0;0;0;0;0;0;0;0;0;0;0;0;0;0;0;0;0;0;0;0;0;0;0;0;0;0;0;0;0;0;0;0;0;0
D05;B2;;Cal.Biomass[DCW [g/L]]:FS=3;0;0;0;0;0;0;0;0;0;0;0;0;0;0;0;0;0;0;0;0;0;0;0;0;0;0;0;0;0;0;0;0;0;0;0;0;0;0;0;0;0;0;0;0;0;0;0;0;0;0;0;0;0;0;0;0;0;0;0;0;0;0;0;0;0;0;0;0;0;0;0;0;0;0;0;0;0;0;0;0;0;0;0;0;0;0;0;0;0;0;0;0;0;0;0;0;0;0;0;0;0;0;0;0;0;0;0;0;0;0;0;0;0;0;0;0;0;0;0;0;0;0;0;0;0;0;0;0;0;0;0;0;0;0;0;0;0;0;0;0;0;0;0;0;0;0;0;0;0;0;0;0;0;0;0;0;0;0;0
D06;X2;;Cal.Biomass[DCW [g/L]]:FS=3;0;0;0;0;0;0;0;0;0;0;0;0;0;0;0;0;0;0;0;0;0;0;0;0;0;0;0;0;0;0;0;0;0;0;0;0;0;0;0;0;0;0;0;0;0;0;0;0;0;0;0;0;0;0;0;0;0;0;0;0;0;0;0;0;0;0;0;0;0;0;0;0;0;0;0;0;0;0;0;0;0;0;0;0;0;0;0;0;0;0;0;0;0;0;0;0;0;0;0;0;0;0;0;0;0;0;0;0;0;0;0;0;0;0;0;0;0;0;0;0;0;0;0;0;0;0;0;0;0;0;0;0;0;0;0;0;0;0;0;0;0;0;0;0;0;0;0;0;0;0;0;0;0;0;0;0;0;0;0
D07;X2;;Cal.Biomass[DCW [g/L]]:FS=3;0;0;0;0;0;0;0;0;0;0;0;0;0;0;0;0;0;0;0;0;0;0;0;0;0;0;0;0;0;0;0;0;0;0;0;0;0;0;0;0;0;0;0;0;0;0;0;0;0;0;0;0;0;0;0;0;0;0;0;0;0;0;0;0;0;0;0;0;0;0;0;0;0;0;0;0;0;0;0;0;0;0;0;0;0;0;0;0;0;0;0;0;0;0;0;0;0;0;0;0;0;0;0;0;0;0;0;0;0;0;0;0;0;0;0;0;0;0;0;0;0;0;0;0;0;0;0;0;0;0;0;0;0;0;0;0;0;0;0;0;0;0;0;0;0;0;0;0;0;0;0;0;0;0;0;0;0;0;0
D08;X2;;Cal.Biomass[DCW [g/L]]:FS=3;0;0;0;0;0;0;0;0;0;0;0;0;0;0;0;0;0;0;0;0;0;0;0;0;0;0;0;0;0;0;0;0;0;0;0;0;0;0;0;0;0;0;0;0;0;0;0;0;0;0;0;0;0;0;0;0;0;0;0;0;0;0;0;0;0;0;0;0;0;0;0;0;0;0;0;0;0;0;0;0;0;0;0;0;0;0;0;0;0;0;0;0;0;0;0;0;0;0;0;0;0;0;0;0;0;0;0;0;0;0;0;0;0;0;0;0;0;0;0;0;0;0;0;0;0;0;0;0;0;0;0;0;0;0;0;0;0;0;0;0;0;0;0;0;0;0;0;0;0;0;0;0;0;0;0;0;0;0;0
D09;X2;;Cal.Biomass[DCW [g/L]]:FS=3;0;0;0;0;0;0;0;0;0;0;0;0;0;0;0;0;0;0;0;0;0;0;0;0;0;0;0;0;0;0;0;0;0;0;0;0;0;0;0;0;0;0;0;0;0;0;0;0;0;0;0;0;0;0;0;0;0;0;0;0;0;0;0;0;0;0;0;0;0;0;0;0;0;0;0;0;0;0;0;0;0;0;0;0;0;0;0;0;0;0;0;0;0;0;0;0;0;0;0;0;0;0;0;0;0;0;0;0;0;0;0;0;0;0;0;0;0;0;0;0;0;0;0;0;0;0;0;0;0;0;0;0;0;0;0;0;0;0;0;0;0;0;0;0;0;0;0;0;0;0;0;0;0;0;0;0;0;0;0
D10;X2;;Cal.Biomass[DCW [g/L]]:FS=3;0;0;0;0;0;0;0;0;0;0;0;0;0;0;0;0;0;0;0;0;0;0;0;0;0;0;0;0;0;0;0;0;0;0;0;0;0;0;0;0;0;0;0;0;0;0;0;0;0;0;0;0;0;0;0;0;0;0;0;0;0;0;0;0;0;0;0;0;0;0;0;0;0;0;0;0;0;0;0;0;0;0;0;0;0;0;0;0;0;0;0;0;0;0;0;0;0;0;0;0;0;0;0;0;0;0;0;0;0;0;0;0;0;0;0;0;0;0;0;0;0;0;0;0;0;0;0;0;0;0;0;0;0;0;0;0;0;0;0;0;0;0;0;0;0;0;0;0;0;0;0;0;0;0;0;0;0;0;0
E03;B3;;Cal.Biomass[DCW [g/L]]:FS=3;0;0;0;0;0;0;0;0;0;0;0;0;0;0;0;0;0;0;0;0;0;0;0;0;0;0;0;0;0;0;0;0;0;0;0;0;0;0;0;0;0;0;0;0;0;0;0;0;0;0;0;0;0;0;0;0;0;0;0;0;0;0;0;0;0;0;0;0;0;0;0;0;0;0;0;0;0;0;0;0;0;0;0;0;0;0;0;0;0;0;0;0;0;0;0;0;0;0;0;0;0;0;0;0;0;0;0;0;0;0;0;0;0;0;0;0;0;0;0;0;0;0;0;0;0;0;0;0;0;0;0;0;0;0;0;0;0;0;0;0;0;0;0;0;0;0;0;0;0;0;0;0;0;0;0;0;0;0;0
E04;B3;;Cal.Biomass[DCW [g/L]]:FS=3;0;0;0;0;0;0;0;0;0;0;0;0;0;0;0;0;0;0;0;0;0;0;0;0;0;0;0;0;0;0;0;0;0;0;0;0;0;0;0;0;0;0;0;0;0;0;0;0;0;0;0;0;0;0;0;0;0;0;0;0;0;0;0;0;0;0;0;0;0;0;0;0;0;0;0;0;0;0;0;0;0;0;0;0;0;0;0;0;0;0;0;0;0;0;0;0;0;0;0;0;0;0;0;0;0;0;0;0;0;0;0;0;0;0;0;0;0;0;0;0;0;0;0;0;0;0;0;0;0;0;0;0;0;0;0;0;0;0;0;0;0;0;0;0;0;0;0;0;0;0;0;0;0;0;0;0;0;0;0
E05;B3;;Cal.Biomass[DCW [g/L]]:FS=3;0;0;0;0;0;0;0;0;0;0;0;0;0;0;0;0;0;0;0;0;0;0;0;0;0;0;0;0;0;0;0;0;0;0;0;0;0;0;0;0;0;0;0;0;0;0;0;0;0;0;0;0;0;0;0;0;0;0;0;0;0;0;0;0;0;0;0;0;0;0;0;0;0;0;0;0;0;0;0;0;0;0;0;0;0;0;0;0;0;0;0;0;0;0;0;0;0;0;0;0;0;0;0;0;0;0;0;0;0;0;0;0;0;0;0;0;0;0;0;0;0;0;0;0;0;0;0;0;0;0;0;0;0;0;0;0;0;0;0;0;0;0;0;0;0;0;0;0;0;0;0;0;0;0;0;0;0;0;0
E06;X3;;Cal.Biomass[DCW [g/L]]:FS=3;0;0;0;0;0;0;0;0;0;0;0;0;0;0;0;0;0;0;0;0;0;0;0;0;0;0;0;0;0;0;0;0;0;0;0;0;0;0;0;0;0;0;0;0;0;0;0;0;0;0;0;0;0;0;0;0;0;0;0;0;0;0;0;0;0;0;0;0;0;0;0;0;0;0;0;0;0;0;0;0;0;0;0;0;0;0;0;0;0;0;0;0;0;0;0;0;0;0;0;0;0;0;0;0;0;0;0;0;0;0;0;0;0;0;0;0;0;0;0;0;0;0;0;0;0;0;0;0;0;0;0;0;0;0;0;0;0;0;0;0;0;0;0;0;0;0;0;0;0;0;0;0;0;0;0;0;0;0;0
E07;X3;;Cal.Biomass[DCW [g/L]]:FS=3;0;0;0;0;0;0;0;0;0;0;0;0;0;0;0;0;0;0;0;0;0;0;0;0;0;0;0;0;0;0;0;0;0;0;0;0;0;0;0;0;0;0;0;0;0;0;0;0;0;0;0;0;0;0;0;0;0;0;0;0;0;0;0;0;0;0;0;0;0;0;0;0;0;0;0;0;0;0;0;0;0;0;0;0;0;0;0;0;0;0;0;0;0;0;0;0;0;0;0;0;0;0;0;0;0;0;0;0;0;0;0;0;0;0;0;0;0;0;0;0;0;0;0;0;0;0;0;0;0;0;0;0;0;0;0;0;0;0;0;0;0;0;0;0;0;0;0;0;0;0;0;0;0;0;0;0;0;0;0
E08;X3;;Cal.Biomass[DCW [g/L]]:FS=3;0;0;0;0;0;0;0;0;0;0;0;0;0;0;0;0;0;0;0;0;0;0;0;0;0;0;0;0;0;0;0;0;0;0;0;0;0;0;0;0;0;0;0;0;0;0;0;0;0;0;0;0;0;0;0;0;0;0;0;0;0;0;0;0;0;0;0;0;0;0;0;0;0;0;0;0;0;0;0;0;0;0;0;0;0;0;0;0;0;0;0;0;0;0;0;0;0;0;0;0;0;0;0;0;0;0;0;0;0;0;0;0;0;0;0;0;0;0;0;0;0;0;0;0;0;0;0;0;0;0;0;0;0;0;0;0;0;0;0;0;0;0;0;0;0;0;0;0;0;0;0;0;0;0;0;0;0;0;0
E09;X3;;Cal.Biomass[DCW [g/L]]:FS=3;0;0;0;0;0;0;0;0;0;0;0;0;0;0;0;0;0;0;0;0;0;0;0;0;0;0;0;0;0;0;0;0;0;0;0;0;0;0;0;0;0;0;0;0;0;0;0;0;0;0;0;0;0;0;0;0;0;0;0;0;0;0;0;0;0;0;0;0;0;0;0;0;0;0;0;0;0;0;0;0;0;0;0;0;0;0;0;0;0;0;0;0;0;0;0;0;0;0;0;0;0;0;0;0;0;0;0;0;0;0;0;0;0;0;0;0;0;0;0;0;0;0;0;0;0;0;0;0;0;0;0;0;0;0;0;0;0;0;0;0;0;0;0;0;0;0;0;0;0;0;0;0;0;0;0;0;0;0;0
E10;X3;;Cal.Biomass[DCW [g/L]]:FS=3;0;0;0;0;0;0;0;0;0;0;0;0;0;0;0;0;0;0;0;0;0;0;0;0;0;0;0;0;0;0;0;0;0;0;0;0;0;0;0;0;0;0;0;0;0;0;0;0;0;0;0;0;0;0;0;0;0;0;0;0;0;0;0;0;0;0;0;0;0;0;0;0;0;0;0;0;0;0;0;0;0;0;0;0;0;0;0;0;0;0;0;0;0;0;0;0;0;0;0;0;0;0;0;0;0;0;0;0;0;0;0;0;0;0;0;0;0;0;0;0;0;0;0;0;0;0;0;0;0;0;0;0;0;0;0;0;0;0;0;0;0;0;0;0;0;0;0;0;0;0;0;0;0;0;0;0;0;0;0
F03;B4;;Cal.Biomass[DCW [g/L]]:FS=3;0;0;0;0;0;0;0;0;0;0;0;0;0;0;0;0;0;0;0;0;0;0;0;0;0;0;0;0;0;0;0;0;0;0;0;0;0;0;0;0;0;0;0;0;0;0;0;0;0;0;0;0;0;0;0;0;0;0;0;0;0;0;0;0;0;0;0;0;0;0;0;0;0;0;0;0;0;0;0;0;0;0;0;0;0;0;0;0;0;0;0;0;0;0;0;0;0;0;0;0;0;0;0;0;0;0;0;0;0;0;0;0;0;0;0;0;0;0;0;0;0;0;0;0;0;0;0;0;0;0;0;0;0;0;0;0;0;0;0;0;0;0;0;0;0;0;0;0;0;0;0;0;0;0;0;0;0;0;0
F04;B4;;Cal.Biomass[DCW [g/L]]:FS=3;0;0;0;0;0;0;0;0;0;0;0;0;0;0;0;0;0;0;0;0;0;0;0;0;0;0;0;0;0;0;0;0;0;0;0;0;0;0;0;0;0;0;0;0;0;0;0;0;0;0;0;0;0;0;0;0;0;0;0;0;0;0;0;0;0;0;0;0;0;0;0;0;0;0;0;0;0;0;0;0;0;0;0;0;0;0;0;0;0;0;0;0;0;0;0;0;0;0;0;0;0;0;0;0;0;0;0;0;0;0;0;0;0;0;0;0;0;0;0;0;0;0;0;0;0;0;0;0;0;0;0;0;0;0;0;0;0;0;0;0;0;0;0;0;0;0;0;0;0;0;0;0;0;0;0;0;0;0;0
F05;B4;;Cal.Biomass[DCW [g/L]]:FS=3;0;0;0;0;0;0;0;0;0;0;0;0;0;0;0;0;0;0;0;0;0;0;0;0;0;0;0;0;0;0;0;0;0;0;0;0;0;0;0;0;0;0;0;0;0;0;0;0;0;0;0;0;0;0;0;0;0;0;0;0;0;0;0;0;0;0;0;0;0;0;0;0;0;0;0;0;0;0;0;0;0;0;0;0;0;0;0;0;0;0;0;0;0;0;0;0;0;0;0;0;0;0;0;0;0;0;0;0;0;0;0;0;0;0;0;0;0;0;0;0;0;0;0;0;0;0;0;0;0;0;0;0;0;0;0;0;0;0;0;0;0;0;0;0;0;0;0;0;0;0;0;0;0;0;0;0;0;0;0
F06;X4;;Cal.Biomass[DCW [g/L]]:FS=3;0;0;0;0;0;0;0;0;0;0;0;0;0;0;0;0;0;0;0;0;0;0;0;0;0;0;0;0;0;0;0;0;0;0;0;0;0;0;0;0;0;0;0;0;0;0;0;0;0;0;0;0;0;0;0;0;0;0;0;0;0;0;0;0;0;0;0;0;0;0;0;0;0;0;0;0;0;0;0;0;0;0;0;0;0;0;0;0;0;0;0;0;0;0;0;0;0;0;0;0;0;0;0;0;0;0;0;0;0;0;0;0;0;0;0;0;0;0;0;0;0;0;0;0;0;0;0;0;0;0;0;0;0;0;0;0;0;0;0;0;0;0;0;0;0;0;0;0;0;0;0;0;0;0;0;0;0;0;0
F07;X4;;Cal.Biomass[DCW [g/L]]:FS=3;0;0;0;0;0;0;0;0;0;0;0;0;0;0;0;0;0;0;0;0;0;0;0;0;0;0;0;0;0;0;0;0;0;0;0;0;0;0;0;0;0;0;0;0;0;0;0;0;0;0;0;0;0;0;0;0;0;0;0;0;0;0;0;0;0;0;0;0;0;0;0;0;0;0;0;0;0;0;0;0;0;0;0;0;0;0;0;0;0;0;0;0;0;0;0;0;0;0;0;0;0;0;0;0;0;0;0;0;0;0;0;0;0;0;0;0;0;0;0;0;0;0;0;0;0;0;0;0;0;0;0;0;0;0;0;0;0;0;0;0;0;0;0;0;0;0;0;0;0;0;0;0;0;0;0;0;0;0;0
F08;X4;;Cal.Biomass[DCW [g/L]]:FS=3;0;0;0;0;0;0;0;0;0;0;0;0;0;0;0;0;0;0;0;0;0;0;0;0;0;0;0;0;0;0;0;0;0;0;0;0;0;0;0;0;0;0;0;0;0;0;0;0;0;0;0;0;0;0;0;0;0;0;0;0;0;0;0;0;0;0;0;0;0;0;0;0;0;0;0;0;0;0;0;0;0;0;0;0;0;0;0;0;0;0;0;0;0;0;0;0;0;0;0;0;0;0;0;0;0;0;0;0;0;0;0;0;0;0;0;0;0;0;0;0;0;0;0;0;0;0;0;0;0;0;0;0;0;0;0;0;0;0;0;0;0;0;0;0;0;0;0;0;0;0;0;0;0;0;0;0;0;0;0
F09;X4;;Cal.Biomass[DCW [g/L]]:FS=3;0;0;0;0;0;0;0;0;0;0;0;0;0;0;0;0;0;0;0;0;0;0;0;0;0;0;0;0;0;0;0;0;0;0;0;0;0;0;0;0;0;0;0;0;0;0;0;0;0;0;0;0;0;0;0;0;0;0;0;0;0;0;0;0;0;0;0;0;0;0;0;0;0;0;0;0;0;0;0;0;0;0;0;0;0;0;0;0;0;0;0;0;0;0;0;0;0;0;0;0;0;0;0;0;0;0;0;0;0;0;0;0;0;0;0;0;0;0;0;0;0;0;0;0;0;0;0;0;0;0;0;0;0;0;0;0;0;0;0;0;0;0;0;0;0;0;0;0;0;0;0;0;0;0;0;0;0;0;0
F10;X4;;Cal.Biomass[DCW [g/L]]:FS=3;0;0;0;0;0;0;0;0;0;0;0;0;0;0;0;0;0;0;0;0;0;0;0;0;0;0;0;0;0;0;0;0;0;0;0;0;0;0;0;0;0;0;0;0;0;0;0;0;0;0;0;0;0;0;0;0;0;0;0;0;0;0;0;0;0;0;0;0;0;0;0;0;0;0;0;0;0;0;0;0;0;0;0;0;0;0;0;0;0;0;0;0;0;0;0;0;0;0;0;0;0;0;0;0;0;0;0;0;0;0;0;0;0;0;0;0;0;0;0;0;0;0;0;0;0;0;0;0;0;0;0;0;0;0;0;0;0;0;0;0;0;0;0;0;0;0;0;0;0;0;0;0;0;0;0;0;0;0;0
C03;B1;;Cal.Biomass[DCW [g/L]]:FS=4;0;0;0;0;0;0;0;0;0;0;0;0;0;0;0;0;0;0;0;0;0;0;0;0;0;0;0;0;0;0;0;0;0;0;0;0;0;0;0;0;0;0;0;0;0;0;0;0;0;0;0;0;0;0;0;0;0;0;0;0;0;0;0;0;0;0;0;0;0;0;0;0;0;0;0;0;0;0;0;0;0;0;0;0;0;0;0;0;0;0;0;0;0;0;0;0;0;0;0;0;0;0;0;0;0;0;0;0;0;0;0;0;0;0;0;0;0;0;0;0;0;0;0;0;0;0;0;0;0;0;0;0;0;0;0;0;0;0;0;0;0;0;0;0;0;0;0;0;0;0;0;0;0;0;0;0;0;0;0
C04;B1;;Cal.Biomass[DCW [g/L]]:FS=4;0;0;0;0;0;0;0;0;0;0;0;0;0;0;0;0;0;0;0;0;0;0;0;0;0;0;0;0;0;0;0;0;0;0;0;0;0;0;0;0;0;0;0;0;0;0;0;0;0;0;0;0;0;0;0;0;0;0;0;0;0;0;0;0;0;0;0;0;0;0;0;0;0;0;0;0;0;0;0;0;0;0;0;0;0;0;0;0;0;0;0;0;0;0;0;0;0;0;0;0;0;0;0;0;0;0;0;0;0;0;0;0;0;0;0;0;0;0;0;0;0;0;0;0;0;0;0;0;0;0;0;0;0;0;0;0;0;0;0;0;0;0;0;0;0;0;0;0;0;0;0;0;0;0;0;0;0;0;0
C05;B1;;Cal.Biomass[DCW [g/L]]:FS=4;0;0;0;0;0;0;0;0;0;0;0;0;0;0;0;0;0;0;0;0;0;0;0;0;0;0;0;0;0;0;0;0;0;0;0;0;0;0;0;0;0;0;0;0;0;0;0;0;0;0;0;0;0;0;0;0;0;0;0;0;0;0;0;0;0;0;0;0;0;0;0;0;0;0;0;0;0;0;0;0;0;0;0;0;0;0;0;0;0;0;0;0;0;0;0;0;0;0;0;0;0;0;0;0;0;0;0;0;0;0;0;0;0;0;0;0;0;0;0;0;0;0;0;0;0;0;0;0;0;0;0;0;0;0;0;0;0;0;0;0;0;0;0;0;0;0;0;0;0;0;0;0;0;0;0;0;0;0;0
C06;X1;;Cal.Biomass[DCW [g/L]]:FS=4;0;0;0;0;0;0;0;0;0;0;0;0;0;0;0;0;0;0;0;0;0;0;0;0;0;0;0;0;0;0;0;0;0;0;0;0;0;0;0;0;0;0;0;0;0;0;0;0;0;0;0;0;0;0;0;0;0;0;0;0;0;0;0;0;0;0;0;0;0;0;0;0;0;0;0;0;0;0;0;0;0;0;0;0;0;0;0;0;0;0;0;0;0;0;0;0;0;0;0;0;0;0;0;0;0;0;0;0;0;0;0;0;0;0;0;0;0;0;0;0;0;0;0;0;0;0;0;0;0;0;0;0;0;0;0;0;0;0;0;0;0;0;0;0;0;0;0;0;0;0;0;0;0;0;0;0;0;0;0
C07;X1;;Cal.Biomass[DCW [g/L]]:FS=4;0;0;0;0;0;0;0;0;0;0;0;0;0;0;0;0;0;0;0;0;0;0;0;0;0;0;0;0;0;0;0;0;0;0;0;0;0;0;0;0;0;0;0;0;0;0;0;0;0;0;0;0;0;0;0;0;0;0;0;0;0;0;0;0;0;0;0;0;0;0;0;0;0;0;0;0;0;0;0;0;0;0;0;0;0;0;0;0;0;0;0;0;0;0;0;0;0;0;0;0;0;0;0;0;0;0;0;0;0;0;0;0;0;0;0;0;0;0;0;0;0;0;0;0;0;0;0;0;0;0;0;0;0;0;0;0;0;0;0;0;0;0;0;0;0;0;0;0;0;0;0;0;0;0;0;0;0;0;0
C08;X1;;Cal.Biomass[DCW [g/L]]:FS=4;0;0;0;0;0;0;0;0;0;0;0;0;0;0;0;0;0;0;0;0;0;0;0;0;0;0;0;0;0;0;0;0;0;0;0;0;0;0;0;0;0;0;0;0;0;0;0;0;0;0;0;0;0;0;0;0;0;0;0;0;0;0;0;0;0;0;0;0;0;0;0;0;0;0;0;0;0;0;0;0;0;0;0;0;0;0;0;0;0;0;0;0;0;0;0;0;0;0;0;0;0;0;0;0;0;0;0;0;0;0;0;0;0;0;0;0;0;0;0;0;0;0;0;0;0;0;0;0;0;0;0;0;0;0;0;0;0;0;0;0;0;0;0;0;0;0;0;0;0;0;0;0;0;0;0;0;0;0;0
C09;X1;;Cal.Biomass[DCW [g/L]]:FS=4;0;0;0;0;0;0;0;0;0;0;0;0;0;0;0;0;0;0;0;0;0;0;0;0;0;0;0;0;0;0;0;0;0;0;0;0;0;0;0;0;0;0;0;0;0;0;0;0;0;0;0;0;0;0;0;0;0;0;0;0;0;0;0;0;0;0;0;0;0;0;0;0;0;0;0;0;0;0;0;0;0;0;0;0;0;0;0;0;0;0;0;0;0;0;0;0;0;0;0;0;0;0;0;0;0;0;0;0;0;0;0;0;0;0;0;0;0;0;0;0;0;0;0;0;0;0;0;0;0;0;0;0;0;0;0;0;0;0;0;0;0;0;0;0;0;0;0;0;0;0;0;0;0;0;0;0;0;0;0
C10;X1;;Cal.Biomass[DCW [g/L]]:FS=4;0;0;0;0;0;0;0;0;0;0;0;0;0;0;0;0;0;0;0;0;0;0;0;0;0;0;0;0;0;0;0;0;0;0;0;0;0;0;0;0;0;0;0;0;0;0;0;0;0;0;0;0;0;0;0;0;0;0;0;0;0;0;0;0;0;0;0;0;0;0;0;0;0;0;0;0;0;0;0;0;0;0;0;0;0;0;0;0;0;0;0;0;0;0;0;0;0;0;0;0;0;0;0;0;0;0;0;0;0;0;0;0;0;0;0;0;0;0;0;0;0;0;0;0;0;0;0;0;0;0;0;0;0;0;0;0;0;0;0;0;0;0;0;0;0;0;0;0;0;0;0;0;0;0;0;0;0;0;0
D03;B2;;Cal.Biomass[DCW [g/L]]:FS=4;0;0;0;0;0;0;0;0;0;0;0;0;0;0;0;0;0;0;0;0;0;0;0;0;0;0;0;0;0;0;0;0;0;0;0;0;0;0;0;0;0;0;0;0;0;0;0;0;0;0;0;0;0;0;0;0;0;0;0;0;0;0;0;0;0;0;0;0;0;0;0;0;0;0;0;0;0;0;0;0;0;0;0;0;0;0;0;0;0;0;0;0;0;0;0;0;0;0;0;0;0;0;0;0;0;0;0;0;0;0;0;0;0;0;0;0;0;0;0;0;0;0;0;0;0;0;0;0;0;0;0;0;0;0;0;0;0;0;0;0;0;0;0;0;0;0;0;0;0;0;0;0;0;0;0;0;0;0;0
D04;B2;;Cal.Biomass[DCW [g/L]]:FS=4;0;0;0;0;0;0;0;0;0;0;0;0;0;0;0;0;0;0;0;0;0;0;0;0;0;0;0;0;0;0;0;0;0;0;0;0;0;0;0;0;0;0;0;0;0;0;0;0;0;0;0;0;0;0;0;0;0;0;0;0;0;0;0;0;0;0;0;0;0;0;0;0;0;0;0;0;0;0;0;0;0;0;0;0;0;0;0;0;0;0;0;0;0;0;0;0;0;0;0;0;0;0;0;0;0;0;0;0;0;0;0;0;0;0;0;0;0;0;0;0;0;0;0;0;0;0;0;0;0;0;0;0;0;0;0;0;0;0;0;0;0;0;0;0;0;0;0;0;0;0;0;0;0;0;0;0;0;0;0
D05;B2;;Cal.Biomass[DCW [g/L]]:FS=4;0;0;0;0;0;0;0;0;0;0;0;0;0;0;0;0;0;0;0;0;0;0;0;0;0;0;0;0;0;0;0;0;0;0;0;0;0;0;0;0;0;0;0;0;0;0;0;0;0;0;0;0;0;0;0;0;0;0;0;0;0;0;0;0;0;0;0;0;0;0;0;0;0;0;0;0;0;0;0;0;0;0;0;0;0;0;0;0;0;0;0;0;0;0;0;0;0;0;0;0;0;0;0;0;0;0;0;0;0;0;0;0;0;0;0;0;0;0;0;0;0;0;0;0;0;0;0;0;0;0;0;0;0;0;0;0;0;0;0;0;0;0;0;0;0;0;0;0;0;0;0;0;0;0;0;0;0;0;0
D06;X2;;Cal.Biomass[DCW [g/L]]:FS=4;0;0;0;0;0;0;0;0;0;0;0;0;0;0;0;0;0;0;0;0;0;0;0;0;0;0;0;0;0;0;0;0;0;0;0;0;0;0;0;0;0;0;0;0;0;0;0;0;0;0;0;0;0;0;0;0;0;0;0;0;0;0;0;0;0;0;0;0;0;0;0;0;0;0;0;0;0;0;0;0;0;0;0;0;0;0;0;0;0;0;0;0;0;0;0;0;0;0;0;0;0;0;0;0;0;0;0;0;0;0;0;0;0;0;0;0;0;0;0;0;0;0;0;0;0;0;0;0;0;0;0;0;0;0;0;0;0;0;0;0;0;0;0;0;0;0;0;0;0;0;0;0;0;0;0;0;0;0;0
D07;X2;;Cal.Biomass[DCW [g/L]]:FS=4;0;0;0;0;0;0;0;0;0;0;0;0;0;0;0;0;0;0;0;0;0;0;0;0;0;0;0;0;0;0;0;0;0;0;0;0;0;0;0;0;0;0;0;0;0;0;0;0;0;0;0;0;0;0;0;0;0;0;0;0;0;0;0;0;0;0;0;0;0;0;0;0;0;0;0;0;0;0;0;0;0;0;0;0;0;0;0;0;0;0;0;0;0;0;0;0;0;0;0;0;0;0;0;0;0;0;0;0;0;0;0;0;0;0;0;0;0;0;0;0;0;0;0;0;0;0;0;0;0;0;0;0;0;0;0;0;0;0;0;0;0;0;0;0;0;0;0;0;0;0;0;0;0;0;0;0;0;0;0
D08;X2;;Cal.Biomass[DCW [g/L]]:FS=4;0;0;0;0;0;0;0;0;0;0;0;0;0;0;0;0;0;0;0;0;0;0;0;0;0;0;0;0;0;0;0;0;0;0;0;0;0;0;0;0;0;0;0;0;0;0;0;0;0;0;0;0;0;0;0;0;0;0;0;0;0;0;0;0;0;0;0;0;0;0;0;0;0;0;0;0;0;0;0;0;0;0;0;0;0;0;0;0;0;0;0;0;0;0;0;0;0;0;0;0;0;0;0;0;0;0;0;0;0;0;0;0;0;0;0;0;0;0;0;0;0;0;0;0;0;0;0;0;0;0;0;0;0;0;0;0;0;0;0;0;0;0;0;0;0;0;0;0;0;0;0;0;0;0;0;0;0;0;0
D09;X2;;Cal.Biomass[DCW [g/L]]:FS=4;0;0;0;0;0;0;0;0;0;0;0;0;0;0;0;0;0;0;0;0;0;0;0;0;0;0;0;0;0;0;0;0;0;0;0;0;0;0;0;0;0;0;0;0;0;0;0;0;0;0;0;0;0;0;0;0;0;0;0;0;0;0;0;0;0;0;0;0;0;0;0;0;0;0;0;0;0;0;0;0;0;0;0;0;0;0;0;0;0;0;0;0;0;0;0;0;0;0;0;0;0;0;0;0;0;0;0;0;0;0;0;0;0;0;0;0;0;0;0;0;0;0;0;0;0;0;0;0;0;0;0;0;0;0;0;0;0;0;0;0;0;0;0;0;0;0;0;0;0;0;0;0;0;0;0;0;0;0;0
D10;X2;;Cal.Biomass[DCW [g/L]]:FS=4;0;0;0;0;0;0;0;0;0;0;0;0;0;0;0;0;0;0;0;0;0;0;0;0;0;0;0;0;0;0;0;0;0;0;0;0;0;0;0;0;0;0;0;0;0;0;0;0;0;0;0;0;0;0;0;0;0;0;0;0;0;0;0;0;0;0;0;0;0;0;0;0;0;0;0;0;0;0;0;0;0;0;0;0;0;0;0;0;0;0;0;0;0;0;0;0;0;0;0;0;0;0;0;0;0;0;0;0;0;0;0;0;0;0;0;0;0;0;0;0;0;0;0;0;0;0;0;0;0;0;0;0;0;0;0;0;0;0;0;0;0;0;0;0;0;0;0;0;0;0;0;0;0;0;0;0;0;0;0
E03;B3;;Cal.Biomass[DCW [g/L]]:FS=4;0;0;0;0;0;0;0;0;0;0;0;0;0;0;0;0;0;0;0;0;0;0;0;0;0;0;0;0;0;0;0;0;0;0;0;0;0;0;0;0;0;0;0;0;0;0;0;0;0;0;0;0;0;0;0;0;0;0;0;0;0;0;0;0;0;0;0;0;0;0;0;0;0;0;0;0;0;0;0;0;0;0;0;0;0;0;0;0;0;0;0;0;0;0;0;0;0;0;0;0;0;0;0;0;0;0;0;0;0;0;0;0;0;0;0;0;0;0;0;0;0;0;0;0;0;0;0;0;0;0;0;0;0;0;0;0;0;0;0;0;0;0;0;0;0;0;0;0;0;0;0;0;0;0;0;0;0;0;0
E04;B3;;Cal.Biomass[DCW [g/L]]:FS=4;0;0;0;0;0;0;0;0;0;0;0;0;0;0;0;0;0;0;0;0;0;0;0;0;0;0;0;0;0;0;0;0;0;0;0;0;0;0;0;0;0;0;0;0;0;0;0;0;0;0;0;0;0;0;0;0;0;0;0;0;0;0;0;0;0;0;0;0;0;0;0;0;0;0;0;0;0;0;0;0;0;0;0;0;0;0;0;0;0;0;0;0;0;0;0;0;0;0;0;0;0;0;0;0;0;0;0;0;0;0;0;0;0;0;0;0;0;0;0;0;0;0;0;0;0;0;0;0;0;0;0;0;0;0;0;0;0;0;0;0;0;0;0;0;0;0;0;0;0;0;0;0;0;0;0;0;0;0;0
E05;B3;;Cal.Biomass[DCW [g/L]]:FS=4;0;0;0;0;0;0;0;0;0;0;0;0;0;0;0;0;0;0;0;0;0;0;0;0;0;0;0;0;0;0;0;0;0;0;0;0;0;0;0;0;0;0;0;0;0;0;0;0;0;0;0;0;0;0;0;0;0;0;0;0;0;0;0;0;0;0;0;0;0;0;0;0;0;0;0;0;0;0;0;0;0;0;0;0;0;0;0;0;0;0;0;0;0;0;0;0;0;0;0;0;0;0;0;0;0;0;0;0;0;0;0;0;0;0;0;0;0;0;0;0;0;0;0;0;0;0;0;0;0;0;0;0;0;0;0;0;0;0;0;0;0;0;0;0;0;0;0;0;0;0;0;0;0;0;0;0;0;0;0
E06;X3;;Cal.Biomass[DCW [g/L]]:FS=4;0;0;0;0;0;0;0;0;0;0;0;0;0;0;0;0;0;0;0;0;0;0;0;0;0;0;0;0;0;0;0;0;0;0;0;0;0;0;0;0;0;0;0;0;0;0;0;0;0;0;0;0;0;0;0;0;0;0;0;0;0;0;0;0;0;0;0;0;0;0;0;0;0;0;0;0;0;0;0;0;0;0;0;0;0;0;0;0;0;0;0;0;0;0;0;0;0;0;0;0;0;0;0;0;0;0;0;0;0;0;0;0;0;0;0;0;0;0;0;0;0;0;0;0;0;0;0;0;0;0;0;0;0;0;0;0;0;0;0;0;0;0;0;0;0;0;0;0;0;0;0;0;0;0;0;0;0;0;0
E07;X3;;Cal.Biomass[DCW [g/L]]:FS=4;0;0;0;0;0;0;0;0;0;0;0;0;0;0;0;0;0;0;0;0;0;0;0;0;0;0;0;0;0;0;0;0;0;0;0;0;0;0;0;0;0;0;0;0;0;0;0;0;0;0;0;0;0;0;0;0;0;0;0;0;0;0;0;0;0;0;0;0;0;0;0;0;0;0;0;0;0;0;0;0;0;0;0;0;0;0;0;0;0;0;0;0;0;0;0;0;0;0;0;0;0;0;0;0;0;0;0;0;0;0;0;0;0;0;0;0;0;0;0;0;0;0;0;0;0;0;0;0;0;0;0;0;0;0;0;0;0;0;0;0;0;0;0;0;0;0;0;0;0;0;0;0;0;0;0;0;0;0;0
E08;X3;;Cal.Biomass[DCW [g/L]]:FS=4;0;0;0;0;0;0;0;0;0;0;0;0;0;0;0;0;0;0;0;0;0;0;0;0;0;0;0;0;0;0;0;0;0;0;0;0;0;0;0;0;0;0;0;0;0;0;0;0;0;0;0;0;0;0;0;0;0;0;0;0;0;0;0;0;0;0;0;0;0;0;0;0;0;0;0;0;0;0;0;0;0;0;0;0;0;0;0;0;0;0;0;0;0;0;0;0;0;0;0;0;0;0;0;0;0;0;0;0;0;0;0;0;0;0;0;0;0;0;0;0;0;0;0;0;0;0;0;0;0;0;0;0;0;0;0;0;0;0;0;0;0;0;0;0;0;0;0;0;0;0;0;0;0;0;0;0;0;0;0
E09;X3;;Cal.Biomass[DCW [g/L]]:FS=4;0;0;0;0;0;0;0;0;0;0;0;0;0;0;0;0;0;0;0;0;0;0;0;0;0;0;0;0;0;0;0;0;0;0;0;0;0;0;0;0;0;0;0;0;0;0;0;0;0;0;0;0;0;0;0;0;0;0;0;0;0;0;0;0;0;0;0;0;0;0;0;0;0;0;0;0;0;0;0;0;0;0;0;0;0;0;0;0;0;0;0;0;0;0;0;0;0;0;0;0;0;0;0;0;0;0;0;0;0;0;0;0;0;0;0;0;0;0;0;0;0;0;0;0;0;0;0;0;0;0;0;0;0;0;0;0;0;0;0;0;0;0;0;0;0;0;0;0;0;0;0;0;0;0;0;0;0;0;0
E10;X3;;Cal.Biomass[DCW [g/L]]:FS=4;0;0;0;0;0;0;0;0;0;0;0;0;0;0;0;0;0;0;0;0;0;0;0;0;0;0;0;0;0;0;0;0;0;0;0;0;0;0;0;0;0;0;0;0;0;0;0;0;0;0;0;0;0;0;0;0;0;0;0;0;0;0;0;0;0;0;0;0;0;0;0;0;0;0;0;0;0;0;0;0;0;0;0;0;0;0;0;0;0;0;0;0;0;0;0;0;0;0;0;0;0;0;0;0;0;0;0;0;0;0;0;0;0;0;0;0;0;0;0;0;0;0;0;0;0;0;0;0;0;0;0;0;0;0;0;0;0;0;0;0;0;0;0;0;0;0;0;0;0;0;0;0;0;0;0;0;0;0;0
F03;B4;;Cal.Biomass[DCW [g/L]]:FS=4;0;0;0;0;0;0;0;0;0;0;0;0;0;0;0;0;0;0;0;0;0;0;0;0;0;0;0;0;0;0;0;0;0;0;0;0;0;0;0;0;0;0;0;0;0;0;0;0;0;0;0;0;0;0;0;0;0;0;0;0;0;0;0;0;0;0;0;0;0;0;0;0;0;0;0;0;0;0;0;0;0;0;0;0;0;0;0;0;0;0;0;0;0;0;0;0;0;0;0;0;0;0;0;0;0;0;0;0;0;0;0;0;0;0;0;0;0;0;0;0;0;0;0;0;0;0;0;0;0;0;0;0;0;0;0;0;0;0;0;0;0;0;0;0;0;0;0;0;0;0;0;0;0;0;0;0;0;0;0
F04;B4;;Cal.Biomass[DCW [g/L]]:FS=4;0;0;0;0;0;0;0;0;0;0;0;0;0;0;0;0;0;0;0;0;0;0;0;0;0;0;0;0;0;0;0;0;0;0;0;0;0;0;0;0;0;0;0;0;0;0;0;0;0;0;0;0;0;0;0;0;0;0;0;0;0;0;0;0;0;0;0;0;0;0;0;0;0;0;0;0;0;0;0;0;0;0;0;0;0;0;0;0;0;0;0;0;0;0;0;0;0;0;0;0;0;0;0;0;0;0;0;0;0;0;0;0;0;0;0;0;0;0;0;0;0;0;0;0;0;0;0;0;0;0;0;0;0;0;0;0;0;0;0;0;0;0;0;0;0;0;0;0;0;0;0;0;0;0;0;0;0;0;0
F05;B4;;Cal.Biomass[DCW [g/L]]:FS=4;0;0;0;0;0;0;0;0;0;0;0;0;0;0;0;0;0;0;0;0;0;0;0;0;0;0;0;0;0;0;0;0;0;0;0;0;0;0;0;0;0;0;0;0;0;0;0;0;0;0;0;0;0;0;0;0;0;0;0;0;0;0;0;0;0;0;0;0;0;0;0;0;0;0;0;0;0;0;0;0;0;0;0;0;0;0;0;0;0;0;0;0;0;0;0;0;0;0;0;0;0;0;0;0;0;0;0;0;0;0;0;0;0;0;0;0;0;0;0;0;0;0;0;0;0;0;0;0;0;0;0;0;0;0;0;0;0;0;0;0;0;0;0;0;0;0;0;0;0;0;0;0;0;0;0;0;0;0;0
F06;X4;;Cal.Biomass[DCW [g/L]]:FS=4;0;0;0;0;0;0;0;0;0;0;0;0;0;0;0;0;0;0;0;0;0;0;0;0;0;0;0;0;0;0;0;0;0;0;0;0;0;0;0;0;0;0;0;0;0;0;0;0;0;0;0;0;0;0;0;0;0;0;0;0;0;0;0;0;0;0;0;0;0;0;0;0;0;0;0;0;0;0;0;0;0;0;0;0;0;0;0;0;0;0;0;0;0;0;0;0;0;0;0;0;0;0;0;0;0;0;0;0;0;0;0;0;0;0;0;0;0;0;0;0;0;0;0;0;0;0;0;0;0;0;0;0;0;0;0;0;0;0;0;0;0;0;0;0;0;0;0;0;0;0;0;0;0;0;0;0;0;0;0
F07;X4;;Cal.Biomass[DCW [g/L]]:FS=4;0;0;0;0;0;0;0;0;0;0;0;0;0;0;0;0;0;0;0;0;0;0;0;0;0;0;0;0;0;0;0;0;0;0;0;0;0;0;0;0;0;0;0;0;0;0;0;0;0;0;0;0;0;0;0;0;0;0;0;0;0;0;0;0;0;0;0;0;0;0;0;0;0;0;0;0;0;0;0;0;0;0;0;0;0;0;0;0;0;0;0;0;0;0;0;0;0;0;0;0;0;0;0;0;0;0;0;0;0;0;0;0;0;0;0;0;0;0;0;0;0;0;0;0;0;0;0;0;0;0;0;0;0;0;0;0;0;0;0;0;0;0;0;0;0;0;0;0;0;0;0;0;0;0;0;0;0;0;0
F08;X4;;Cal.Biomass[DCW [g/L]]:FS=4;0;0;0;0;0;0;0;0;0;0;0;0;0;0;0;0;0;0;0;0;0;0;0;0;0;0;0;0;0;0;0;0;0;0;0;0;0;0;0;0;0;0;0;0;0;0;0;0;0;0;0;0;0;0;0;0;0;0;0;0;0;0;0;0;0;0;0;0;0;0;0;0;0;0;0;0;0;0;0;0;0;0;0;0;0;0;0;0;0;0;0;0;0;0;0;0;0;0;0;0;0;0;0;0;0;0;0;0;0;0;0;0;0;0;0;0;0;0;0;0;0;0;0;0;0;0;0;0;0;0;0;0;0;0;0;0;0;0;0;0;0;0;0;0;0;0;0;0;0;0;0;0;0;0;0;0;0;0;0
F09;X4;;Cal.Biomass[DCW [g/L]]:FS=4;0;0;0;0;0;0;0;0;0;0;0;0;0;0;0;0;0;0;0;0;0;0;0;0;0;0;0;0;0;0;0;0;0;0;0;0;0;0;0;0;0;0;0;0;0;0;0;0;0;0;0;0;0;0;0;0;0;0;0;0;0;0;0;0;0;0;0;0;0;0;0;0;0;0;0;0;0;0;0;0;0;0;0;0;0;0;0;0;0;0;0;0;0;0;0;0;0;0;0;0;0;0;0;0;0;0;0;0;0;0;0;0;0;0;0;0;0;0;0;0;0;0;0;0;0;0;0;0;0;0;0;0;0;0;0;0;0;0;0;0;0;0;0;0;0;0;0;0;0;0;0;0;0;0;0;0;0;0;0
F10;X4;;Cal.Biomass[DCW [g/L]]:FS=4;0;0;0;0;0;0;0;0;0;0;0;0;0;0;0;0;0;0;0;0;0;0;0;0;0;0;0;0;0;0;0;0;0;0;0;0;0;0;0;0;0;0;0;0;0;0;0;0;0;0;0;0;0;0;0;0;0;0;0;0;0;0;0;0;0;0;0;0;0;0;0;0;0;0;0;0;0;0;0;0;0;0;0;0;0;0;0;0;0;0;0;0;0;0;0;0;0;0;0;0;0;0;0;0;0;0;0;0;0;0;0;0;0;0;0;0;0;0;0;0;0;0;0;0;0;0;0;0;0;0;0;0;0;0;0;0;0;0;0;0;0;0;0;0;0;0;0;0;0;0;0;0;0;0;0;0;0;0;0
C06;X1;;Cal.Biomass[DCW [g/L]]:FS=Blanked.2;0;0;0;0;0;0;0;0;0;0;0;0;0;0;0;0;0;0;0;0;0;0;0;0;0;0;0;0;0;0;0;0;0;0;0;0;0;0;0;0;0;0;0;0;0;0;0;0;0;0;0;0;0;0;0;0;0;0;0;0;0;0;0;0;0;0;0;0;0;0;0;0;0;0;0;0;0;0;0;0;0;0;0;0;0;0;0;0;0;0;0;0;0;0;0;0;0;0;0;0;0;0;0;0;0;0;0;0;0;0;0;0;0;0;0;0;0;0;0;0;0;0;0;0;0;0;0;0;0;0;0;0;0;0;0;0;0;0;0;0;0;0;0;0;0;0;0;0;0;0;0;0;0;0;0;0;0;0;0
C07;X1;;Cal.Biomass[DCW [g/L]]:FS=Blanked.2;0;0;0;0;0;0;0;0;0;0;0;0;0;0;0;0;0;0;0;0;0;0;0;0;0;0;0;0;0;0;0;0;0;0;0;0;0;0;0;0;0;0;0;0;0;0;0;0;0;0;0;0;0;0;0;0;0;0;0;0;0;0;0;0;0;0;0;0;0;0;0;0;0;0;0;0;0;0;0;0;0;0;0;0;0;0;0;0;0;0;0;0;0;0;0;0;0;0;0;0;0;0;0;0;0;0;0;0;0;0;0;0;0;0;0;0;0;0;0;0;0;0;0;0;0;0;0;0;0;0;0;0;0;0;0;0;0;0;0;0;0;0;0;0;0;0;0;0;0;0;0;0;0;0;0;0;0;0;0
C08;X1;;Cal.Biomass[DCW [g/L]]:FS=Blanked.2;0;0;0;0;0;0;0;0;0;0;0;0;0;0;0;0;0;0;0;0;0;0;0;0;0;0;0;0;0;0;0;0;0;0;0;0;0;0;0;0;0;0;0;0;0;0;0;0;0;0;0;0;0;0;0;0;0;0;0;0;0;0;0;0;0;0;0;0;0;0;0;0;0;0;0;0;0;0;0;0;0;0;0;0;0;0;0;0;0;0;0;0;0;0;0;0;0;0;0;0;0;0;0;0;0;0;0;0;0;0;0;0;0;0;0;0;0;0;0;0;0;0;0;0;0;0;0;0;0;0;0;0;0;0;0;0;0;0;0;0;0;0;0;0;0;0;0;0;0;0;0;0;0;0;0;0;0;0;0
C09;X1;;Cal.Biomass[DCW [g/L]]:FS=Blanked.2;0;0;0;0;0;0;0;0;0;0;0;0;0;0;0;0;0;0;0;0;0;0;0;0;0;0;0;0;0;0;0;0;0;0;0;0;0;0;0;0;0;0;0;0;0;0;0;0;0;0;0;0;0;0;0;0;0;0;0;0;0;0;0;0;0;0;0;0;0;0;0;0;0;0;0;0;0;0;0;0;0;0;0;0;0;0;0;0;0;0;0;0;0;0;0;0;0;0;0;0;0;0;0;0;0;0;0;0;0;0;0;0;0;0;0;0;0;0;0;0;0;0;0;0;0;0;0;0;0;0;0;0;0;0;0;0;0;0;0;0;0;0;0;0;0;0;0;0;0;0;0;0;0;0;0;0;0;0;0
C10;X1;;Cal.Biomass[DCW [g/L]]:FS=Blanked.2;0;0;0;0;0;0;0;0;0;0;0;0;0;0;0;0;0;0;0;0;0;0;0;0;0;0;0;0;0;0;0;0;0;0;0;0;0;0;0;0;0;0;0;0;0;0;0;0;0;0;0;0;0;0;0;0;0;0;0;0;0;0;0;0;0;0;0;0;0;0;0;0;0;0;0;0;0;0;0;0;0;0;0;0;0;0;0;0;0;0;0;0;0;0;0;0;0;0;0;0;0;0;0;0;0;0;0;0;0;0;0;0;0;0;0;0;0;0;0;0;0;0;0;0;0;0;0;0;0;0;0;0;0;0;0;0;0;0;0;0;0;0;0;0;0;0;0;0;0;0;0;0;0;0;0;0;0;0;0
D06;X2;;Cal.Biomass[DCW [g/L]]:FS=Blanked.2;0;0;0;0;0;0;0;0;0;0;0;0;0;0;0;0;0;0;0;0;0;0;0;0;0;0;0;0;0;0;0;0;0;0;0;0;0;0;0;0;0;0;0;0;0;0;0;0;0;0;0;0;0;0;0;0;0;0;0;0;0;0;0;0;0;0;0;0;0;0;0;0;0;0;0;0;0;0;0;0;0;0;0;0;0;0;0;0;0;0;0;0;0;0;0;0;0;0;0;0;0;0;0;0;0;0;0;0;0;0;0;0;0;0;0;0;0;0;0;0;0;0;0;0;0;0;0;0;0;0;0;0;0;0;0;0;0;0;0;0;0;0;0;0;0;0;0;0;0;0;0;0;0;0;0;0;0;0;0
D07;X2;;Cal.Biomass[DCW [g/L]]:FS=Blanked.2;0;0;0;0;0;0;0;0;0;0;0;0;0;0;0;0;0;0;0;0;0;0;0;0;0;0;0;0;0;0;0;0;0;0;0;0;0;0;0;0;0;0;0;0;0;0;0;0;0;0;0;0;0;0;0;0;0;0;0;0;0;0;0;0;0;0;0;0;0;0;0;0;0;0;0;0;0;0;0;0;0;0;0;0;0;0;0;0;0;0;0;0;0;0;0;0;0;0;0;0;0;0;0;0;0;0;0;0;0;0;0;0;0;0;0;0;0;0;0;0;0;0;0;0;0;0;0;0;0;0;0;0;0;0;0;0;0;0;0;0;0;0;0;0;0;0;0;0;0;0;0;0;0;0;0;0;0;0;0
D08;X2;;Cal.Biomass[DCW [g/L]]:FS=Blanked.2;0;0;0;0;0;0;0;0;0;0;0;0;0;0;0;0;0;0;0;0;0;0;0;0;0;0;0;0;0;0;0;0;0;0;0;0;0;0;0;0;0;0;0;0;0;0;0;0;0;0;0;0;0;0;0;0;0;0;0;0;0;0;0;0;0;0;0;0;0;0;0;0;0;0;0;0;0;0;0;0;0;0;0;0;0;0;0;0;0;0;0;0;0;0;0;0;0;0;0;0;0;0;0;0;0;0;0;0;0;0;0;0;0;0;0;0;0;0;0;0;0;0;0;0;0;0;0;0;0;0;0;0;0;0;0;0;0;0;0;0;0;0;0;0;0;0;0;0;0;0;0;0;0;0;0;0;0;0;0
D09;X2;;Cal.Biomass[DCW [g/L]]:FS=Blanked.2;0;0;0;0;0;0;0;0;0;0;0;0;0;0;0;0;0;0;0;0;0;0;0;0;0;0;0;0;0;0;0;0;0;0;0;0;0;0;0;0;0;0;0;0;0;0;0;0;0;0;0;0;0;0;0;0;0;0;0;0;0;0;0;0;0;0;0;0;0;0;0;0;0;0;0;0;0;0;0;0;0;0;0;0;0;0;0;0;0;0;0;0;0;0;0;0;0;0;0;0;0;0;0;0;0;0;0;0;0;0;0;0;0;0;0;0;0;0;0;0;0;0;0;0;0;0;0;0;0;0;0;0;0;0;0;0;0;0;0;0;0;0;0;0;0;0;0;0;0;0;0;0;0;0;0;0;0;0;0
D10;X2;;Cal.Biomass[DCW [g/L]]:FS=Blanked.2;0;0;0;0;0;0;0;0;0;0;0;0;0;0;0;0;0;0;0;0;0;0;0;0;0;0;0;0;0;0;0;0;0;0;0;0;0;0;0;0;0;0;0;0;0;0;0;0;0;0;0;0;0;0;0;0;0;0;0;0;0;0;0;0;0;0;0;0;0;0;0;0;0;0;0;0;0;0;0;0;0;0;0;0;0;0;0;0;0;0;0;0;0;0;0;0;0;0;0;0;0;0;0;0;0;0;0;0;0;0;0;0;0;0;0;0;0;0;0;0;0;0;0;0;0;0;0;0;0;0;0;0;0;0;0;0;0;0;0;0;0;0;0;0;0;0;0;0;0;0;0;0;0;0;0;0;0;0;0
E06;X3;;Cal.Biomass[DCW [g/L]]:FS=Blanked.2;0;0;0;0;0;0;0;0;0;0;0;0;0;0;0;0;0;0;0;0;0;0;0;0;0;0;0;0;0;0;0;0;0;0;0;0;0;0;0;0;0;0;0;0;0;0;0;0;0;0;0;0;0;0;0;0;0;0;0;0;0;0;0;0;0;0;0;0;0;0;0;0;0;0;0;0;0;0;0;0;0;0;0;0;0;0;0;0;0;0;0;0;0;0;0;0;0;0;0;0;0;0;0;0;0;0;0;0;0;0;0;0;0;0;0;0;0;0;0;0;0;0;0;0;0;0;0;0;0;0;0;0;0;0;0;0;0;0;0;0;0;0;0;0;0;0;0;0;0;0;0;0;0;0;0;0;0;0;0
E07;X3;;Cal.Biomass[DCW [g/L]]:FS=Blanked.2;0;0;0;0;0;0;0;0;0;0;0;0;0;0;0;0;0;0;0;0;0;0;0;0;0;0;0;0;0;0;0;0;0;0;0;0;0;0;0;0;0;0;0;0;0;0;0;0;0;0;0;0;0;0;0;0;0;0;0;0;0;0;0;0;0;0;0;0;0;0;0;0;0;0;0;0;0;0;0;0;0;0;0;0;0;0;0;0;0;0;0;0;0;0;0;0;0;0;0;0;0;0;0;0;0;0;0;0;0;0;0;0;0;0;0;0;0;0;0;0;0;0;0;0;0;0;0;0;0;0;0;0;0;0;0;0;0;0;0;0;0;0;0;0;0;0;0;0;0;0;0;0;0;0;0;0;0;0;0
E08;X3;;Cal.Biomass[DCW [g/L]]:FS=Blanked.2;0;0;0;0;0;0;0;0;0;0;0;0;0;0;0;0;0;0;0;0;0;0;0;0;0;0;0;0;0;0;0;0;0;0;0;0;0;0;0;0;0;0;0;0;0;0;0;0;0;0;0;0;0;0;0;0;0;0;0;0;0;0;0;0;0;0;0;0;0;0;0;0;0;0;0;0;0;0;0;0;0;0;0;0;0;0;0;0;0;0;0;0;0;0;0;0;0;0;0;0;0;0;0;0;0;0;0;0;0;0;0;0;0;0;0;0;0;0;0;0;0;0;0;0;0;0;0;0;0;0;0;0;0;0;0;0;0;0;0;0;0;0;0;0;0;0;0;0;0;0;0;0;0;0;0;0;0;0;0
E09;X3;;Cal.Biomass[DCW [g/L]]:FS=Blanked.2;0;0;0;0;0;0;0;0;0;0;0;0;0;0;0;0;0;0;0;0;0;0;0;0;0;0;0;0;0;0;0;0;0;0;0;0;0;0;0;0;0;0;0;0;0;0;0;0;0;0;0;0;0;0;0;0;0;0;0;0;0;0;0;0;0;0;0;0;0;0;0;0;0;0;0;0;0;0;0;0;0;0;0;0;0;0;0;0;0;0;0;0;0;0;0;0;0;0;0;0;0;0;0;0;0;0;0;0;0;0;0;0;0;0;0;0;0;0;0;0;0;0;0;0;0;0;0;0;0;0;0;0;0;0;0;0;0;0;0;0;0;0;0;0;0;0;0;0;0;0;0;0;0;0;0;0;0;0;0
E10;X3;;Cal.Biomass[DCW [g/L]]:FS=Blanked.2;0;0;0;0;0;0;0;0;0;0;0;0;0;0;0;0;0;0;0;0;0;0;0;0;0;0;0;0;0;0;0;0;0;0;0;0;0;0;0;0;0;0;0;0;0;0;0;0;0;0;0;0;0;0;0;0;0;0;0;0;0;0;0;0;0;0;0;0;0;0;0;0;0;0;0;0;0;0;0;0;0;0;0;0;0;0;0;0;0;0;0;0;0;0;0;0;0;0;0;0;0;0;0;0;0;0;0;0;0;0;0;0;0;0;0;0;0;0;0;0;0;0;0;0;0;0;0;0;0;0;0;0;0;0;0;0;0;0;0;0;0;0;0;0;0;0;0;0;0;0;0;0;0;0;0;0;0;0;0
F06;X4;;Cal.Biomass[DCW [g/L]]:FS=Blanked.2;0;0;0;0;0;0;0;0;0;0;0;0;0;0;0;0;0;0;0;0;0;0;0;0;0;0;0;0;0;0;0;0;0;0;0;0;0;0;0;0;0;0;0;0;0;0;0;0;0;0;0;0;0;0;0;0;0;0;0;0;0;0;0;0;0;0;0;0;0;0;0;0;0;0;0;0;0;0;0;0;0;0;0;0;0;0;0;0;0;0;0;0;0;0;0;0;0;0;0;0;0;0;0;0;0;0;0;0;0;0;0;0;0;0;0;0;0;0;0;0;0;0;0;0;0;0;0;0;0;0;0;0;0;0;0;0;0;0;0;0;0;0;0;0;0;0;0;0;0;0;0;0;0;0;0;0;0;0;0
F07;X4;;Cal.Biomass[DCW [g/L]]:FS=Blanked.2;0;0;0;0;0;0;0;0;0;0;0;0;0;0;0;0;0;0;0;0;0;0;0;0;0;0;0;0;0;0;0;0;0;0;0;0;0;0;0;0;0;0;0;0;0;0;0;0;0;0;0;0;0;0;0;0;0;0;0;0;0;0;0;0;0;0;0;0;0;0;0;0;0;0;0;0;0;0;0;0;0;0;0;0;0;0;0;0;0;0;0;0;0;0;0;0;0;0;0;0;0;0;0;0;0;0;0;0;0;0;0;0;0;0;0;0;0;0;0;0;0;0;0;0;0;0;0;0;0;0;0;0;0;0;0;0;0;0;0;0;0;0;0;0;0;0;0;0;0;0;0;0;0;0;0;0;0;0;0
F08;X4;;Cal.Biomass[DCW [g/L]]:FS=Blanked.2;0;0;0;0;0;0;0;0;0;0;0;0;0;0;0;0;0;0;0;0;0;0;0;0;0;0;0;0;0;0;0;0;0;0;0;0;0;0;0;0;0;0;0;0;0;0;0;0;0;0;0;0;0;0;0;0;0;0;0;0;0;0;0;0;0;0;0;0;0;0;0;0;0;0;0;0;0;0;0;0;0;0;0;0;0;0;0;0;0;0;0;0;0;0;0;0;0;0;0;0;0;0;0;0;0;0;0;0;0;0;0;0;0;0;0;0;0;0;0;0;0;0;0;0;0;0;0;0;0;0;0;0;0;0;0;0;0;0;0;0;0;0;0;0;0;0;0;0;0;0;0;0;0;0;0;0;0;0;0
F09;X4;;Cal.Biomass[DCW [g/L]]:FS=Blanked.2;0;0;0;0;0;0;0;0;0;0;0;0;0;0;0;0;0;0;0;0;0;0;0;0;0;0;0;0;0;0;0;0;0;0;0;0;0;0;0;0;0;0;0;0;0;0;0;0;0;0;0;0;0;0;0;0;0;0;0;0;0;0;0;0;0;0;0;0;0;0;0;0;0;0;0;0;0;0;0;0;0;0;0;0;0;0;0;0;0;0;0;0;0;0;0;0;0;0;0;0;0;0;0;0;0;0;0;0;0;0;0;0;0;0;0;0;0;0;0;0;0;0;0;0;0;0;0;0;0;0;0;0;0;0;0;0;0;0;0;0;0;0;0;0;0;0;0;0;0;0;0;0;0;0;0;0;0;0;0
F10;X4;;Cal.Biomass[DCW [g/L]]:FS=Blanked.2;0;0;0;0;0;0;0;0;0;0;0;0;0;0;0;0;0;0;0;0;0;0;0;0;0;0;0;0;0;0;0;0;0;0;0;0;0;0;0;0;0;0;0;0;0;0;0;0;0;0;0;0;0;0;0;0;0;0;0;0;0;0;0;0;0;0;0;0;0;0;0;0;0;0;0;0;0;0;0;0;0;0;0;0;0;0;0;0;0;0;0;0;0;0;0;0;0;0;0;0;0;0;0;0;0;0;0;0;0;0;0;0;0;0;0;0;0;0;0;0;0;0;0;0;0;0;0;0;0;0;0;0;0;0;0;0;0;0;0;0;0;0;0;0;0;0;0;0;0;0;0;0;0;0;0;0;0;0;0
C06;X1;;Cal.Biomass[DCW [g/L]]:FS=Blanked.3;0;0;0;0;0;0;0;0;0;0;0;0;0;0;0;0;0;0;0;0;0;0;0;0;0;0;0;0;0;0;0;0;0;0;0;0;0;0;0;0;0;0;0;0;0;0;0;0;0;0;0;0;0;0;0;0;0;0;0;0;0;0;0;0;0;0;0;0;0;0;0;0;0;0;0;0;0;0;0;0;0;0;0;0;0;0;0;0;0;0;0;0;0;0;0;0;0;0;0;0;0;0;0;0;0;0;0;0;0;0;0;0;0;0;0;0;0;0;0;0;0;0;0;0;0;0;0;0;0;0;0;0;0;0;0;0;0;0;0;0;0;0;0;0;0;0;0;0;0;0;0;0;0;0;0;0;0;0;0
C07;X1;;Cal.Biomass[DCW [g/L]]:FS=Blanked.3;0;0;0;0;0;0;0;0;0;0;0;0;0;0;0;0;0;0;0;0;0;0;0;0;0;0;0;0;0;0;0;0;0;0;0;0;0;0;0;0;0;0;0;0;0;0;0;0;0;0;0;0;0;0;0;0;0;0;0;0;0;0;0;0;0;0;0;0;0;0;0;0;0;0;0;0;0;0;0;0;0;0;0;0;0;0;0;0;0;0;0;0;0;0;0;0;0;0;0;0;0;0;0;0;0;0;0;0;0;0;0;0;0;0;0;0;0;0;0;0;0;0;0;0;0;0;0;0;0;0;0;0;0;0;0;0;0;0;0;0;0;0;0;0;0;0;0;0;0;0;0;0;0;0;0;0;0;0;0
C08;X1;;Cal.Biomass[DCW [g/L]]:FS=Blanked.3;0;0;0;0;0;0;0;0;0;0;0;0;0;0;0;0;0;0;0;0;0;0;0;0;0;0;0;0;0;0;0;0;0;0;0;0;0;0;0;0;0;0;0;0;0;0;0;0;0;0;0;0;0;0;0;0;0;0;0;0;0;0;0;0;0;0;0;0;0;0;0;0;0;0;0;0;0;0;0;0;0;0;0;0;0;0;0;0;0;0;0;0;0;0;0;0;0;0;0;0;0;0;0;0;0;0;0;0;0;0;0;0;0;0;0;0;0;0;0;0;0;0;0;0;0;0;0;0;0;0;0;0;0;0;0;0;0;0;0;0;0;0;0;0;0;0;0;0;0;0;0;0;0;0;0;0;0;0;0
C09;X1;;Cal.Biomass[DCW [g/L]]:FS=Blanked.3;0;0;0;0;0;0;0;0;0;0;0;0;0;0;0;0;0;0;0;0;0;0;0;0;0;0;0;0;0;0;0;0;0;0;0;0;0;0;0;0;0;0;0;0;0;0;0;0;0;0;0;0;0;0;0;0;0;0;0;0;0;0;0;0;0;0;0;0;0;0;0;0;0;0;0;0;0;0;0;0;0;0;0;0;0;0;0;0;0;0;0;0;0;0;0;0;0;0;0;0;0;0;0;0;0;0;0;0;0;0;0;0;0;0;0;0;0;0;0;0;0;0;0;0;0;0;0;0;0;0;0;0;0;0;0;0;0;0;0;0;0;0;0;0;0;0;0;0;0;0;0;0;0;0;0;0;0;0;0
C10;X1;;Cal.Biomass[DCW [g/L]]:FS=Blanked.3;0;0;0;0;0;0;0;0;0;0;0;0;0;0;0;0;0;0;0;0;0;0;0;0;0;0;0;0;0;0;0;0;0;0;0;0;0;0;0;0;0;0;0;0;0;0;0;0;0;0;0;0;0;0;0;0;0;0;0;0;0;0;0;0;0;0;0;0;0;0;0;0;0;0;0;0;0;0;0;0;0;0;0;0;0;0;0;0;0;0;0;0;0;0;0;0;0;0;0;0;0;0;0;0;0;0;0;0;0;0;0;0;0;0;0;0;0;0;0;0;0;0;0;0;0;0;0;0;0;0;0;0;0;0;0;0;0;0;0;0;0;0;0;0;0;0;0;0;0;0;0;0;0;0;0;0;0;0;0
D06;X2;;Cal.Biomass[DCW [g/L]]:FS=Blanked.3;0;0;0;0;0;0;0;0;0;0;0;0;0;0;0;0;0;0;0;0;0;0;0;0;0;0;0;0;0;0;0;0;0;0;0;0;0;0;0;0;0;0;0;0;0;0;0;0;0;0;0;0;0;0;0;0;0;0;0;0;0;0;0;0;0;0;0;0;0;0;0;0;0;0;0;0;0;0;0;0;0;0;0;0;0;0;0;0;0;0;0;0;0;0;0;0;0;0;0;0;0;0;0;0;0;0;0;0;0;0;0;0;0;0;0;0;0;0;0;0;0;0;0;0;0;0;0;0;0;0;0;0;0;0;0;0;0;0;0;0;0;0;0;0;0;0;0;0;0;0;0;0;0;0;0;0;0;0;0
D07;X2;;Cal.Biomass[DCW [g/L]]:FS=Blanked.3;0;0;0;0;0;0;0;0;0;0;0;0;0;0;0;0;0;0;0;0;0;0;0;0;0;0;0;0;0;0;0;0;0;0;0;0;0;0;0;0;0;0;0;0;0;0;0;0;0;0;0;0;0;0;0;0;0;0;0;0;0;0;0;0;0;0;0;0;0;0;0;0;0;0;0;0;0;0;0;0;0;0;0;0;0;0;0;0;0;0;0;0;0;0;0;0;0;0;0;0;0;0;0;0;0;0;0;0;0;0;0;0;0;0;0;0;0;0;0;0;0;0;0;0;0;0;0;0;0;0;0;0;0;0;0;0;0;0;0;0;0;0;0;0;0;0;0;0;0;0;0;0;0;0;0;0;0;0;0
D08;X2;;Cal.Biomass[DCW [g/L]]:FS=Blanked.3;0;0;0;0;0;0;0;0;0;0;0;0;0;0;0;0;0;0;0;0;0;0;0;0;0;0;0;0;0;0;0;0;0;0;0;0;0;0;0;0;0;0;0;0;0;0;0;0;0;0;0;0;0;0;0;0;0;0;0;0;0;0;0;0;0;0;0;0;0;0;0;0;0;0;0;0;0;0;0;0;0;0;0;0;0;0;0;0;0;0;0;0;0;0;0;0;0;0;0;0;0;0;0;0;0;0;0;0;0;0;0;0;0;0;0;0;0;0;0;0;0;0;0;0;0;0;0;0;0;0;0;0;0;0;0;0;0;0;0;0;0;0;0;0;0;0;0;0;0;0;0;0;0;0;0;0;0;0;0
D09;X2;;Cal.Biomass[DCW [g/L]]:FS=Blanked.3;0;0;0;0;0;0;0;0;0;0;0;0;0;0;0;0;0;0;0;0;0;0;0;0;0;0;0;0;0;0;0;0;0;0;0;0;0;0;0;0;0;0;0;0;0;0;0;0;0;0;0;0;0;0;0;0;0;0;0;0;0;0;0;0;0;0;0;0;0;0;0;0;0;0;0;0;0;0;0;0;0;0;0;0;0;0;0;0;0;0;0;0;0;0;0;0;0;0;0;0;0;0;0;0;0;0;0;0;0;0;0;0;0;0;0;0;0;0;0;0;0;0;0;0;0;0;0;0;0;0;0;0;0;0;0;0;0;0;0;0;0;0;0;0;0;0;0;0;0;0;0;0;0;0;0;0;0;0;0
D10;X2;;Cal.Biomass[DCW [g/L]]:FS=Blanked.3;0;0;0;0;0;0;0;0;0;0;0;0;0;0;0;0;0;0;0;0;0;0;0;0;0;0;0;0;0;0;0;0;0;0;0;0;0;0;0;0;0;0;0;0;0;0;0;0;0;0;0;0;0;0;0;0;0;0;0;0;0;0;0;0;0;0;0;0;0;0;0;0;0;0;0;0;0;0;0;0;0;0;0;0;0;0;0;0;0;0;0;0;0;0;0;0;0;0;0;0;0;0;0;0;0;0;0;0;0;0;0;0;0;0;0;0;0;0;0;0;0;0;0;0;0;0;0;0;0;0;0;0;0;0;0;0;0;0;0;0;0;0;0;0;0;0;0;0;0;0;0;0;0;0;0;0;0;0;0
E06;X3;;Cal.Biomass[DCW [g/L]]:FS=Blanked.3;0;0;0;0;0;0;0;0;0;0;0;0;0;0;0;0;0;0;0;0;0;0;0;0;0;0;0;0;0;0;0;0;0;0;0;0;0;0;0;0;0;0;0;0;0;0;0;0;0;0;0;0;0;0;0;0;0;0;0;0;0;0;0;0;0;0;0;0;0;0;0;0;0;0;0;0;0;0;0;0;0;0;0;0;0;0;0;0;0;0;0;0;0;0;0;0;0;0;0;0;0;0;0;0;0;0;0;0;0;0;0;0;0;0;0;0;0;0;0;0;0;0;0;0;0;0;0;0;0;0;0;0;0;0;0;0;0;0;0;0;0;0;0;0;0;0;0;0;0;0;0;0;0;0;0;0;0;0;0
E07;X3;;Cal.Biomass[DCW [g/L]]:FS=Blanked.3;0;0;0;0;0;0;0;0;0;0;0;0;0;0;0;0;0;0;0;0;0;0;0;0;0;0;0;0;0;0;0;0;0;0;0;0;0;0;0;0;0;0;0;0;0;0;0;0;0;0;0;0;0;0;0;0;0;0;0;0;0;0;0;0;0;0;0;0;0;0;0;0;0;0;0;0;0;0;0;0;0;0;0;0;0;0;0;0;0;0;0;0;0;0;0;0;0;0;0;0;0;0;0;0;0;0;0;0;0;0;0;0;0;0;0;0;0;0;0;0;0;0;0;0;0;0;0;0;0;0;0;0;0;0;0;0;0;0;0;0;0;0;0;0;0;0;0;0;0;0;0;0;0;0;0;0;0;0;0
E08;X3;;Cal.Biomass[DCW [g/L]]:FS=Blanked.3;0;0;0;0;0;0;0;0;0;0;0;0;0;0;0;0;0;0;0;0;0;0;0;0;0;0;0;0;0;0;0;0;0;0;0;0;0;0;0;0;0;0;0;0;0;0;0;0;0;0;0;0;0;0;0;0;0;0;0;0;0;0;0;0;0;0;0;0;0;0;0;0;0;0;0;0;0;0;0;0;0;0;0;0;0;0;0;0;0;0;0;0;0;0;0;0;0;0;0;0;0;0;0;0;0;0;0;0;0;0;0;0;0;0;0;0;0;0;0;0;0;0;0;0;0;0;0;0;0;0;0;0;0;0;0;0;0;0;0;0;0;0;0;0;0;0;0;0;0;0;0;0;0;0;0;0;0;0;0
E09;X3;;Cal.Biomass[DCW [g/L]]:FS=Blanked.3;0;0;0;0;0;0;0;0;0;0;0;0;0;0;0;0;0;0;0;0;0;0;0;0;0;0;0;0;0;0;0;0;0;0;0;0;0;0;0;0;0;0;0;0;0;0;0;0;0;0;0;0;0;0;0;0;0;0;0;0;0;0;0;0;0;0;0;0;0;0;0;0;0;0;0;0;0;0;0;0;0;0;0;0;0;0;0;0;0;0;0;0;0;0;0;0;0;0;0;0;0;0;0;0;0;0;0;0;0;0;0;0;0;0;0;0;0;0;0;0;0;0;0;0;0;0;0;0;0;0;0;0;0;0;0;0;0;0;0;0;0;0;0;0;0;0;0;0;0;0;0;0;0;0;0;0;0;0;0
E10;X3;;Cal.Biomass[DCW [g/L]]:FS=Blanked.3;0;0;0;0;0;0;0;0;0;0;0;0;0;0;0;0;0;0;0;0;0;0;0;0;0;0;0;0;0;0;0;0;0;0;0;0;0;0;0;0;0;0;0;0;0;0;0;0;0;0;0;0;0;0;0;0;0;0;0;0;0;0;0;0;0;0;0;0;0;0;0;0;0;0;0;0;0;0;0;0;0;0;0;0;0;0;0;0;0;0;0;0;0;0;0;0;0;0;0;0;0;0;0;0;0;0;0;0;0;0;0;0;0;0;0;0;0;0;0;0;0;0;0;0;0;0;0;0;0;0;0;0;0;0;0;0;0;0;0;0;0;0;0;0;0;0;0;0;0;0;0;0;0;0;0;0;0;0;0
F06;X4;;Cal.Biomass[DCW [g/L]]:FS=Blanked.3;0;0;0;0;0;0;0;0;0;0;0;0;0;0;0;0;0;0;0;0;0;0;0;0;0;0;0;0;0;0;0;0;0;0;0;0;0;0;0;0;0;0;0;0;0;0;0;0;0;0;0;0;0;0;0;0;0;0;0;0;0;0;0;0;0;0;0;0;0;0;0;0;0;0;0;0;0;0;0;0;0;0;0;0;0;0;0;0;0;0;0;0;0;0;0;0;0;0;0;0;0;0;0;0;0;0;0;0;0;0;0;0;0;0;0;0;0;0;0;0;0;0;0;0;0;0;0;0;0;0;0;0;0;0;0;0;0;0;0;0;0;0;0;0;0;0;0;0;0;0;0;0;0;0;0;0;0;0;0
F07;X4;;Cal.Biomass[DCW [g/L]]:FS=Blanked.3;0;0;0;0;0;0;0;0;0;0;0;0;0;0;0;0;0;0;0;0;0;0;0;0;0;0;0;0;0;0;0;0;0;0;0;0;0;0;0;0;0;0;0;0;0;0;0;0;0;0;0;0;0;0;0;0;0;0;0;0;0;0;0;0;0;0;0;0;0;0;0;0;0;0;0;0;0;0;0;0;0;0;0;0;0;0;0;0;0;0;0;0;0;0;0;0;0;0;0;0;0;0;0;0;0;0;0;0;0;0;0;0;0;0;0;0;0;0;0;0;0;0;0;0;0;0;0;0;0;0;0;0;0;0;0;0;0;0;0;0;0;0;0;0;0;0;0;0;0;0;0;0;0;0;0;0;0;0;0
F08;X4;;Cal.Biomass[DCW [g/L]]:FS=Blanked.3;0;0;0;0;0;0;0;0;0;0;0;0;0;0;0;0;0;0;0;0;0;0;0;0;0;0;0;0;0;0;0;0;0;0;0;0;0;0;0;0;0;0;0;0;0;0;0;0;0;0;0;0;0;0;0;0;0;0;0;0;0;0;0;0;0;0;0;0;0;0;0;0;0;0;0;0;0;0;0;0;0;0;0;0;0;0;0;0;0;0;0;0;0;0;0;0;0;0;0;0;0;0;0;0;0;0;0;0;0;0;0;0;0;0;0;0;0;0;0;0;0;0;0;0;0;0;0;0;0;0;0;0;0;0;0;0;0;0;0;0;0;0;0;0;0;0;0;0;0;0;0;0;0;0;0;0;0;0;0
F09;X4;;Cal.Biomass[DCW [g/L]]:FS=Blanked.3;0;0;0;0;0;0;0;0;0;0;0;0;0;0;0;0;0;0;0;0;0;0;0;0;0;0;0;0;0;0;0;0;0;0;0;0;0;0;0;0;0;0;0;0;0;0;0;0;0;0;0;0;0;0;0;0;0;0;0;0;0;0;0;0;0;0;0;0;0;0;0;0;0;0;0;0;0;0;0;0;0;0;0;0;0;0;0;0;0;0;0;0;0;0;0;0;0;0;0;0;0;0;0;0;0;0;0;0;0;0;0;0;0;0;0;0;0;0;0;0;0;0;0;0;0;0;0;0;0;0;0;0;0;0;0;0;0;0;0;0;0;0;0;0;0;0;0;0;0;0;0;0;0;0;0;0;0;0;0
F10;X4;;Cal.Biomass[DCW [g/L]]:FS=Blanked.3;0;0;0;0;0;0;0;0;0;0;0;0;0;0;0;0;0;0;0;0;0;0;0;0;0;0;0;0;0;0;0;0;0;0;0;0;0;0;0;0;0;0;0;0;0;0;0;0;0;0;0;0;0;0;0;0;0;0;0;0;0;0;0;0;0;0;0;0;0;0;0;0;0;0;0;0;0;0;0;0;0;0;0;0;0;0;0;0;0;0;0;0;0;0;0;0;0;0;0;0;0;0;0;0;0;0;0;0;0;0;0;0;0;0;0;0;0;0;0;0;0;0;0;0;0;0;0;0;0;0;0;0;0;0;0;0;0;0;0;0;0;0;0;0;0;0;0;0;0;0;0;0;0;0;0;0;0;0;0
C06;X1;;Cal.Biomass[DCW [g/L]]:FS=Blanked.4;0;0;0;0;0;0;0;0;0;0;0;0;0;0;0;0;0;0;0;0;0;0;0;0;0;0;0;0;0;0;0;0;0;0;0;0;0;0;0;0;0;0;0;0;0;0;0;0;0;0;0;0;0;0;0;0;0;0;0;0;0;0;0;0;0;0;0;0;0;0;0;0;0;0;0;0;0;0;0;0;0;0;0;0;0;0;0;0;0;0;0;0;0;0;0;0;0;0;0;0;0;0;0;0;0;0;0;0;0;0;0;0;0;0;0;0;0;0;0;0;0;0;0;0;0;0;0;0;0;0;0;0;0;0;0;0;0;0;0;0;0;0;0;0;0;0;0;0;0;0;0;0;0;0;0;0;0;0;0
C07;X1;;Cal.Biomass[DCW [g/L]]:FS=Blanked.4;0;0;0;0;0;0;0;0;0;0;0;0;0;0;0;0;0;0;0;0;0;0;0;0;0;0;0;0;0;0;0;0;0;0;0;0;0;0;0;0;0;0;0;0;0;0;0;0;0;0;0;0;0;0;0;0;0;0;0;0;0;0;0;0;0;0;0;0;0;0;0;0;0;0;0;0;0;0;0;0;0;0;0;0;0;0;0;0;0;0;0;0;0;0;0;0;0;0;0;0;0;0;0;0;0;0;0;0;0;0;0;0;0;0;0;0;0;0;0;0;0;0;0;0;0;0;0;0;0;0;0;0;0;0;0;0;0;0;0;0;0;0;0;0;0;0;0;0;0;0;0;0;0;0;0;0;0;0;0
C08;X1;;Cal.Biomass[DCW [g/L]]:FS=Blanked.4;0;0;0;0;0;0;0;0;0;0;0;0;0;0;0;0;0;0;0;0;0;0;0;0;0;0;0;0;0;0;0;0;0;0;0;0;0;0;0;0;0;0;0;0;0;0;0;0;0;0;0;0;0;0;0;0;0;0;0;0;0;0;0;0;0;0;0;0;0;0;0;0;0;0;0;0;0;0;0;0;0;0;0;0;0;0;0;0;0;0;0;0;0;0;0;0;0;0;0;0;0;0;0;0;0;0;0;0;0;0;0;0;0;0;0;0;0;0;0;0;0;0;0;0;0;0;0;0;0;0;0;0;0;0;0;0;0;0;0;0;0;0;0;0;0;0;0;0;0;0;0;0;0;0;0;0;0;0;0
C09;X1;;Cal.Biomass[DCW [g/L]]:FS=Blanked.4;0;0;0;0;0;0;0;0;0;0;0;0;0;0;0;0;0;0;0;0;0;0;0;0;0;0;0;0;0;0;0;0;0;0;0;0;0;0;0;0;0;0;0;0;0;0;0;0;0;0;0;0;0;0;0;0;0;0;0;0;0;0;0;0;0;0;0;0;0;0;0;0;0;0;0;0;0;0;0;0;0;0;0;0;0;0;0;0;0;0;0;0;0;0;0;0;0;0;0;0;0;0;0;0;0;0;0;0;0;0;0;0;0;0;0;0;0;0;0;0;0;0;0;0;0;0;0;0;0;0;0;0;0;0;0;0;0;0;0;0;0;0;0;0;0;0;0;0;0;0;0;0;0;0;0;0;0;0;0
C10;X1;;Cal.Biomass[DCW [g/L]]:FS=Blanked.4;0;0;0;0;0;0;0;0;0;0;0;0;0;0;0;0;0;0;0;0;0;0;0;0;0;0;0;0;0;0;0;0;0;0;0;0;0;0;0;0;0;0;0;0;0;0;0;0;0;0;0;0;0;0;0;0;0;0;0;0;0;0;0;0;0;0;0;0;0;0;0;0;0;0;0;0;0;0;0;0;0;0;0;0;0;0;0;0;0;0;0;0;0;0;0;0;0;0;0;0;0;0;0;0;0;0;0;0;0;0;0;0;0;0;0;0;0;0;0;0;0;0;0;0;0;0;0;0;0;0;0;0;0;0;0;0;0;0;0;0;0;0;0;0;0;0;0;0;0;0;0;0;0;0;0;0;0;0;0
D06;X2;;Cal.Biomass[DCW [g/L]]:FS=Blanked.4;0;0;0;0;0;0;0;0;0;0;0;0;0;0;0;0;0;0;0;0;0;0;0;0;0;0;0;0;0;0;0;0;0;0;0;0;0;0;0;0;0;0;0;0;0;0;0;0;0;0;0;0;0;0;0;0;0;0;0;0;0;0;0;0;0;0;0;0;0;0;0;0;0;0;0;0;0;0;0;0;0;0;0;0;0;0;0;0;0;0;0;0;0;0;0;0;0;0;0;0;0;0;0;0;0;0;0;0;0;0;0;0;0;0;0;0;0;0;0;0;0;0;0;0;0;0;0;0;0;0;0;0;0;0;0;0;0;0;0;0;0;0;0;0;0;0;0;0;0;0;0;0;0;0;0;0;0;0;0
D07;X2;;Cal.Biomass[DCW [g/L]]:FS=Blanked.4;0;0;0;0;0;0;0;0;0;0;0;0;0;0;0;0;0;0;0;0;0;0;0;0;0;0;0;0;0;0;0;0;0;0;0;0;0;0;0;0;0;0;0;0;0;0;0;0;0;0;0;0;0;0;0;0;0;0;0;0;0;0;0;0;0;0;0;0;0;0;0;0;0;0;0;0;0;0;0;0;0;0;0;0;0;0;0;0;0;0;0;0;0;0;0;0;0;0;0;0;0;0;0;0;0;0;0;0;0;0;0;0;0;0;0;0;0;0;0;0;0;0;0;0;0;0;0;0;0;0;0;0;0;0;0;0;0;0;0;0;0;0;0;0;0;0;0;0;0;0;0;0;0;0;0;0;0;0;0
D08;X2;;Cal.Biomass[DCW [g/L]]:FS=Blanked.4;0;0;0;0;0;0;0;0;0;0;0;0;0;0;0;0;0;0;0;0;0;0;0;0;0;0;0;0;0;0;0;0;0;0;0;0;0;0;0;0;0;0;0;0;0;0;0;0;0;0;0;0;0;0;0;0;0;0;0;0;0;0;0;0;0;0;0;0;0;0;0;0;0;0;0;0;0;0;0;0;0;0;0;0;0;0;0;0;0;0;0;0;0;0;0;0;0;0;0;0;0;0;0;0;0;0;0;0;0;0;0;0;0;0;0;0;0;0;0;0;0;0;0;0;0;0;0;0;0;0;0;0;0;0;0;0;0;0;0;0;0;0;0;0;0;0;0;0;0;0;0;0;0;0;0;0;0;0;0
D09;X2;;Cal.Biomass[DCW [g/L]]:FS=Blanked.4;0;0;0;0;0;0;0;0;0;0;0;0;0;0;0;0;0;0;0;0;0;0;0;0;0;0;0;0;0;0;0;0;0;0;0;0;0;0;0;0;0;0;0;0;0;0;0;0;0;0;0;0;0;0;0;0;0;0;0;0;0;0;0;0;0;0;0;0;0;0;0;0;0;0;0;0;0;0;0;0;0;0;0;0;0;0;0;0;0;0;0;0;0;0;0;0;0;0;0;0;0;0;0;0;0;0;0;0;0;0;0;0;0;0;0;0;0;0;0;0;0;0;0;0;0;0;0;0;0;0;0;0;0;0;0;0;0;0;0;0;0;0;0;0;0;0;0;0;0;0;0;0;0;0;0;0;0;0;0
D10;X2;;Cal.Biomass[DCW [g/L]]:FS=Blanked.4;0;0;0;0;0;0;0;0;0;0;0;0;0;0;0;0;0;0;0;0;0;0;0;0;0;0;0;0;0;0;0;0;0;0;0;0;0;0;0;0;0;0;0;0;0;0;0;0;0;0;0;0;0;0;0;0;0;0;0;0;0;0;0;0;0;0;0;0;0;0;0;0;0;0;0;0;0;0;0;0;0;0;0;0;0;0;0;0;0;0;0;0;0;0;0;0;0;0;0;0;0;0;0;0;0;0;0;0;0;0;0;0;0;0;0;0;0;0;0;0;0;0;0;0;0;0;0;0;0;0;0;0;0;0;0;0;0;0;0;0;0;0;0;0;0;0;0;0;0;0;0;0;0;0;0;0;0;0;0
E06;X3;;Cal.Biomass[DCW [g/L]]:FS=Blanked.4;0;0;0;0;0;0;0;0;0;0;0;0;0;0;0;0;0;0;0;0;0;0;0;0;0;0;0;0;0;0;0;0;0;0;0;0;0;0;0;0;0;0;0;0;0;0;0;0;0;0;0;0;0;0;0;0;0;0;0;0;0;0;0;0;0;0;0;0;0;0;0;0;0;0;0;0;0;0;0;0;0;0;0;0;0;0;0;0;0;0;0;0;0;0;0;0;0;0;0;0;0;0;0;0;0;0;0;0;0;0;0;0;0;0;0;0;0;0;0;0;0;0;0;0;0;0;0;0;0;0;0;0;0;0;0;0;0;0;0;0;0;0;0;0;0;0;0;0;0;0;0;0;0;0;0;0;0;0;0
E07;X3;;Cal.Biomass[DCW [g/L]]:FS=Blanked.4;0;0;0;0;0;0;0;0;0;0;0;0;0;0;0;0;0;0;0;0;0;0;0;0;0;0;0;0;0;0;0;0;0;0;0;0;0;0;0;0;0;0;0;0;0;0;0;0;0;0;0;0;0;0;0;0;0;0;0;0;0;0;0;0;0;0;0;0;0;0;0;0;0;0;0;0;0;0;0;0;0;0;0;0;0;0;0;0;0;0;0;0;0;0;0;0;0;0;0;0;0;0;0;0;0;0;0;0;0;0;0;0;0;0;0;0;0;0;0;0;0;0;0;0;0;0;0;0;0;0;0;0;0;0;0;0;0;0;0;0;0;0;0;0;0;0;0;0;0;0;0;0;0;0;0;0;0;0;0
E08;X3;;Cal.Biomass[DCW [g/L]]:FS=Blanked.4;0;0;0;0;0;0;0;0;0;0;0;0;0;0;0;0;0;0;0;0;0;0;0;0;0;0;0;0;0;0;0;0;0;0;0;0;0;0;0;0;0;0;0;0;0;0;0;0;0;0;0;0;0;0;0;0;0;0;0;0;0;0;0;0;0;0;0;0;0;0;0;0;0;0;0;0;0;0;0;0;0;0;0;0;0;0;0;0;0;0;0;0;0;0;0;0;0;0;0;0;0;0;0;0;0;0;0;0;0;0;0;0;0;0;0;0;0;0;0;0;0;0;0;0;0;0;0;0;0;0;0;0;0;0;0;0;0;0;0;0;0;0;0;0;0;0;0;0;0;0;0;0;0;0;0;0;0;0;0
E09;X3;;Cal.Biomass[DCW [g/L]]:FS=Blanked.4;0;0;0;0;0;0;0;0;0;0;0;0;0;0;0;0;0;0;0;0;0;0;0;0;0;0;0;0;0;0;0;0;0;0;0;0;0;0;0;0;0;0;0;0;0;0;0;0;0;0;0;0;0;0;0;0;0;0;0;0;0;0;0;0;0;0;0;0;0;0;0;0;0;0;0;0;0;0;0;0;0;0;0;0;0;0;0;0;0;0;0;0;0;0;0;0;0;0;0;0;0;0;0;0;0;0;0;0;0;0;0;0;0;0;0;0;0;0;0;0;0;0;0;0;0;0;0;0;0;0;0;0;0;0;0;0;0;0;0;0;0;0;0;0;0;0;0;0;0;0;0;0;0;0;0;0;0;0;0
E10;X3;;Cal.Biomass[DCW [g/L]]:FS=Blanked.4;0;0;0;0;0;0;0;0;0;0;0;0;0;0;0;0;0;0;0;0;0;0;0;0;0;0;0;0;0;0;0;0;0;0;0;0;0;0;0;0;0;0;0;0;0;0;0;0;0;0;0;0;0;0;0;0;0;0;0;0;0;0;0;0;0;0;0;0;0;0;0;0;0;0;0;0;0;0;0;0;0;0;0;0;0;0;0;0;0;0;0;0;0;0;0;0;0;0;0;0;0;0;0;0;0;0;0;0;0;0;0;0;0;0;0;0;0;0;0;0;0;0;0;0;0;0;0;0;0;0;0;0;0;0;0;0;0;0;0;0;0;0;0;0;0;0;0;0;0;0;0;0;0;0;0;0;0;0;0
F06;X4;;Cal.Biomass[DCW [g/L]]:FS=Blanked.4;0;0;0;0;0;0;0;0;0;0;0;0;0;0;0;0;0;0;0;0;0;0;0;0;0;0;0;0;0;0;0;0;0;0;0;0;0;0;0;0;0;0;0;0;0;0;0;0;0;0;0;0;0;0;0;0;0;0;0;0;0;0;0;0;0;0;0;0;0;0;0;0;0;0;0;0;0;0;0;0;0;0;0;0;0;0;0;0;0;0;0;0;0;0;0;0;0;0;0;0;0;0;0;0;0;0;0;0;0;0;0;0;0;0;0;0;0;0;0;0;0;0;0;0;0;0;0;0;0;0;0;0;0;0;0;0;0;0;0;0;0;0;0;0;0;0;0;0;0;0;0;0;0;0;0;0;0;0;0
F07;X4;;Cal.Biomass[DCW [g/L]]:FS=Blanked.4;0;0;0;0;0;0;0;0;0;0;0;0;0;0;0;0;0;0;0;0;0;0;0;0;0;0;0;0;0;0;0;0;0;0;0;0;0;0;0;0;0;0;0;0;0;0;0;0;0;0;0;0;0;0;0;0;0;0;0;0;0;0;0;0;0;0;0;0;0;0;0;0;0;0;0;0;0;0;0;0;0;0;0;0;0;0;0;0;0;0;0;0;0;0;0;0;0;0;0;0;0;0;0;0;0;0;0;0;0;0;0;0;0;0;0;0;0;0;0;0;0;0;0;0;0;0;0;0;0;0;0;0;0;0;0;0;0;0;0;0;0;0;0;0;0;0;0;0;0;0;0;0;0;0;0;0;0;0;0
F08;X4;;Cal.Biomass[DCW [g/L]]:FS=Blanked.4;0;0;0;0;0;0;0;0;0;0;0;0;0;0;0;0;0;0;0;0;0;0;0;0;0;0;0;0;0;0;0;0;0;0;0;0;0;0;0;0;0;0;0;0;0;0;0;0;0;0;0;0;0;0;0;0;0;0;0;0;0;0;0;0;0;0;0;0;0;0;0;0;0;0;0;0;0;0;0;0;0;0;0;0;0;0;0;0;0;0;0;0;0;0;0;0;0;0;0;0;0;0;0;0;0;0;0;0;0;0;0;0;0;0;0;0;0;0;0;0;0;0;0;0;0;0;0;0;0;0;0;0;0;0;0;0;0;0;0;0;0;0;0;0;0;0;0;0;0;0;0;0;0;0;0;0;0;0;0
F09;X4;;Cal.Biomass[DCW [g/L]]:FS=Blanked.4;0;0;0;0;0;0;0;0;0;0;0;0;0;0;0;0;0;0;0;0;0;0;0;0;0;0;0;0;0;0;0;0;0;0;0;0;0;0;0;0;0;0;0;0;0;0;0;0;0;0;0;0;0;0;0;0;0;0;0;0;0;0;0;0;0;0;0;0;0;0;0;0;0;0;0;0;0;0;0;0;0;0;0;0;0;0;0;0;0;0;0;0;0;0;0;0;0;0;0;0;0;0;0;0;0;0;0;0;0;0;0;0;0;0;0;0;0;0;0;0;0;0;0;0;0;0;0;0;0;0;0;0;0;0;0;0;0;0;0;0;0;0;0;0;0;0;0;0;0;0;0;0;0;0;0;0;0;0;0
F10;X4;;Cal.Biomass[DCW [g/L]]:FS=Blanked.4;0;0;0;0;0;0;0;0;0;0;0;0;0;0;0;0;0;0;0;0;0;0;0;0;0;0;0;0;0;0;0;0;0;0;0;0;0;0;0;0;0;0;0;0;0;0;0;0;0;0;0;0;0;0;0;0;0;0;0;0;0;0;0;0;0;0;0;0;0;0;0;0;0;0;0;0;0;0;0;0;0;0;0;0;0;0;0;0;0;0;0;0;0;0;0;0;0;0;0;0;0;0;0;0;0;0;0;0;0;0;0;0;0;0;0;0;0;0;0;0;0;0;0;0;0;0;0;0;0;0;0;0;0;0;0;0;0;0;0;0;0;0;0;0;0;0;0;0;0;0;0;0;0;0;0;0;0;0;0
C06;X1;;Cal.Biomass[DCW [g/L]]:FS=Blanked.1;0;0;0;0;0;0;0;0;0;0;0;0;0;0;0;0;0;0;0;0;0;0;0;0;0;0;0;0;0;0;0;0;0;0;0;0;0;0;0;0;0;0;0;0;0;0;0;0;0;0;0;0;0;0;0;0;0;0;0;0;0;0;0;0;0;0;0;0;0;0;0;0;0;0;0;0;0;0;0;0;0;0;0;0;0;0;0;0;0;0;0;0;0;0;0;0;0;0;0;0;0;0;0;0;0;0;0;0;0;0;0;0;0;0;0;0;0;0;0;0;0;0;0;0;0;0;0;0;0;0;0;0;0;0;0;0;0;0;0;0;0;0;0;0;0;0;0;0;0;0;0;0;0;0;0;0;0;0;0
C07;X1;;Cal.Biomass[DCW [g/L]]:FS=Blanked.1;0;0;0;0;0;0;0;0;0;0;0;0;0;0;0;0;0;0;0;0;0;0;0;0;0;0;0;0;0;0;0;0;0;0;0;0;0;0;0;0;0;0;0;0;0;0;0;0;0;0;0;0;0;0;0;0;0;0;0;0;0;0;0;0;0;0;0;0;0;0;0;0;0;0;0;0;0;0;0;0;0;0;0;0;0;0;0;0;0;0;0;0;0;0;0;0;0;0;0;0;0;0;0;0;0;0;0;0;0;0;0;0;0;0;0;0;0;0;0;0;0;0;0;0;0;0;0;0;0;0;0;0;0;0;0;0;0;0;0;0;0;0;0;0;0;0;0;0;0;0;0;0;0;0;0;0;0;0;0
C08;X1;;Cal.Biomass[DCW [g/L]]:FS=Blanked.1;0;0;0;0;0;0;0;0;0;0;0;0;0;0;0;0;0;0;0;0;0;0;0;0;0;0;0;0;0;0;0;0;0;0;0;0;0;0;0;0;0;0;0;0;0;0;0;0;0;0;0;0;0;0;0;0;0;0;0;0;0;0;0;0;0;0;0;0;0;0;0;0;0;0;0;0;0;0;0;0;0;0;0;0;0;0;0;0;0;0;0;0;0;0;0;0;0;0;0;0;0;0;0;0;0;0;0;0;0;0;0;0;0;0;0;0;0;0;0;0;0;0;0;0;0;0;0;0;0;0;0;0;0;0;0;0;0;0;0;0;0;0;0;0;0;0;0;0;0;0;0;0;0;0;0;0;0;0;0
C09;X1;;Cal.Biomass[DCW [g/L]]:FS=Blanked.1;0;0;0;0;0;0;0;0;0;0;0;0;0;0;0;0;0;0;0;0;0;0;0;0;0;0;0;0;0;0;0;0;0;0;0;0;0;0;0;0;0;0;0;0;0;0;0;0;0;0;0;0;0;0;0;0;0;0;0;0;0;0;0;0;0;0;0;0;0;0;0;0;0;0;0;0;0;0;0;0;0;0;0;0;0;0;0;0;0;0;0;0;0;0;0;0;0;0;0;0;0;0;0;0;0;0;0;0;0;0;0;0;0;0;0;0;0;0;0;0;0;0;0;0;0;0;0;0;0;0;0;0;0;0;0;0;0;0;0;0;0;0;0;0;0;0;0;0;0;0;0;0;0;0;0;0;0;0;0
C10;X1;;Cal.Biomass[DCW [g/L]]:FS=Blanked.1;0;0;0;0;0;0;0;0;0;0;0;0;0;0;0;0;0;0;0;0;0;0;0;0;0;0;0;0;0;0;0;0;0;0;0;0;0;0;0;0;0;0;0;0;0;0;0;0;0;0;0;0;0;0;0;0;0;0;0;0;0;0;0;0;0;0;0;0;0;0;0;0;0;0;0;0;0;0;0;0;0;0;0;0;0;0;0;0;0;0;0;0;0;0;0;0;0;0;0;0;0;0;0;0;0;0;0;0;0;0;0;0;0;0;0;0;0;0;0;0;0;0;0;0;0;0;0;0;0;0;0;0;0;0;0;0;0;0;0;0;0;0;0;0;0;0;0;0;0;0;0;0;0;0;0;0;0;0;0
D06;X2;;Cal.Biomass[DCW [g/L]]:FS=Blanked.1;0;0;0;0;0;0;0;0;0;0;0;0;0;0;0;0;0;0;0;0;0;0;0;0;0;0;0;0;0;0;0;0;0;0;0;0;0;0;0;0;0;0;0;0;0;0;0;0;0;0;0;0;0;0;0;0;0;0;0;0;0;0;0;0;0;0;0;0;0;0;0;0;0;0;0;0;0;0;0;0;0;0;0;0;0;0;0;0;0;0;0;0;0;0;0;0;0;0;0;0;0;0;0;0;0;0;0;0;0;0;0;0;0;0;0;0;0;0;0;0;0;0;0;0;0;0;0;0;0;0;0;0;0;0;0;0;0;0;0;0;0;0;0;0;0;0;0;0;0;0;0;0;0;0;0;0;0;0;0
D07;X2;;Cal.Biomass[DCW [g/L]]:FS=Blanked.1;0;0;0;0;0;0;0;0;0;0;0;0;0;0;0;0;0;0;0;0;0;0;0;0;0;0;0;0;0;0;0;0;0;0;0;0;0;0;0;0;0;0;0;0;0;0;0;0;0;0;0;0;0;0;0;0;0;0;0;0;0;0;0;0;0;0;0;0;0;0;0;0;0;0;0;0;0;0;0;0;0;0;0;0;0;0;0;0;0;0;0;0;0;0;0;0;0;0;0;0;0;0;0;0;0;0;0;0;0;0;0;0;0;0;0;0;0;0;0;0;0;0;0;0;0;0;0;0;0;0;0;0;0;0;0;0;0;0;0;0;0;0;0;0;0;0;0;0;0;0;0;0;0;0;0;0;0;0;0
D08;X2;;Cal.Biomass[DCW [g/L]]:FS=Blanked.1;0;0;0;0;0;0;0;0;0;0;0;0;0;0;0;0;0;0;0;0;0;0;0;0;0;0;0;0;0;0;0;0;0;0;0;0;0;0;0;0;0;0;0;0;0;0;0;0;0;0;0;0;0;0;0;0;0;0;0;0;0;0;0;0;0;0;0;0;0;0;0;0;0;0;0;0;0;0;0;0;0;0;0;0;0;0;0;0;0;0;0;0;0;0;0;0;0;0;0;0;0;0;0;0;0;0;0;0;0;0;0;0;0;0;0;0;0;0;0;0;0;0;0;0;0;0;0;0;0;0;0;0;0;0;0;0;0;0;0;0;0;0;0;0;0;0;0;0;0;0;0;0;0;0;0;0;0;0;0
D09;X2;;Cal.Biomass[DCW [g/L]]:FS=Blanked.1;0;0;0;0;0;0;0;0;0;0;0;0;0;0;0;0;0;0;0;0;0;0;0;0;0;0;0;0;0;0;0;0;0;0;0;0;0;0;0;0;0;0;0;0;0;0;0;0;0;0;0;0;0;0;0;0;0;0;0;0;0;0;0;0;0;0;0;0;0;0;0;0;0;0;0;0;0;0;0;0;0;0;0;0;0;0;0;0;0;0;0;0;0;0;0;0;0;0;0;0;0;0;0;0;0;0;0;0;0;0;0;0;0;0;0;0;0;0;0;0;0;0;0;0;0;0;0;0;0;0;0;0;0;0;0;0;0;0;0;0;0;0;0;0;0;0;0;0;0;0;0;0;0;0;0;0;0;0;0
D10;X2;;Cal.Biomass[DCW [g/L]]:FS=Blanked.1;0;0;0;0;0;0;0;0;0;0;0;0;0;0;0;0;0;0;0;0;0;0;0;0;0;0;0;0;0;0;0;0;0;0;0;0;0;0;0;0;0;0;0;0;0;0;0;0;0;0;0;0;0;0;0;0;0;0;0;0;0;0;0;0;0;0;0;0;0;0;0;0;0;0;0;0;0;0;0;0;0;0;0;0;0;0;0;0;0;0;0;0;0;0;0;0;0;0;0;0;0;0;0;0;0;0;0;0;0;0;0;0;0;0;0;0;0;0;0;0;0;0;0;0;0;0;0;0;0;0;0;0;0;0;0;0;0;0;0;0;0;0;0;0;0;0;0;0;0;0;0;0;0;0;0;0;0;0;0
E06;X3;;Cal.Biomass[DCW [g/L]]:FS=Blanked.1;0;0;0;0;0;0;0;0;0;0;0;0;0;0;0;0;0;0;0;0;0;0;0;0;0;0;0;0;0;0;0;0;0;0;0;0;0;0;0;0;0;0;0;0;0;0;0;0;0;0;0;0;0;0;0;0;0;0;0;0;0;0;0;0;0;0;0;0;0;0;0;0;0;0;0;0;0;0;0;0;0;0;0;0;0;0;0;0;0;0;0;0;0;0;0;0;0;0;0;0;0;0;0;0;0;0;0;0;0;0;0;0;0;0;0;0;0;0;0;0;0;0;0;0;0;0;0;0;0;0;0;0;0;0;0;0;0;0;0;0;0;0;0;0;0;0;0;0;0;0;0;0;0;0;0;0;0;0;0
E07;X3;;Cal.Biomass[DCW [g/L]]:FS=Blanked.1;0;0;0;0;0;0;0;0;0;0;0;0;0;0;0;0;0;0;0;0;0;0;0;0;0;0;0;0;0;0;0;0;0;0;0;0;0;0;0;0;0;0;0;0;0;0;0;0;0;0;0;0;0;0;0;0;0;0;0;0;0;0;0;0;0;0;0;0;0;0;0;0;0;0;0;0;0;0;0;0;0;0;0;0;0;0;0;0;0;0;0;0;0;0;0;0;0;0;0;0;0;0;0;0;0;0;0;0;0;0;0;0;0;0;0;0;0;0;0;0;0;0;0;0;0;0;0;0;0;0;0;0;0;0;0;0;0;0;0;0;0;0;0;0;0;0;0;0;0;0;0;0;0;0;0;0;0;0;0
E08;X3;;Cal.Biomass[DCW [g/L]]:FS=Blanked.1;0;0;0;0;0;0;0;0;0;0;0;0;0;0;0;0;0;0;0;0;0;0;0;0;0;0;0;0;0;0;0;0;0;0;0;0;0;0;0;0;0;0;0;0;0;0;0;0;0;0;0;0;0;0;0;0;0;0;0;0;0;0;0;0;0;0;0;0;0;0;0;0;0;0;0;0;0;0;0;0;0;0;0;0;0;0;0;0;0;0;0;0;0;0;0;0;0;0;0;0;0;0;0;0;0;0;0;0;0;0;0;0;0;0;0;0;0;0;0;0;0;0;0;0;0;0;0;0;0;0;0;0;0;0;0;0;0;0;0;0;0;0;0;0;0;0;0;0;0;0;0;0;0;0;0;0;0;0;0
E09;X3;;Cal.Biomass[DCW [g/L]]:FS=Blanked.1;0;0;0;0;0;0;0;0;0;0;0;0;0;0;0;0;0;0;0;0;0;0;0;0;0;0;0;0;0;0;0;0;0;0;0;0;0;0;0;0;0;0;0;0;0;0;0;0;0;0;0;0;0;0;0;0;0;0;0;0;0;0;0;0;0;0;0;0;0;0;0;0;0;0;0;0;0;0;0;0;0;0;0;0;0;0;0;0;0;0;0;0;0;0;0;0;0;0;0;0;0;0;0;0;0;0;0;0;0;0;0;0;0;0;0;0;0;0;0;0;0;0;0;0;0;0;0;0;0;0;0;0;0;0;0;0;0;0;0;0;0;0;0;0;0;0;0;0;0;0;0;0;0;0;0;0;0;0;0
E10;X3;;Cal.Biomass[DCW [g/L]]:FS=Blanked.1;0;0;0;0;0;0;0;0;0;0;0;0;0;0;0;0;0;0;0;0;0;0;0;0;0;0;0;0;0;0;0;0;0;0;0;0;0;0;0;0;0;0;0;0;0;0;0;0;0;0;0;0;0;0;0;0;0;0;0;0;0;0;0;0;0;0;0;0;0;0;0;0;0;0;0;0;0;0;0;0;0;0;0;0;0;0;0;0;0;0;0;0;0;0;0;0;0;0;0;0;0;0;0;0;0;0;0;0;0;0;0;0;0;0;0;0;0;0;0;0;0;0;0;0;0;0;0;0;0;0;0;0;0;0;0;0;0;0;0;0;0;0;0;0;0;0;0;0;0;0;0;0;0;0;0;0;0;0;0
F06;X4;;Cal.Biomass[DCW [g/L]]:FS=Blanked.1;0;0;0;0;0;0;0;0;0;0;0;0;0;0;0;0;0;0;0;0;0;0;0;0;0;0;0;0;0;0;0;0;0;0;0;0;0;0;0;0;0;0;0;0;0;0;0;0;0;0;0;0;0;0;0;0;0;0;0;0;0;0;0;0;0;0;0;0;0;0;0;0;0;0;0;0;0;0;0;0;0;0;0;0;0;0;0;0;0;0;0;0;0;0;0;0;0;0;0;0;0;0;0;0;0;0;0;0;0;0;0;0;0;0;0;0;0;0;0;0;0;0;0;0;0;0;0;0;0;0;0;0;0;0;0;0;0;0;0;0;0;0;0;0;0;0;0;0;0;0;0;0;0;0;0;0;0;0;0
F07;X4;;Cal.Biomass[DCW [g/L]]:FS=Blanked.1;0;0;0;0;0;0;0;0;0;0;0;0;0;0;0;0;0;0;0;0;0;0;0;0;0;0;0;0;0;0;0;0;0;0;0;0;0;0;0;0;0;0;0;0;0;0;0;0;0;0;0;0;0;0;0;0;0;0;0;0;0;0;0;0;0;0;0;0;0;0;0;0;0;0;0;0;0;0;0;0;0;0;0;0;0;0;0;0;0;0;0;0;0;0;0;0;0;0;0;0;0;0;0;0;0;0;0;0;0;0;0;0;0;0;0;0;0;0;0;0;0;0;0;0;0;0;0;0;0;0;0;0;0;0;0;0;0;0;0;0;0;0;0;0;0;0;0;0;0;0;0;0;0;0;0;0;0;0;0
F08;X4;;Cal.Biomass[DCW [g/L]]:FS=Blanked.1;0;0;0;0;0;0;0;0;0;0;0;0;0;0;0;0;0;0;0;0;0;0;0;0;0;0;0;0;0;0;0;0;0;0;0;0;0;0;0;0;0;0;0;0;0;0;0;0;0;0;0;0;0;0;0;0;0;0;0;0;0;0;0;0;0;0;0;0;0;0;0;0;0;0;0;0;0;0;0;0;0;0;0;0;0;0;0;0;0;0;0;0;0;0;0;0;0;0;0;0;0;0;0;0;0;0;0;0;0;0;0;0;0;0;0;0;0;0;0;0;0;0;0;0;0;0;0;0;0;0;0;0;0;0;0;0;0;0;0;0;0;0;0;0;0;0;0;0;0;0;0;0;0;0;0;0;0;0;0
F09;X4;;Cal.Biomass[DCW [g/L]]:FS=Blanked.1;0;0;0;0;0;0;0;0;0;0;0;0;0;0;0;0;0;0;0;0;0;0;0;0;0;0;0;0;0;0;0;0;0;0;0;0;0;0;0;0;0;0;0;0;0;0;0;0;0;0;0;0;0;0;0;0;0;0;0;0;0;0;0;0;0;0;0;0;0;0;0;0;0;0;0;0;0;0;0;0;0;0;0;0;0;0;0;0;0;0;0;0;0;0;0;0;0;0;0;0;0;0;0;0;0;0;0;0;0;0;0;0;0;0;0;0;0;0;0;0;0;0;0;0;0;0;0;0;0;0;0;0;0;0;0;0;0;0;0;0;0;0;0;0;0;0;0;0;0;0;0;0;0;0;0;0;0;0;0
F10;X4;;Cal.Biomass[DCW [g/L]]:FS=Blanked.1;0;0;0;0;0;0;0;0;0;0;0;0;0;0;0;0;0;0;0;0;0;0;0;0;0;0;0;0;0;0;0;0;0;0;0;0;0;0;0;0;0;0;0;0;0;0;0;0;0;0;0;0;0;0;0;0;0;0;0;0;0;0;0;0;0;0;0;0;0;0;0;0;0;0;0;0;0;0;0;0;0;0;0;0;0;0;0;0;0;0;0;0;0;0;0;0;0;0;0;0;0;0;0;0;0;0;0;0;0;0;0;0;0;0;0;0;0;0;0;0;0;0;0;0;0;0;0;0;0;0;0;0;0;0;0;0;0;0;0;0;0;0;0;0;0;0;0;0;0;0;0;0;0;0;0;0;0;0;0
ACT.TEMP;;;;26,3;30,1;30;30;30;30;30;30;30;30;30;30;30;30;30;30;30;30;30;30;30;30;30;30;30;30;30;30,1;30;30;30;30;30;30;30;30;30;30;30;30;30;30;30;30;30;30;30;30;30;30;30;30;30;30;30;30;30;30;30;30;30;30;30;30;30;30;30;30;30;30;30;30;30;30;30;30;30;30;30;30;30;30;30;30;30;30;30;30;30;30;30;30;30;30;30;30;30;30;30;30;30;30;30;30;30;30;30;30;30;30;30;30;30;30;30;30;30;30;30;30;30;30;30,1;30;30;30;30;30;30;30;30;30;30;30;30;30;30;30;30;30;30;30;30;30;30;30;30;30;30;30;30;30;30;30;30;30;30;30;30
ACT.HUMIDITY;;;;67,12;56,36;62,63;69,01;74,56;75,87;74,31;74,71;74,57;75,16;75,16;74,83;75,55;75,48;75,35;74,99;75,42;75,18;75,81;75,22;76,14;75,07;75,61;75,22;75,48;75,48;75,24;75,21;75,36;75,62;75,48;75,62;75,62;76,26;75,55;74,94;74,9;75,16;75,35;75,16;75,55;75,1;75,81;75,29;75,55;74,93;74,97;75,89;75,09;74,95;74,84;75,09;75,95;75,48;75,39;76,19;74,83;74,84;75,23;74,9;75,42;75,83;76,27;75,43;75,62;77,01;75,61;75,62;75,7;75,65;76,08;76,01;76,2;76,08;76,21;76,68;76,89;77,52;77,06;76,9;76,86;76,33;76,79;76,73;76,49;77,2;76,98;76,33;76,98;77;76,99;76,79;76,13;76,33;76,53;77,24;76,6;76,4;76,77;76,59;76,26;76;76,66;76,92;77,24;76,91;76,26;77,63;77,51;78,55;78,16;78,81;78,62;78,74;79,33;78,62;78,95;78,6;78,87;79,05;78,74;78,61;78,41;79,41;78,81;78,67;79;78,39;78,81;79,05;79;78,74;78,73;78,54;79;79,2;78,75;78,67;79;78,55;78,74;78,74;78,6;79;78,98;79;78,16;78,87;79,07;78,67;78,94;78,74;78,55;78,81;79,07;78,75;79,13;78,67;79,83
ACT.O2;;;;-0,01;-0,01;-0,01;-0,01;-0,01;-0,01;-0,01;-0,01;-0,01;-0,01;-0,01;-0,01;-0,01;-0,01;-0,01;-0,01;-0,01;-0,01;-0,01;-0,01;-0,01;-0,01;-0,01;-0,01;-0,01;-0,01;-0,01;-0,01;-0,01;-0,01;-0,01;-0,01;-0,01;-0,01;-0,01;-0,01;-0,01;-0,01;-0,01;-0,01;-0,01;-0,01;-0,01;-0,01;-0,01;-0,01;-0,01;-0,01;-0,01;-0,01;-0,01;-0,01;-0,01;-0,01;-0,01;-0,01;-0,01;-0,01;-0,01;-0,01;-0,01;-0,01;-0,01;-0,01;-0,01;-0,01;-0,01;-0,01;-0,01;-0,01;-0,01;-0,01;-0,01;-0,01;-0,01;-0,01;-0,01;-0,01;-0,01;-0,01;-0,01;-0,01;-0,01;-0,01;-0,01;-0,01;-0,01;-0,01;-0,01;-0,01;-0,01;-0,01;-0,01;-0,01;-0,01;-0,01;-0,01;-0,01;-0,01;-0,01;-0,01;-0,01;-0,01;-0,01;-0,01;-0,01;-0,01;-0,01;-0,01;-0,01;-0,01;-0,01;-0,01;-0,01;-0,01;-0,01;-0,01;-0,01;-0,01;-0,01;-0,01;-0,01;-0,01;-0,01;-0,01;-0,01;-0,01;-0,01;-0,01;-0,01;-0,01;-0,01;-0,01;-0,01;-0,01;-0,01;-0,01;-0,01;-0,01;-0,01;-0,01;-0,01;-0,01;-0,01;-0,01;-0,01;-0,01;-0,01;-0,01;-0,01;-0,01;-0,01;-0,01;-0,01;-0,01;-0,01;-0,01;-0,01;-0,01
ACT.CO2;;;;0;0;0;0;0;0;0;0;0;0;0;0;0;0;0;0;0;0;0;0;0;0;0;0;0;0;0;0;0;0;0;0;0;0;0;0;0;0;0;0;0;0;0;0;0;0;0;0;0;0;0;0;0;0;0;0;0;0;0;0;0;0;0;0;0;0;0;0;0;0;0;0;0;0;0;0;0;0;0;0;0;0;0;0;0;0;0;0;0;0;0;0;0;0;0;0;0;0;0;0;0;0;0;0;0;0;0;0;0;0;0;0;0;0;0;0;0;0;0;0;0;0;0;0;0;0;0;0;0;0;0;0;0;0;0;0;0;0;0;0;0;0;0;0;0;0;0;0;0;0;0;0;0;0;0;0;0;0;0
