FILE NAME;MIM - Aureo_20260818-BSO.csv
PROTOCOL;MIM - Aureo
FILE_VERSION;3.3
DATE START;1.1.2006;12:06:03
DATE END;1.1.2006;12:06:03
DEVICE;BL165_CX-383610
USER;MIM SBT;COMMENT;no comment available
PLATETYPE;96 new;LOT;UNKOWN
MTP ROWS;8
MTP COLUMNS;12
FILTERSETS;4

FILTERSET;FILTERNAME;EX [nm];EM [nm];LAYOUT;FILTERNO;GAIN;PHASESTATISTICSSIGMA;SIGNALQUALITYTOLERANCE;REFERENCE VALUE;Process Parameters;;Calibration Parameters;;;;Criterion Parameters;;
1;Biomass           ;620;620;MIM - Aureo - 2;1;20;1;0;100;SET TEMPERATURE [C];30;Phi0;72,21;Biomass Slope;0;CRITERION;;
2;Biomass           ;620;620;MIM - Aureo - 2;1;30;1;0;100;SET HUMIDITY [%];85;Phi100;42,01;Biomass Offset;0;FI;;
3;Biomass           ;620;620;MIM - Aureo - 2;1;40;1;0;100;SET O2 [%];20,95;Phi,min;56,03;Biomass Unit;DCW [g/L];FJ;;
4;Biomass           ;620;620;MIM - Aureo - 2;1;50;1;0;100;SET CO2 [%];0;Phi,max;11,11;;;FACTOR;0;
;;;;;;;;;;SET SHAKER FREQUENCY [rpm];1000;pH0;6,16;;;S0;NaN;
;;;;;;;;;;SET CYCLE TIME [min];10;dpH;0,53;;;EXTRA INFO;;
;;;;;;;;;;SET EXP TIME [h];1193;Temp. Compensation for pH Calibration;False;Temp. pH [C];28;;;
;;;;;;;;;;;;Temp. Compensation for pO2 Calibration;False;Temp. pO2 [C];28;;;

WELL No.;CONTENT;DESCRIPTION;CHANNEL;
;;;READING ->;1;2;3;4;5;6;7;8;9;10;11;12;13;14;15;16;17;18;19;20;21;22;23;24;25;26;27;28;29;30;31;32;33;34;35;36;37;38;39;40;41;42;43;44;45;46;47;48;49;50;51;52;53;54;55;56;57;58;59;60;61;62;63;64;65;66;67;68;69;70;71;72;73;74;75;76;77;78;79;80;81;82;83;84;85;86;87;88;89;90;91;92;93;94;95;96;97;98;99;100;101;102;103;104;105;106;107;108;109;110;111;112;113;114;115;116;117;118;119;120;121;122;123;124;125;126;127;128;129;130;131;132;133;134;135;136;137;138;139;140;141;142;143;144;145;146;147
;;;TIME [h] ->;0,03187;0,18411;0,35073;0,51762;0,68435;0,85101;1,01778;1,18453;1,35132;1,51771;1,68409;1,85097;2,01777;2,18457;2,35108;2,51807;2,68476;2,85147;3,01807;3,18454;3,35123;3,51784;3,68489;3,8515;4,01832;4,18468;4,35163;4,51826;4,68472;4,85179;5,01857;5,18504;5,35185;5,51834;5,68526;5,85188;6,0186;6,18516;6,35198;6,5186;6,68536;6,85198;7,01879;7,18531;7,35197;7,51861;7,68558;7,85236;8,01905;8,18566;8,35251;8,51888;8,68554;8,85243;9,01878;9,18589;9,35244;9,51928;9,68581;9,85249;10,01938;10,18598;10,35263;10,51939;10,68608;10,85269;11,01974;11,18622;11,35286;11,51938;11,6862;11,85286;12,01943;12,18624;12,35318;12,5199;12,68654;12,85338;13,0198;13,1866;13,35316;13,51995;13,68656;13,85323;14,02007;14,18668;14,35332;14,52027;14,68676;14,85359;15,0205;15,18692;15,35357;15,52018;15,6868;15,85353;16,02047;16,18706;16,35392;16,52066;16,68727;16,85396;17,02046;17,18734;17,35416;17,52061;17,68759;17,85416;18,02061;18,18741;18,35402;18,52101;18,68771;18,8541;19,02099;19,18759;19,3544;19,5209;19,68779;19,85451;20,02102;20,18775;20,35466;20,52123;20,68781;20,85516;21,02128;21,18807;21,35502;21,52164;21,68823;21,85482;22,0214;22,18819;22,35487;22,52174;22,6884;22,85492;23,02208;23,18829;23,35522;23,52196;23,68875;23,85518;24,02197;24,18878;24,35552
C03;B1;;1;26,639;15,657;14,367;14,144;13,246;12,583;12,543;12,363;11,354;11,255;11,015;10,631;10,707;10,505;10,496;10,481;10,466;10,482;10,418;10,399;10,401;10,396;10,411;10,397;10,425;10,421;10,466;10,465;10,509;10,531;10,594;10,602;10,634;10,692;10,722;10,74;10,8;10,794;10,825;10,861;10,898;10,904;10,951;10,958;11,004;11,068;11,007;11,079;11,095;11,115;11,177;11,203;11,213;11,255;11,3;11,311;11,318;11,346;11,389;11,415;11,468;11,51;11,548;11,58;11,633;11,695;11,766;11,868;11,932;12,027;12,121;12,241;12,363;12,48;12,627;12,726;12,878;12,963;13,131;13,268;13,408;13,592;13,737;13,881;14,013;14,25;14,354;14,5;14,804;14,981;15,289;15,39;15,769;15,851;15,947;16,225;16,404;16,576;16,752;17,088;17,353;17,472;17,557;17,773;17,757;18,057;18,114;17,825;17,741;17,766;17,822;17,599;17,616;17,508;17,241;17,242;17,234;16,949;16,762;16,497;16,367;16,306;16,188;16,082;15,902;15,868;15,799;15,688;15,641;15,562;15,537;15,511;15,539;15,548;15,587;15,544;15,599;15,622;15,668;15,752;15,778;15,834;15,854;15,827;15,842;15,845;15,869
C04;B1;;1;16,108;14,126;13,49;13,867;13,316;13,536;13,143;12,648;12,76;12,024;11,784;11,795;11,578;11,735;11,055;11,633;10,808;10,707;10,477;10,837;10,591;10,622;10,218;10,296;10,262;10,166;10,171;10,21;10,195;10,224;10,234;10,255;10,277;10,299;10,303;10,346;10,357;10,365;10,403;10,419;10,426;10,471;10,523;10,525;10,566;10,593;10,601;10,615;10,634;10,661;10,692;10,728;10,749;10,761;10,813;10,82;10,857;10,901;10,945;10,961;11,007;10,992;11,053;11,075;11,112;11,144;11,188;11,231;11,246;11,267;11,301;11,34;11,38;11,399;11,443;11,456;11,487;11,514;11,564;11,614;11,67;11,727;11,816;11,864;11,957;12,072;12,153;12,261;12,325;12,468;12,599;12,621;12,821;12,888;13,026;13,197;13,381;13,608;13,661;13,863;14,015;14,116;14,211;14,512;14,536;14,84;14,695;15,204;15,446;15,479;15,823;16,183;16,433;16,585;16,524;16,69;16,987;16,527;16,871;16,513;16,485;16,532;16,55;16,463;16,316;16,456;16,173;16,016;15,907;15,756;15,651;15,528;15,428;15,354;15,322;15,2;15,085;15,013;14,939;14,907;14,921;14,874;14,847;14,812;14,811;14,803;14,827
C05;B1;;1;43,845;19,511;19,958;18,507;18,391;18,025;18,333;17,559;16,362;16,302;16,02;16,575;15,683;15,602;14,559;15,168;14,047;13,797;13,627;13,394;13,767;13,63;12,555;12,59;11,836;12,383;12,459;11,637;11,818;11,265;10,709;10,959;10,948;10,896;10,571;10,609;10,58;10,519;10,557;10,544;10,541;10,524;10,605;10,593;10,579;10,613;10,601;10,611;10,638;10,651;10,712;10,705;10,726;10,78;10,76;10,8;10,834;10,848;10,869;10,935;10,951;10,959;10,991;10,993;11,029;11,078;11,083;11,128;11,134;11,201;11,152;11,222;11,232;11,267;11,308;11,324;11,348;11,363;11,422;11,429;11,436;11,477;11,523;11,505;11,533;11,566;11,591;11,643;11,632;11,692;11,741;11,761;11,815;11,881;11,935;12,007;12,05;12,13;12,216;12,306;12,441;12,483;12,626;12,776;12,807;12,89;13,093;13,131;13,293;13,37;13,483;13,699;13,877;13,925;14,067;14,26;14,24;14,58;14,716;14,813;15,03;15,182;15,419;15,695;15,98;16,321;16,501;16,724;16,783;16,826;16,739;16,602;16,709;16,674;16,77;16,569;16,531;16,551;16,433;16,267;16,145;16,053;15,939;15,729;15,652;15,635;15,558
C06;X1;;1;9,116;9,197;9,179;9,215;9,243;9,25;9,242;9,276;9,235;9,283;9,264;9,264;9,256;9,276;9,285;9,312;9,334;9,334;9,363;9,372;9,395;9,382;9,421;9,454;9,44;9,443;9,467;9,519;9,514;9,536;9,585;9,59;9,626;9,6;9,631;9,661;9,699;9,721;9,734;9,78;9,794;9,838;9,846;9,881;9,914;9,957;9,935;9,982;10,012;10,035;10,079;10,116;10,176;10,204;10,286;10,303;10,36;10,446;10,506;10,556;10,622;10,692;10,76;10,815;10,888;10,966;11,05;11,125;11,213;11,307;11,363;11,489;11,568;11,686;11,835;11,971;12,14;12,292;12,506;12,695;12,904;13,094;13,355;13,601;13,928;14,323;14,548;14,963;15,365;16,171;17,017;17,505;18,047;19,096;19,631;20,089;20,498;21,108;21,647;22,349;22,808;23,532;24,531;25,96;27,3;28,151;28,798;29,583;29,855;30,726;30,677;31,203;31,128;31,696;31,665;32,024;31,96;32,267;33,055;32,777;31,989;32,046;31,745;31,761;31,422;31,698;31,679;31,904;32,063;31,879;31,932;31,795;31,537;31,842;31,81;31,672;32,464;31,826;32,977;32,168;32,559;32,514;33,682;32,697;32,947;35,084;34,317
C07;X1;;1;9,947;9,94;9,928;9,965;9,975;9,995;9,999;10,006;10,054;10,056;10,062;10,072;10,072;10,103;10,09;10,126;10,156;10,181;10,199;10,219;10,251;10,262;10,284;10,296;10,327;10,355;10,374;10,39;10,378;10,41;10,43;10,455;10,457;10,499;10,512;10,527;10,557;10,548;10,563;10,603;10,629;10,649;10,664;10,662;10,721;10,732;10,743;10,746;10,763;10,809;10,834;10,86;10,894;10,939;10,948;10,978;11,008;11,063;11,129;11,165;11,211;11,269;11,317;11,389;11,452;11,553;11,614;11,733;11,827;11,944;12,049;12,192;12,32;12,457;12,62;12,772;12,944;13,131;13,369;13,594;13,952;14,369;14,594;15,062;15,319;15,754;15,898;16,722;17,657;17,924;18,712;19,147;19,992;20,045;20,321;20,687;21,113;21,696;22,222;22,797;23,436;23,775;23,959;24,708;25,285;26,28;27,482;29,097;30,216;30,006;30,782;30,835;31,263;31,364;31,268;31,679;32,062;31,735;32,473;32,18;31,768;31,636;31,179;30,45;30,194;30,257;30,192;30,359;30,592;30,619;30,598;30,655;30,636;30,666;30,608;30,525;30,922;30,621;30,977;30,933;31,76;32,749;33,149;33,911;33,061;32,971;33,013
C08;X1;;1;10,018;9,898;9,891;9,935;9,954;9,97;9,977;9,98;9,983;9,995;9,985;10,014;9,991;10,019;10,012;10,064;10,091;10,08;10,098;10,108;10,146;10,154;10,192;10,194;10,213;10,218;10,253;10,288;10,296;10,299;10,312;10,36;10,379;10,397;10,427;10,425;10,453;10,453;10,494;10,511;10,531;10,547;10,566;10,584;10,609;10,656;10,631;10,687;10,68;10,743;10,798;10,817;10,838;10,896;10,948;10,988;11,025;11,092;11,132;11,182;11,224;11,318;11,386;11,448;11,498;11,602;11,647;11,726;11,77;11,875;11,91;12,03;12,126;12,216;12,356;12,449;12,585;12,739;12,937;13,11;13,263;13,437;13,694;13,924;14,138;14,362;14,712;15,059;15,355;15,704;16,035;16,319;16,85;17,375;18,103;19,043;19,506;19,706;20,106;20,549;21,024;21,626;22,291;23,265;24,208;25,119;26,071;26,446;27,153;27,443;27,603;27,987;28,043;28,257;28,468;28,553;28,904;28,644;28,689;28,959;28,704;29,083;29,114;29,317;29,54;29,663;29,972;30,044;30,251;30,672;30,945;31,343;31,576;31,753;32,046;31,855;31,97;32,504;32,137;32,938;32,643;32,971;32,809;32,961;33,212;33,403;33,806
C09;X1;;1;11,781;9,709;9,748;9,899;9,728;9,777;9,669;9,672;9,676;9,712;9,666;9,61;9,677;9,707;9,704;9,719;9,738;9,769;9,745;9,741;9,777;9,781;9,757;9,791;9,777;9,793;9,795;9,81;9,806;9,801;9,851;9,865;9,822;9,895;9,857;9,914;9,948;9,93;9,98;9,977;9,975;10,012;10,007;10,052;10,095;10,129;10,12;10,146;10,15;10,19;10,231;10,297;10,278;10,339;10,411;10,441;10,485;10,558;10,586;10,641;10,678;10,761;10,826;10,9;10,996;11,071;11,149;11,267;11,332;11,449;11,495;11,611;11,773;11,863;12,036;12,165;12,291;12,476;12,624;12,767;12,95;13,154;13,335;13,565;13,724;13,886;14,196;14,398;14,636;14,915;15,24;15,455;15,598;15,844;15,983;16,37;16,341;16,816;17,265;17,943;19,016;19,779;20,255;21,641;22,051;22,54;23,261;23,742;24,268;24,686;25,068;25,316;25,769;25,929;26,07;26,066;26,304;26,542;26,82;27,176;27,275;27,553;27,95;28,358;28,62;29,02;29,082;29,293;29,532;30,058;30,097;29,81;30,157;30,66;30,605;31,374;31,073;31,898;32,177;31,966;32,568;32,396;33,126;33,232;33,303;33,564;34,287
C10;X1;;1;9,02;8,995;9,02;9,028;9,035;9,067;9,075;9,098;9,101;9,116;9,119;9,128;9,143;9,149;9,181;9,185;9,21;9,233;9,246;9,264;9,248;9,29;9,303;9,349;9,365;9,39;9,392;9,408;9,403;9,428;9,422;9,462;9,449;9,482;9,5;9,52;9,545;9,534;9,561;9,574;9,598;9,609;9,638;9,671;9,69;9,687;9,71;9,728;9,749;9,801;9,821;9,846;9,879;9,914;9,963;10,006;10,057;10,117;10,147;10,197;10,26;10,306;10,381;10,471;10,485;10,61;10,677;10,755;10,82;10,92;10,974;11,037;11,169;11,303;11,466;11,519;11,625;11,745;12,022;12,125;12,29;12,478;12,699;12,871;13,079;13,354;13,628;13,931;14,18;14,435;14,616;14,92;15,263;15,436;15,802;16,107;16,446;16,977;17,6;18,937;18,96;19,523;20,63;20,784;21,307;22,313;22,816;23,236;23,591;23,96;24,375;24,557;24,76;24,851;25,041;25,341;25,726;25,837;26,268;26,553;26,539;26,965;27,098;27,287;27,297;27,599;27,956;28,27;28,42;29,189;29,084;29,787;30,082;30,244;29,937;30,299;30,572;31,096;30,702;30,907;31,098;30,832;30,825;31,007;30,98;32,162;31,421
D03;B2;;1;10,258;10,01;10,03;10,024;10,027;10,119;10,071;10,066;10,111;10,139;10,139;10,153;10,169;10,171;10,155;10,204;10,211;10,223;10,235;10,251;10,248;10,282;10,277;10,286;10,288;10,306;10,345;10,331;10,355;10,381;10,391;10,383;10,428;10,41;10,453;10,468;10,485;10,499;10,524;10,537;10,525;10,547;10,609;10,616;10,586;10,646;10,598;10,621;10,601;10,674;10,679;10,659;10,683;10,692;10,697;10,728;10,751;10,776;10,796;10,813;10,823;10,85;10,862;10,854;10,871;10,893;10,868;10,937;10,946;10,957;10,938;11,024;11,024;11,04;11,057;11,067;11,065;11,08;11,093;11,119;11,146;11,134;11,16;11,153;11,118;11,179;11,197;11,196;11,219;11,264;11,285;11,304;11,355;11,4;11,393;11,452;11,485;11,513;11,566;11,612;11,649;11,704;11,757;11,856;11,888;11,933;12,023;12,063;12,127;12,197;12,292;12,379;12,444;12,546;12,634;12,706;12,902;12,953;13,08;13,22;13,181;13,346;13,406;13,497;13,763;13,683;13,858;13,923;14,085;14,178;14,301;14,401;14,562;14,627;14,854;14,902;15,01;15,167;15,354;15,484;15,846;15,674;15,789;15,872;15,979;16,261;16,282
D04;B2;;1;9,836;9,833;9,812;9,855;9,847;9,852;9,861;9,888;9,884;9,889;9,865;9,875;9,92;9,915;9,915;9,937;9,947;9,926;9,958;9,938;9,96;9,981;9,986;9,994;10,016;10,025;10,021;10,02;10,035;10,03;10,073;10,048;10,077;10,089;10,113;10,107;10,131;10,13;10,144;10,164;10,178;10,17;10,184;10,183;10,207;10,231;10,189;10,219;10,223;10,239;10,25;10,264;10,275;10,286;10,292;10,303;10,317;10,328;10,348;10,348;10,365;10,382;10,404;10,412;10,396;10,438;10,417;10,475;10,464;10,475;10,46;10,492;10,522;10,545;10,536;10,549;10,56;10,569;10,579;10,595;10,618;10,63;10,643;10,657;10,622;10,687;10,687;10,71;10,72;10,745;10,733;10,779;10,783;10,814;10,791;10,83;10,841;10,807;10,843;10,865;10,87;10,859;10,899;10,927;10,94;10,976;10,997;10,982;10,995;11,05;11,092;11,12;11,143;11,179;11,211;11,242;11,299;11,365;11,415;11,441;11,493;11,539;11,581;11,661;11,73;11,773;11,816;11,893;11,978;12,075;12,138;12,229;12,323;12,436;12,534;12,665;12,716;12,826;12,883;13,058;13,179;13,19;13,249;13,36;13,495;13,909;13,831
D05;B2;;1;13,216;10,913;9,864;9,884;9,804;9,802;9,892;9,825;9,839;9,86;9,849;9,842;9,884;9,905;9,892;9,895;9,856;9,906;9,856;9,817;9,869;9,899;9,914;9,913;9,889;9,911;9,939;9,899;9,923;9,899;9,975;9,927;9,96;10,007;9,975;9,989;9,974;9,953;10,026;9,974;10,027;10,019;10,023;10,049;10,102;10,109;10,011;10,084;10,015;10,101;10,092;10,083;10,084;10,115;10,075;10,125;10,156;10,104;10,124;10,154;10,167;10,167;10,15;10,204;10,208;10,201;10,196;10,237;10,22;10,253;10,22;10,238;10,275;10,282;10,302;10,308;10,323;10,299;10,355;10,332;10,384;10,383;10,386;10,39;10,349;10,409;10,434;10,43;10,46;10,462;10,496;10,493;10,501;10,56;10,548;10,584;10,565;10,587;10,61;10,612;10,627;10,655;10,672;10,7;10,723;10,689;10,717;10,726;10,729;10,738;10,79;10,775;10,778;10,802;10,833;10,818;10,806;10,897;10,866;10,873;10,911;10,922;10,943;10,951;10,984;10,96;10,976;10,994;10,987;11,038;11,024;11,046;11,054;11,034;11,093;11,11;11,109;11,104;11,147;11,21;11,186;11,182;11,239;11,246;11,316;11,369;11,404
D06;X2;;1;10,278;10,278;10,25;10,292;10,308;10,299;10,266;10,294;10,325;10,315;10,326;10,343;10,347;10,388;10,379;10,416;10,413;10,429;10,425;10,464;10,457;10,468;10,506;10,541;10,527;10,571;10,597;10,635;10,64;10,646;10,669;10,677;10,69;10,683;10,755;10,677;10,741;10,735;10,76;10,773;10,777;10,773;10,826;10,83;10,813;10,864;10,842;10,882;10,888;10,845;10,897;10,906;10,881;10,958;10,944;10,975;10,972;11,03;11,014;11,063;11,056;11,068;11,07;11,092;11,095;11,065;11,089;11,125;11,154;11,158;11,162;11,195;11,215;11,237;11,229;11,251;11,273;11,244;11,317;11,294;11,304;11,309;11,341;11,341;11,312;11,407;11,377;11,39;11,422;11,422;11,459;11,465;11,467;11,522;11,511;11,557;11,557;11,549;11,566;11,609;11,596;11,572;11,639;11,692;11,704;11,689;11,704;11,738;11,72;11,763;11,819;11,781;11,823;11,797;11,816;11,892;11,874;11,871;11,924;11,891;11,93;11,963;11,966;11,953;11,999;11,99;11,957;11,952;12,047;12,084;12,02;11,986;12,021;12,043;12,079;12,095;12,133;12,158;12,19;12,276;12,322;12,315;12,393;12,43;12,491;12,601;12,623
D07;X2;;1;9,745;9,704;9,684;9,745;9,731;9,718;9,735;9,764;9,801;9,741;9,801;9,771;9,771;9,811;9,765;9,827;9,813;9,811;9,843;9,839;9,856;9,876;9,819;9,863;9,836;9,865;9,919;9,925;9,979;9,899;9,942;9,953;9,94;9,958;9,962;10,012;9,981;9,986;10;10,049;10,083;10,074;10,066;10,114;10,111;10,148;10,1;10,169;10,154;10,143;10,214;10,198;10,159;10,188;10,138;10,207;10,172;10,219;10,253;10,236;10,25;10,299;10,292;10,296;10,221;10,237;10,258;10,319;10,316;10,329;10,289;10,337;10,377;10,344;10,332;10,39;10,382;10,388;10,418;10,411;10,447;10,439;10,422;10,453;10,441;10,482;10,513;10,509;10,509;10,508;10,552;10,503;10,593;10,584;10,617;10,633;10,64;10,639;10,676;10,694;10,66;10,728;10,724;10,75;10,739;10,811;10,75;10,808;10,807;10,846;10,862;10,874;10,887;10,89;10,932;10,92;10,934;10,927;10,965;10,978;11,003;11,024;11,045;11,014;11,05;11,052;11,068;11,076;11,125;11,143;11,139;11,135;11,172;11,201;11,234;11,208;11,227;11,268;11,294;11,356;11,326;11,352;11,377;11,376;11,391;11,422;11,45
D08;X2;;1;9,367;9,476;9,403;9,45;9,408;9,461;9,458;9,46;9,482;9,488;9,447;9,496;9,522;9,59;9,512;9,651;9,5;9,605;9,494;9,561;9,499;9,503;9,502;9,579;9,532;9,525;9,552;9,506;9,547;9,543;9,566;9,606;9,593;9,649;9,654;9,638;9,705;9,671;9,741;9,744;9,709;9,773;9,796;9,766;9,759;9,842;9,773;9,774;9,729;9,758;9,762;9,714;9,725;9,746;9,739;9,789;9,751;9,781;9,772;9,792;9,789;9,755;9,778;9,821;9,796;9,756;9,796;9,827;9,808;9,814;9,758;9,829;9,806;9,814;9,853;9,856;9,852;9,848;9,897;9,867;9,896;9,85;9,901;9,867;9,891;9,91;9,902;9,908;9,902;9,955;9,921;9,925;9,972;9,994;10,016;10,011;9,996;9,953;9,992;10,003;10,032;10,044;10,043;10,071;10,018;10,084;10,066;10,105;10,072;10,101;10,142;10,135;10,15;10,115;10,166;10,171;10,162;10,195;10,166;10,217;10,231;10,229;10,269;10,265;10,268;10,267;10,293;10,289;10,344;10,349;10,378;10,355;10,428;10,428;10,418;10,435;10,448;10,413;10,448;10,505;10,508;10,529;10,527;10,574;10,626;10,642;10,641
D09;X2;;1;9,447;9,594;9,565;9,626;9,603;9,61;9,587;9,644;9,708;9,728;9,701;9,652;9,739;9,603;9,687;9,726;9,706;9,73;9,732;9,751;9,744;9,673;9,761;9,719;9,741;9,783;9,801;9,725;9,786;9,752;9,825;9,865;9,812;9,836;9,792;9,897;9,908;9,835;9,869;9,898;9,899;9,891;9,885;9,904;9,95;9,983;9,938;9,935;9,959;9,923;9,897;9,905;9,889;9,967;9,99;9,957;9,998;9,992;9,963;10,016;9,953;9,986;10,009;10,016;10,007;9,977;9,971;10,049;10,022;10,012;10,045;10,077;10,04;10,077;10,071;10,06;10,079;10,078;10,108;10,048;10,104;10,093;10,122;10,124;10,049;10,125;10,149;10,144;10,112;10,149;10,122;10,148;10,166;10,162;10,19;10,186;10,19;10,19;10,226;10,174;10,206;10,241;10,198;10,216;10,258;10,245;10,243;10,263;10,295;10,311;10,32;10,348;10,325;10,329;10,34;10,394;10,349;10,388;10,373;10,417;10,383;10,439;10,397;10,439;10,416;10,428;10,483;10,502;10,538;10,532;10,542;10,561;10,546;10,579;10,601;10,589;10,599;10,593;10,634;10,675;10,641;10,669;10,684;10,691;10,72;10,747;10,745
D10;X2;;1;9,251;9,287;9,313;9,295;9,304;9,34;9,32;9,339;9,37;9,363;9,354;9,383;9,379;9,392;9,418;9,423;9,422;9,452;9,419;9,447;9,398;9,454;9,463;9,494;9,444;9,495;9,5;9,493;9,518;9,5;9,533;9,538;9,531;9,558;9,582;9,596;9,62;9,59;9,613;9,623;9,618;9,638;9,661;9,678;9,68;9,703;9,691;9,731;9,706;9,715;9,719;9,721;9,721;9,72;9,71;9,763;9,767;9,758;9,723;9,795;9,759;9,791;9,778;9,798;9,793;9,819;9,787;9,794;9,821;9,834;9,844;9,846;9,856;9,843;9,85;9,852;9,881;9,871;9,884;9,9;9,913;9,886;9,905;9,903;9,872;9,91;9,935;9,885;9,918;9,942;9,951;9,958;9,939;9,981;9,993;9,992;9,986;9,986;10,025;10,033;9,996;10,041;10,063;10,084;10,1;10,081;10,085;10,122;10,118;10,153;10,169;10,141;10,173;10,178;10,173;10,174;10,175;10,221;10,196;10,223;10,245;10,265;10,249;10,249;10,285;10,29;10,27;10,305;10,331;10,326;10,336;10,368;10,366;10,392;10,418;10,412;10,435;10,449;10,461;10,473;10,485;10,496;10,514;10,499;10,557;10,576;10,605
E03;B3;;1;9,77;9,377;9,322;9,295;9,279;9,349;9,276;9,285;9,299;9,34;9,312;9,293;9,321;9,328;9,32;9,338;9,347;9,334;9,327;9,319;9,349;9,307;9,359;9,336;9,342;9,312;9,346;9,326;9,377;9,346;9,366;9,367;9,354;9,335;9,346;9,393;9,433;9,367;9,364;9,407;9,356;9,359;9,369;9,389;9,41;9,43;9,374;9,342;9,34;9,399;9,379;9,385;9,372;9,374;9,361;9,41;9,425;9,415;9,397;9,403;9,42;9,432;9,416;9,412;9,397;9,397;9,387;9,411;9,428;9,421;9,416;9,47;9,42;9,455;9,474;9,466;9,443;9,479;9,462;9,475;9,481;9,461;9,483;9,469;9,451;9,497;9,515;9,517;9,505;9,551;9,553;9,511;9,528;9,563;9,536;9,604;9,589;9,566;9,575;9,585;9,621;9,61;9,612;9,616;9,662;9,663;9,595;9,665;9,645;9,693;9,672;9,681;9,717;9,692;9,687;9,721;9,708;9,747;9,71;9,75;9,798;9,749;9,786;9,785;9,808;9,778;9,804;9,791;9,845;9,863;9,841;9,883;9,874;9,901;9,92;9,947;9,908;9,922;9,948;9,997;9,985;10;9,994;9,987;10,043;10,075;10,054
E04;B3;;1;14,284;10,331;10,256;10,244;10,234;10,206;10,206;10,237;10,226;10,222;10,226;10,211;10,215;10,207;10,243;10,247;10,211;10,236;10,219;10,229;10,248;10,262;10,225;10,276;10,265;10,247;10,26;10,229;10,244;10,233;10,27;10,255;10,222;10,263;10,267;10,278;10,302;10,251;10,268;10,285;10,273;10,255;10,276;10,282;10,253;10,283;10,228;10,255;10,229;10,236;10,234;10,225;10,242;10,237;10,25;10,257;10,271;10,278;10,266;10,266;10,243;10,276;10,292;10,316;10,277;10,303;10,248;10,283;10,283;10,293;10,282;10,265;10,291;10,292;10,285;10,324;10,307;10,329;10,322;10,299;10,341;10,334;10,327;10,311;10,28;10,333;10,352;10,319;10,358;10,347;10,378;10,362;10,382;10,386;10,38;10,399;10,394;10,403;10,406;10,418;10,39;10,425;10,435;10,427;10,452;10,433;10,414;10,437;10,453;10,469;10,458;10,496;10,459;10,483;10,469;10,503;10,471;10,531;10,482;10,515;10,521;10,524;10,572;10,551;10,561;10,54;10,565;10,571;10,587;10,575;10,601;10,607;10,622;10,605;10,657;10,645;10,671;10,669;10,686;10,701;10,66;10,702;10,716;10,704;10,747;10,763;10,749
E05;B3;;1;55,511;44,911;36,322;35,986;37,862;35,559;35,889;35,397;36,216;36,121;24,53;25,745;25,548;24,086;24,542;25,255;24,336;24,38;24,342;24,067;23,659;24,995;23,856;24,248;24,172;24,315;24,582;23,281;23,93;23,744;24,126;23,978;23,54;23,291;23,819;23,138;23,14;22,719;22,83;22,568;22,85;22,317;21,197;22,536;22,804;22,43;21,661;22,528;21,275;21,311;22,645;21,812;21,975;22,167;22,103;21,673;21,957;21,7;20,736;21,155;20,443;21,153;21,105;20,339;20,631;20,794;20,121;19,744;20,169;20,246;19,566;20,457;20,52;20,25;19,885;19,22;19,852;20,091;19,406;19,701;19,311;18,655;19,813;19,214;18,53;19,122;19,308;19,082;19,302;18,062;18,013;18,447;18,267;18,929;17,991;18,839;18,392;18,406;17,873;17,005;17,432;18,412;18,05;17,121;17,065;17,827;17,805;16,567;16,815;17,001;16,504;17,523;17,298;16,858;16,002;16,802;17,385;16,687;16,986;17,016;15,766;16,293;15,909;15,373;16,674;15,307;15,628;16,344;14,794;15,484;15,949;15,596;15,585;15,089;15,352;15,148;14,041;14,116;14,864;13,815;14,584;14,642;13,429;13,566;13,309;13,938;12,764
E06;X3;;1;9,536;9,667;9,751;9,73;9,826;9,83;9,842;9,894;9,836;9,866;9,936;9,975;9,823;9,889;9,902;9,875;9,83;9,808;9,866;9,79;9,908;9,857;9,813;9,893;9,817;9,982;9,877;9,827;9,802;9,867;9,821;9,885;9,832;9,964;9,893;9,796;9,879;9,855;9,846;9,875;9,873;9,907;9,921;9,927;9,907;9,911;9,908;9,939;9,926;9,923;9,947;9,961;9,991;10,006;10,049;10,125;10,086;10,15;10,124;10,194;10,269;10,332;10,332;10,455;10,459;10,465;10,522;10,62;10,705;10,749;10,823;10,935;11,05;11,076;11,196;11,278;11,414;11,425;11,583;11,713;11,845;12,004;12,162;12,275;12,349;12,541;12,688;12,823;12,883;12,958;13,134;13,288;13,396;13,566;13,696;13,799;13,883;13,992;14,125;14,284;14,435;14,648;14,899;15,385;16,192;16,426;16,768;17,053;17,337;17,691;18,105;18,469;18,855;19,347;19,761;20,273;20,754;21,327;21,781;22,357;22,92;23,499;24,093;24,619;25,05;25,43;25,783;25,987;26,287;26,482;26,511;26,672;26,78;26,49;26,343;26,195;26,23;26,274;26,145;26,179;26,182;26,213;26,224;26,198;26,209;26,33;26,307
E07;X3;;1;9,569;9,588;9,591;9,655;9,652;9,694;9,691;9,691;9,708;9,722;9,698;9,736;9,716;9,746;9,746;9,755;9,777;9,792;9,814;9,774;9,803;9,791;9,826;9,824;9,807;9,786;9,788;9,804;9,799;9,768;9,792;9,836;9,871;9,85;9,87;9,891;9,892;9,904;9,908;9,925;9,876;9,94;9,954;9,983;10,006;10,036;9,974;10,008;9,986;10,068;10,128;10,119;10,149;10,198;10,23;10,286;10,337;10,374;10,434;10,49;10,497;10,573;10,635;10,706;10,719;10,801;10,908;10,967;11,045;11,132;11,202;11,304;11,367;11,508;11,591;11,684;11,797;11,919;12,015;12,128;12,294;12,406;12,514;12,641;12,711;12,891;12,875;12,998;13,123;13,261;13,381;13,501;13,593;13,704;13,808;13,977;14,094;14,229;14,44;14,607;14,777;14,925;15,165;15,378;15,6;15,883;16,169;17,063;17,636;18,101;18,404;18,762;19,134;19,61;20,106;20,605;21,253;21,854;22,442;23,017;23,56;24,071;24,619;24,892;25,234;25,519;25,635;25,678;25,808;25,773;25,676;25,293;25,367;24,836;24,701;24,211;24,263;23,904;23,713;23,639;23,592;23,669;23,688;23,696;23,673;23,682;23,742
E08;X3;;1;9,254;9,346;9,353;9,352;9,319;9,343;9,339;9,368;9,379;9,385;9,338;9,354;9,389;9,392;9,376;9,358;9,373;9,396;9,383;9,355;9,382;9,408;9,398;9,402;9,395;9,413;9,431;9,431;9,413;9,412;9,432;9,452;9,432;9,459;9,415;9,468;9,479;9,446;9,492;9,473;9,487;9,513;9,537;9,556;9,562;9,594;9,569;9,593;9,568;9,639;9,62;9,668;9,705;9,743;9,743;9,789;9,843;9,873;9,887;9,924;9,957;10,042;10,085;10,161;10,149;10,251;10,291;10,352;10,438;10,491;10,543;10,611;10,677;10,816;10,889;10,954;11,088;11,198;11,3;11,396;11,525;11,602;11,691;11,825;11,885;12,078;12,186;12,252;12,318;12,419;12,556;12,667;12,742;12,885;12,937;13,056;13,174;13,23;13,343;13,488;13,611;13,774;13,919;14,074;14,243;14,396;14,672;15,608;15,932;16,222;16,514;16,883;17,219;17,501;17,891;18,306;18,802;19,217;19,781;20,236;20,844;21,453;22,192;22,767;23,289;23,662;24,072;24,465;24,564;24,707;24,614;24,703;24,646;24,587;24,05;23,687;23,468;23,275;23,105;23,023;22,843;22,811;22,75;22,616;22,776;22,84;22,824
E09;X3;;1;9,21;9,245;9,301;9,319;9,319;9,33;9,333;9,39;9,335;9,353;9,376;9,367;9,383;9,37;9,356;9,417;9,386;9,413;9,402;9,326;9,405;9,408;9,417;9,471;9,355;9,426;9,421;9,405;9,374;9,415;9,409;9,469;9,446;9,397;9,457;9,475;9,502;9,482;9,505;9,456;9,503;9,546;9,543;9,533;9,519;9,538;9,496;9,576;9,551;9,61;9,6;9,638;9,669;9,67;9,762;9,73;9,8;9,83;9,851;9,93;9,904;9,999;10,048;10,112;10,152;10,175;10,258;10,326;10,411;10,448;10,503;10,601;10,681;10,759;10,856;10,974;11,062;11,145;11,208;11,32;11,387;11,546;11,631;11,752;11,822;11,996;12,11;12,192;12,266;12,369;12,464;12,611;12,693;12,888;12,917;13,043;13,091;13,217;13,349;13,471;13,555;13,807;13,886;14,103;14,23;14,663;15,436;15,808;16,083;16,304;16,655;16,965;17,337;17,843;18,105;18,608;19,032;19,573;20,08;20,637;21,205;21,824;22,475;22,97;23,342;23,819;24,164;24,35;24,695;24,956;24,886;24,913;24,935;24,653;24,351;24,135;24,025;24,038;24,174;24,151;24,017;23,999;23,995;23,911;23,179;22,932;22,752
E10;X3;;1;10,013;10,106;10,134;10,289;10,228;10,342;10,429;10,408;10,421;10,399;10,455;10,382;10,506;10,382;10,486;10,471;10,482;10,593;10,529;10,503;10,483;10,462;10,571;10,61;10,468;10,552;10,44;10,436;10,424;10,4;10,368;10,376;10,398;10,44;10,388;10,399;10,4;10,424;10,396;10,396;10,413;10,419;10,388;10,433;10,424;10,409;10,397;10,423;10,361;10,473;10,481;10,478;10,489;10,537;10,516;10,537;10,593;10,651;10,641;10,661;10,727;10,725;10,8;10,874;10,878;10,949;10,984;11,059;11,107;11,188;11,248;11,311;11,426;11,484;11,614;11,674;11,787;11,89;12,012;12,115;12,254;12,356;12,541;12,627;12,681;12,845;12,967;13,123;13,136;13,234;13,41;13,521;13,646;13,846;13,88;14,075;14,173;14,491;14,998;15,265;15,546;15,841;16,047;16,31;16,453;16,702;16,953;17,182;17,492;17,819;18,131;18,404;18,76;19,249;19,695;20,063;20,573;21,069;21,65;22,13;22,673;23,204;23,856;24,406;24,761;25,151;25,408;25,655;25,899;25,921;25,997;26,148;25,767;25,537;25,458;25,442;25,412;25,145;25,024;25,074;24,79;24,544;24,021;23,81;23,676;23,551;23,519
F03;B4;;1;9,635;9,58;9,589;9,614;9,63;9,607;9,622;9,634;9,651;9,639;9,611;9,639;9,658;9,649;9,648;9,631;9,654;9,664;9,703;9,607;9,686;9,683;9,656;9,67;9,663;9,662;9,677;9,68;9,671;9,638;9,664;9,701;9,681;9,679;9,654;9,681;9,669;9,675;9,666;9,685;9,68;9,71;9,675;9,675;9,683;9,7;9,628;9,659;9,597;9,633;9,63;9,668;9,652;9,644;9,647;9,661;9,675;9,639;9,634;9,67;9,65;9,646;9,669;9,653;9,664;9,644;9,638;9,646;9,669;9,685;9,692;9,671;9,677;9,682;9,682;9,668;9,687;9,65;9,68;9,692;9,692;9,698;9,684;9,666;9,602;9,675;9,662;9,658;9,675;9,686;9,721;9,672;9,689;9,691;9,723;9,709;9,694;9,7;9,7;9,717;9,694;9,715;9,705;9,712;9,725;9,736;9,717;9,721;9,714;9,716;9,758;9,724;9,733;9,708;9,739;9,744;9,761;9,747;9,736;9,741;9,765;9,769;9,766;9,789;9,749;9,769;9,771;9,745;9,776;9,814;9,775;9,788;9,812;9,806;9,789;9,78;9,833;9,818;9,804;9,857;9,791;9,83;9,795;9,853;9,837;9,826;9,845
F04;B4;;1;10,876;10,708;10,663;10,714;10,692;10,724;10,665;10,738;10,709;10,751;10,718;10,718;10,755;10,778;10,72;10,754;10,769;10,776;10,794;10,762;10,731;10,783;10,754;10,76;10,746;10,751;10,734;10,753;10,735;10,731;10,774;10,749;10,772;10,774;10,738;10,799;10,774;10,774;10,783;10,75;10,777;10,757;10,783;10,751;10,816;10,778;10,73;10,75;10,707;10,733;10,742;10,719;10,719;10,705;10,763;10,744;10,765;10,75;10,724;10,714;10,747;10,774;10,783;10,778;10,759;10,762;10,756;10,742;10,774;10,762;10,717;10,75;10,776;10,75;10,757;10,786;10,745;10,721;10,777;10,747;10,783;10,762;10,791;10,749;10,701;10,759;10,74;10,746;10,756;10,791;10,802;10,805;10,783;10,811;10,801;10,807;10,781;10,794;10,797;10,826;10,772;10,829;10,813;10,829;10,818;10,801;10,799;10,789;10,811;10,83;10,852;10,835;10,847;10,789;10,84;10,851;10,848;10,819;10,833;10,821;10,836;10,837;10,868;10,853;10,846;10,874;10,857;10,866;10,836;10,861;10,857;10,899;10,887;10,92;10,854;10,907;10,887;10,895;10,876;10,923;10,884;10,93;10,912;10,93;10,907;10,891;10,913
F05;B4;;1;38,55;23,72;20,722;19,296;17,366;16,895;16,533;16,398;16,413;15,734;16,438;15,366;15,184;15,91;15,403;15,412;15,827;15,366;15,394;15,519;14,689;15,266;14,19;14,653;15,16;15,118;14,525;15,241;14,389;14,656;14,612;14,539;15,463;14,914;15,023;15,285;14,477;14,612;14,459;14,238;14,461;15,103;14,571;14,463;14,566;14,494;15,125;14,738;14,931;15,128;14,061;14,321;14,325;14,944;14,751;15,22;14,425;15,192;15,104;14,317;15,024;14,181;14,316;14,372;14,559;15,058;14,945;15,012;14,865;14,919;14,468;15,151;15,026;15,189;14,876;14,831;15,028;14,182;14,966;14,814;14,602;14,87;14,617;15,072;13,984;14,253;14,101;14,658;14,196;14,639;14,757;14,615;14,79;14,652;14,56;14,312;14,58;14,045;14,575;14,238;14,501;14,573;14,787;14,054;14,164;14,344;14,616;14,172;14,714;14,536;14,245;14,415;14,064;13,925;13,8;14,444;14,539;14,296;14,341;14,071;14,551;13,872;14,514;14,289;14,042;13,696;14,216;14,15;14,331;14,368;14,265;13,991;13,625;14,018;13,691;13,733;13,999;13,707;13,181;13,789;14,133;13,758;13,802;13,549;13,836;13,338;13,546
F06;X4;;1;9,944;9,962;9,969;10,015;10,009;10,035;10,005;10,028;10,05;10,046;10,007;10,004;10,024;10,035;10,051;10,058;10,087;10,099;10,036;10,045;10,078;10,046;10,058;10,05;10,091;10,038;10,076;10,082;10,087;10,04;10,06;10,111;10,068;10,092;10,044;10,094;10,148;10,116;10,111;10,147;10,164;10,153;10,171;10,193;10,184;10,188;10,166;10,166;10,163;10,206;10,214;10,238;10,258;10,244;10,276;10,336;10,323;10,361;10,385;10,411;10,451;10,418;10,513;10,567;10,578;10,607;10,611;10,699;10,725;10,792;10,783;10,869;10,898;10,97;11,027;11,106;11,131;11,201;11,267;11,373;11,453;11,516;11,572;11,581;11,615;11,817;11,88;11,998;12,085;12,235;12,379;12,424;12,624;12,766;12,927;13,072;13,229;13,375;13,546;13,695;13,897;14,077;14,28;14,446;14,648;14,906;15,123;15,299;15,545;15,762;16,057;16,186;16,414;16,69;16,961;17,219;17,421;17,625;17,744;17,941;18,039;18,211;18,411;18,562;18,72;18,914;19,18;19,368;19,664;19,946;20,183;20,497;20,856;21,073;21,465;21,613;21,963;22,274;22,468;22,794;22,823;23,065;23,302;23,435;23,653;23,931;24,082
F07;X4;;1;9,927;9,962;9,943;9,95;10,009;9,995;9,977;9,977;10,054;10,02;9,975;10,043;10,014;9,976;10,045;9,967;10,022;10,053;9,974;9,973;10,048;10,072;10,084;10,06;10,082;10,077;10,07;10,076;10,054;10,004;10,07;10,039;10,1;10,079;10,077;10,13;10,099;10,054;10,118;10,141;10,109;10,101;10,115;10,167;10,108;10,132;10,139;10,137;10,124;10,18;10,178;10,188;10,169;10,224;10,22;10,3;10,304;10,348;10,338;10,378;10,401;10,438;10,48;10,514;10,498;10,567;10,562;10,613;10,692;10,719;10,754;10,842;10,882;10,993;11,027;11,1;11,167;11,178;11,274;11,373;11,44;11,539;11,562;11,624;11,655;11,847;11,906;11,982;12,098;12,198;12,3;12,408;12,584;12,72;12,838;13,003;13,144;13,276;13,431;13,603;13,791;13,975;14,169;14,367;14,562;14,755;15,024;15,181;15,397;15,611;15,879;16,091;16,256;16,496;16,741;17,028;17,211;17,416;17,6;17,754;17,865;18,027;18,2;18,369;18,549;18,717;18,885;19,102;19,336;19,556;19,787;20,048;20,342;20,634;20,996;21,214;21,436;21,711;21,954;22,168;22,226;22,484;22,655;22,776;22,917;23,086;23,198
F08;X4;;1;9,381;9,459;9,47;9,468;9,469;9,517;9,477;9,45;9,491;9,459;9,457;9,48;9,502;9,483;9,506;9,504;9,533;9,524;9,504;9,512;9,48;9,523;9,535;9,559;9,512;9,525;9,552;9,542;9,508;9,516;9,553;9,554;9,544;9,515;9,503;9,543;9,581;9,563;9,541;9,574;9,546;9,648;9,606;9,586;9,598;9,637;9,644;9,609;9,561;9,597;9,666;9,675;9,659;9,667;9,723;9,736;9,757;9,814;9,802;9,812;9,871;9,871;9,93;9,973;9,974;9,97;10,014;10,075;10,131;10,161;10,167;10,228;10,265;10,311;10,401;10,43;10,508;10,569;10,638;10,717;10,757;10,841;10,936;11,005;10,954;11,116;11,2;11,272;11,389;11,449;11,577;11,688;11,789;11,969;12,083;12,234;12,378;12,485;12,646;12,81;12,976;13,146;13,313;13,55;13,709;13,87;14,103;14,317;14,498;14,711;14,985;15,21;15,434;15,652;15,831;16,161;16,383;16,684;16,821;17,042;17,237;17,39;17,563;17,705;17,922;18,07;18,313;18,433;18,66;18,886;19,109;19,377;19,637;19,884;20,2;20,48;20,818;21,095;21,337;21,565;21,717;22,014;22,181;22,296;22,481;22,719;22,923
F09;X4;;1;9,803;9,861;9,899;9,899;9,945;9,973;9,952;9,964;9,964;9,953;9,962;9,959;9,956;9,947;9,95;9,98;9,999;10,004;9,987;9,98;10,003;9,958;10,006;10,017;10,016;9,946;10,027;9,971;10,031;10,017;10,041;10,058;10,009;9,955;10,008;10,028;10,069;10,051;10,085;10,062;10,03;10,078;10,086;10,091;10,065;10,043;10,04;10,09;10,068;10,064;10,066;10,096;10,146;10,145;10,141;10,221;10,254;10,295;10,25;10,289;10,325;10,332;10,355;10,405;10,409;10,488;10,466;10,59;10,543;10,63;10,665;10,737;10,746;10,839;10,846;10,948;11,002;10,994;11,076;11,192;11,242;11,315;11,404;11,486;11,464;11,615;11,703;11,808;11,905;12,021;12,099;12,201;12,285;12,45;12,585;12,701;12,881;13,017;13,123;13,307;13,459;13,587;13,751;13,971;14,144;14,307;14,514;14,721;14,885;15,128;15,343;15,552;15,806;15,971;16,123;16,401;16,659;16,874;16,989;17,216;17,362;17,541;17,684;17,823;17,978;18,129;18,274;18,394;18,689;18,807;19,014;19,239;19,519;19,769;20,122;20,313;20,602;20,879;21,039;21,431;21,486;21,776;21,959;22,11;22,364;22,621;22,788
F10;X4;;1;10,383;10,477;10,468;10,503;10,497;10,516;10,52;10,519;10,526;10,511;10,493;10,537;10,529;10,541;10,522;10,549;10,502;10,537;10,539;10,526;10,552;10,537;10,571;10,59;10,576;10,561;10,58;10,521;10,561;10,557;10,571;10,595;10,572;10,571;10,607;10,612;10,62;10,62;10,632;10,652;10,649;10,655;10,664;10,692;10,671;10,692;10,671;10,7;10,638;10,694;10,725;10,728;10,716;10,748;10,76;10,764;10,811;10,865;10,852;10,849;10,898;10,893;10,984;11,042;10,973;11,071;11,07;11,128;11,154;11,224;11,218;11,278;11,364;11,419;11,466;11,502;11,579;11,659;11,738;11,828;11,881;11,984;12,027;12,055;12,059;12,247;12,314;12,386;12,496;12,59;12,717;12,831;12,953;13,085;13,203;13,395;13,515;13,66;13,806;13,952;14,127;14,31;14,481;14,693;14,842;15,021;15,225;15,447;15,624;15,838;16,116;16,272;16,525;16,723;16,919;17,15;17,425;17,648;17,813;17,994;18,095;18,234;18,401;18,523;18,674;18,858;19,055;19,191;19,398;19,595;19,797;20,078;20,286;20,533;20,816;21,079;21,361;21,616;21,794;22,11;22,164;22,406;22,55;22,737;22,832;22,994;23,113
C03;B1;;2;68,289;50,998;47,964;47,459;42,594;40,109;38,209;36,551;37,703;36,333;36,806;35,622;34,831;34,961;34,505;34,491;34,396;34,338;34,275;34,234;34,213;34,161;34,148;34,241;34,226;34,255;34,343;34,565;34,559;34,726;34,675;34,767;35,002;35,206;35,134;35,366;35,432;35,557;35,617;35,725;35,814;35,972;36,093;36,081;36,22;36,416;36,285;36,421;36,452;36,601;36,726;36,819;36,902;37,047;37,144;37,213;37,365;37,395;37,504;37,602;37,638;37,932;37,902;38,147;38,332;38,479;38,737;38,999;39,247;39,639;39,963;40,273;40,67;41,092;41,466;41,879;42,354;42,703;43,15;43,526;44,14;44,783;45,231;45,99;46,274;46,748;47,401;47,905;48,966;48,937;50,466;50,414;51,61;52,007;53,28;53,381;54,328;54,891;55,774;56,305;56,84;57,318;59,035;59,284;58,69;58,802;59,09;58,916;58,305;58,418;58,16;58,162;57,864;57,389;56,949;56,669;55,851;55,756;55,11;54,363;53,832;53,562;53,125;52,878;52,598;52,248;51,86;51,679;51,368;51,169;51,101;51,125;51,189;51,377;51,237;51,181;51,44;51,385;51,634;51,756;51,993;52,037;52,095;52,176;52,142;52,057;52,259
C04;B1;;2;44,942;43,638;44,814;46,798;44,714;45,225;42,066;42,355;40,695;39,859;39,46;38,256;39,33;38,124;36,895;38,08;36,172;36,111;35,509;36,055;34,052;33,834;33,886;33,753;33,679;33,76;33,477;33,548;33,549;33,634;33,59;33,616;33,749;33,988;33,926;33,949;34,12;34,193;34,14;34,299;34,369;34,411;34,628;34,588;34,779;34,868;34,81;34,862;35,054;35,067;35,127;35,148;35,307;35,344;35,55;35,661;35,72;35,841;35,941;36,156;36,12;36,383;36,383;36,44;36,577;36,674;36,828;36,903;36,977;37,112;37,218;37,322;37,35;37,468;37,494;37,652;37,731;37,915;37,992;38,25;38,393;38,608;38,823;39,162;39,378;39,685;40,045;40,476;40,688;41,087;41,312;41,557;42,127;42,415;43,182;43,752;44,217;44,673;45,224;45,74;45,896;46,385;47,452;47,586;48,13;48,85;49,673;49,985;50,701;51,098;52,246;53,25;54,155;54,551;54,619;54,818;54,93;55,759;54,903;54,695;54,559;54,4;54,2;54,335;53,853;53,509;53,046;52,905;52,376;51,966;51,367;51,076;50,904;50,643;50,366;49,945;49,735;49,387;49,043;48,933;49,001;48,915;48,791;48,756;48,717;48,555;48,679
C05;B1;;2;94,719;65,672;64,968;61,14;58,001;57,944;56,112;59,995;55,927;52,749;54,206;55,04;49,199;49,664;49,92;47,455;45,598;45,486;47,011;43,484;46,171;44,971;41,766;43,15;40,611;39,992;38,692;39,813;36,786;36,429;36,443;36,633;35,258;35,078;34,993;34,953;34,858;34,715;34,589;34,676;34,842;34,664;34,865;34,696;34,796;34,98;34,902;34,842;35,11;35,038;35,133;35,194;35,274;35,404;35,481;35,506;35,641;35,752;35,826;36,063;35,915;36,224;36,153;36,236;36,3;36,357;36,497;36,632;36,604;36,735;36,756;36,919;36,993;37,056;37,108;37,257;37,335;37,49;37,501;37,616;37,599;37,727;37,831;37,959;38,003;38,055;38,117;38,224;38,392;38,504;38,614;38,737;38,967;39,069;39,327;39,608;39,809;40,002;40,261;40,517;40,876;41,162;41,71;42,064;42,173;42,529;43,112;43,335;43,817;44,03;44,41;45,162;45,553;46,024;46,363;46,848;47,262;48,095;48,033;48,276;49,584;50,18;50,553;51,583;52,875;54,107;54,491;55,107;55,013;55,419;54,883;54,593;54,991;54,882;54,904;54,692;54,675;54,192;53,852;53,341;53,166;52,768;52,265;51,758;51,471;51,187;50,984
C06;X1;;2;29,936;30,197;30,392;30,263;30,258;30,399;30,523;30,483;30,462;30,403;30,497;30,513;30,582;30,573;30,608;30,667;30,641;30,739;30,695;30,804;30,877;30,827;30,912;31,087;31,144;31,095;31,168;31,215;31,323;31,374;31,295;31,488;31,509;31,699;31,622;31,751;31,84;32,072;32,059;32,151;32,203;32,392;32,455;32,526;32,656;32,752;32,733;32,798;32,888;33,042;33,177;33,296;33,435;33,589;33,764;33,932;34,161;34,324;34,507;34,868;34,92;35,302;35,408;35,641;35,903;36,047;36,404;36,648;36,726;37,194;37,387;37,857;38,103;38,533;38,936;39,505;39,944;40,583;41,164;41,791;42,499;43,263;44,05;44,978;46,015;46,973;48,178;49,549;51,044;52,671;55,484;57,857;60,878;62,868;65,406;66,29;68,442;69,688;71,694;73,781;75,347;77,759;81,358;85,888;90,696;92,834;95,368;97,622;99,152;99,833;100,537;102,377;103,302;103,61;104,098;104,682;104,866;107,499;107,083;107,048;106,276;105,504;105,974;103,402;103,597;103,704;104,67;104,971;105,166;105,029;104,724;104,702;104,57;103,475;104,798;105,216;104,859;105,653;104,899;105,708;106,919;106,715;110,948;108,177;111,33;113,747;114,979
C07;X1;;2;32,412;32,735;32,767;32,752;32,878;32,924;32,881;32,904;33,005;33,074;33,096;33,215;33,273;33,322;33,271;33,302;33,401;33,5;33,496;33,687;33,826;33,66;33,768;33,864;34;34,032;34,117;34,234;34,277;34,3;34,403;34,39;34,51;34,527;34,599;34,569;34,766;34,757;34,888;34,794;34,888;35,029;35,135;35,124;35,267;35,34;35,308;35,317;35,414;35,615;35,569;35,724;35,785;35,928;35,925;36,196;36,3;36,409;36,413;36,776;36,887;37,182;37,184;37,54;37,648;37,965;38,347;38,616;38,808;39,249;39,656;39,969;40,452;40,973;41,506;42,093;42,694;43,382;43,984;44,845;45,797;46,897;48,766;49,869;50,69;52,15;53,734;55,572;56,928;60,403;63,539;64,269;65,51;67,013;66,831;67,809;69,606;71,766;73,311;75,346;77,112;78,368;79,418;81,137;83,589;86,963;91,003;97,434;99,274;99,961;101,847;101,555;101,801;103,481;103,601;105,421;103,797;104,775;104,818;106,539;104,119;103,838;104,323;99,685;99,719;99,414;99,274;100,405;100,917;100,782;100,903;100,633;101,191;100,728;100,784;100,64;102,044;102,024;103,559;101,959;105,175;101,291;109,085;112,921;109,241;108,821;108,091
C08;X1;;2;32,465;32,551;32,685;32,74;32,771;32,83;32,827;32,844;32,858;32,897;32,895;33,033;32,916;33,078;33,027;33,067;33,091;33,301;33,307;33,372;33,383;33,431;33,496;33,596;33,633;33,764;33,697;33,866;33,926;33,903;33,993;34,065;34,198;34,261;34,287;34,32;34,444;34,485;34,497;34,639;34,668;34,808;34,868;34,9;34,981;35,033;34,965;35,139;35,259;35,354;35,509;35,56;35,706;35,78;36,018;36,13;36,393;36,557;36,653;36,859;37,009;37,304;37,391;37,672;37,939;38,12;38,44;38,51;38,791;39,027;39,293;39,562;39,881;40,208;40,589;40,962;41,464;42,023;42,551;43,12;43,659;44,332;45,119;45,941;46,81;47,284;48,553;49,891;50,85;51,914;52,822;53,808;55,366;57,885;60,856;61,923;63,186;65,027;66,607;67,859;69,474;71,753;73,794;76,844;79,777;83,084;85,915;87,73;89,394;90,55;90,667;91,643;92,689;93,772;94,058;94,174;94,698;94,813;94,446;94,603;94,054;95,168;95,591;96,722;97,046;97,266;97,967;98,893;99,512;100,201;102,336;102,459;103,36;104,561;104,47;105,892;109,065;108,024;106,563;106,143;111,215;112,168;111;109,171;108,564;109,342;111,442
C09;X1;;2;34,05;32,106;32,348;32,297;32,231;32,065;31,905;31,851;31,82;31,819;31,773;32,028;31,835;32,221;32,177;31,849;31,795;32,094;32,093;32,047;32,12;31,954;32,169;32,018;32,159;32,182;32,182;32,261;32,26;32,263;32,272;32,419;32,47;32,543;32,564;32,604;32,673;32,681;32,856;32,784;32,909;33,04;32,988;33,039;33,253;33,227;33,295;33,395;33,372;33,487;33,738;33,651;33,916;33,988;34,163;34,361;34,596;34,614;34,863;35,148;35,266;35,534;35,639;35,922;36,237;36,394;36,821;37,064;37,231;37,637;38,008;38,389;38,724;39,173;39,526;40,043;40,478;41,038;41,536;42,098;42,766;43,299;44,027;44,56;45,273;46,119;46,707;47,77;48,403;49,292;50,2;51,031;51,768;52,047;52,895;53,759;54,121;55,411;57,141;59,492;63,049;64,476;68,055;71,259;72,884;74,778;76,458;78,473;80,178;81,383;82,508;83,361;84,633;85,051;85,825;86,026;86,33;87,714;88,386;89,034;89,713;91,05;92,384;93,262;94,748;95,187;95,812;96,918;97,292;98,228;99,011;100,066;99,318;101,934;102,235;101,283;103,892;102,81;103,32;105,058;105,061;106,447;107,673;107,808;109,562;110,108;112,52
C10;X1;;2;29,378;29,567;29,719;29,719;29,761;29,849;29,901;29,903;29,959;29,972;30,035;30,101;30,111;30,098;30,119;30,285;30,265;30,344;30,388;30,512;30,565;30,575;30,64;30,681;30,701;30,783;30,922;30,844;30,978;31,019;31,066;31,081;31,197;31,288;31,225;31,325;31,355;31,357;31,442;31,489;31,612;31,659;31,776;31,737;31,849;31,972;31,839;31,981;32,04;32,22;32,231;32,396;32,551;32,642;32,732;32,951;33,06;33,288;33,461;33,699;33,698;34,021;34,133;34,417;34,617;34,823;35,25;35,443;35,502;35,833;36,112;36,423;36,735;37,079;37,752;37,87;38,318;38,927;39,309;40,053;40,449;41,107;41,959;42,691;43,318;44,108;45,19;45,982;46,76;47,565;48,216;49,369;50,367;51,093;52,312;53,256;54,542;56,338;58,715;61,453;62,729;64,502;67,532;68,529;70,815;73,547;75,506;77,061;78;78,981;80,464;80,912;82,073;82,588;82,633;83,251;84,146;85,572;86,217;87,349;87,49;88,01;88,845;89,783;90,446;90,852;91,484;92,625;94,146;95,419;96,718;98,109;98,767;99,446;101,098;99,856;101,873;100,789;100,981;101,456;101,079;103,166;102,333;101,877;104,258;102,698;102,699
D03;B2;;2;33,47;32,968;33,115;33,116;33,105;33,13;33,225;33,21;33,248;33,337;33,461;33,416;33,435;33,564;33,528;33,56;33,598;33,602;33,663;33,838;33,786;33,748;33,794;33,841;33,915;33,954;33,963;34,149;34,087;34,257;34,144;34,242;34,336;34,464;34,36;34,441;34,645;34,488;34,648;34,584;34,73;34,746;34,773;34,825;34,875;35,02;34,879;34,911;34,807;35,071;35,061;35,111;35,136;35,179;35,276;35,358;35,381;35,465;35,562;35,555;35,592;35,768;35,672;35,734;35,837;35,78;35,978;35,939;35,96;36,147;36,135;36,155;36,24;36,251;36,307;36,35;36,415;36,458;36,555;36,545;36,574;36,619;36,785;36,674;36,76;36,718;36,889;36,896;37,075;37,132;37,156;37,219;37,422;37,396;37,575;37,534;37,676;37,898;38,006;38,227;38,383;38,559;38,716;38,889;39,188;39,291;39,469;39,734;40,011;40,176;40,504;40,635;40,996;41,457;41,588;41,94;42,287;42,678;43,023;43,518;43,517;43,837;44,278;44,666;44,978;45,403;45,643;45,759;46,006;46,512;47,7;47,519;47,906;48,423;49,216;49,109;50,184;50,18;50,831;50,837;50,882;51,449;51,886;52,304;52,787;53,622;54,223
D04;B2;;2;32,168;32,182;32,374;32,491;32,436;32,493;32,458;32,564;32,598;32,469;32,594;32,689;32,64;32,798;32,643;32,773;32,845;32,764;32,682;32,886;32,855;32,828;32,893;32,881;32,935;33,004;32,916;33,072;33,038;33,148;33,105;33,18;33,119;33,315;33,122;33,365;33,405;33,285;33,276;33,404;33,483;33,562;33,571;33,631;33,642;33,709;33,588;33,563;33,587;33,695;33,705;33,678;33,807;33,787;33,836;33,938;33,894;34,027;33,949;34,158;34,067;34,209;34,192;34,245;34,313;34,325;34,336;34,453;34,343;34,509;34,579;34,615;34,687;34,655;34,707;34,695;34,75;34,802;34,882;34,919;35,009;35,01;35,074;35,059;35,167;35,203;35,224;35,217;35,33;35,372;35,455;35,411;35,557;35,486;35,567;35,543;35,493;35,579;35,62;35,716;35,811;35,788;35,879;35,944;35,986;36,096;36,156;36,231;36,229;36,357;36,459;36,549;36,731;36,93;36,932;37,034;37,193;37,339;37,565;37,703;37,841;37,998;38,18;38,463;38,65;38,85;38,95;39,204;39,455;39,682;39,966;40,257;40,565;40,967;41,382;41,51;42,167;42,27;42,543;42,898;42,985;43,527;43,8;44,029;44,385;44,883;44,897
D05;B2;;2;40,362;37,072;32,348;32,228;32,599;32,565;32,313;32,309;32,457;32,514;32,514;32,453;32,543;32,466;32,565;32,607;32,535;32,555;32,626;32,493;32,711;32,57;32,766;32,52;32,487;32,529;32,818;32,75;32,618;32,715;32,698;32,724;32,824;32,822;32,83;32,962;32,804;32,583;32,827;32,968;32,866;33,01;33,1;32,911;33,029;33,174;33,044;33,088;33,069;33,177;33,092;33,22;33,165;33,193;33,21;33,318;33,264;33,38;33,372;33,411;33,445;33,472;33,435;33,36;33,477;33,608;33,625;33,661;33,604;33,633;33,783;33,706;33,762;33,735;33,845;33,93;33,853;33,962;33,97;34,032;34,044;34,143;34,167;34,175;34,288;34,337;34,374;34,301;34,451;34,46;34,475;34,583;34,681;34,707;34,662;34,806;34,704;34,796;34,933;34,912;35,001;34,984;35,006;35,048;35,221;35,293;35,299;35,332;35,334;35,332;35,495;35,431;35,586;35,633;35,661;35,604;35,645;35,703;35,896;35,804;35,931;35,98;36,023;35,97;36,066;36,009;36,165;36,223;36,264;36,196;36,289;36,277;36,344;36,423;36,451;36,471;36,546;36,59;36,732;36,749;36,763;36,918;36,986;37,104;37,189;37,453;37,652
D06;X2;;2;33,481;33,833;33,777;33,849;33,847;33,972;33,84;33,942;33,959;34,039;34,02;34,088;34,111;34,134;34,222;34,357;34,294;34,318;34,396;34,402;34,475;34,531;34,501;34,727;34,668;34,805;34,868;34,976;34,969;35,156;34,98;35,207;35,264;35,38;35,295;35,287;35,245;35,289;35,449;35,531;35,505;35,581;35,52;35,598;35,772;35,819;35,658;35,736;35,661;35,866;35,829;35,856;35,884;36,024;36,09;36,239;36,132;36,198;36,281;36,387;36,284;36,422;36,386;36,457;36,498;36,48;36,586;36,599;36,657;36,682;36,786;36,806;36,778;36,931;36,914;36,999;37,005;37,008;37,135;37,158;37,032;37,269;37,389;37,277;37,413;37,37;37,458;37,469;37,635;37,662;37,683;37,731;37,785;37,764;37,753;37,866;37,995;37,98;38,118;38,181;38,242;38,328;38,314;38,378;38,526;38,449;38,59;38,634;38,712;38,651;38,75;38,765;38,85;38,945;38,962;38,889;38,972;39,041;39,25;39,234;39,268;39,217;39,256;39,483;39,556;39,412;39,446;39,556;39,682;39,505;39,415;39,651;39,594;39,656;39,74;39,792;39,919;39,987;40,182;40,331;40,361;40,552;40,692;40,864;41,193;41,381;41,635
D07;X2;;2;31,707;31,879;31,9;32,049;32,071;32,093;32,107;32,074;31,983;32,099;32,216;32,258;32,056;32,316;32,122;32,3;32,25;32,316;32,377;32,352;32,55;32,435;32,369;32,376;32,415;32,47;32,572;32,521;32,602;32,581;32,518;32,737;32,768;32,894;32,81;32,919;32,88;32,842;33,037;32,955;33,027;33,089;33,376;33,184;33,326;33,432;33,238;33,362;33,277;33,543;33,425;33,503;33,352;33,474;33,556;33,575;33,683;33,621;33,755;33,864;33,593;33,793;33,711;33,773;33,735;33,777;33,84;33,859;33,809;33,838;33,942;33,987;34,023;34,134;34,07;34,23;34,07;34,1;34,174;34,276;34,261;34,301;34,461;34,446;34,391;34,575;34,506;34,641;34,619;34,684;34,836;34,777;34,885;34,815;35,004;34,928;34,895;35,023;34,979;35,215;35,287;35,215;35,306;35,334;35,445;35,431;35,556;35,454;35,64;35,615;35,788;35,723;35,803;35,886;35,925;35,959;35,927;35,919;36,117;36,077;36,184;36,2;36,256;36,263;36,382;36,41;36,402;36,391;36,615;36,607;36,614;36,766;36,786;36,902;36,818;37,018;37,012;37,081;37,142;37,265;37,216;37,31;37,378;37,477;37,411;37,528;37,596
D08;X2;;2;30,772;31,507;31,036;31,08;31,356;31,045;31,195;31,1;31,109;31,294;31,085;31,246;31,179;31,342;31,428;31,454;31,53;31,413;31,346;31,318;31,428;31,351;31,367;31,353;31,399;31,294;31,257;31,484;31,513;31,406;31,439;31,406;31,771;31,738;31,767;31,712;31,801;31,852;31,977;32,092;32,105;32,181;32,138;32,299;32,073;32,23;31,991;32,172;31,981;32,039;32,053;32,02;32,011;32,035;31,925;32,113;32,167;32,12;32,202;32,14;32,084;32,174;32,18;32,188;32,112;32,242;32,271;32,175;32,182;32,279;32,393;32,166;32,44;32,383;32,367;32,328;32,326;32,376;32,441;32,419;32,433;32,488;32,446;32,501;32,555;32,425;32,525;32,652;32,732;32,773;32,717;32,736;32,81;32,734;32,811;32,792;32,732;32,846;32,925;32,908;32,922;33,102;32,941;33,053;33,057;33,072;33,132;33,15;33,114;33,285;33,296;33,261;33,259;33,411;33,45;33,431;33,511;33,552;33,5;33,537;33,626;33,702;33,688;33,823;33,838;33,834;33,88;33,965;33,939;34,034;34,091;34,176;34,156;34,344;34,442;34,255;34,373;34,376;34,547;34,67;34,531;34,685;34,715;34,848;34,874;34,956;35,056
D09;X2;;2;31,235;31,516;31,593;31,6;31,841;31,781;31,801;31,762;31,829;31,809;31,796;31,908;32,004;31,86;31,838;31,989;31,674;31,914;31,883;31,971;32,091;31,983;32,189;31,874;32,166;31,949;32,014;32,045;32,126;32,164;32,023;32,354;32,299;32,484;32,384;32,509;32,45;32,386;32,43;32,482;32,42;32,54;32,567;32,677;32,759;32,735;32,578;32,683;32,677;32,722;32,811;32,603;32,772;32,761;32,67;32,78;32,869;32,849;32,782;32,926;32,802;32,98;32,891;32,891;32,978;32,797;33,075;32,832;32,951;32,824;33,089;33,042;33,038;33,046;32,974;33,125;33,097;33,118;33,077;33,128;33,131;33,005;33,283;33,263;33,245;33,318;33,259;33,244;33,348;33,434;33,517;33,406;33,501;33,444;33,476;33,436;33,498;33,487;33,599;33,567;33,528;33,665;33,583;33,666;33,765;33,726;33,748;33,927;33,937;33,962;33,938;33,942;33,937;34,082;34,095;34,065;34,089;34,09;34,194;34,296;34,356;34,297;34,332;34,369;34,358;34,514;34,51;34,478;34,628;34,572;34,678;34,724;34,713;34,859;34,773;34,93;34,953;34,874;35,065;34,998;35,114;35,06;35,247;35,1;35,237;35,313;35,374
D10;X2;;2;30,264;30,574;30,682;30,619;30,669;30,658;30,703;30,693;30,692;30,709;30,833;30,925;30,864;30,896;30,816;30,899;30,909;30,949;31,009;31,004;31,097;31,057;31,121;31,156;31,189;31,147;31,172;31,1;31,234;31,265;31,285;31,275;31,46;31,482;31,451;31,561;31,66;31,609;31,596;31,62;31,616;31,741;31,842;31,757;31,895;31,979;31,753;31,931;31,816;31,999;31,931;31,948;31,975;32,015;31,975;32,087;32,022;32,183;32,066;32,15;31,985;32,22;32,137;32,205;32,32;32,242;32,308;32,274;32,152;32,299;32,353;32,298;32,325;32,376;32,308;32,347;32,326;32,339;32,402;32,35;32,489;32,498;32,482;32,482;32,642;32,613;32,538;32,507;32,696;32,7;32,763;32,687;32,8;32,787;32,785;32,884;32,851;32,928;32,991;32,938;32,995;32,96;33,013;33,155;33,07;33,239;33,208;33,206;33,318;33,371;33,322;33,297;33,437;33,463;33,476;33,48;33,501;33,548;33,641;33,672;33,662;33,712;33,773;33,773;33,801;33,815;33,935;33,991;33,995;34,004;34,052;34,153;34,162;34,266;34,213;34,251;34,34;34,359;34,406;34,488;34,436;34,466;34,594;34,561;34,687;34,687;34,869
E03;B3;;2;31,646;30,963;30,767;30,622;30,675;30,505;30,548;30,661;30,58;30,664;30,616;30,811;30,627;30,7;30,699;30,722;30,647;30,746;30,685;30,807;30,792;30,693;30,722;30,736;30,727;30,679;30,696;30,85;30,713;30,685;30,695;30,776;30,84;30,868;30,785;30,843;30,892;30,776;30,979;30,788;30,775;30,866;30,815;30,928;30,959;30,975;30,892;30,814;30,701;30,897;30,832;30,89;30,828;30,775;30,821;30,928;30,967;30,886;30,892;30,961;30,987;31,051;30,872;30,973;31,074;30,899;31,07;31,013;31,007;31,156;31,035;31,046;31,043;30,978;31,077;31,127;31,069;31,11;31,176;31,169;31,161;31,096;31,245;31,167;31,28;31,154;31,264;31,213;31,26;31,381;31,464;31,29;31,449;31,317;31,379;31,418;31,414;31,534;31,466;31,504;31,645;31,496;31,527;31,658;31,696;31,676;31,742;31,869;31,726;31,82;31,878;31,939;31,903;31,883;31,913;31,974;31,949;31,932;32,038;32,026;32,149;32,174;32,122;32,165;32,373;32,314;32,172;32,42;32,376;32,38;32,333;32,544;32,503;32,613;32,627;32,56;32,606;32,627;32,804;32,743;32,78;32,866;32,888;32,959;33,08;32,927;33,122
E04;B3;;2;39,507;33,898;33,698;33,789;33,801;33,729;33,774;33,754;33,677;33,627;33,684;33,711;33,724;33,808;33,642;33,776;33,758;33,693;33,735;33,759;33,737;33,778;33,676;33,717;33,695;33,62;33,739;33,748;33,799;33,736;33,711;33,793;33,841;33,771;33,697;33,795;33,841;33,662;33,703;33,771;33,706;33,838;33,801;33,74;33,698;33,914;33,559;33,652;33,577;33,665;33,679;33,642;33,722;33,681;33,741;33,724;33,782;33,73;33,689;33,824;33,758;33,829;33,711;33,697;33,804;33,839;33,909;33,813;33,815;33,871;33,846;33,878;33,97;33,821;33,895;33,795;33,928;33,972;33,93;33,88;33,932;33,968;33,89;34,001;34,007;33,979;33,917;34,051;34,049;34,023;34,195;34,116;34,282;34,118;34,197;34,1;34,067;34,125;34,164;34,341;34,316;34,221;34,245;34,286;34,368;34,371;34,384;34,318;34,384;34,392;34,511;34,405;34,503;34,523;34,549;34,562;34,507;34,485;34,527;34,628;34,684;34,557;34,711;34,819;34,802;34,656;34,822;34,852;34,888;34,798;34,941;34,907;34,963;35,043;34,999;34,989;34,976;35,093;35,081;35,16;35,146;35,148;35,169;35,198;35,277;35,277;35,403
E05;B3;;2;165,934;136,492;123,619;122,265;123,984;126,632;118,114;120,6;118,257;119,697;83,041;83,652;82,563;82,603;81,768;81,067;80,55;80,37;80,537;78,539;79,967;78,627;80,391;77,428;80,769;77,666;79,167;78,136;78,36;80,348;79,092;76,224;76,367;74,524;78,648;76,594;77,942;72,682;76,406;71,987;73,249;73,585;73,891;74,026;72,107;74,193;71,798;71,227;73,215;71,659;71,866;70,711;69,882;71,474;69,63;71,986;68,671;70,442;68,426;69,303;70,292;68,95;68,444;67,704;66,594;65,395;69,129;66,717;69,284;66,649;67,451;65,654;64,94;63,714;67,094;64,282;64,384;62,067;66,404;65,155;62,661;62,084;61,475;62,617;63,285;64,409;60,116;62,741;63,584;60,255;60,256;63,947;61,603;59,492;59,92;57,384;60,166;56,917;62,58;59,976;60,052;56,051;57,246;60,072;58,835;58,528;57,173;57,842;57,309;57,534;53,757;55,949;54,464;55,473;54,339;57,356;53,746;51,919;52,068;55,924;53,378;54,693;51,188;52,283;50,857;50,284;53,831;51,054;50,738;50,532;49,035;51,476;48,385;50,659;50,362;46,237;49,703;46,809;48,093;46,321;47,955;47,109;44,457;43,833;43,443;45,449;43,094
E06;X3;;2;31,41;31,726;31,97;32,162;32,36;32,83;32,347;32,774;32,902;32,694;32,456;32,362;32,608;32,537;32,33;32,574;32,106;32,62;32,322;32,673;32,432;32,432;32,445;32,241;32,457;32,296;32,28;32,15;32,438;32,686;32,469;32,334;32,358;32,274;32,4;32,322;32,437;32,34;32,439;32,551;32,393;32,438;32,55;32,526;32,469;32,732;32,526;32,554;32,65;32,633;32,768;32,712;32,937;32,873;33,029;33,196;33,376;33,417;33,438;33,672;33,761;33,872;34,061;34,354;34,386;34,608;34,826;34,958;35,165;35,51;35,785;35,983;36,121;36,69;36,801;37,009;37,322;37,849;38,081;38,431;39,128;39,475;39,961;40,533;40,992;41,545;41,879;42,284;42,499;42,853;43,313;43,68;44,289;44,549;45,023;45,418;45,673;46,166;46,535;47,078;47,671;48,488;49,185;50,788;53,171;54,267;55,292;56,275;57,282;58,415;59,747;60,89;62,326;63,677;65,245;67,013;68,422;70,212;72,099;73,915;75,712;77,766;79,459;81,287;83,049;83,747;85,093;85,933;86,499;87,004;87,682;87,458;87,927;87,213;86,983;86,589;86,006;86,079;85,971;86,156;85,731;86,032;86,309;86,089;86,152;86,45;86,4
E07;X3;;2;31,33;31,621;31,824;31,729;31,798;31,975;31,804;31,918;31,932;31,815;32,019;32,06;31,997;32,124;31,991;32,055;32,155;32,123;32,171;32,201;32,337;32,314;32,091;32,146;32,297;32,221;32,133;32,34;32,29;32,289;32,252;32,311;32,444;32,412;32,476;32,558;32,644;32,475;32,564;32,663;32,672;32,816;32,846;32,792;32,93;33,035;32,793;32,989;33,076;33,147;33,237;33,157;33,441;33,549;33,698;33,991;34,016;34,146;34,325;34,617;34,696;34,863;35,029;35,202;35,539;35,595;35,878;36,087;36,297;36,689;36,994;37,216;37,555;37,771;38,134;38,434;38,925;39,274;39,524;39,971;40,357;40,807;41,231;41,541;42,138;42,567;42,501;42,897;43,286;43,748;44,076;44,373;44,852;45,081;45,566;45,839;46,41;46,985;47,541;48,07;48,666;49,268;50,025;50,633;51,399;52,118;53,837;56,868;58,236;59,322;60,81;61,9;63,484;65,238;66,492;68,367;69,948;72,132;74,11;76,093;77,935;79,252;80,705;82,245;83,444;84,138;84,554;84,687;84,693;84,897;84,307;83,514;83,607;81,984;80,562;79,689;78,976;78,313;77,775;77,554;77,492;77,732;77,933;77,877;77,416;77,839;78,261
E08;X3;;2;30,386;30,566;30,817;30,79;30,936;30,882;30,731;30,877;30,766;30,879;30,804;30,909;30,871;30,893;30,836;30,784;30,867;30,838;30,829;30,964;30,834;30,916;30,876;30,89;30,786;30,725;30,952;30,863;31,083;30,983;30,79;31,032;31,013;31,108;31,005;31,177;31,177;31,084;31,215;31,289;31,297;31,211;31,398;31,349;31,532;31,533;31,41;31,549;31,522;31,716;31,65;31,78;31,896;31,969;32,077;32,265;32,321;32,499;32,502;32,768;32,861;33,059;33,079;33,387;33,52;33,641;33,962;34,096;34,297;34,548;34,781;34,979;35,255;35,532;35,815;36,122;36,514;36,804;37,073;37,425;37,807;38,232;38,606;38,928;39,441;40;40,138;40,41;40,569;40,948;41,329;41,609;42,074;42,336;42,642;42,888;43,218;43,653;43,952;44,501;44,951;45,381;45,904;46,347;46,868;47,37;48,507;51,647;52,579;53,503;54,721;55,564;57,212;57,883;58,989;60,595;61,717;63,573;65,176;67,15;68,724;70,852;72,842;74,963;76,728;78,426;79,346;80,282;81,324;81,31;81,132;81,039;80,891;80,279;79,022;77,702;77,373;76,272;75,806;75,732;74,924;74,904;74,792;74,215;74,996;75,014;74,93
E09;X3;;2;30,339;30,506;30,665;30,733;30,804;30,658;30,722;30,584;30,715;30,721;30,914;30,711;30,845;30,707;30,93;30,752;30,765;30,932;30,921;30,833;30,834;30,893;30,948;30,877;30,832;30,829;30,886;30,955;31,057;31,104;30,875;30,924;31,102;31,196;31,094;31,214;31,214;31,062;31,245;31,24;31,225;31,379;31,348;31,461;31,285;31,484;31,218;31,311;31,522;31,442;31,654;31,756;31,84;31,893;31,994;32,133;32,213;32,249;32,436;32,718;32,69;32,914;33,085;33,198;33,527;33,546;33,678;33,918;34,202;34,304;34,615;35,008;35,206;35,433;35,667;36,047;36,359;36,563;37;37,405;37,537;37,892;38,362;38,69;39,169;39,735;39,868;40,292;40,279;40,794;41,092;41,412;41,867;42,063;42,376;42,737;43,034;43,528;43,84;44,34;44,697;45,223;45,647;46,291;46,908;48,153;50,876;51,976;52,813;54,091;55,001;56,005;57,6;58,33;60,141;61,578;62,832;64,572;66,381;68,169;70,375;72,087;74,016;75,647;77,604;78,827;79,622;80,624;81,084;81,651;82,007;81,905;82,098;80,803;80,401;79,649;79,058;79,295;79,403;79,357;79,008;79,025;78,678;78,841;76,313;74,929;74,642
E10;X3;;2;32,823;33,081;33,481;33,676;33,66;33,979;33,951;34,394;34,043;34,46;34,476;34,337;34,448;34,762;34,854;34,458;34,589;34,73;34,576;34,9;34,898;34,521;34,465;34,343;34,472;34,327;34,366;34,493;34,212;34,234;34,036;34,242;34,241;34,494;34,13;34,356;34,162;34,042;34,35;34,236;34,159;34,299;34,256;34,203;34,325;34,333;34,103;34,328;34,24;34,417;34,394;34,373;34,598;34,625;34,67;34,866;34,916;34,941;35,005;35,214;35,332;35,431;35,586;35,774;35,933;36,027;36,279;36,463;36,604;36,884;37,126;37,262;37,574;37,864;38,273;38,467;38,865;39,508;39,524;39,974;40,146;40,79;41,069;41,35;41,986;42,623;42,813;43,074;43,309;43,725;44,158;44,63;45,073;45,37;46,027;46,638;46,817;48,044;49,434;50,426;51,08;51,983;52,786;53,485;54,226;55,057;56,004;57,177;57,651;58,707;59,694;60,94;62,3;63,509;64,909;66,589;67,754;69,598;71,411;73,093;74,877;76,978;78,663;80,742;81,91;83,064;83,92;84,582;85,084;85,455;85,724;85,655;84,177;84,134;83,904;83,649;83,512;82,489;82,257;81,891;81,573;80,38;78,917;78,178;77,832;77,332;77,12
F03;B4;;2;31,519;31,564;31,613;31,6;31,691;31,566;31,7;31,679;31,717;31,896;31,832;31,827;31,67;31,853;31,806;31,803;31,795;31,734;31,716;31,774;31,782;31,823;31,848;31,72;31,805;31,674;31,831;31,818;31,873;31,836;31,823;31,871;31,912;31,866;31,793;31,837;31,87;31,881;31,901;31,84;31,911;31,876;31,941;31,806;31,882;31,873;31,714;31,677;31,697;31,686;31,726;31,704;31,767;31,768;31,757;31,753;31,718;31,81;31,687;31,803;31,728;31,867;31,738;31,756;31,891;31,813;31,884;31,729;31,826;31,764;31,871;31,879;31,832;31,836;31,869;31,744;31,847;31,756;31,746;31,816;31,83;31,851;31,935;31,763;31,883;31,965;31,804;31,776;31,879;31,848;31,836;31,862;31,884;31,873;31,929;31,947;31,878;31,971;31,959;31,988;31,875;31,878;31,913;31,968;31,973;31,972;31,953;31,994;32,022;31,997;32,042;31,995;32,035;32,169;32,025;32,04;32,011;32,056;32,025;32,059;32,146;32,036;32,093;32,162;32,116;32,14;32,123;32,229;32,1;32,153;32,123;32,285;32,188;32,197;32,165;32,222;32,157;32,266;32,274;32,285;32,203;32,272;32,44;32,311;32,294;32,275;32,443
F04;B4;;2;35,402;35,016;35,103;35,335;35,317;35,121;35,254;35,285;35,388;35,397;35,432;35,363;35,279;35,472;35,355;35,376;35,305;35,434;35,447;35,389;35,407;35,405;35,477;35,33;35,419;35,444;35,487;35,501;35,376;35,425;35,489;35,325;35,425;35,377;35,443;35,409;35,379;35,43;35,544;35,498;35,407;35,542;35,55;35,499;35,406;35,469;35,341;35,347;35,252;35,381;35,374;35,306;35,343;35,424;35,332;35,371;35,334;35,337;35,361;35,416;35,316;35,425;35,316;35,476;35,374;35,278;35,388;35,397;35,389;35,344;35,428;35,445;35,473;35,437;35,376;35,344;35,485;35,386;35,399;35,397;35,385;35,459;35,358;35,461;35,425;35,534;35,494;35,385;35,511;35,408;35,445;35,362;35,452;35,42;35,567;35,378;35,47;35,539;35,495;35,544;35,544;35,534;35,599;35,526;35,65;35,605;35,507;35,553;35,627;35,444;35,669;35,529;35,744;35,656;35,572;35,574;35,714;35,69;35,686;35,505;35,704;35,713;35,724;35,826;35,757;35,753;35,715;35,74;35,843;35,681;35,794;35,825;35,734;35,764;35,864;35,786;35,753;35,81;35,88;35,871;35,841;35,88;35,855;35,829;35,876;35,889;35,947
F05;B4;;2;125,117;75,604;66,391;63,532;59,522;55,294;55,052;53,538;51,395;53,82;53,385;52,037;50,815;48,831;48,135;48,66;51,123;49,192;48,86;48,906;49,632;48,694;47,914;48,698;48,741;49,64;50,501;47,355;48,678;49,988;46,043;48,848;49,979;50,166;49,452;48,309;49,805;46,389;47,499;49,519;49,176;50,031;48,137;50,563;47,152;48,847;48,673;49,341;47,556;49,055;49,471;47,318;47,179;48,269;45,876;47,877;47,68;48,444;49,349;46,822;50,671;46,307;49,999;46,338;48,994;48,944;49,161;46,661;49,578;48,742;49,456;47,094;48,266;50,035;49,028;49,264;46,253;46,194;46,889;48,578;48,878;48,763;48,212;48,643;48,918;46,282;46,951;45,768;48,387;48,282;45,708;46,588;47,659;48,881;48,539;48,458;48,516;46,925;45,684;46,818;45,82;45,585;46,243;48,031;47,241;45,626;45,645;48,628;48,392;47,946;47,659;48,266;48,228;46,748;46,991;46,234;47,117;47,165;45,179;45,444;47,328;46,072;45,353;46,906;45,837;46,447;44,957;46,939;45,52;45,337;46,506;44,926;45,764;44,646;45,14;45,922;45,114;45,021;44,188;45,662;45,452;43,899;44,156;46,484;45,194;44,333;44,759
F06;X4;;2;32,484;32,795;32,884;33,012;32,952;32,824;32,89;32,977;32,947;33,08;33,034;33,014;33,046;33,104;33,007;33,207;33,117;33,131;33,172;33,205;33,18;33,13;33,047;33,009;33,122;33,033;33,271;33,308;33,208;33,312;33,016;33,147;33,149;33,318;33,253;33,352;33,29;33,298;33,329;33,286;33,437;33,474;33,465;33,325;33,444;33,451;33,476;33,464;33,369;33,556;33,675;33,714;33,725;33,774;33,876;34,001;34,092;34,017;34,236;34,303;34,383;34,539;34,492;34,753;34,888;34,836;34,998;35,11;35,34;35,5;35,623;35,805;35,956;36,04;36,267;36,462;36,718;36,83;37,204;37,33;37,583;37,945;38,118;38,229;38,646;39,07;39,252;39,511;39,785;40,304;40,615;40,903;41,616;42,162;42,616;42,907;43,586;44,123;44,596;45,269;45,84;46,48;47,185;47,679;48,43;49,091;49,907;50,472;51,352;52,096;53,086;53,467;54,165;55,064;55,906;56,712;57,38;57,833;58,642;59,022;59,465;60,01;60,663;61,176;61,957;62,437;63,096;64,015;64,696;65,534;66,421;67,536;68,807;69,623;70,604;71,49;72,387;73,065;74,011;74,595;75,511;76,089;76,374;77,004;77,845;78,696;79,362
F07;X4;;2;32,509;32,75;32,857;32,749;32,881;32,805;32,818;32,892;32,806;32,948;32,898;32,8;32,809;32,98;32,75;32,998;32,95;32,951;32,937;33,142;33,14;33,044;33,08;32,973;33,063;33,033;32,985;32,928;33,146;33,047;33,036;33,177;33,155;33,055;33,089;33,182;33,306;33,186;33,053;33,295;33,293;33,51;33,215;33,391;33,359;33,544;33,163;33,425;33,277;33,457;33,471;33,49;33,708;33,724;33,774;33,899;33,96;34,043;34,078;34,075;34,301;34,374;34,449;34,611;34,766;34,816;35,024;35,123;35,215;35,268;35,563;35,564;35,896;36,057;36,208;36,403;36,547;36,827;37,142;37,362;37,695;37,948;37,989;38,236;38,722;39,179;39,114;39,511;39,822;40,205;40,572;40,903;41,448;41,86;42,392;42,76;43,28;43,926;44,304;45,002;45,481;46,043;46,777;47,402;47,956;48,541;49,43;50,166;50,691;51,479;52,302;52,99;53,645;54,383;55,35;55,992;56,647;57,395;57,97;58,516;58,791;59,412;59,897;60,597;61,072;61,668;62,275;63,127;63,8;64,536;65,316;66,143;67,147;68,328;69,071;69,962;70,952;71,595;72,134;72,841;73,33;73,957;74,4;74,741;75,095;75,643;76,16
F08;X4;;2;30,766;31,039;31,136;31,101;31,166;31,232;31,154;31,164;31,247;31,339;31,366;31,226;31,257;31,27;31,164;31,222;31,125;31,345;31,281;31,181;31,402;31,227;31,288;31,323;31,379;31,343;31,254;31,493;31,414;31,36;31,416;31,452;31,522;31,476;31,468;31,335;31,522;31,416;31,517;31,515;31,445;31,59;31,543;31,665;31,664;31,665;31,532;31,598;31,704;31,679;31,65;31,789;31,77;31,857;31,971;32,001;32,045;32,212;32,301;32,279;32,282;32,64;32,585;32,759;32,793;32,991;33,085;33,047;33,238;33,518;33,519;33,759;33,868;33,949;34,222;34,322;34,535;34,776;34,991;35,113;35,378;35,765;36,09;36,202;36,306;36,682;36,85;37,025;37,599;37,816;38,111;38,53;38,813;39,279;39,781;40,242;40,644;41,203;41,599;42,168;42,665;43,278;43,97;44,556;45,234;45,82;46,531;47,134;47,764;48,59;49,36;50,232;51,121;51,538;52,246;53,141;53,94;54,917;55,709;56,213;56,745;57,302;57,884;58,417;59,067;59,533;60,219;60,711;61,514;62,17;62,869;63,69;64,398;65,675;66,656;67,569;68,769;69,312;70,054;70,846;71,685;72,168;72,723;73,46;74,132;74,533;75,347
F09;X4;;2;32,315;32,429;32,749;32,692;32,786;32,736;32,811;32,716;32,845;32,707;32,876;32,732;32,923;32,765;32,626;32,838;32,757;32,905;32,724;32,716;33,009;32,759;32,916;32,802;33,109;32,843;32,929;32,928;33,074;33,001;32,931;32,763;32,804;32,993;32,899;32,909;32,962;32,737;33,04;33,082;33,079;33,266;33,248;33,056;33,032;33,257;33,087;33,022;33,161;33,114;33,233;33,375;33,521;33,536;33,523;33,466;33,686;33,766;33,728;33,874;33,804;33,971;34,159;34,367;34,426;34,49;34,68;34,618;34,871;34,922;35,213;35,385;35,46;35,625;35,868;35,958;36,234;36,428;36,625;36,907;36,983;37,397;37,613;37,771;38,049;38,643;38,472;38,846;39,107;39,481;39,822;40,042;40,582;40,854;41,487;41,78;42,393;42,798;43,193;43,928;44,229;44,746;45,42;46,027;46,628;47,218;47,881;48,536;49,139;49,754;50,492;51,313;52,177;52,536;53,316;54,085;54,917;55,554;56,269;56,699;57,216;57,654;58,012;58,631;59,225;59,602;60,212;60,675;61,367;61,999;62,554;63,31;64,264;65,193;66,237;67,021;68,012;68,67;69,589;70,206;70,671;71,776;72,096;72,75;73,703;74,026;74,757
F10;X4;;2;33,936;34,358;34,468;34,561;34,59;34,581;34,569;34,686;34,603;34,618;34,731;34,772;34,633;34,765;34,534;34,576;34,736;34,776;34,724;34,73;34,842;34,731;34,767;34,697;34,809;34,697;34,782;34,88;34,845;34,822;34,728;34,911;34,874;35,013;34,885;34,95;35,071;34,767;35,046;35,033;35,065;35,062;35,141;34,969;35,185;35,251;35,103;35,165;35,146;35,262;35,189;35,263;35,376;35,391;35,457;35,569;35,578;35,643;35,743;35,858;35,892;36,006;36,12;36,183;36,339;36,4;36,626;36,668;36,792;36,97;37,089;37,064;37,432;37,587;37,854;37,926;38,163;38,403;38,595;38,975;39,023;39,488;39,539;39,732;40,081;40,532;40,621;40,825;41,261;41,472;41,835;42,201;42,783;43,161;43,66;43,936;44,483;44,975;45,47;46,03;46,62;47,185;47,759;48,338;48,98;49,541;50,237;50,966;51,589;52,267;53,082;53,743;54,501;55,038;55,833;56,603;57,239;58,006;58,645;59,081;59,55;60,059;60,469;61,304;61,622;62,144;62,81;63,459;63,875;64,595;65,205;66,054;66,74;67,859;68,822;69,647;70,559;71,1;71,843;72,448;72,809;73,657;74,031;74,464;75,095;75,293;75,766
C03;B1;;3;185,687;153,059;140,758;131,13;118,91;113,743;113,301;115,123;110,995;105,274;101,524;102,743;99,581;101,486;98,636;98,217;98,303;98,771;98,115;97,923;98,111;98,221;98,502;97,728;98,035;100,008;99,373;98,551;99,139;99,384;99,649;100,275;100,402;101,025;101,448;101,655;102,531;101,664;101,767;103,593;102,538;103,734;103,329;104,724;103,669;103,974;104,248;104,796;104,922;104,756;105,291;105,229;105,644;106,852;106,333;106,646;107,018;106,922;107,571;108,025;108,649;109,207;108,628;109,99;109,611;110,265;111,764;112,04;112,562;114,034;114,85;115,614;117,649;118,194;119,269;120,174;122,004;122,552;123,431;125,4;126,925;128,042;130,607;131,362;132,136;134,467;136,635;139,302;141,496;141,725;145,008;145,589;147,699;150,697;154,898;155,155;157,195;159,618;161,416;162,725;165,146;167,617;168,658;171,506;168,675;168,987;170,887;167,89;166,259;169,83;166,84;166,462;165,432;163,056;167,816;161,99;161,329;157,469;157,933;155,249;154,859;154,451;151,986;151,939;149,872;150,279;148,451;147,672;146,854;146,316;147,05;146,641;146,409;146,263;147,205;146,593;147,094;147,324;147,182;147,791;149,083;149,41;149,183;149,587;149,084;149,307;152,656
C04;B1;;3;125,722;127,265;131,95;126,533;120,693;124,04;123,783;114,432;114,958;117,511;115,172;109,439;112,598;108,465;106,894;102,583;105,124;101,983;100,867;99,4;99,045;96,53;95,961;97,315;95,856;96,201;96,399;96,154;96,1;96,308;96,521;96,526;96,747;96,939;97,179;97,055;97,582;97,491;98,103;98,603;98,234;98,74;98,944;98,978;99,263;100,032;99,611;99,907;100,101;100,329;100,535;100,822;101,297;101,705;101,478;101,994;102,109;102,209;103,017;102,878;103,236;103,767;104,051;104,462;104,593;105,035;105,197;105,476;105,888;106,201;106,403;106,787;107,043;107,202;107,338;107,903;108,164;108,552;108,688;109,325;109,933;110,601;111,352;112,203;112,648;114,035;114,6;115,521;116,351;117,449;118,528;119,296;120,472;122,04;123,426;124,786;126,535;128,189;128,666;130,481;132,382;134,616;135,206;136,848;137,828;139,429;140,545;142,784;144,169;142,903;150,054;152,525;155,005;155,374;157,376;156,089;156,343;155,279;154,727;156,714;156,016;156,624;154,962;155,088;153,482;152,028;153,524;151,128;149,188;148,328;147,568;145,565;145,219;144,657;143,832;142,526;142,3;140,939;139,709;139,907;140,175;139,826;139,735;139,588;139,244;139,166;139,454
C05;B1;;3;195,738;181,509;180,741;168,053;171,05;162,205;172,331;166,9;155,575;161,95;149,873;144,754;146,549;140,653;135,318;134,742;130,77;134,461;126,871;131,1;121,909;121,505;124,535;115,883;118,097;109,991;112,118;109,498;105,819;106,059;102,501;103,396;101,426;100,887;99,815;100,139;99,407;99,85;99,298;98,984;99,408;99,519;99,407;99,442;99,249;99,947;99,964;99,867;100,401;100,082;100,459;100,862;101,142;101,474;101,485;101,951;101,724;102,107;102,737;102,687;102,745;103,407;103,471;103,901;104,011;104,226;104,342;104,523;104,625;105,181;105,175;105,606;105,947;105,957;106,082;106,623;106,84;106,828;107,242;107,725;107,357;107,995;108,216;108,694;108,54;109,07;109,261;109,763;109,646;110,296;110,765;111,095;111,427;111,922;112,285;113,161;113,624;114,491;115,32;116,196;117,289;118,615;119,175;120,394;120,754;121,914;122,624;124,014;124,864;126,536;127,356;129,305;130,261;131,882;132,676;134,352;135,998;136,323;138,744;138,94;141,746;146,222;145,343;149,448;150,388;154,999;156,941;158,242;157,467;158,662;156,219;156,543;156,836;156,861;160,015;156,02;155,034;154,378;154,339;153,943;151,446;150,614;149,075;148,105;146,893;146,309;145,864
C06;X1;;3;85,787;87,056;86,511;86,55;86,919;86,73;87,01;86,916;87,228;87,095;87,097;87,291;87,325;87,285;87,842;87,514;87,488;87,898;87,949;88,316;88,286;88,49;88,748;88,653;88,785;89,379;89,336;89,466;89,558;89,725;90,353;90,377;90,298;90,73;90,682;91,1;91,295;91,672;91,693;92,089;92,341;92,594;92,818;92,877;93,158;93,553;93,559;94,071;94,166;94,477;94,843;95,413;95,664;96,158;96,729;97,22;97,642;98,217;98,873;99,13;100,083;100,827;101,259;102,198;102,617;103,522;104,167;104,998;105,722;106,849;107,393;108,543;109,532;110,539;111,773;113,42;114,509;116,334;117,956;119,625;121,863;124,078;125,73;129,278;132,44;134,994;138,312;142,654;146,186;153,816;161,034;167,047;177,149;181,613;186,981;191,687;195,575;201,025;206,038;211,964;216,41;224,033;233,898;250,01;262,964;270,077;274,494;279,596;285,515;287,808;291,199;292,748;294,182;297,206;302,56;300,561;302,434;298,747;303,745;307,108;300,736;303,68;297,71;293,978;296,486;297,876;301,89;300,113;301,532;300,495;299,838;300,627;299,98;298,498;297,344;299,79;300,477;302,399;302,697;303,766;305,453;306,719;314,168;307,04;320,666;324,913;319,781
C07;X1;;3;92,799;93,552;93,628;93,685;93,9;94,204;94,149;94,482;94,197;94,553;94,555;94,978;95,141;95,034;95,395;95,463;95,586;95,723;95,87;96,278;96,26;96,511;96,708;96,991;97,157;97,496;97,876;97,833;98,02;97,971;98,29;98,739;98,481;98,774;98,881;98,791;99,519;99,568;99,833;99,813;99,818;100,206;100,385;100,442;100,56;100,939;100,882;101,207;101,442;101,761;101,9;102,15;102,393;103,03;103,269;103,765;103,757;104,165;104,301;104,926;105,667;105,98;106,511;107,201;108,415;108,818;109,62;110,322;111,416;112,776;113,305;115,406;116,418;117,564;119,061;120,722;122,446;124,428;126,095;127,793;131,797;135,124;138,624;143,923;144,556;149,252;153,648;160,142;169,983;171,644;183,489;185,674;188,256;191,856;190,922;194,389;201,453;206,391;210,616;218,175;221,664;223,983;227,686;233,649;240,893;250,47;264,394;278,439;280,942;287,834;287,159;291,12;293,164;289,935;302,609;296,04;299,84;298,339;297,32;302,134;297,802;297,567;294,244;285,067;285,223;283,332;286,114;287,719;288,002;289,052;288,107;287,359;288,012;287,244;290,008;284,439;292,142;289,951;300,701;293,299;288,423;290,123;313,75;317,699;313,642;307,901;304,766
C08;X1;;3;92,64;93,117;93,47;93,598;93,792;93,894;93,997;93,976;94,001;94,134;94,218;94,26;94,446;94,355;94,668;94,651;94,592;94,94;95,226;95,692;95,494;95,737;95,804;95,685;96,194;96,263;96,8;96,846;97,016;97,23;97,249;97,588;97,844;97,825;98,244;97,871;98,544;98,63;98,733;99,059;99,228;99,322;99,46;99,528;99,747;100,27;100,278;100,501;100,787;101,045;101,402;101,738;101,968;102,977;103,074;103,54;103,684;104,182;104,964;105,384;105,664;106,501;107,236;107,908;108,339;109,366;109,742;110,243;111,28;111,825;112,599;113,594;114,318;115,285;116,307;117,783;118,654;120,422;121,962;123,536;125,275;127,36;129,427;131,771;133,82;136,447;139,863;143,582;146,933;149,326;151,05;155,038;159,77;167,645;174,21;179,49;183,884;186,496;190,895;194,571;199,774;205,52;213,27;220,656;230,61;239,953;246,908;251,18;256,054;258,253;262,134;262,984;266,278;267,925;271,482;270,645;271,576;268,185;270,163;270,449;269,243;273,371;274,132;276,639;277,876;278,957;281,659;284,886;285,586;286,997;292,777;292,714;297,545;305,394;303,906;299,803;302,885;301,865;304,317;308,881;307,059;306,951;320,957;311,88;310,086;315,421;320,059
C09;X1;;3;93,937;91,791;92,39;92,692;91,643;91,691;91,025;91,228;90,961;91,058;91,114;91,334;91,179;91,015;91,742;91,515;91,758;91,493;91,843;91,627;91,31;91,848;92,026;91,766;92,409;92,144;92,011;92,443;92,656;92,51;92,907;93,05;92,915;93,136;93,066;93,051;93,575;93,821;93,752;93,659;94,027;94,337;94,559;94,354;94,969;95,041;95,232;95,345;95,662;95,919;96,389;96,593;96,955;97,797;97,899;98,318;98,66;98,935;99,76;100,217;100,884;101,771;102,446;103,05;103,625;104,418;105,293;105,885;107,031;107,681;108,677;109,936;111,041;112,11;113,384;114,607;116,068;117,784;119,468;120,464;122,291;124,028;126,195;128,421;130,122;131,686;134,172;136,319;139,076;140,896;144,481;146,388;147,867;148,843;152,024;154,108;156,186;159,325;164,847;171,994;180,446;183,841;194,866;205,061;209,375;214,557;219,71;225,774;230,391;233,867;236,106;239,801;241,889;244,252;246,016;246,148;248,695;249,37;254,154;255,326;258,177;261,743;264,316;266,667;270,314;273,56;274,912;276,016;278,514;282,367;282,883;282,756;285,383;291,343;289,999;288,493;293,744;299,719;303,592;300,868;301,172;305,502;306,588;308,515;313,217;318,841;322,688
C10;X1;;3;83,998;84,809;85,14;85,224;85,397;85,44;85,46;85,461;85,664;85,607;85,949;86,209;86,057;86,14;86,453;86,372;86,432;86,696;86,768;87,205;87,11;87,28;87,357;87,799;87,934;88,051;88,567;88,541;88,845;88,761;89,076;89,186;89,438;89,286;89,571;89,443;89,854;89,823;90,064;90,328;90,215;90,736;90,687;90,723;90,816;91,485;91,232;91,425;91,711;92,092;92,298;92,766;92,832;93,462;93,796;94,173;94,638;95,023;95,659;96,055;96,575;97,178;97,876;98,568;99,237;99,888;100,649;100,998;101,936;102,671;103,597;104,465;105,254;106,152;107,753;109,225;109,584;111,259;112,591;114,383;116,83;118,418;120,068;122,752;124,198;126,896;129,514;131,525;133,797;136,498;138,894;142,538;144,426;146,117;149,194;152,88;157,113;162,355;169,714;176,514;181,873;189,776;193,159;197,31;203,838;212,198;215,819;220,134;224,108;227,594;230,635;233,395;233,853;234,398;238,11;239,011;241,19;243,949;246,406;248,543;250,661;252,389;254,809;256,27;260,034;259,653;265,942;265,519;268,344;272,469;275,235;281,444;281,921;283,225;287,425;285,994;288,857;291,541;292,444;291,254;289,506;290,208;293,687;290,986;294,744;293,881;295,597
D03;B2;;3;95,07;94,47;94,609;94,673;95,064;94,936;95,129;95,02;95,283;95,625;95,483;95,579;95,866;95,542;95,724;95,888;96,041;96,243;96,155;96,554;96,483;96,58;96,613;97,04;96,96;97,195;97,728;97,39;97,534;97,863;98,04;98,206;98,238;98,613;98,389;98,401;99,026;98,997;98,71;99,082;99,484;99,618;99,861;99,59;99,789;99,98;99,974;99,956;99,854;100,385;100,281;100,14;100,578;100,73;101,059;101,064;100,887;101,353;101,71;101,548;101,74;102,256;102,254;102,221;102,452;102,868;102,789;102,653;103,165;103,289;103,346;103,708;103,795;103,665;103,74;104,025;104,01;104,14;104,541;104,601;104,775;104,991;105,133;105,027;105,163;105,358;105,687;105,612;105,799;106,253;106,382;106,625;106,957;106,911;107,381;107,628;107,986;108,461;108,8;109,268;109,765;110,422;110,936;111,439;111,938;112,431;113,025;113,609;114,459;115,183;115,946;116,786;117,413;117,958;119,28;119,903;120,823;121,637;123,05;123,948;124,509;126,259;126,556;127,221;128,384;129,39;131,362;131,519;132,841;133,622;135,073;135,212;138,394;138,869;141,53;140,04;142,198;144,413;145,04;145,797;145,644;147,634;151,46;149,593;153,547;152,188;152,911
D04;B2;;3;92,043;92,831;92,648;92,794;92,65;93,086;93,039;93,037;92,806;93,391;93,002;93,301;93,311;93,353;93,458;93,3;93,379;93,65;93,763;94,123;93,823;93,821;94,131;94,254;93,995;94,24;94,545;94,341;94,577;94,776;94,554;95,089;95,108;95,016;95,385;95,166;95,459;95,182;95,604;95,607;95,75;95,885;95,927;95,775;96,052;96,248;96,192;96,136;96,124;96,483;96,527;96,465;96,728;96,941;96,752;96,894;96,891;97,137;97,523;97,454;97,309;97,996;97,615;97,898;98,011;97,995;98,271;98,496;98,724;98,623;98,679;99,187;98,903;98,988;99,169;99,441;99,477;99,857;99,857;99,84;100,012;100,33;100,312;100,443;100,638;100,716;100,944;101,111;100,98;101,148;101,337;101,491;101,431;101,344;101,45;101,778;101,66;101,824;101,928;101,884;101,867;102,262;102,351;102,68;102,753;103,292;103,353;103,492;103,847;103,866;104,424;104,787;104,844;105,191;105,717;105,974;106,378;106,542;107,347;107,744;108,291;108,919;109,413;109,701;110,503;110,835;111,726;112,135;113,026;113,728;114,392;115,11;116,277;117,083;118,725;119,022;120,447;121,071;122,446;123,164;123,409;124,776;125,027;126,982;127,159;127,929;130,119
D05;B2;;3;101,675;92,317;92,143;92,224;92,678;92,539;93,175;92,311;92,784;92,901;93,193;92,345;93,146;92,68;93,141;92,755;92,807;93,46;93,103;93,357;92,981;93,391;92,684;93,125;93,173;93,39;93,406;93,098;94,124;93,271;93,478;93,908;94,038;93,579;93,998;93,716;94,438;93,883;93,87;94,636;94,168;94,563;94,443;94,285;94,287;95,094;93,958;94,368;94,862;94,962;94,721;94,602;94,531;94,959;95,261;95,331;95,188;95,26;95,388;95,067;95,188;95,809;95,877;96,056;95,9;95,997;96,187;96,082;96,428;96,321;96,368;96,528;96,51;96,787;96,873;96,928;97,158;96,956;97,199;97,275;97,262;97,642;98,026;98,056;98,026;97,968;98,51;98,543;98,518;98,686;99,007;99,164;99,053;99,187;99,337;99,191;99,461;99,189;99,624;99,891;100,107;99,993;100,307;100,256;100,661;101,078;100,611;101,044;101,039;101,262;101,502;101,485;101,66;101,658;101,805;102,149;101,792;102,012;102,282;102,387;102,684;102,786;102,804;102,89;103,103;103,213;103,268;103,472;103,542;103,726;103,75;103,929;104,177;104,228;104,422;104,333;104,389;104,665;104,563;104,969;105,223;105,462;106,111;106,2;106,566;106,992;107,46
D06;X2;;3;95,779;96,831;96,396;96,728;97,165;97,218;97,115;97,071;97,279;97,529;97,181;97,754;97,475;97,708;97,733;97,679;98,045;98,329;98,213;98,663;98,17;98,546;99,003;99,253;99,575;99,657;100,249;99,882;100,203;100,175;100,276;100,801;100,74;100,91;100,733;100,902;101,156;101,309;101,485;101,282;101,803;101,558;102,21;101,817;102,075;102,394;102,221;102,137;102,339;102,833;102,493;102,542;102,67;103,099;103,22;103,039;103,671;103,51;103,964;103,767;104,158;104,218;104,065;104,314;104,523;104,523;104,718;104,678;105,015;105,026;104,851;105,458;105,241;105,559;105,499;105,937;105,631;105,914;105,947;106,204;105,974;106,656;106,472;106,864;106,976;107,031;107,308;107,317;107,246;107,564;107,895;108,08;107,822;108,249;108,331;108,026;108,617;108,576;109,119;108,867;109,331;109,192;109,57;109,757;109,971;110,326;110,368;110,427;110,514;110,577;111,162;111,196;111,049;111,315;111,707;111,474;111,508;111,294;112,119;111,614;112,399;112,465;112,228;112,574;112,766;112,575;112,419;112,998;113,266;113,509;112,959;112,902;113,566;113,512;113,283;113,779;114,168;114,286;114,568;115,083;115,577;116,044;116,827;117,104;117,931;118,21;118,986
D07;X2;;3;90,918;91,642;91,806;91,648;91,818;91,446;91,759;91,667;91,611;92,388;91,919;92,183;92,19;92,173;92,235;92,06;91,931;92,603;92,622;92,649;92,83;92,582;92,844;93,007;92,966;92,793;93,1;93,266;93,487;93,766;93,521;94,033;93,802;93,71;94,037;94,014;94,481;94,103;94,198;94,525;94,578;94,932;94,726;95,065;95,173;95,536;94,935;95,374;95,56;95,5;95,726;95,36;95,266;95,576;95,983;96,109;95,883;96,106;96,282;96,539;96,614;96,736;96,497;96,521;96,392;96,869;97,085;96,627;97,207;97,272;97,101;97,355;97,236;97,779;97,743;97,452;97,804;97,625;97,68;97,94;97,66;97,804;98,003;98,435;98,694;98,92;98,958;99,201;98,788;99,334;99,53;99,701;99,412;99,578;99,616;99,595;99,901;99,826;100,558;100,661;100,338;100,69;100,949;101,108;100,868;101,308;101,404;101,438;101,752;102,176;101,989;102,34;102,551;102,46;102,476;102,793;102,752;102,684;102,834;103,297;103,509;103,413;103,537;103,804;103,806;104,067;104,142;104,651;104,559;104,851;104,77;104,829;105,38;105,171;105,345;105,594;105,79;106,118;106,072;106,1;106,333;106,946;106,911;106,962;106,916;107,611;107,414
D08;X2;;3;88,56;89,361;89,73;88,545;89,05;89,259;88,913;88,696;89,198;89,357;89,086;89,323;89,678;89,883;89,857;90,608;89,561;89,987;89,706;89,331;89,577;89,584;89,658;89,566;89,742;89,737;90,186;89,895;90,162;89,774;90,448;90,327;90,265;90,832;90,659;91,038;91,268;91,187;91,571;91,885;91,898;91,926;92,275;91,864;91,712;91,696;91,377;91,745;91,922;91,6;91,418;91,343;91,754;91,823;91,864;91,533;91,936;91,775;92,29;91,909;91,818;91,962;91,921;91,974;92,167;92,363;92,018;92,195;92,429;92,468;92,337;92,43;92,374;92,515;92,481;92,687;92,684;92,481;92,713;92,576;92,762;93,1;93,007;92,931;93,19;93,267;93,266;93,305;93,364;93,238;93,581;93,955;93,636;93,728;94,09;93,77;93,757;93,547;94,376;94,068;93,949;94,375;94,44;94,429;94,45;94,682;94,603;94,878;94,937;94,969;95,357;95,398;95,491;95,488;95,172;95,863;95,746;95,546;96,163;95,837;96,111;96,318;96,243;96,704;96,554;96,98;96,577;96,914;97,198;97,212;97,477;97,436;97,831;97,826;98,085;98,329;98,418;98,737;98,252;98,538;98,903;99,298;99,326;99,671;99,369;99,885;99,977
D09;X2;;3;89,52;90,396;90,432;90,223;90,571;90,993;90,399;90,199;91,037;92,604;91,188;91,777;91,534;91,269;91,344;91,424;91,516;91,208;91,221;91,568;91,526;91,832;91,8;92,195;91,456;91,826;92,303;91,859;92,18;92,083;92,336;92,623;92,449;92,617;92,516;92,616;93,077;93,109;93,666;93;93,345;93,255;92,808;93,246;93,177;93,411;93,526;93,157;93,59;93,547;93,063;93,106;93,144;93,756;93,74;93,606;93,695;93,636;94,161;94,059;93,788;94,183;93,708;94,053;94,09;94,1;94,423;94,2;94,329;94,069;94,1;94,722;94,622;94,459;94,741;94,345;94,104;93,949;94,627;94,496;94,59;95,093;95,147;94,765;95,088;95,217;95,318;94,836;95,123;94,96;95,309;95,281;95,801;95,339;95,737;95,609;95,384;95,867;95,769;95,916;95,882;95,864;96,155;96,278;96,049;96,541;96,845;96,469;96,67;96,88;97,104;97,124;97,235;96,908;97,121;97,571;97,595;97,436;97,812;98,054;98,004;97,912;97,993;98,331;98,363;98,638;98,436;98,811;98,849;98,82;99,025;99,078;99,362;99,527;99,199;99,721;99,672;100,085;99,693;100,123;100,329;100,502;100,459;100,678;100,704;101,27;101,054
D10;X2;;3;86,635;87,868;87,881;87,678;88,104;87,672;87,721;87,591;87,721;88,154;88,258;88,516;88,612;88,352;88,628;88,448;88,38;88,805;88,404;88,765;89,073;88,722;88,545;89,03;89,205;89,015;89,49;89,233;89,594;89,558;89,775;90,16;90,016;89,956;90,164;90,108;90,628;90,426;90,504;90,485;90,444;90,772;90,782;91,118;90,852;91,353;91,07;91,274;91,352;91,333;91,326;91,254;91,389;91,437;91,692;91,582;91,785;91,745;91,894;91,629;92,002;91,758;91,96;91,789;91,734;92,065;92,302;92,479;92,155;92,372;92,483;92,503;92,73;92,446;92,754;92,604;92,546;92,742;92,868;92,573;92,67;92,942;92,819;93,363;93,296;93,218;93,079;93,245;93,114;93,64;93,551;93,359;93,784;93,787;93,729;93,747;94,043;94,099;94,369;94,404;94,452;94,408;94,717;94,36;94,901;94,949;94,975;95,088;95,269;95,186;95,317;95,484;95,596;95,952;95,491;95,83;96,012;95,628;96,048;96,027;96,322;96,393;96,684;96,813;96,734;97,02;96,814;97,006;97,333;97,195;97,359;97,057;97,752;97,915;97,807;97,949;98,139;97,946;98,2;98,476;98,443;98,815;98,822;99,027;98,79;99,46;99,322
E03;B3;;3;88,895;87,722;87,526;87,546;87,532;87,644;87,389;87,652;87,737;88,005;87,983;87,558;87,484;87,536;87,933;87,782;87,507;87,665;87,681;87,861;87,759;87,713;87,936;88,214;88,137;87,438;88,085;87,961;87,788;88,2;87,842;88,154;88,137;88,515;88,177;88,127;88,515;88,153;88,021;88,115;88,298;88,628;88,519;88,24;88,36;88,529;88,094;88,242;88,01;88,338;87,984;88,145;88,079;88,192;88,476;88,186;88,019;88,452;88,752;88,289;88,569;88,409;88,379;88,548;88,635;88,947;88,478;88,43;88,758;88,763;88,644;88,921;89,027;88,592;88,892;88,525;88,665;88,762;89,116;89,066;88,965;89,403;89,205;89,245;89,108;89,525;89,426;89,186;89,429;89,657;89,826;89,768;89,732;89,766;89,873;90,041;89,789;89,762;89,995;89,86;90,216;90,18;90,285;90,444;90,637;90,946;90,851;90,839;90,788;91,205;91,237;91,077;90,941;91,409;90,905;91,551;91,571;91,13;91,791;91,882;91,99;91,608;92,047;92,448;91,883;92,316;92,194;92,456;92,499;92,463;92,836;92,631;93,222;93,02;92,924;93,187;93,387;93,477;93,529;93,368;93,904;93,92;93,844;94,035;94,462;94,35;94,798
E04;B3;;3;108,497;97,231;96,349;96,224;96,302;96,351;96,255;96,243;96,43;96,631;96,382;96,555;96,37;96,114;96,8;96,096;96,106;96,558;96,427;96,609;96,368;96,452;96,534;96,69;96,498;96,198;96,317;96,63;96,648;96,692;96,422;96,773;96,428;96,614;96,638;96,492;96,66;96,632;96,388;96,305;96,593;96,73;96,592;96,522;96,648;96,648;96,123;96,262;96,499;96,479;96,382;96,32;96,33;96,653;96,607;96,643;96,397;96,478;96,599;96,638;96,321;96,789;96,652;96,452;96,878;96,591;96,543;96,742;97,095;96,869;96,846;97,186;97,144;96,912;96,794;96,743;96,865;96,82;96,847;96,781;96,939;97,349;97,1;97,113;97,076;97,385;97,499;97,447;97,443;97,794;97,484;97,697;97,731;97,329;97,309;97,556;97,482;97,549;97,909;97,744;97,793;97,945;97,889;98,061;98,282;98,257;98,419;98,26;98,317;98,172;98,571;98,637;98,408;98,7;98,485;98,672;98,997;98,386;98,836;98,757;99,141;98,832;99,193;99,15;99,299;99,317;99,342;99,327;99,482;99,699;99,821;99,808;99,998;99,838;100,024;100,301;100,327;100,465;100,114;100,243;100,381;100,678;100,802;100,901;100,805;101,018;101,087
E05;B3;;3;278,801;285,659;276,961;287,061;279,73;295,75;301,175;280,893;286,896;284,818;226,747;226,607;230,279;239,079;228,876;230,636;228,688;223,505;231,788;231,22;223,132;219,071;226,822;220,8;226,695;223,819;227,194;220,302;228,124;218,612;219,005;212,592;220,879;223,634;227,819;218,617;216,637;209,232;214,831;213,069;209,592;208,212;218,948;210,846;218,131;199,441;213,313;202,997;207,558;207,54;205,368;202,29;210,686;213,021;197,141;199,728;197,643;197,505;195,442;200,313;193,532;197,24;200,684;191,574;193,611;193,529;196,4;191,535;188,768;187,719;194,132;189,394;186,781;183,802;185,077;190,732;191,773;187,343;183,305;180,635;174,672;187,952;185,457;185,892;175,352;180,157;173,707;167,521;180,64;168,691;177,843;177,272;168,361;170,41;163,494;170,205;172,959;169,896;166,717;172,368;169,236;167,87;161,086;169,861;160,813;168,94;170,795;162,865;155,673;155,574;155,035;157,609;158,189;163,125;152,149;160,282;159,732;161,451;151,107;154,214;151,477;156,43;156,971;145,241;155,712;147,236;143,684;145,443;143,999;138,292;138,372;146,393;141,649;135,563;145,243;134,423;134,848;131,782;131,644;129,385;127,791;128,46;125,955;125,723;122,53;124,118;129,781
E06;X3;;3;89,755;91,308;91,583;92,212;92,653;93,09;93,147;92,97;93,665;94,082;93,154;92,472;92,713;92,517;93,086;91,923;93,124;92,989;92,838;93,409;92,607;92,903;92,69;93,285;92,658;92,459;92,208;92,675;92,896;93,031;92,68;92,932;93,322;93,313;92,712;92,96;93,159;92,978;92,609;92,872;92,846;93,593;93,378;93,456;93,411;93,213;93,271;93,072;93,135;93,646;93,762;93,716;93,718;94,361;94,885;94,925;94,964;95,256;95,761;96,117;96,805;97,287;97,411;98,056;98,715;98,821;99,453;100,181;100,878;101,595;102,118;102,987;104,151;104,524;105,601;106,218;106,777;107,982;109,02;110,425;111,669;113,345;114,736;116,015;117,203;118,993;119,923;121,003;121,578;122,653;124,369;125,467;126,715;128,067;128,741;129,931;130,973;132,125;133,297;134,772;136,735;138,83;141,626;146,646;152,48;155,666;158,437;161,294;164,77;167,877;171,614;175,064;178,852;182,752;187,592;191,965;196,641;200,841;206,613;212,305;217,764;223,299;228,889;233,333;236,483;240,599;243,719;246,138;247,499;248,119;250,406;251,379;251,481;248,797;247,969;247,009;247,009;247,593;246,908;244,717;244,658;246,465;247,169;246,981;246,857;247,69;247,926
E07;X3;;3;89,604;90,361;90,852;90,859;91,018;91,287;91,493;91,212;91,108;91,694;91,608;91,884;91,631;91,721;91,964;91,626;91,817;92,184;92,082;92,318;92,3;92,448;91,944;92,146;92,327;92,302;92,588;92,289;92,423;92,254;92,628;92,619;92,764;92,962;92,696;92,753;93,323;93,198;93,226;93,311;93,391;93,584;94,098;93,864;94,096;94,441;94,235;94,371;94,624;94,856;95,252;95,334;95,631;95,953;96,719;96,966;97,049;97,634;98,457;98,548;99,042;99,973;100,23;100,67;101,603;102,181;102,846;103,494;104,397;104,848;105,693;106,728;107,584;108,118;109,094;110,274;111,087;112,318;113,493;114,35;115,674;116,95;118,248;119,415;120,457;121,187;121,715;122,718;123,955;125,161;126,432;127,372;128,073;129,291;130,299;131,523;133,271;134,488;136,051;137,596;139,649;140,888;143,031;145,527;147,368;150,348;154,121;163,434;166,923;170,892;174,858;177,823;182,318;186,427;191,225;195,455;201,21;206,132;212,696;217,463;223,811;228,693;231,879;235,699;238,135;241,6;242,589;242,209;242,517;242,701;240,794;239,727;238,166;234,359;230,138;227,259;225,913;224,713;222,227;221,712;223,366;223,007;223,454;222,11;221,984;221,535;224,645
E08;X3;;3;86,97;88,088;87,984;88,101;88,261;88,323;87,873;87,805;88,272;88,418;88,42;88,611;88,238;87,864;88,621;88,027;87,739;88,081;88,437;88,254;88,431;88,598;88,787;88,178;88,038;88,373;88,561;88,42;88,14;88,613;88,732;88,956;88,873;88,899;89;88,549;89,191;89,337;88,878;89,348;89,401;89,654;89,654;89,848;90,019;89,793;90,024;90,113;90,554;90,733;90,904;91,023;91,287;91,853;92,108;92,36;92,341;93,069;93,52;93,717;94,045;94,786;94,832;95,297;95,973;96,466;97,234;97,635;98,552;98,593;99,722;100,47;101,217;101,636;102,567;103,583;104,452;105,406;106,464;107,264;108,283;109,744;110,722;111,82;112,81;113,992;115,367;115,64;116,164;117,103;118,603;119,494;120,225;121,146;122,058;122,866;123,849;124,92;126,146;127,095;128,488;129,829;131,472;132,452;134,452;135,989;139,344;148;151,593;153,638;156,819;160,703;163,198;166,343;170,377;173,895;178,267;181,787;187,418;192,554;198,937;205,404;210,126;215,573;219,702;224,63;227,72;230,51;231,507;232,353;232,267;231,876;232,111;229,186;225,731;221,983;221,279;217,689;216,001;215,981;214,969;214,914;214,326;213,001;213,642;214,426;214,455
E09;X3;;3;86,643;87,728;87,104;87,471;87,994;88,01;88,322;88,19;87,962;88,557;87,711;88,172;88,251;87,766;88,605;88,105;87,622;88,487;88,365;88,313;88,604;88,083;88,748;88,584;88,353;88,225;88,778;88,78;88,708;89,072;88,804;88,818;89,077;89,073;89,118;88,815;89,401;89,426;89,289;89,593;89,388;89,135;89,963;89,71;89,911;90,096;89,859;89,948;89,849;90,225;90,258;90,469;90,987;90,961;91,303;91,79;91,604;92,45;93,082;93,259;93,91;93,938;94,394;94,729;95,375;96,34;96,705;97,48;98,139;98,534;99,345;100,057;101,091;101,03;102,26;102,996;103,981;104,556;105,776;106,543;107,63;109,09;109,957;110,669;112,708;112,79;114,425;114,889;115,572;116,293;117,945;118,816;120,432;120,212;121,542;122,81;123,207;124,627;125,357;126,431;128,041;129,904;131,044;132,554;134,472;138,47;147,412;149,692;151,81;155,689;157,799;160,851;164,588;168,029;171,955;176,945;180,747;184,855;191,925;195,441;201,441;207,576;212,322;217,867;221,844;225,211;228,646;230,537;233,115;233,607;234,287;235,095;233,494;230,687;228,707;226,431;226,87;226,921;226,95;226,101;225,588;225,212;224,934;222,362;216,763;213,561;212,867
E10;X3;;3;94,141;95,467;96,176;96,32;97,833;97,396;97,561;97,819;98,958;98,8;97,401;98,43;98,125;98,218;98,881;100,126;98,663;98,329;98,923;98,814;99,949;98,929;98,155;98,228;98,467;98,139;97,942;98,003;97,37;97,954;98,319;97,746;97,893;97,983;98,146;97,73;98,14;98,105;98,204;97,502;97,843;97,691;98,302;97,627;98,268;98,228;98,033;97,845;98,256;98,455;98,696;98,419;98,115;99,23;99,265;99,722;99,632;99,874;100,39;100,556;101,068;101,573;101,747;102,086;102,775;103,284;103,714;104,084;105,121;105,67;106,106;107,187;107,835;108,533;109,341;110,446;111,166;112,473;113,358;114,152;115,002;116,739;117,667;118,594;119,964;121,322;122,498;123,604;123,771;125,013;125,981;127,915;128,813;130,05;131,463;132,232;134,691;137,685;142,187;144,455;146,738;149,262;150,988;153,075;155,684;158,071;160,36;162,49;165,713;168,722;171,723;174,775;178,816;182,16;186,626;190,302;195,373;199,226;204,955;210,049;215,024;221,472;226,15;230,647;234,532;237,507;240,603;241,743;243,301;244,699;246,133;243,492;240,886;239,866;240,401;238,693;238,041;236,149;233,222;234,069;234,157;228,981;225,14;223,284;222,57;221,761;219,892
F03;B4;;3;89,688;90,201;90,514;90,127;90,614;90,561;90,399;90,492;90,759;90,942;90,913;90,74;90,841;90,836;91,031;90,82;90,845;91,097;91,087;91,146;90,629;90,826;90,952;90,905;91,03;91,209;91,164;91,17;91,199;90,991;90,967;91,232;91,201;91,071;90,912;91,123;91,232;91,187;90,872;90,951;91,123;91,121;90,979;90,868;91,07;90,974;90,72;90,706;90,719;90,584;90,983;90,552;90,76;90,902;91,056;90,857;90,81;90,596;91,009;90,624;90,773;90,979;90,843;90,611;90,987;91,002;90,813;90,998;90,999;90,853;90,967;91,018;90,918;90,862;90,866;90,82;90,981;90,872;90,7;90,581;90,76;91,042;91,009;91,22;90,838;91,182;90,994;90,934;91,007;91,299;91,024;91,262;91,15;91,14;91,017;91,252;90,979;91,053;90,85;91,363;91,482;91,143;91,39;91,458;91,417;91,701;91,509;91,476;91,416;91,606;91,293;91,518;91,364;91,596;91,52;91,588;91,817;91,294;91,683;91,793;91,914;91,598;92,001;91,971;91,847;92,099;91,823;91,911;91,82;91,994;92,052;91,862;92,065;92,103;92,034;92,296;92,411;92,492;92,141;92,051;92,406;92,184;92,262;92,58;92,568;92,52;92,491
F04;B4;;3;100,662;100,822;100,441;100,347;100,491;101,024;100,947;101,188;100,944;101,243;101,275;101,372;101,391;100,927;101,01;100,939;101,092;101,357;101,478;101,156;101,174;101,708;101,249;101,329;101,105;101,235;101,615;101,544;101,404;101,379;101,483;101,814;101,229;101,333;101,229;101,243;101,34;101,254;101,265;101,705;101,39;101,489;101,398;101,323;101,373;101,279;101,023;100,841;101,057;101,005;101,096;100,631;100,753;101,167;101,181;101,087;101,111;100,839;100,882;100,981;101,21;101,048;100,715;100,71;101,546;101,418;101,194;101,335;101,278;101,192;101,342;100,91;101,075;101,122;101,311;101,02;100,976;100,982;101,076;101,229;101,237;101,336;101,261;101,195;100,989;101,467;101,224;101,252;101,266;101,566;101,4;101,267;101,26;101,314;101,266;101,282;101,506;101,541;101,412;101,456;101,331;101,535;101,393;101,762;101,684;101,799;101,78;101,813;102,012;101,969;101,591;102,149;101,598;101,664;101,776;101,804;101,924;101,431;101,94;101,999;102,296;101,961;102,231;102,411;102,009;102,11;101,968;102,005;102,101;102,301;102,442;101,937;102,499;102,311;102,015;102,381;102,06;102,431;102,152;102,408;102,391;102,146;102,472;102,471;102,558;102,687;102,677
F05;B4;;3;255,956;203,623;177,999;177,517;159,945;158,077;157,106;155,214;156,033;151,61;151,801;145,54;149,22;140,327;148,887;138,478;142,348;144,463;142,729;141,958;136,962;143,554;143,372;137,09;141,494;137,096;134,425;135,679;137,148;136,621;138,955;140,914;141,768;147,626;137,803;134,068;144,672;136,243;134,057;143,256;144,842;142,914;137,653;137,918;142,858;136,888;142,084;134,489;133,131;140,226;134,83;132,724;137,495;134,529;143,541;141,816;134,691;128,637;141,874;135,23;136,575;143,451;135,474;137,05;139,851;139,059;136,361;138,73;141,266;133,527;134,54;139,12;134,167;133,766;133,826;141,406;138,746;132,345;139,458;135,653;136,247;140,065;134,508;138,106;132,454;140,654;140,855;138,65;131,69;140,79;132,872;137,269;141,226;138,498;133,968;138,03;131,838;140,057;132,613;137,455;135,364;130,904;131,646;138,085;137,505;135,6;135,094;135,543;134,145;137,885;131,847;128,996;136,043;134,807;135,805;135,058;137,959;133,562;129,741;129,168;134,352;133,992;131,745;134,111;134,947;133,483;132,807;129,693;127,919;129,35;132,99;132,297;129,15;128,85;133,559;129,949;127,387;132,282;129,407;129,809;130,627;130,418;133,38;125,788;131,396;128,521;128,907
F06;X4;;3;93,072;93,969;94,045;94,208;94,196;94,244;94,506;94,399;94,636;94,35;94,616;94,416;94,563;94,924;94,808;94,892;94,9;94,767;94,814;94,903;94,685;94,882;95,169;94,83;94,552;94,902;94,902;94,826;94,764;94,763;94,561;95,145;95,43;95,252;95,034;95,058;95,331;95,058;95,18;94,931;95,609;95,293;95,529;95,545;95,742;96,126;95,453;95,684;95,596;96,021;95,885;95,924;96,567;96,647;96,762;96,62;97,365;97,377;97,982;98,281;98,285;98,725;98,898;99,05;99,62;99,984;100,246;100,388;101,311;101,473;101,907;102,62;102,95;103,286;103,469;104,199;105,031;105,71;106,01;106,751;107,555;108,546;108,73;109,469;110,174;111,838;112,653;113,322;114,106;115,158;116,642;117,664;119,094;120,416;121,772;123,512;125,003;126,034;127,963;129,35;131,352;132,663;135,058;136,621;138,828;141,053;142,883;144,828;147,099;149,643;151,943;153,12;155,715;158,185;160,21;162,559;164,649;164,574;167,612;168,927;170,926;172,002;173,808;175,567;177,262;178,835;180,659;183,022;185,277;188,184;191,336;193,94;196,544;199,639;202,605;204,65;207,88;209,592;211,438;214,279;216,033;217,43;219,488;221,541;223,764;225,938;227,598
F07;X4;;3;93,198;93,978;93,828;93,259;93,669;94,323;93,789;93,75;94,116;94,079;94,354;94,595;94,43;93,883;94,325;93,718;93,912;94,636;94,653;94,634;94,547;94,214;94,733;94,32;94,378;94,807;94,62;94,334;94,567;94,822;94,571;95,184;94,708;94,445;95,195;94,819;95,302;95,228;95,003;95,102;94,723;95,188;95,216;95,492;95,321;95,806;95,205;95,678;95,834;95,711;95,766;96,165;96,234;96,66;96,478;96,927;96,812;97,061;97,949;97,346;98,143;98,072;98,561;98,32;99,551;99,459;100,183;100,385;100,902;100,825;101,6;102,474;102,729;102,805;103,776;104,173;104,903;105,38;106,063;106,971;107,706;108,968;109,113;109,528;110,346;111,429;112,548;113,118;113,791;114,917;116,132;117,312;118,482;119,916;121,039;122,757;123,931;125,449;126,987;128,551;130,28;132,041;133,972;135,696;137,476;139,551;141,191;143,612;145,488;148,015;150,334;152,338;153,287;155,907;158,78;160,686;162,873;163,573;165,579;167,084;168,876;170,493;171,693;173,285;174,842;176,606;178,463;180,954;182,435;185,057;187,502;189,18;192,761;195,328;198,777;200,573;203,294;204,881;206,708;209,381;210,398;212,594;213,931;214,496;215,824;217,427;218,658
F08;X4;;3;88,468;89,249;88,735;89,052;89,318;88,867;89,229;89,193;89,621;89,654;89,548;89,014;89,642;89,331;89,479;89,479;89,381;89,509;89,422;89,606;89,613;89,479;89,537;89,717;89,424;89,593;89,871;89,81;89,584;89,876;89,815;90,235;89,815;90,185;89,758;90,2;90,307;90,262;90,228;90,377;90,336;90,552;90,068;90,315;90,217;90,729;90,407;90,485;90,607;90,911;90,795;90,245;90,753;91,371;91,537;91,793;91,893;92,039;92,587;92,505;92,566;93,167;93,355;93,175;94,245;94,497;94,489;94,994;95,687;95,8;96,087;96,425;96,596;97,4;98,039;98,263;98,634;99,445;99,729;100,538;101,241;102,009;103,124;103,124;103,423;104,593;105,674;106,372;107,2;108,242;108,948;110,367;111,641;112,836;113,833;115,124;116,787;118,019;119,333;120,9;122,53;124,292;126,042;127,395;129,653;131,66;133,096;134,922;137,012;139,45;141,734;143,873;146,171;147,673;149,996;152,763;155,15;156,118;159,076;160,475;162,917;164,275;165,389;167,451;169,054;170,557;172,202;174,182;176,052;178,336;180,943;182,733;185,556;188,527;191,367;193,757;196,367;198,813;200,378;203,624;205,063;206,753;208,684;210,845;211,967;213,205;215,493
F09;X4;;3;92,645;93,701;93,505;93,4;93,931;93,343;93,893;93,785;93,623;94,072;93,368;93,912;94,02;93,753;94,338;93,404;93,072;94,164;94,379;94,438;93,672;93,794;94,321;93,953;93,674;94,253;94,597;94,436;93,727;94,176;93,655;94,717;94,34;94,087;93,876;93,631;94,921;94,753;94,507;94,738;94,07;94,392;94,545;94,828;94,399;94,563;94,74;94,714;95,138;95,246;94,497;94,859;95,602;95,894;95,63;95,957;95,557;96,406;96,797;96,539;96,875;97,36;97,322;97,993;98,507;99,026;99,229;99,561;100,105;99,699;100,263;101,039;101,501;102,051;102,464;102,287;103,417;103,956;104,765;104,963;105,812;107,316;108,318;107,781;108,391;109,736;110,239;110,83;112,252;113,4;114,013;115,396;115,798;117,223;118,367;120,042;120,972;122,587;123,927;125,612;126,821;128,547;129,922;131,643;133,502;135,439;137,122;138,955;140,875;143,097;145,215;147,477;148,793;150,243;152,669;154,814;157,739;158,086;161,217;162,19;163,795;165,33;166,267;168,191;169,333;170,56;172,546;173,945;175,445;178,031;179,697;181,63;184,625;187,023;190,64;192,555;194,9;196,889;199,349;201,137;202,844;205,017;206,672;209,027;210,502;211,849;213,977
F10;X4;;3;97,651;98,732;98,527;98,681;98,671;98,617;99,17;99,147;98,983;99,497;99,16;99,236;99,119;99,321;99,324;99,053;99,013;99,422;99,381;99,57;99,49;99,512;99,298;99,43;99,391;99,297;99,465;99,741;99,56;99,801;99,553;100,127;99,728;100,04;99,579;99,809;100,244;100,309;99,715;99,839;100,12;100,232;100,503;100,251;100,468;100,471;100,584;100,227;100,566;100,992;100,99;100,479;100,457;101,375;101,511;101,829;101,605;102,021;102,314;102,417;102,597;103,097;103,418;103,294;103,935;104,219;104,761;104,539;105,465;105,789;106,066;106,843;107,304;107,456;108,023;108,704;109,209;109,785;110,565;111,094;111,698;113,025;113,337;113,789;114,527;115,643;116,474;117,105;117,627;118,67;119,903;121,096;122,38;123,421;124,8;126,251;127,347;128,777;130,221;131,76;133,519;135,23;137,006;138,49;140,262;142,127;143,943;145,785;147,707;150,212;152,466;154,413;155,82;157,692;160,46;162,122;164,761;165,485;167,832;169,281;170,667;172,163;173,745;175,067;176,5;177,768;179,858;181,328;183,049;184,863;187,177;188,797;191,623;194,349;197,768;199,004;202,446;203,478;205,435;207,663;209,5;211,315;212,474;213,972;215,445;216,01;217,143
C03;B1;;4;278,432;287,065;294,641;301,693;300,808;306,669;306,025;300,26;302,506;303,369;297,213;302,824;293,129;293,282;292,994;292,597;292,589;291,767;291,397;290,919;291,089;290,658;290,445;290,935;291,503;292,322;292,398;293,592;294,96;293,662;296,307;295,949;298,063;298,588;298,698;300,115;301,33;301,491;302,508;303,163;304,11;304,381;306,202;306,371;306,873;307,965;308,376;308,905;309,976;309,38;311,552;311,962;312,798;313,922;314,596;315,909;315,483;316,161;317,776;317,392;318,554;319,469;320,74;321,492;322,448;323,141;325,24;325,634;327,028;327,879;328,749;328,958;329,142;328,42;329,027;329,063;328,941;328,889;328,889;329,401;328,889;329,278;328,624;328,746;330,429;328,277;328,277;328,399;328,705;327,891;328,114;328,562;328,053;328,033;328,033;328,094;327,688;328,114;328,399;328,461;328,562;328,216;328,053;328,522;328,624;328,236;328,399;328,094;328,399;328,461;328,399;327,931;328,338;327,87;328,338;327,83;326,233;327,708;328,481;327,627;327,647;327,809;328,155;328,033;327,708;327,891;327,83;327,992;327,586;327,323;327,444;327,505;326,999;327,627;326,797;326,939;326,656;326,515;325,992;323,838;325,952;325,651;325,771;326,858;326,535;326,515;326,999
C04;B1;;4;278,415;285,614;291,459;294,964;302,043;304,25;303,509;304,685;304,75;297,606;305,14;295,982;294,502;294,252;294,366;294,728;292,606;292,277;286,082;290,909;284,611;287,175;283,358;284,694;282,497;281,744;281,583;282,519;282,263;282,199;283,283;283,295;284,218;285,515;285,111;285,886;286,774;287,379;288,143;288,058;288,676;290,028;290,332;291,033;291,316;292,932;292,429;292,943;294,281;294,315;295,708;296,644;296,725;297,858;298,463;299,612;300,437;300,495;301,676;302,137;303,469;304,177;305,616;306,094;306,247;307,246;308,383;309,384;310,507;311,001;311,985;312,376;312,175;313,512;314,82;315,881;316,142;316,969;318,659;320,134;320,632;322,439;322,621;324,453;326,445;326,127;326,916;327,531;328,225;327,71;328,111;328,599;328,129;328,128;328,128;328,196;327,789;328,216;328,501;328,562;328,664;328,318;328,155;328,624;328,726;328,338;328,501;328,196;328,501;328,562;328,501;328,033;328,44;327,972;328,44;327,932;326,335;327,81;328,583;327,729;327,749;327,911;328,257;328,135;327,81;327,993;327,932;328,094;327,688;327,424;327,546;327,607;327,101;327,729;326,899;327,04;326,758;326,616;326,093;323,938;326,053;325,752;325,873;326,959;326,637;326,616;327,101
C05;B1;;4;278,605;287,229;294,907;301,618;305,687;310,035;313,411;315,749;315,721;316,436;317,774;317,945;318,724;319,25;316,155;315,621;318,556;315,253;315,346;312,402;309,397;311,129;309,337;305,786;308,853;308,988;309,381;308,51;306,828;306,947;303,446;303,742;305,667;298,329;297,948;296,694;296,426;295,781;296,017;295,679;295,293;295,307;295,892;295,832;297,534;297,964;296,279;298,23;298,434;299,49;299,509;300,478;301,588;301,38;302,19;303,013;304,059;304,157;304,7;304,876;305,818;307,293;307,835;308,936;308,524;308,878;309,608;310,484;311,362;311,509;312,183;313,204;314,23;314,868;314,836;316,405;316,02;317,496;317,424;318,614;318,557;319,543;319,603;319,814;321,521;321,156;321,833;322,506;323,547;323,165;324,237;325,167;324,965;325,783;326,259;326,612;326,838;327,612;328,1;328,408;328,586;328,351;328,227;328,713;328,818;328,437;328,6;328,298;328,603;328,664;328,603;328,135;328,542;328,074;328,542;328,033;326,436;327,911;328,685;327,83;327,851;328,013;328,359;328,237;327,911;328,094;328,033;328,196;327,79;327,526;327,648;327,709;327,202;327,83;327;327,142;326,859;326,718;326,195;324,039;326,154;325,853;325,974;327,061;326,738;326,718;327,202
C06;X1;;4;251,431;252,908;253,722;253,885;254,296;255,769;256,471;257,699;258,487;258,496;258,198;259,818;258,83;259,844;259,561;261,071;260,676;261,2;261,341;262,299;262,696;263,925;263,487;264,289;263,405;265,265;265,685;265,629;266,829;266,448;267,271;268,651;268,79;269,288;270,839;271,008;272,113;271,47;273,593;273,414;274,043;275,158;275,405;275,545;277,213;277,714;278,065;279,145;280,122;279,657;281,79;282,795;284,379;285,864;285,952;288,477;289,699;291,167;293,002;294,474;297,146;297,904;300,242;301,599;303,647;306,037;308,799;309,786;312,478;314,207;316,448;318,822;321,863;323,508;326,605;327,986;328,796;329,107;329,182;329,704;329,199;329,588;328,933;329,056;330,74;328,586;328,586;328,709;329,015;328,199;328,423;328,872;328,362;328,342;328,342;328,403;327,996;328,423;328,709;328,77;328,872;328,525;328,362;328,831;328,933;328,545;328,709;328,403;328,709;328,77;328,709;328,24;328,647;328,179;328,647;328,138;326,54;328,016;328,79;327,935;327,956;328,118;328,464;328,342;328,016;328,199;328,138;328,301;327,895;327,631;327,753;327,813;327,307;327,935;327,105;327,246;326,964;326,822;326,299;324,143;326,259;325,958;326,078;327,166;326,843;326,822;327,307
C07;X1;;4;272,06;272,653;273,703;273,161;274,688;275,823;275,532;276,489;276,324;277,1;277,298;278,488;277,733;279,501;279,835;279,353;280,324;280,784;281,82;281,881;283,312;283,63;284,226;285,021;285,134;285,57;286,678;287,259;288,004;286,946;287,967;288,343;289,072;290,358;290,131;290,175;291,166;291,344;292,497;292,177;292,935;294,168;293,615;294,343;294,417;295,054;296,016;295,916;296,516;296,7;298,395;300,198;300,086;301,004;302,299;303,039;303,739;304,661;306,942;307,375;308,52;310,202;312,085;313,921;315,822;317,44;320,209;321,804;324,829;326,325;328,142;328,863;329,505;328,811;329,459;329,479;329,356;329,301;329,301;329,813;329,301;329,69;329,035;329,158;330,843;328,688;328,688;328,81;329,117;328,301;328,525;328,974;328,464;328,444;328,444;328,505;328,098;328,525;328,81;328,872;328,974;328,627;328,464;328,933;329,035;328,647;328,81;328,505;328,81;328,872;328,81;328,342;328,749;328,281;328,749;328,24;326,642;328,118;328,892;328,037;328,057;328,22;328,566;328,444;328,118;328,301;328,24;328,403;327,996;327,733;327,854;327,915;327,409;328,037;327,206;327,348;327,065;326,924;326,4;324,243;326,36;326,059;326,179;327,267;326,944;326,924;327,409
C08;X1;;4;271,854;272,377;273,839;273,303;274,629;275,717;276,491;278,089;277,074;278,583;278,168;279,368;279,168;280,217;280,079;281,024;280,697;281,755;282,174;282,47;283,305;283,109;284,026;284,445;285,147;285,931;286,34;287,014;287,755;288,001;288,718;287,881;289,574;289,218;290,131;290,542;290,776;291,495;293,081;292,413;293,355;293,455;294,781;294,32;295,124;295,921;296,362;296,87;297,917;297,871;299,526;300,966;301,015;303,272;304,008;306,215;306,784;308,135;309,073;310,41;312,695;313,806;315,735;317,284;319,277;320,478;322,239;323,257;325,159;326,104;327,904;328,585;329,205;328,768;329,492;329,568;329,455;329,4;329,403;329,916;329,403;329,792;329,137;329,26;330,946;328,79;328,79;328,912;329,219;328,403;328,627;329,076;328,566;328,545;328,545;328,607;328,2;328,627;328,912;328,974;329,076;328,729;328,566;329,035;329,137;328,749;328,912;328,607;328,912;328,974;328,912;328,444;328,851;328,383;328,851;328,342;326,743;328,22;328,994;328,139;328,159;328,322;328,668;328,545;328,22;328,403;328,342;328,505;328,098;327,834;327,956;328,017;327,51;328,139;327,308;327,449;327,166;327,025;326,501;324,344;326,461;326,16;326,28;327,369;327,045;327,025;327,51
C09;X1;;4;267,643;270,057;269,343;268,187;269,324;268,121;267,953;269,795;268,737;270,453;269,526;270,315;269,822;271,106;272,28;270,783;271,535;271,93;272,07;271,537;272,146;273,434;273,024;274,431;273,501;272,974;272,876;274,667;275,173;274,73;274,716;275,387;276,01;276,559;276,442;278,022;277,685;277,792;279,123;278,618;278,769;280,756;279,832;281,011;282,204;281,639;282,729;283,341;284,18;283,892;285,294;287,391;287,335;289,316;289,689;290,987;293,05;294,246;295,667;296;298,111;299,729;301,696;304,082;305,861;307,774;310,562;312,042;315,462;317,568;321,308;323,799;325,224;327,074;328,585;329,284;329,438;329,482;329,502;330,015;329,508;329,898;329,242;329,365;331,051;328,895;328,895;329,018;329,324;328,508;328,732;329,181;328,671;328,651;328,651;328,712;328,305;328,732;329,018;329,079;329,181;328,834;328,671;329,14;329,242;328,854;329,018;328,712;329,018;329,079;329,018;328,549;328,956;328,488;328,956;328,447;326,847;328,325;329,099;328,244;328,264;328,427;328,773;328,651;328,325;328,508;328,447;328,61;328,203;327,939;328,061;328,122;327,615;328,244;327,413;327,554;327,271;327,13;326,606;324,447;326,566;326,264;326,385;327,473;327,15;327,13;327,615
C10;X1;;4;247,068;248,242;249,232;249,62;250,878;251,733;253,385;253,673;253,731;255,19;255,592;256,422;256,515;257,1;257,557;258,404;258,324;259,394;260,274;260,11;260,731;261,36;260,814;261,031;262,717;262,746;263,88;263,5;264,915;264,581;265,158;265,686;265,955;266,881;266,356;266,705;267,645;268,323;268,661;268,545;269;269,938;269,456;270,493;271,267;272,115;271,658;272,11;273,106;274,403;275,77;275,914;276,974;278,274;279,19;280,861;282,379;282,637;284,349;284,188;288,197;288,387;290,572;292,367;293,976;295,863;298,014;299,507;302,196;304,054;306,587;308,662;312,026;314,335;318,221;320,88;323,936;326,277;327,993;329,648;329,505;329,99;329,338;329,467;331,154;328,997;328,997;329,12;329,426;328,61;328,834;329,283;328,773;328,752;328,752;328,814;328,406;328,834;329,12;329,181;329,283;328,936;328,773;329,242;329,344;328,956;329,12;328,814;329,12;329,181;329,12;328,651;329,058;328,589;329,058;328,549;326,949;328,427;329,201;328,345;328,366;328,528;328,875;328,752;328,427;328,61;328,549;328,712;328,305;328,041;328,163;328,223;327,716;328,345;327,514;327,656;327,373;327,231;326,707;324,548;326,667;326,365;326,486;327,575;327,251;327,231;327,716
D03;B2;;4;274,999;275,502;277,503;278,9;279,49;281,714;282,498;284,167;284,474;284,262;285,703;286,365;286,465;287,257;287,809;288,553;288,53;288,79;289,849;289,744;289,96;290,543;291,228;291,05;291,13;292,149;292,699;292,268;292,895;293,662;294,636;294,463;295,018;295,417;295,338;295,97;296,544;296,547;297,33;297,629;297,637;298,344;299,011;298,59;299,168;298,989;299,819;298,948;299,71;298,875;300,406;300,594;300,995;302,738;302,141;303,336;303,29;303,847;303,832;304,205;305,265;305,112;305,326;305,78;306,448;306,498;306,822;307,625;308,675;308,474;308,416;309,24;309,276;309,081;309,593;310,565;310,897;311,132;311,729;312,333;312,137;312,506;312,198;312,992;313,069;313,072;313,956;313,774;314,86;314,687;315,128;316,44;316,85;316,794;317,698;318,26;318,827;320,501;321,661;322,217;322,86;323,67;324,206;325,337;325,997;326,636;326,929;327,112;327,742;328,155;328,1;327,823;328,286;327,828;328,319;327,817;326,23;327,705;328,478;327,63;327,65;327,813;328,158;328,036;327,711;327,894;327,833;327,996;327,59;327,326;327,448;327,508;327,003;327,63;326,801;326,942;326,659;326,518;325,995;323,841;325,955;325,654;325,775;326,861;326,538;326,518;327,003
D04;B2;;4;268,848;270,537;271,12;271,575;271,964;273,827;274,754;274,794;275,881;276,89;276,91;277,764;277,622;277,883;277,971;278,436;278,822;278,563;279,323;279,698;279,924;280,675;280,62;280,643;280,474;280,954;281,449;281,215;282,827;281,934;282,951;283,158;283,007;283,115;283,578;284,843;284,247;284,341;284,419;285,246;284,775;285,191;285,931;285,902;286,196;286,275;286,17;285,547;287,193;286,379;287,585;287,723;287,437;288,488;287,552;288,939;289,438;288,972;290,202;288,927;290,342;289,744;290,427;290,969;291,419;291,151;292,401;291,388;292,396;292,701;292,649;293,393;293,835;292,936;293,975;294,232;294,666;294,772;295,477;295,719;295,237;296,11;295,992;296,34;297,771;297,551;298,011;297,968;298,607;297,871;298,652;299,287;298,987;298,624;299,32;299,767;298,618;299,516;300,605;300,855;301,041;301,621;301,363;302,079;303,295;303,3;304,111;304,597;305,45;306,23;307,157;307,382;308,467;308,635;310,674;311,079;312,077;313,642;315,648;315,894;317,344;318,512;320,317;321,472;321,886;323,674;324,642;325,91;326,005;326,189;326,828;327,262;326,858;327,64;326,84;327,024;326,751;326,61;326,09;323,935;326,056;325,755;325,876;326,963;326,64;326,62;327,104
D05;B2;;4;277,816;269,804;271,708;271,823;274,373;275,623;277,108;278,647;279,003;279,734;279,415;282,956;280,604;281,154;283,4;281,641;280,89;282,154;284,782;282,523;284,169;284,256;284,147;283,659;282,511;283,09;283,326;284,753;283,608;284,201;284,386;284,532;284,493;283,545;285,674;283,666;285,253;285,89;286,008;286,013;285,855;288,675;287,643;286,691;287,13;288,994;288,534;288,118;287,341;288,379;288,578;288,955;289,251;288,818;289,88;289,932;289,857;290;289,325;289,177;291,133;290,709;291,314;290,541;291,818;291,418;291,625;290,39;291,624;292,1;292,098;293,017;292,747;292,041;293,303;292,522;293,911;293,396;294,226;294,261;293,781;295,421;295,749;295,365;297,778;295,161;296,473;297,001;297,62;296,229;297,669;298,408;298,317;297,983;298,22;299,047;299,068;299,855;299,763;299,855;301,383;301,088;301,011;302,31;302,193;302,363;303,7;303,155;304,641;303,882;303,536;303,888;305,735;304,8;306,212;305,035;305,817;305,788;307,114;307,094;307,237;307,987;307,562;308,447;308,394;309,193;308,879;309,246;308,834;309,379;310,025;310,02;309,898;310,22;310,793;311,527;310,584;311,826;312,097;312,068;312,973;314,034;314,613;316,003;316,999;317,16;319,117
D06;X2;;4;277,609;280,947;283,375;282,539;283,826;285,405;286,22;287,002;287,631;287,709;288,455;289,414;289,683;289,936;290,341;291,164;291,075;291,008;292,294;292,84;293,145;293,564;294,025;294,351;295,797;296,047;296,863;296,674;297,704;297,98;299,278;298,94;298,602;299,514;300,25;299,19;300,101;301,383;301,539;300,565;301,095;302,691;302,09;302,203;303,085;302,334;303,227;303,46;305,064;303,728;304,593;304,3;305,199;306,332;306,875;307,805;307,354;307,776;308,535;307,743;308,533;308,832;309,098;309,404;309,157;309,84;310,995;310,227;310,514;311,255;312,015;312,125;312,459;312,367;313,172;312,954;313,431;313,6;314,525;315,024;314,868;316,279;315,298;316,545;316,954;316,192;316,649;317,023;317,447;317,186;317,612;318,013;318,48;318,453;319,8;319,15;318,771;320,501;320,368;321,493;321,955;321,586;322,028;322,544;322,963;322,717;323,555;323,691;324,275;324,829;324,055;324,411;325,487;324,682;325,681;325,197;324,433;325,801;326,477;326,114;326,072;326,424;326,998;326,696;326,789;326,745;327,232;327,529;326,487;326,608;326,792;326,616;326,423;327,033;326,49;326,772;326,545;326,584;326,1;324,094;326,19;325,925;326,058;327,146;326,833;326,813;327,304
D07;X2;;4;266,517;268,148;268,608;268,215;269,049;271,348;270,326;272,687;273,801;275,155;273,958;276,52;274,726;276,591;275,269;276,357;276,359;276,853;277,464;277,845;276,994;277,677;278,926;279,494;278,08;278,546;279,605;279,663;280,516;279,942;280,893;280,737;280,857;280,676;281,4;282,534;282,044;282,383;283,109;283,31;283,527;283,139;282,664;284,91;285,575;285,804;285,953;285,57;285,297;286,014;287,664;287,147;286,917;287,489;287,045;288,619;288,452;288,982;288,834;289,098;288,282;289,401;289,171;289,769;289,822;288,738;289,367;288,832;289,577;290,398;290,146;291,647;291,16;290,291;291,006;292,502;291,582;291,811;291,831;293,295;293,461;292,974;291,997;293,077;295,385;294,431;295,276;294,59;295,674;294,797;296,404;296,21;295,656;296,669;297,865;298,226;296,432;298,162;297,79;300,039;299,544;300,359;299,484;301,151;301,202;301,255;301,181;301,413;301,727;303,289;303,467;302,926;303,502;303,575;304,337;304,874;304,32;305,122;305,953;305,719;306,115;306,277;306,08;307,395;307,12;308,336;307,507;308,1;308,322;309,025;310,7;310,164;310,488;311,261;311,13;312,699;311,918;312,755;312,597;312,95;313,858;313,591;313,811;315,98;315,312;315,714;316,847
D08;X2;;4;260,731;263,008;263,025;263,562;266,566;268,193;268,374;270,587;271,686;273,375;274,191;273,413;274,44;274,13;275,562;277,63;277,216;273,719;274,272;275,063;274,28;275,039;274,403;275,449;274,183;275,647;275,788;276,403;275,664;276,489;275,303;275,469;277,024;278,043;277,782;279,232;279,622;279,082;279,792;280,207;280,194;281,79;282,362;281,741;281,948;281,059;281,019;280,652;280,801;279,417;280,554;281,919;281,643;280,991;280,303;280,555;282,603;282,861;282,917;280,591;281,9;280,991;281,657;283,339;281,679;282,48;282,758;281,6;282,695;283,62;283,435;284,088;284,092;283,441;284,349;284,236;284,322;283,686;284,325;284,737;284,466;284,265;284,269;284,477;285,606;284,601;284,604;285,279;285,983;285,711;286,063;286,313;286,069;288,226;286,534;286,874;286,065;288,364;288,45;287,27;287,556;288,226;287,548;288,702;289,381;288,754;289,107;289,312;289,584;289,661;289,305;289,227;290,267;291,502;290,964;291,534;291,35;292,109;293,025;292,365;291,674;292,912;292,77;292,898;293,274;293,378;294,371;294,675;294,615;295,843;295,881;295,621;296,641;296,515;296,759;297,824;297,681;297,788;298,052;297,224;299,289;299,6;299,247;300,612;300,423;301,261;303,06
D09;X2;;4;263,921;264,911;265,452;266,029;266,556;269,475;271,421;271,551;273,144;276,122;277,89;275,406;275,992;277,613;275,94;277,095;277,799;276,261;277,814;275,403;278,359;277,323;277,986;277,997;278,751;275,854;278,959;278,349;279,244;278,913;280,299;280,078;280,487;280,62;280,896;279,567;280,621;281,417;281,677;281,082;281,485;282,361;282,697;282,829;282,533;283,672;282,373;282,858;283,138;282,661;284,186;283,793;282,607;284,327;284,678;284,539;284,698;285,607;285,786;284,099;285,366;285,257;284,944;285,255;286,232;285,66;286,215;286,629;286,293;286,41;285,729;286,692;286,552;286,563;286,978;286,665;286,226;286,05;286,429;288,102;287,134;287,526;286,514;288,349;288,535;287,455;287,757;288,782;288,797;287,825;288,62;288,573;288,362;289,636;289,797;290,186;288,642;290,749;290,17;289,651;290,123;290,471;290,074;291,442;290,756;291,068;291,775;291,191;291,419;291,977;292,248;292,758;294,338;293,613;293,861;293,875;293,807;295,831;295,946;294,806;294,361;295,633;296,385;296,37;296,871;296,445;297,076;298,173;297,915;297,922;297,58;298,465;298,957;298,595;298,877;299,772;299,674;299,538;300,194;300,14;300,771;299,854;301,629;302,117;302,391;302,762;303,361
D10;X2;;4;255,542;257,102;257,787;258,138;259,972;260,851;262,111;263,014;263,619;264,697;266,882;267,208;267,689;267,031;267,421;267,379;267,868;268,889;268,843;268,709;267,979;269,063;269,169;269,192;269,336;269,472;270,245;270,097;271,216;270,825;270,961;271,091;272,463;272,8;272,657;272,414;272,703;272,75;273,252;273,932;273,459;274,524;275,471;275,548;275,289;276,135;275,913;275,932;277,277;276,443;275,918;276,526;276,668;277,694;276,184;277,596;277,331;277,736;277,486;278,555;278,832;277,954;278,31;278,364;277,759;278,881;279,348;277,16;279,365;280,222;279,331;279,497;281,163;280,305;279,642;279,623;279,176;279,865;280,777;280,666;279,621;282,481;280,383;280,099;281,96;280,524;281,698;281,145;282,187;281,356;282,038;281,485;282,304;281,879;282,615;283,433;283,063;284,286;284,059;284,691;284,865;284,686;284,588;286,879;285,737;286,328;285,845;286,203;286,723;287,25;287,312;286,39;289,178;288,07;288,883;289,41;289,461;289,408;290,857;289,838;290,722;290,407;290,618;290,894;290,796;291,057;292,07;291,62;294,651;293,45;294,865;292,955;293,213;294,035;293,366;294,223;294,835;294,711;294,726;295,891;295,518;296,198;296,059;296,86;296,577;297,612;298,498
E03;B3;;4;260,385;257,114;258,354;259,149;259,633;260,908;262,244;263,953;262,968;263,72;264,728;263,971;263,863;264,287;265,215;267,608;266,75;266,338;266,62;266,093;265,354;266,16;266,061;267,237;266,703;268,384;266,746;266,12;266,842;268,007;266,684;266,85;267,291;269,225;267,253;268,499;267,825;267,98;267,42;268,513;267,84;267,938;267,333;266,611;266,223;267,735;268,263;266,866;267,248;267,356;267,407;267,945;268,783;269,111;268,707;269,697;268,391;269,809;268,394;267,762;268,908;268,541;269,695;268,574;270,48;269,291;268,328;269,868;269,568;269,935;269,477;270,063;269,809;268,744;269,798;269,818;269,932;270,201;269,657;270,371;270,553;271,045;270,174;270,034;271,407;270,027;271,227;270,338;270,86;271,499;272,14;273,035;271,722;270,779;272,132;272,521;271,967;272,121;274,005;274,737;274,151;274,158;275,099;274,202;274,919;273,977;273,9;275,091;274,321;275,789;275,541;275,841;276,706;275,478;276,535;275,887;275,86;277,192;277,609;277,616;277,197;277,505;277,334;278,151;277,823;278,631;278,533;279,269;278,746;279,043;280,065;279,225;279,838;281,602;280,156;281,463;281,988;282,857;281,853;280,924;281,531;282,507;282,915;284,847;284,742;283,629;285,566
E04;B3;;4;278,518;282,132;282,909;283,643;285,166;286,8;287,736;288,189;287,561;288,235;289,153;289,3;290,329;289,793;289,168;289,917;290,735;290,334;290,081;290,425;291,148;291,831;290,55;291,2;290,996;290,629;291,628;290,434;290,61;291,294;291,873;291,039;290,844;291,175;291,972;292,723;292,044;291,557;292,296;291,066;292,722;292,25;291,163;290,741;290,408;292,408;291,919;290,59;292,266;290,399;291,653;292,18;292,102;292,105;292,297;292,814;292,41;292,238;292,814;292,741;292,177;293,246;291,904;292,694;292,647;292,288;294,032;291,642;292,03;294,225;292,104;293,862;294,693;293,124;292,835;291,747;293,088;293,33;292,898;293,591;292,585;293,205;295,578;293,584;294,786;293,668;293,731;294,596;295,24;294,373;294,617;293,963;293,75;294,159;295,49;295,358;294,184;295,879;295,994;295,049;295,806;295,865;295,748;295,706;297,075;297,024;296,918;295,404;296,511;297,299;296,517;296,439;298,274;297,192;298,08;297,717;297,864;298,318;299,058;298,175;299,779;299,169;299,172;300,602;299,306;298,494;297,914;299,523;299,06;299,921;300,318;301,768;300,306;301,791;300,994;301,125;302,14;301,434;301,461;300,938;302,073;301,361;302,278;302,857;303,431;303,56;304,583
E05;B3;;4;278,61;287,255;294,984;302,447;308,562;313,087;316,209;318,97;320,244;322,212;323,017;324,396;324,456;325,213;325,619;326,081;326,805;326,785;327,027;327,067;327,067;327,361;327,128;327,182;327,199;327,238;327,314;327,3;327,494;327,291;327,919;327,518;327,747;327,865;327,16;327,654;327,427;327,122;327,995;327,165;327,855;327,859;327,978;328,039;328,381;329,132;328,145;328,734;328,388;328,436;328,345;328,597;327,824;328,999;328,756;328,647;329,19;327,855;329,226;327,754;328,689;328,944;328,616;328,123;329,004;328,253;328,515;326,758;327,744;328,057;329,304;328,912;327,958;325,89;329,159;326,308;328,983;327,002;328,751;328,553;325,365;323,969;327,36;326,656;328,298;324,342;325,93;326,867;324,63;325,129;326,964;327,348;322,941;326,049;323,2;326,993;325,61;323,612;326,643;325,312;325,088;324,673;322,593;323,715;326,159;324,348;327,288;326,3;325,854;323,964;322,17;324,237;325,951;327,046;323,376;325,742;320,686;325,581;324,517;322,938;321,459;321,467;321,809;323,585;326,635;325,024;322,839;324,024;320,644;323,671;321,633;321,444;321,442;319,847;319,332;319,893;320,516;319,573;317,275;314,345;321,121;318,098;317,556;315,11;315,544;315,593;314,296
E06;X3;;4;265,178;266,101;269;273,691;273,431;279,405;278,172;281,313;279,362;278,96;279,91;280,744;279,35;284,305;279,017;280,153;279,696;280,185;280,066;280,791;280,447;280,593;279,637;279,415;279,029;280,306;281,056;280,534;282,175;279,293;281,231;280,566;280,726;281,635;284,033;283,872;280,235;279,924;282,712;282,245;280,831;280,401;282,457;281,083;282,954;281,925;282,126;284,717;283,58;281,812;282,103;284,801;284,125;286,151;288,646;287,709;289,86;292,436;291,373;290,92;292,243;295,74;296,17;296,472;296,86;297,241;299,628;301,348;304,992;305,347;308,132;313,296;313,329;314,805;317,067;320,429;322,148;324,037;325,941;327,85;328,402;329,39;328,861;329,039;330,74;328,586;328,589;328,712;329,018;328,203;328,426;328,875;328,365;328,345;328,345;328,406;327,999;328,426;328,712;328,773;328,875;328,528;328,365;328,834;328,936;328,549;328,712;328,406;328,712;328,773;328,712;328,243;328,651;328,182;328,651;328,142;326,544;328,02;328,793;327,939;327,959;328,121;328,467;328,345;328,02;328,203;328,142;328,304;327,898;327,634;327,756;327,817;327,31;327,939;327,108;327,25;326,967;326,826;326,302;324,146;326,262;325,961;326,081;327,169;326,846;326,826;327,31
E07;X3;;4;262,549;264,175;265,762;267,337;269,821;271,098;271,617;272,129;272,692;274,936;275,264;275,897;275,106;275,748;276,273;276,814;279,215;277,575;278,861;279,004;278,46;279,672;279,028;278,786;278,666;278,897;280,293;280,157;280,621;278,641;280,338;280,619;280,444;280,775;282,71;282,036;280,903;281,073;283,165;283,297;282,545;283,954;284,548;283,384;283,671;287,524;286,638;286,406;287,463;288,096;289,405;289,693;289,986;292,211;291,395;294,863;296,653;296,998;298,704;298,664;300,368;300,978;304,802;306,634;308,247;308,891;310,767;311,278;313,732;317,205;319,36;321,099;323,588;324,324;325,725;327,313;328,598;328,787;329,113;329,754;329,275;329,69;329,035;329,164;330,85;328,695;328,695;328,817;329,123;328,308;328,532;328,98;328,471;328,45;328,45;328,511;328,104;328,532;328,817;328,878;328,98;328,634;328,471;328,94;329,042;328,654;328,817;328,511;328,817;328,878;328,817;328,348;328,756;328,287;328,756;328,247;326,648;328,125;328,899;328,044;328,064;328,226;328,572;328,45;328,125;328,308;328,247;328,409;328,003;327,739;327,861;327,922;327,415;328,044;327,213;327,354;327,072;326,93;326,407;324,25;326,367;326,065;326,186;327,274;326,951;326,93;327,415
E08;X3;;4;256,835;258,416;260,533;263,281;264,092;265,385;264,509;267,286;268,51;269,05;268,834;269,75;269,952;267,936;270,126;270,019;269,118;270,164;270,963;270,892;269,164;269,636;270,692;271,058;269,938;270,858;271,526;270,808;271,986;271,68;271,716;272,813;271,409;272,413;271,622;273,205;273,214;273,33;272,651;274,257;274,365;273,953;275,145;274,838;276,18;275,947;275,989;276,386;278,032;277,515;278,783;280,087;279,937;280,757;282,219;284,16;283,698;285,541;286,284;287,365;288,945;290,37;292,365;292,769;294,164;295,25;296,861;296,816;299,81;301,099;303,679;307,299;307,94;309,558;312,589;314,695;317,941;319,719;323,122;324,561;326,261;327,741;328,413;328,726;330,74;328,76;328,787;328,912;329,219;328,403;328,627;329,082;328,572;328,552;328,552;328,613;328,206;328,634;328,919;328,98;329,082;328,735;328,572;329,042;329,144;328,756;328,919;328,613;328,919;328,98;328,919;328,45;328,858;328,389;328,858;328,349;326,749;328,227;329,001;328,145;328,166;328,328;328,674;328,552;328,227;328,41;328,349;328,511;328,105;327,841;327,963;328,023;327,517;328,145;327,314;327,456;327,173;327,032;326,508;324,35;326,468;326,166;326,287;327,375;327,052;327,032;327,517
E09;X3;;4;257,184;258,876;261,428;261,183;264,886;266,748;268,75;271,656;269,346;270,363;271,792;273,793;271,284;272,252;272,098;273,652;273,599;275,083;274,073;275,707;274,103;276,022;273,784;275,793;273,904;275,742;276,27;274,097;275,618;275,428;277,013;278,015;278,038;277,941;277,408;279,216;277,789;278,323;278,069;278,732;278,693;279,232;281,202;280,449;280,05;282,433;281,592;281,185;283,422;281,878;282,818;285,081;284,184;286,642;285,929;288,642;289,877;288,969;290,71;291,268;294,302;294,017;294,997;296,093;297,464;298,266;301,1;303,992;305,279;306,452;307,594;312,339;312,323;312,785;315,413;317,282;321,024;323,211;324,476;326,91;328,072;329,014;328,476;329,026;330,936;328,876;328,889;329,018;329,324;328,508;328,735;329,184;328,674;328,654;328,654;328,715;328,308;328,735;329,021;329,082;329,184;328,837;328,674;329,144;329,246;328,858;329,021;328,715;329,021;329,082;329,021;328,552;328,96;328,491;328,96;328,45;326,851;328,328;329,103;328,247;328,267;328,43;328,776;328,654;328,328;328,511;328,45;328,613;328,206;327,942;328,064;328,125;327,618;328,247;327,416;327,557;327,274;327,133;326,609;324,451;326,569;326,267;326,388;327,477;327,153;327,133;327,618
E10;X3;;4;275,992;277,989;281,503;283,683;289,693;289,426;293,404;293,971;294,564;294,762;295,619;299,427;298,539;301,403;303,081;302,606;299,651;303,511;300,535;301,397;299,724;302,647;300,507;302,979;299,654;302,829;299,615;299,249;304,008;299,533;298,874;299,767;300,18;298,985;298,701;300,367;299,96;298,296;298,873;300,014;300,944;300,836;301,131;302,025;300,539;302,261;301,823;301,199;303,33;301,688;303,465;305,166;304,199;304,94;305,805;307,129;307,948;307,314;308,941;308,667;310,81;312,248;313,061;313,529;316,119;317,031;318,584;319,456;320,505;322,812;324,626;325,215;327,483;327,051;328,319;329,169;329,435;329,475;329,555;330,104;329,607;330;329,351;329,467;331,161;329,004;329,004;329,126;329,433;328,616;328,841;329,29;328,779;328,759;328,759;328,82;328,413;328,841;329,126;329,188;329,29;328,943;328,779;329,249;329,351;328,963;329,126;328,82;329,126;329,188;329,126;328,657;329,065;328,596;329,065;328,555;326,955;328,433;329,208;328,352;328,372;328,535;328,881;328,759;328,433;328,616;328,555;328,718;328,311;328,047;328,169;328,23;327,723;328,352;327,521;327,662;327,379;327,238;326,714;324,554;326,673;326,372;326,492;327,581;327,258;327,238;327,723
F03;B4;;4;265,703;266,987;270,007;273,418;275,244;279,082;277,893;280,094;280,737;280,982;280,573;282,839;282,555;283,579;281,477;283,775;282,463;283,731;284,406;283,714;282,951;283,997;283,711;285,617;283,257;282,904;284,614;284,121;283,509;284,312;284,517;283,44;284,7;284,044;285,078;283,784;285,417;283,994;284,458;283,385;283,888;284,259;284,265;283,342;284,766;285;284,42;283,536;284,008;282,329;284,533;284,287;283,589;283,777;283,931;285,265;283,781;284,011;285,008;284,566;284,411;284,424;284,215;284,137;283,87;284,569;284,95;284,544;285,458;284,233;284,749;284,577;285,586;283,786;284,299;283,696;284,134;283,893;284,13;285,097;285,283;283,843;283,338;284,458;285,305;285,249;283,792;284,717;285,012;283,429;284,154;284,029;284,673;284,967;284,501;285,934;285,718;285,449;285,394;285,964;286,128;286,806;285,018;284,622;285,625;285,811;284,806;285,431;285,125;286,484;285,832;284,561;285,427;284,59;285,969;284,643;285,126;286,264;287,376;285,271;284,885;285,584;286,22;285,854;285,506;286,141;286,393;286,43;286,161;285,691;285,843;286,267;287,74;287,02;286,457;286,446;286,483;287,458;286,25;286,943;286,408;286,3;287,202;287,704;287,208;286,759;288,464
F04;B4;;4;278,521;286,72;292,958;296,578;300,413;301,405;303,667;302,942;305,141;305,675;305,644;307,863;306,764;308,274;307,04;308,562;307,269;307,266;308,567;308,026;307,548;307,948;308,649;308,235;306,928;307,664;308,745;308,697;308,368;309,06;309,463;307,252;308,132;310,101;310,167;308,684;309,324;308,433;310,215;309,166;309,879;309,9;308,791;309,335;308,494;309,35;307,786;307,802;308,568;307,89;309,162;307,613;309,226;308,91;308,482;309,744;309,829;308,949;308,634;308,812;309,552;308,66;308,627;309,572;308,897;310,496;309,258;308,422;308,807;309,935;309,222;310,194;309,526;309,271;308,205;308,393;309,29;309,433;309,192;309,703;307,967;310,828;310,44;310,158;309,922;308,666;309,16;308,775;310,422;308,986;309,368;309,774;310,171;309,872;310,204;309,102;309,254;310,537;310,094;310,362;310,945;310,325;310,703;310,528;310,549;310,291;311,228;310,939;311,649;312,076;311,238;309,885;309,829;310,852;310,654;311,361;310,175;311,059;311,46;310,617;310,4;312,064;311,056;310,825;311,246;311,308;311,506;312,078;310,622;312,152;311,3;311,132;311,113;312,189;311,939;311,769;311,686;312,206;311,516;309,72;310,658;310,652;312,6;311,731;312,238;311,28;312,767
F05;B4;;4;278,613;287,258;294,987;302,45;308,547;312,776;316,114;318,07;318,737;321,705;320,396;324,325;323,472;318,869;324,681;321,574;324,708;324,008;322,461;324,943;324,337;322,089;321,645;324,9;321,121;323,553;319,287;322,226;322,957;323,422;318,42;320,745;323,671;322,649;320,774;322,66;320,583;318,347;320,784;324,688;322,361;325,88;322,032;326,178;325,205;322,294;325,518;321,338;325,493;323,57;323,459;322,388;321,885;322,289;320,496;324,155;318,627;322,954;321,433;320,098;324,682;322,098;322,807;322,748;324,239;320,712;323,523;322,522;323,529;322,45;318,224;323,922;319,455;322,126;322,047;324,42;321,502;320,76;323,777;324,195;322,552;322,455;322,973;324,002;322,259;321,646;323,388;320,046;321,463;320,4;323,517;321,876;318,995;321,699;321,292;322,17;325,755;324,431;323,288;324,832;320,642;323,894;323,904;320,57;324,767;322,385;326,035;323,859;322,328;324,487;322,887;321,271;324,501;322,045;323,445;323,118;322,489;322,624;320,839;322,187;323,736;321,066;325,749;322,754;322,749;325,306;324,776;320,68;320,903;326,097;322,365;324,976;323,597;325,071;323,953;323,383;322,119;322,49;320,161;319,894;318,558;320,629;321,785;322,023;317,925;322,614;321,019
F06;X4;;4;274,587;275,859;279,46;280,895;283,424;285,584;287,229;288,895;288,269;289,093;290,175;290,644;289,807;290,017;291,489;291,856;291,369;293,111;292,758;293,165;292,729;291,031;292,741;291,796;291,995;291,353;292,444;292,547;291,61;292,984;293,238;292,636;293,036;292,925;293,137;293,868;293,136;293,502;295,383;295,65;294,643;296,187;294,657;295,438;296,932;296,867;296,368;296,554;296,236;297,651;298,965;296,41;297,634;299,118;299,043;301,885;301,687;302,064;303,948;302,495;304,86;304,822;305,188;305,889;308,369;307,042;308,921;309,447;310,408;313,943;314,58;315,561;316,516;316,73;318,063;319,364;322,21;321,943;323,349;326,191;326,004;327,583;327,524;328,282;330,337;328,3;328,471;328,636;329,005;328,196;328,426;328,878;328,365;328,348;328,348;328,409;328,003;328,43;328,715;328,776;328,878;328,532;328,369;328,838;328,94;328,552;328,715;328,409;328,715;328,776;328,715;328,247;328,654;328,186;328,654;328,145;326,547;328,023;328,797;327,942;327,962;328,125;328,471;328,348;328,023;328,206;328,145;328,308;327,901;327,638;327,759;327,82;327,314;327,942;327,112;327,253;326,97;326,829;326,306;324,149;326,265;325,964;326,085;327,172;326,849;326,829;327,314
F07;X4;;4;272,808;275,042;276,455;277,023;278,616;281,698;283,28;286,389;284,91;287,635;288,257;289,044;289,699;287,697;289,807;289,92;289,806;293,853;292,667;291,171;292,232;291,254;293,92;292,72;292,342;292,119;293,842;293,484;294,806;294,756;294,262;293,283;293,725;292,242;293,799;293,887;293,571;294,723;295,642;293,838;297,529;296,495;296,638;297,141;297,906;299,391;297,746;298,546;299,456;299,052;300,95;300,416;300,847;299,626;303,099;304,668;302,657;305,594;305,211;305,487;305,917;306,934;308,946;309,76;311,147;310,321;312,457;313,778;315,145;315,289;317,597;317,947;318,656;318,454;322,024;322,232;324,968;325,744;326,393;327,692;327,947;328,714;328,485;328,878;330,618;328,629;328,655;328,794;329,114;328,304;328,528;328,977;328,471;328,45;328,45;328,511;328,104;328,532;328,817;328,878;328,98;328,634;328,471;328,94;329,042;328,654;328,817;328,511;328,817;328,878;328,817;328,348;328,756;328,287;328,756;328,247;326,648;328,125;328,899;328,044;328,064;328,226;328,572;328,45;328,125;328,308;328,247;328,409;328,003;327,739;327,861;327,922;327,415;328,044;327,213;327,354;327,072;326,93;326,407;324,25;326,367;326,065;326,186;327,274;326,951;326,93;327,415
F08;X4;;4;262,95;265,21;269,018;270,588;273,678;275,629;278,333;277,591;280,228;281,911;280,696;282,543;281,266;283,335;283,85;284,307;282,332;284,319;283,349;283,891;283,639;285,176;284,645;283,819;283,988;284,093;284,683;285,35;284,316;285,711;285,587;285,362;284,897;285,367;285,491;285,679;284,043;283,545;286,763;284,395;287,609;286,721;287,2;287,759;287,449;289,08;287,851;286,176;288,393;287,152;290,302;290,309;289,752;290,72;290,486;293,286;293,516;292,696;293,586;294,409;293,805;296,573;297,74;297,468;299,427;299,475;299,928;300,887;301,948;304,447;304,844;305,906;308,269;308,738;311,405;311,679;313,612;316,488;316,271;319,24;319,798;322,561;323,855;324,348;326,981;326,693;327,537;328,001;328,781;328,196;328,525;329,043;328,556;328,549;328,549;328,616;328,209;328,637;328,922;328,984;329,086;328,739;328,576;329,045;329,147;328,759;328,922;328,616;328,922;328,984;328,922;328,454;328,861;328,392;328,861;328,352;326,753;328,23;329,004;328,149;328,169;328,331;328,678;328,555;328,23;328,413;328,352;328,515;328,108;327,844;327,966;328,027;327,52;328,149;327,318;327,459;327,176;327,035;326,511;324,353;326,471;326,17;326,29;327,378;327,055;327,035;327,52
F09;X4;;4;273,137;276,1;278,215;280,311;283,4;286,32;287,41;288,122;288,865;288,319;289,754;289,589;291,174;291,72;290,625;292,672;292,694;291,538;291,367;292,34;293,174;292,24;292,731;294,082;290,838;293,561;291,988;293,438;292,898;293,285;294,426;293,807;292,058;294,691;294,359;293,231;292,693;295,313;294,552;293,307;295,102;295,55;296,089;295,254;295,022;297,625;297,07;294,658;295,705;295,868;295,392;296,618;296,926;298,818;298,845;299,549;301,001;300,188;302,296;302,107;305,179;304,641;304,934;305,645;305,953;307,747;307,928;310,619;309,699;312,937;314,061;314,561;316,42;317,859;316,965;319,967;322,349;323,165;323,148;325,766;326,643;328,038;328,222;328,535;330,396;328,662;328,728;328,912;329,301;328,505;328,735;329,184;328,678;328,657;328,657;328,718;328,311;328,739;329,024;329,086;329,188;328,841;328,678;329,147;329,249;328,861;329,024;328,718;329,024;329,086;329,024;328,555;328,963;328,494;328,963;328,454;326,854;328,332;329,106;328,25;328,271;328,433;328,779;328,657;328,332;328,515;328,454;328,616;328,21;327,946;328,067;328,128;327,621;328,25;327,419;327,561;327,278;327,136;326,612;324,454;326,572;326,271;326,391;327,48;327,157;327,136;327,621
F10;X4;;4;278,722;285,72;288,427;290,908;293,019;294,543;294,451;296,03;297,452;297,522;297,959;298,804;300,432;300,599;299,848;300,726;300,393;301,232;301,723;301,43;301,116;301,68;301,624;302,37;302,34;301,436;302,18;302,256;303,372;302,321;303,61;301,646;303,321;303,86;302,428;303,161;304,001;303,512;302,827;304,022;304,579;305,12;305,857;306,091;305,676;306,548;305,409;306,245;306,798;306,133;307,5;307,844;308,722;309,411;309,43;310,708;310,812;310,874;311,276;311,755;313,058;314,228;315,478;315,243;317,409;316,794;318,931;318,698;320,773;321,355;321,665;323,572;324,808;325,044;326,005;327,116;328,051;328,372;328,813;329,487;329,35;329,881;329,19;329,415;331,131;329;329;329,126;329,43;328,613;328,841;329,29;328,779;328,759;328,759;328,82;328,413;328,841;329,126;329,188;329,29;328,943;328,779;329,249;329,351;328,963;329,126;328,82;329,126;329,188;329,126;328,657;329,065;328,596;329,065;328,555;326,955;328,433;329,208;328,352;328,372;328,535;328,881;328,759;328,433;328,616;328,555;328,718;328,311;328,047;328,169;328,23;327,723;328,352;327,521;327,662;327,379;327,238;326,714;324,554;326,673;326,372;326,492;327,581;327,258;327,238;327,723
C06;X1;;Blanked.1;-19,748;-7,234;-6,759;-6,291;-5,742;-5,465;-5,431;-4,914;-4,257;-3,911;-3,676;-3,737;-3,4;-3,338;-2,752;-3,115;-2,439;-2,328;-2,144;-2,171;-2,192;-2,167;-1,641;-1,64;-1,401;-1,547;-1,565;-1,252;-1,326;-1,137;-0,927;-1,015;-0,994;-1,029;-0,901;-0,903;-0,881;-0,839;-0,861;-0,828;-0,827;-0,795;-0,847;-0,811;-0,802;-0,801;-0,802;-0,787;-0,777;-0,774;-0,782;-0,763;-0,72;-0,728;-0,672;-0,674;-0,643;-0,585;-0,561;-0,548;-0,52;-0,462;-0,437;-0,402;-0,371;-0,34;-0,296;-0,284;-0,224;-0,192;-0,161;-0,112;-0,09;-0,03;0,043;0,135;0,235;0,345;0,467;0,591;0,732;0,829;0,996;1,184;1,427;1,694;1,849;2,162;2,445;3,124;3,808;4,248;4,578;5,557;5,995;6,279;6,553;7,003;7,437;7,93;8,205;8,842;9,733;10,94;12,267;12,889;13,498;14,196;14,362;15,187;14,968;15,376;15,153;15,69;15,721;15,96;15,807;16,249;16,939;16,836;16,028;16,04;15,693;15,68;15,356;15,482;15,522;15,761;15,953;15,831;15,956;15,915;15,645;15,983;15,917;15,9;16,725;16,098;17,297;16,527;16,944;16,927;18,135;17,241;17,512;19,657;18,898
C07;X1;;Blanked.1;-18,917;-6,492;-6,01;-5,542;-5,009;-4,72;-4,674;-4,184;-3,439;-3,138;-2,878;-2,928;-2,584;-2,511;-1,946;-2,301;-1,618;-1,481;-1,308;-1,324;-1,335;-1,287;-0,778;-0,799;-0,514;-0,635;-0,658;-0,381;-0,462;-0,263;-0,082;-0,151;-0,163;-0,13;-0,02;-0,038;-0,022;-0,011;-0,032;-0,005;0,008;0,015;-0,028;-0,03;0,004;-0,026;0,007;-0,022;-0,026;0;-0,026;-0,019;-0,002;0,007;-0,01;0,001;0,005;0,031;0,061;0,061;0,069;0,115;0,12;0,173;0,193;0,247;0,268;0,324;0,389;0,446;0,524;0,591;0,662;0,741;0,828;0,937;1,04;1,185;1,33;1,491;1,781;2,104;2,235;2,645;2,818;3,125;3,199;3,921;4,737;4,877;5,503;5,89;6,524;6,505;6,685;6,877;7,168;7,591;8,012;8,378;8,833;9,085;9,161;9,688;10,252;11,017;12,181;13,71;14,723;14,467;15,073;15,008;15,288;15,358;15,324;15,615;15,908;15,716;16,357;16,239;15,808;15,629;15,127;14,37;14,128;14,042;14,034;14,216;14,482;14,571;14,622;14,775;14,744;14,807;14,715;14,754;15,184;14,893;15,297;15,291;16,146;17,162;17,602;18,455;17,626;17,543;17,595
C08;X1;;Blanked.1;-18,846;-6,534;-6,048;-5,571;-5,031;-4,745;-4,696;-4,21;-3,509;-3,199;-2,955;-2,987;-2,665;-2,595;-2,024;-2,363;-1,683;-1,582;-1,409;-1,436;-1,44;-1,395;-0,869;-0,9;-0,628;-0,772;-0,779;-0,482;-0,544;-0,374;-0,2;-0,246;-0,241;-0,232;-0,105;-0,14;-0,127;-0,106;-0,1;-0,097;-0,091;-0,086;-0,127;-0,108;-0,108;-0,102;-0,106;-0,081;-0,109;-0,066;-0,063;-0,061;-0,058;-0,036;-0,01;0,011;0,022;0,06;0,065;0,078;0,082;0,165;0,189;0,232;0,24;0,297;0,301;0,317;0,333;0,376;0,386;0,429;0,467;0,501;0,564;0,614;0,68;0,793;0,898;1,006;1,092;1,172;1,336;1,507;1,637;1,733;2,013;2,257;2,435;2,657;2,825;3,062;3,382;3,835;4,467;5,233;5,561;5,601;5,896;6,13;6,421;6,936;7,493;8,245;9,175;9,856;10,77;11,059;11,66;11,904;11,894;12,16;12,067;12,251;12,524;12,489;12,75;12,625;12,573;13,018;12,743;13,077;13,062;13,237;13,474;13,448;13,814;13,901;14,141;14,624;14,97;15,463;15,684;15,895;16,153;16,084;16,231;16,775;16,457;17,296;17,028;17,384;17,263;17,506;17,777;17,976;18,387
C09;X1;;Blanked.1;-17,083;-6,722;-6,19;-5,607;-5,257;-4,937;-5,004;-4,517;-3,816;-3,481;-3,273;-3,391;-2,979;-2,907;-2,333;-2,708;-2,035;-1,893;-1,762;-1,802;-1,809;-1,768;-1,304;-1,303;-1,063;-1,197;-1,237;-0,96;-1,035;-0,872;-0,662;-0,74;-0,798;-0,734;-0,675;-0,651;-0,631;-0,629;-0,615;-0,631;-0,647;-0,621;-0,686;-0,64;-0,621;-0,63;-0,617;-0,622;-0,639;-0,619;-0,63;-0,582;-0,618;-0,593;-0,547;-0,536;-0,518;-0,473;-0,482;-0,462;-0,464;-0,392;-0,371;-0,316;-0,262;-0,234;-0,197;-0,142;-0,106;-0,05;-0,03;0,01;0,114;0,148;0,244;0,33;0,387;0,529;0,585;0,664;0,778;0,888;0,976;1,148;1,223;1,257;1,497;1,596;1,716;1,868;2,03;2,198;2,13;2,304;2,347;2,56;2,397;2,711;3,055;3,524;4,413;5,089;5,456;6,621;7,018;7,278;7,96;8,355;8,774;9,148;9,359;9,489;9,793;9,923;10,126;10,002;10,151;10,524;10,704;11,235;11,314;11,546;11,898;12,277;12,554;12,805;12,925;13,15;13,422;14,01;14,121;13,93;14,265;14,801;14,712;15,602;15,335;16,17;16,496;16,324;16,954;16,809;17,58;17,777;17,868;18,136;18,869
C10;X1;;Blanked.1;-19,845;-7,437;-6,919;-6,479;-5,949;-5,648;-5,598;-5,092;-4,391;-4,078;-3,821;-3,872;-3,513;-3,465;-2,856;-3,242;-2,563;-2,429;-2,262;-2,279;-2,339;-2,259;-1,759;-1,745;-1,476;-1,599;-1,64;-1,363;-1,437;-1,245;-1,091;-1,143;-1,171;-1,147;-1,032;-1,044;-1,035;-1,025;-1,034;-1,034;-1,024;-1,025;-1,054;-1,021;-1,026;-1,072;-1,026;-1,041;-1,04;-1,008;-1,039;-1,033;-1,016;-1,018;-0,994;-0,971;-0,946;-0,915;-0,92;-0,907;-0,882;-0,848;-0,816;-0,745;-0,773;-0,696;-0,668;-0,654;-0,617;-0,578;-0,55;-0,564;-0,489;-0,412;-0,326;-0,317;-0,279;-0,202;-0,018;0,021;0,119;0,213;0,34;0,454;0,578;0,725;0,929;1,13;1,26;1,388;1,406;1,663;1,794;1,896;2,167;2,297;2,502;2,872;3,39;4,518;4,357;4,832;5,832;5,764;6,273;7,051;7,515;7,849;8,098;8,422;8,665;8,73;8,785;8,845;9,097;9,277;9,572;9,818;10,152;10,612;10,579;10,958;11,046;11,207;11,231;11,384;11,799;12,127;12,31;13,141;13,108;13,907;14,19;14,385;14,043;14,528;14,834;15,367;15,022;15,265;15,484;15,245;15,279;15,551;15,545;16,734;16,002
D06;X2;;Blanked.1;-0,826;0,025;0,348;0,371;0,415;0,375;0,325;0,368;0,38;0,353;0,374;0,387;0,356;0,391;0,392;0,404;0,409;0,411;0,408;0,462;0,431;0,415;0,447;0,477;0,462;0,491;0,495;0,552;0,535;0,542;0,523;0,558;0,535;0,514;0,574;0,489;0,544;0,541;0,529;0,548;0,534;0,528;0,554;0,547;0,515;0,535;0,576;0,574;0,608;0,507;0,556;0,571;0,533;0,594;0,589;0,59;0,564;0,627;0,591;0,625;0,605;0,601;0,598;0,602;0,604;0,554;0,596;0,576;0,61;0,597;0,623;0,61;0,608;0,615;0,597;0,61;0,623;0,595;0,641;0,612;0,588;0,593;0,612;0,608;0,616;0,649;0,605;0,611;0,623;0,599;0,621;0,606;0,587;0,597;0,6;0,602;0,594;0,58;0,56;0,579;0,548;0,5;0,53;0,53;0,52;0,49;0,458;0,481;0,437;0,435;0,427;0,356;0,368;0,288;0,256;0,303;0,205;0,133;0,137;0,046;0,068;0,027;-0,011;-0,083;-0,16;-0,149;-0,259;-0,318;-0,303;-0,346;-0,468;-0,572;-0,625;-0,656;-0,748;-0,797;-0,812;-0,874;-0,938;-0,975;-1,082;-1,034;-1,033;-1,063;-1,106;-1,245;-1,217
D07;X2;;Blanked.1;-1,358;-0,549;-0,218;-0,176;-0,162;-0,206;-0,206;-0,162;-0,144;-0,221;-0,15;-0,185;-0,22;-0,186;-0,222;-0,186;-0,191;-0,207;-0,173;-0,162;-0,17;-0,178;-0,24;-0,201;-0,228;-0,216;-0,182;-0,158;-0,125;-0,204;-0,204;-0,166;-0,215;-0,211;-0,218;-0,176;-0,216;-0,208;-0,232;-0,176;-0,16;-0,171;-0,206;-0,168;-0,187;-0,18;-0,166;-0,138;-0,126;-0,194;-0,126;-0,137;-0,188;-0,177;-0,217;-0,178;-0,236;-0,183;-0,17;-0,202;-0,202;-0,167;-0,18;-0,194;-0,27;-0,274;-0,235;-0,23;-0,228;-0,232;-0,25;-0,247;-0,23;-0,278;-0,3;-0,251;-0,267;-0,261;-0,258;-0,271;-0,269;-0,277;-0,308;-0,281;-0,255;-0,277;-0,26;-0,27;-0,29;-0,316;-0,286;-0,356;-0,287;-0,341;-0,294;-0,322;-0,323;-0,329;-0,331;-0,336;-0,389;-0,345;-0,385;-0,412;-0,445;-0,388;-0,496;-0,449;-0,476;-0,482;-0,529;-0,551;-0,568;-0,619;-0,628;-0,669;-0,735;-0,811;-0,822;-0,867;-0,858;-0,912;-0,932;-1,023;-1,109;-1,087;-1,149;-1,194;-1,225;-1,287;-1,349;-1,424;-1,474;-1,498;-1,593;-1,685;-1,718;-1,764;-1,834;-1,894;-2,078;-1,997;-2,049;-2,116;-2,206;-2,425;-2,389
D08;X2;;Blanked.1;-1,736;-0,777;-0,499;-0,471;-0,485;-0,464;-0,483;-0,466;-0,463;-0,475;-0,504;-0,46;-0,469;-0,407;-0,475;-0,361;-0,504;-0,413;-0,523;-0,44;-0,526;-0,551;-0,557;-0,486;-0,532;-0,556;-0,549;-0,577;-0,557;-0,561;-0,581;-0,513;-0,562;-0,519;-0,526;-0,549;-0,492;-0,522;-0,49;-0,48;-0,534;-0,472;-0,476;-0,516;-0,539;-0,487;-0,493;-0,534;-0,551;-0,58;-0,578;-0,621;-0,622;-0,618;-0,616;-0,596;-0,657;-0,622;-0,651;-0,647;-0,663;-0,711;-0,694;-0,669;-0,696;-0,755;-0,697;-0,722;-0,736;-0,747;-0,781;-0,756;-0,801;-0,808;-0,778;-0,785;-0,798;-0,801;-0,778;-0,815;-0,82;-0,866;-0,828;-0,866;-0,805;-0,848;-0,871;-0,871;-0,897;-0,868;-0,917;-0,934;-0,908;-0,931;-0,895;-0,944;-0,967;-1,016;-1,014;-1,027;-1,016;-1,029;-1,066;-1,09;-1,166;-1,115;-1,18;-1,152;-1,211;-1,228;-1,249;-1,29;-1,305;-1,394;-1,393;-1,418;-1,507;-1,543;-1,62;-1,628;-1,63;-1,707;-1,708;-1,772;-1,891;-1,871;-1,924;-1,981;-2,006;-2,081;-2,109;-2,204;-2,218;-2,271;-2,409;-2,458;-2,497;-2,619;-2,681;-2,745;-2,896;-2,82;-2,899;-2,919;-2,971;-3,204;-3,199
D09;X2;;Blanked.1;-1,656;-0,658;-0,337;-0,295;-0,29;-0,315;-0,354;-0,282;-0,236;-0,234;-0,25;-0,305;-0,253;-0,394;-0,3;-0,286;-0,299;-0,289;-0,284;-0,251;-0,281;-0,381;-0,299;-0,345;-0,323;-0,298;-0,3;-0,358;-0,318;-0,351;-0,322;-0,254;-0,343;-0,332;-0,389;-0,291;-0,288;-0,359;-0,363;-0,326;-0,344;-0,354;-0,387;-0,378;-0,348;-0,345;-0,328;-0,372;-0,32;-0,415;-0,443;-0,43;-0,458;-0,397;-0,365;-0,428;-0,41;-0,411;-0,46;-0,423;-0,498;-0,48;-0,464;-0,474;-0,485;-0,534;-0,522;-0,501;-0,521;-0,549;-0,494;-0,508;-0,566;-0,545;-0,561;-0,581;-0,57;-0,571;-0,568;-0,634;-0,612;-0,623;-0,607;-0,61;-0,647;-0,634;-0,624;-0,634;-0,687;-0,674;-0,716;-0,71;-0,714;-0,763;-0,721;-0,769;-0,773;-0,779;-0,781;-0,856;-0,842;-0,832;-0,911;-0,945;-0,925;-0,954;-1,003;-0,994;-0,988;-1,018;-1,072;-1,076;-1,13;-1,18;-1,219;-1,194;-1,32;-1,351;-1,414;-1,428;-1,479;-1,497;-1,579;-1,598;-1,743;-1,711;-1,734;-1,768;-1,813;-1,898;-1,945;-1,997;-2,1;-2,12;-2,226;-2,304;-2,346;-2,439;-2,494;-2,576;-2,763;-2,679;-2,742;-2,801;-2,876;-3,1;-3,094
D10;X2;;Blanked.1;-1,852;-0,965;-0,589;-0,626;-0,589;-0,585;-0,621;-0,587;-0,575;-0,6;-0,598;-0,573;-0,612;-0,605;-0,569;-0,589;-0,583;-0,567;-0,598;-0,555;-0,627;-0,6;-0,596;-0,571;-0,621;-0,585;-0,601;-0,59;-0,587;-0,603;-0,613;-0,582;-0,624;-0,611;-0,598;-0,592;-0,577;-0,604;-0,618;-0,602;-0,625;-0,607;-0,611;-0,605;-0,618;-0,625;-0,575;-0,577;-0,574;-0,623;-0,621;-0,615;-0,626;-0,644;-0,645;-0,623;-0,641;-0,645;-0,7;-0,643;-0,693;-0,675;-0,694;-0,692;-0,699;-0,692;-0,707;-0,755;-0,722;-0,728;-0,695;-0,739;-0,751;-0,779;-0,782;-0,789;-0,768;-0,778;-0,792;-0,782;-0,804;-0,83;-0,825;-0,83;-0,825;-0,848;-0,838;-0,894;-0,881;-0,881;-0,887;-0,901;-0,941;-0,944;-0,918;-0,963;-0,977;-0,983;-0,981;-0,997;-1,053;-1,032;-1,046;-1,077;-1,083;-1,118;-1,16;-1,136;-1,165;-1,175;-1,223;-1,283;-1,282;-1,331;-1,387;-1,414;-1,494;-1,517;-1,591;-1,622;-1,617;-1,671;-1,727;-1,788;-1,875;-1,848;-1,947;-1,965;-2,019;-2,104;-2,152;-2,19;-2,281;-2,307;-2,409;-2,48;-2,51;-2,583;-2,667;-2,778;-2,918;-2,852;-2,912;-2,994;-3,04;-3,27;-3,235
E06;X3;;Blanked.1;-16,986;-11,873;-8,882;-8,779;-9,3;-8,541;-8,616;-8,412;-8,744;-8,695;-4,753;-5,108;-5,205;-4,651;-4,8;-5,071;-4,802;-4,842;-4,763;-4,748;-4,511;-4,998;-4,667;-4,727;-4,776;-4,642;-4,853;-4,452;-4,715;-4,574;-4,766;-4,649;-4,54;-4,332;-4,584;-4,473;-4,413;-4,258;-4,309;-4,211;-4,286;-4,07;-3,693;-4,142;-4,248;-4,137;-3,846;-4,103;-3,689;-3,726;-4,139;-3,846;-3,872;-3,92;-3,856;-3,655;-3,798;-3,648;-3,342;-3,414;-3,099;-3,288;-3,273;-2,901;-2,976;-3,033;-2,73;-2,526;-2,589;-2,571;-2,265;-2,463;-2,36;-2,256;-2,019;-1,726;-1,786;-1,874;-1,48;-1,446;-1,199;-0,813;-1,046;-0,723;-0,405;-0,443;-0,37;-0,149;-0,172;0,305;0,486;0,515;0,67;0,607;1,06;0,852;1,092;1,201;1,507;1,948;1,954;1,833;2,2;2,997;3,799;3,785;4,164;4,83;5,033;5,303;5,894;5,902;6,364;7,003;7,708;7,931;8,232;9,005;9,389;9,93;10,892;11,311;12,004;12,716;12,702;13,555;13,784;13,752;14,545;14,508;14,381;14,643;14,753;14,625;14,367;14,282;14,69;14,705;14,313;14,675;14,439;14,431;14,844;14,779;14,843;14,738;15,118
E07;X3;;Blanked.1;-16,953;-11,952;-9,042;-8,853;-9,474;-8,678;-8,766;-8,615;-8,872;-8,839;-4,991;-5,347;-5,312;-4,794;-4,956;-5,192;-4,854;-4,858;-4,816;-4,764;-4,615;-5,064;-4,654;-4,796;-4,786;-4,839;-4,941;-4,475;-4,718;-4,673;-4,795;-4,698;-4,501;-4,446;-4,607;-4,378;-4,4;-4,209;-4,246;-4,162;-4,283;-4,037;-3,66;-4,086;-4,15;-4,011;-3,78;-4,034;-3,629;-3,581;-3,958;-3,688;-3,714;-3,729;-3,674;-3,494;-3,548;-3,424;-3,032;-3,118;-2,872;-3,047;-2,969;-2,65;-2,716;-2,697;-2,344;-2,179;-2,249;-2,188;-1,886;-2,093;-2,043;-1,825;-1,624;-1,32;-1,403;-1,38;-1,048;-1,03;-0,751;-0,411;-0,693;-0,358;-0,043;-0,093;-0,183;0,025;0,068;0,607;0,733;0,728;0,868;0,745;1,172;1,029;1,302;1,437;1,822;2,27;2,296;2,109;2,466;2,99;3,206;3,242;3,565;4,84;5,332;5,714;6,193;6,195;6,643;7,266;8,054;8,263;8,732;9,532;10,049;10,59;11,532;11,882;12,53;12,989;12,886;13,644;13,636;13,443;14,066;13,799;13,545;13,264;13,34;12,971;12,725;12,297;12,723;12,335;11,881;12,135;11,849;11,888;12,308;12,277;12,306;12,09;12,553
E08;X3;;Blanked.1;-17,268;-12,194;-9,28;-9,157;-9,806;-9,028;-9,118;-8,939;-9,201;-9,176;-5,352;-5,729;-5,639;-5,148;-5,326;-5,589;-5,258;-5,254;-5,247;-5,183;-5,037;-5,446;-5,082;-5,218;-5,198;-5,211;-5,298;-4,848;-5,104;-5,029;-5,156;-5,081;-4,939;-4,837;-5,062;-4,801;-4,813;-4,667;-4,662;-4,614;-4,673;-4,464;-4,078;-4,512;-4,594;-4,453;-4,186;-4,449;-4,047;-4,009;-4,466;-4,139;-4,158;-4,183;-4,162;-3,991;-4,041;-3,925;-3,579;-3,684;-3,412;-3,578;-3,52;-3,195;-3,286;-3,248;-2,961;-2,794;-2,856;-2,829;-2,545;-2,786;-2,733;-2,517;-2,326;-2,049;-2,112;-2,101;-1,763;-1,762;-1,519;-1,214;-1,517;-1,173;-0,868;-0,906;-0,873;-0,721;-0,737;-0,235;-0,092;-0,106;0,016;-0,075;0,301;0,108;0,382;0,439;0,725;1,152;1,129;0,959;1,219;1,686;1,85;1,755;2,068;3,385;3,628;3,835;4,302;4,316;4,727;5,157;5,839;5,964;6,28;6,895;7,389;7,809;8,816;9,264;10,104;10,864;10,942;11,787;12,073;12,23;12,822;12,733;12,483;12,674;12,619;12,722;12,073;11,773;11,928;11,706;11,273;11,518;11,1;11,029;11,37;11,197;11,41;11,248;11,635
E09;X3;;Blanked.1;-17,312;-12,295;-9,332;-9,189;-9,806;-9,041;-9,124;-8,916;-9,246;-9,208;-5,313;-5,716;-5,645;-5,17;-5,345;-5,53;-5,245;-5,238;-5,227;-5,212;-5,014;-5,446;-5,062;-5,149;-5,238;-5,198;-5,308;-4,874;-5,143;-5,026;-5,179;-5,065;-4,926;-4,899;-5,02;-4,795;-4,79;-4,631;-4,649;-4,63;-4,657;-4,431;-4,071;-4,535;-4,637;-4,509;-4,259;-4,466;-4,064;-4,039;-4,486;-4,169;-4,194;-4,256;-4,142;-4,05;-4,084;-3,968;-3,615;-3,678;-3,465;-3,621;-3,556;-3,244;-3,283;-3,323;-2,994;-2,82;-2,882;-2,872;-2,585;-2,796;-2,73;-2,573;-2,359;-2,029;-2,139;-2,154;-1,855;-1,838;-1,658;-1,27;-1,576;-1,246;-0,931;-0,988;-0,948;-0,78;-0,789;-0,284;-0,184;-0,162;-0,033;-0,071;0,282;0,095;0,3;0,426;0,731;1,135;1,073;0,991;1,186;1,715;1,836;2,022;2,831;3,585;3,779;3,917;4,444;4,398;4,846;5,499;6,052;6,266;6,51;7,251;7,687;8,21;9,177;9,635;10,386;11,068;10,994;11,944;12,165;12,115;12,953;12,982;12,755;12,884;12,908;12,788;12,375;12,222;12,485;12,469;12,341;12,647;12,274;12,218;12,615;12,492;11,812;11,34;11,563
E10;X3;;Blanked.1;-16,509;-11,434;-8,499;-8,22;-8,897;-8,029;-8,028;-7,898;-8,16;-8,163;-4,235;-4,701;-4,522;-4,158;-4,215;-4,476;-4,15;-4,057;-4,1;-4,035;-3,935;-4,393;-3,908;-4,01;-4,125;-4,073;-4,29;-3,843;-4,093;-4,041;-4,219;-4,157;-3,974;-3,856;-4,089;-3,87;-3,892;-3,688;-3,758;-3,69;-3,746;-3,558;-3,226;-3,636;-3,732;-3,639;-3,358;-3,618;-3,254;-3,176;-3,605;-3,329;-3,374;-3,389;-3,388;-3,243;-3,291;-3,147;-2,825;-2,947;-2,642;-2,896;-2,805;-2,482;-2,557;-2,549;-2,268;-2,087;-2,186;-2,132;-1,84;-2,086;-1,984;-1,848;-1,6;-1,33;-1,413;-1,41;-1,052;-1,044;-0,79;-0,46;-0,667;-0,371;-0,072;-0,139;-0,091;0,15;0,081;0,581;0,762;0,748;0,92;0,887;1,244;1,128;1,381;1,7;2,38;2,929;3,065;3,026;3,348;3,923;4,059;4,061;4,348;4,958;5,187;5,431;5,92;5,837;6,269;6,904;7,643;7,721;8,052;8,747;9,258;9,703;10,645;11,015;11,768;12,503;12,413;13,276;13,41;13,42;14,157;13,947;13,866;14,119;13,74;13,672;13,482;13,529;13,872;13,576;13,191;13,569;13,047;12,763;12,641;12,391;12,31;11,959;12,33
F06;X4;;Blanked.1;-9,743;-4,707;-3,689;-3,193;-2,554;-2,373;-2,268;-2,229;-2,207;-1,996;-2,249;-1,904;-1,842;-2,077;-1,873;-1,875;-1,996;-1,836;-1,928;-1,917;-1,624;-1,864;-1,475;-1,644;-1,765;-1,805;-1,569;-1,809;-1,512;-1,635;-1,623;-1,552;-1,904;-1,697;-1,761;-1,828;-1,492;-1,57;-1,525;-1,411;-1,475;-1,704;-1,505;-1,436;-1,505;-1,469;-1,662;-1,549;-1,581;-1,625;-1,264;-1,331;-1,307;-1,521;-1,444;-1,539;-1,298;-1,499;-1,436;-1,156;-1,357;-1,116;-1,077;-1,034;-1,083;-1,214;-1,169;-1,101;-1,045;-0,997;-0,843;-0,989;-0,928;-0,903;-0,744;-0,656;-0,689;-0,316;-0,54;-0,378;-0,24;-0,26;-0,125;-0,248;0,186;0,255;0,379;0,311;0,543;0,53;0,619;0,727;0,87;1,048;1,232;1,463;1,544;1,862;1,856;2,102;2,241;2,371;2,512;2,914;3,079;3,279;3,412;3,739;3,798;4,068;4,438;4,528;4,865;5,216;5,502;5,539;5,705;6,005;6,108;6,397;6,322;6,718;6,695;6,919;7,174;7,467;7,565;7,781;8,016;8,265;8,551;8,938;9,415;9,492;10,02;10,14;10,39;10,801;11,181;11,272;11,221;11,559;11,799;11,991;12,126;12,579;12,648
F07;X4;;Blanked.1;-9,76;-4,707;-3,715;-3,258;-2,554;-2,414;-2,296;-2,28;-2,204;-2,021;-2,281;-1,865;-1,852;-2,136;-1,879;-1,966;-2,061;-1,882;-1,99;-1,989;-1,653;-1,838;-1,449;-1,635;-1,775;-1,766;-1,576;-1,816;-1,544;-1,671;-1,613;-1,625;-1,872;-1,71;-1,729;-1,792;-1,542;-1,633;-1,518;-1,417;-1,53;-1,756;-1,561;-1,463;-1,58;-1,525;-1,688;-1,579;-1,621;-1,652;-1,3;-1,381;-1,396;-1,54;-1,5;-1,576;-1,318;-1,513;-1,482;-1,189;-1,406;-1,096;-1,11;-1,087;-1,162;-1,254;-1,218;-1,187;-1,078;-1,07;-0,872;-1,015;-0,945;-0,88;-0,744;-0,662;-0,653;-0,339;-0,534;-0,378;-0,253;-0,237;-0,135;-0,205;0,226;0,284;0,405;0,295;0,556;0,493;0,54;0,71;0,83;1,002;1,144;1,394;1,459;1,763;1,741;2,009;2,136;2,269;2,4;2,835;2,993;3,128;3,314;3,62;3,651;3,917;4,261;4,433;4,708;5,023;5,281;5,349;5,495;5,796;5,963;6,21;6,148;6,535;6,484;6,725;7,003;7,27;7,27;7,515;7,688;7,875;8,154;8,489;8,901;9,053;9,552;9,741;9,864;10,238;10,668;10,646;10,624;10,978;11,152;11,332;11,39;11,734;11,763
F08;X4;;Blanked.1;-10,306;-5,211;-4,188;-3,74;-3,094;-2,892;-2,796;-2,806;-2,766;-2,582;-2,799;-2,427;-2,363;-2,629;-2,418;-2,428;-2,55;-2,412;-2,46;-2,45;-2,222;-2,388;-1,998;-2,135;-2,344;-2,319;-2,093;-2,349;-2,091;-2,158;-2,131;-2,109;-2,428;-2,274;-2,302;-2,378;-2,059;-2,123;-2,095;-1,984;-2,094;-2,209;-2,071;-2,043;-2,091;-2,02;-2,183;-2,106;-2,184;-2,235;-1,811;-1,895;-1,907;-2,097;-1,997;-2,139;-1,864;-2,046;-2,019;-1,755;-1,936;-1,663;-1,66;-1,628;-1,687;-1,851;-1,766;-1,725;-1,638;-1,628;-1,459;-1,629;-1,562;-1,562;-1,371;-1,332;-1,312;-0,949;-1,169;-1,034;-0,935;-0,936;-0,761;-0,824;-0,475;-0,446;-0,301;-0,415;-0,153;-0,257;-0,183;-0,009;0,035;0,251;0,388;0,625;0,693;0,972;0,956;1,216;1,321;1,441;1,545;2,018;2,141;2,243;2,392;2,756;2,751;3,016;3,367;3,552;3,886;4,179;4,371;4,482;4,667;5,064;5,184;5,498;5,52;5,897;5,847;6,062;6,376;6,624;6,699;6,846;7,012;7,205;7,476;7,817;8,196;8,303;8,756;9,007;9,245;9,622;10,05;10,042;10,114;10,508;10,678;10,852;10,955;11,367;11,488
F09;X4;;Blanked.1;-9,884;-4,808;-3,758;-3,309;-2,618;-2,436;-2,321;-2,293;-2,293;-2,088;-2,294;-1,949;-1,91;-2,165;-1,973;-1,953;-2,084;-1,931;-1,977;-1,983;-1,699;-1,953;-1,528;-1,677;-1,84;-1,897;-1,618;-1,92;-1,567;-1,658;-1,643;-1,605;-1,963;-1,835;-1,797;-1,893;-1,571;-1,636;-1,551;-1,496;-1,609;-1,779;-1,591;-1,538;-1,623;-1,614;-1,787;-1,625;-1,677;-1,767;-1,412;-1,473;-1,419;-1,619;-1,579;-1,655;-1,367;-1,565;-1,571;-1,278;-1,482;-1,202;-1,235;-1,196;-1,251;-1,333;-1,314;-1,21;-1,226;-1,159;-0,961;-1,121;-1,08;-1,035;-0,926;-0,814;-0,818;-0,524;-0,731;-0,559;-0,451;-0,461;-0,293;-0,343;0,035;0,053;0,202;0,121;0,362;0,316;0,339;0,504;0,531;0,732;0,891;1,092;1,196;1,504;1,432;1,713;1,804;1,881;1,983;2,44;2,575;2,681;2,804;3,16;3,139;3,434;3,725;3,894;4,258;4,497;4,664;4,722;4,943;5,253;5,352;5,672;5,645;6,048;5,968;6,18;6,432;6,683;6,659;6,807;7,042;7,127;7,381;7,68;8,078;8,188;8,677;8,84;9,029;9,406;9,752;9,909;9,884;10,27;10,456;10,666;10,837;11,269;11,354
F10;X4;;Blanked.1;-9,305;-4,192;-3,189;-2,705;-2,066;-1,892;-1,753;-1,737;-1,731;-1,531;-1,763;-1,37;-1,337;-1,571;-1,402;-1,383;-1,582;-1,398;-1,424;-1,437;-1,15;-1,373;-0,962;-1,104;-1,281;-1,282;-1,065;-1,37;-1,037;-1,117;-1,112;-1,068;-1,4;-1,218;-1,198;-1,31;-1,02;-1,067;-1,004;-0,906;-0,99;-1,202;-1,012;-0,937;-1,017;-0,965;-1,157;-1,015;-1,107;-1,138;-0,752;-0,841;-0,85;-1,017;-0,96;-1,111;-0,811;-0,995;-0,968;-0,718;-0,909;-0,641;-0,605;-0,559;-0,687;-0,75;-0,71;-0,671;-0,616;-0,565;-0,408;-0,58;-0,463;-0,455;-0,306;-0,26;-0,241;0,142;-0,069;0,077;0,189;0,208;0,329;0,226;0,63;0,684;0,813;0,699;0,953;0,885;0,957;1,134;1,199;1,367;1,508;1,785;1,83;2,148;2,115;2,358;2,471;2,604;2,713;3,162;3,273;3,394;3,514;3,886;3,877;4,143;4,497;4,614;4,977;5,249;5,459;5,47;5,709;6,028;6,176;6,45;6,378;6,741;6,685;6,879;7,128;7,411;7,441;7,604;7,75;7,914;8,164;8,518;8,845;8,951;9,372;9,606;9,788;10,143;10,508;10,587;10,562;10,9;11,048;11,293;11,305;11,642;11,678
C06;X1;;Blanked.2;-39,38;-23,239;-22,19;-21,535;-18,178;-17,361;-14,939;-15,818;-14,313;-12,578;-12,994;-12,46;-10,538;-10,343;-9,832;-9,342;-8,081;-7,905;-8,237;-7,121;-7,268;-6,828;-5,688;-5,961;-5,028;-4,908;-4,335;-4,761;-3,642;-3,556;-3,608;-3,518;-3,161;-3,059;-3,062;-3,005;-2,963;-2,75;-2,723;-2,748;-2,805;-2,624;-2,74;-2,596;-2,609;-2,67;-2,599;-2,577;-2,651;-2,527;-2,485;-2,424;-2,393;-2,343;-2,294;-2,195;-2,081;-2,006;-1,917;-1,739;-1,637;-1,544;-1,405;-1,3;-1,167;-1,123;-0,95;-0,863;-0,883;-0,634;-0,592;-0,314;-0,235;-0,005;0,246;0,576;0,804;1,213;1,616;1,994;2,455;2,891;3,422;3,942;4,797;5,477;6,324;7,347;8,362;9,829;12,02;14,288;16,643;18,371;20,143;20,71;22,324;23,166;24,608;26,26;27,476;29,471;31,959;36,243;41,031;42,774;44,743;46,877;48,211;48,651;48,931;50,186;50,778;50,955;51,454;51,903;52,185;54,295;54,401;54,603;53,618;52,79;53,348;50,47;50,488;50,416;51,537;51,741;52,247;52,177;52,274;52,437;52,208;51,175;52,629;53,278;52,909;53,998;53,39;54,364;55,532;55,475;59,898;57,281;60,554;63,147;64,338
C07;X1;;Blanked.2;-36,904;-20,7;-19,816;-19,047;-15,558;-14,836;-12,582;-13,396;-11,77;-9,907;-10,395;-9,758;-7,847;-7,594;-7,169;-6,706;-5,32;-5,145;-5,435;-4,238;-4,32;-3,995;-2,832;-3,184;-2,172;-1,97;-1,387;-1,742;-0,688;-0,63;-0,499;-0,615;-0,16;-0,231;-0,085;-0,187;-0,037;-0,064;0,106;-0,106;-0,12;0,013;-0,06;0,002;0,002;-0,081;-0,024;-0,058;-0,125;0,046;-0,093;0,004;-0,043;-0,003;-0,133;0,069;0,058;0,079;-0,011;0,17;0,329;0,336;0,371;0,599;0,578;0,794;0,993;1,105;1,199;1,42;1,677;1,798;2,114;2,435;2,816;3,164;3,554;4,013;4,436;5,048;5,753;6,524;8,138;8,832;9,472;10,654;11,879;13,37;14,246;17,56;20,075;20,7;21,276;22,516;21,568;22,228;23,488;25,244;26,225;27,825;29,241;30,08;30,018;31,492;33,924;36,903;40,378;46,689;48,333;48,779;50,241;49,364;49,277;50,827;50,958;52,643;51,116;51,572;52,136;54,094;51,461;51,123;51,697;46,753;46,61;46,126;46,142;47,175;47,998;47,931;48,453;48,369;48,83;48,427;48,615;48,701;50,094;50,369;52,05;50,616;53,789;50,051;58,035;62,025;58,465;58,222;57,451
C08;X1;;Blanked.2;-36,852;-20,885;-19,898;-19,059;-15,665;-14,929;-12,635;-13,457;-11,918;-10,084;-10,595;-9,94;-8,204;-7,838;-7,413;-6,941;-5,631;-5,344;-5,625;-4,553;-4,762;-4,224;-3,104;-3,453;-2,539;-2,239;-1,807;-2,109;-1,039;-1,027;-0,909;-0,94;-0,471;-0,497;-0,397;-0,436;-0,359;-0,337;-0,284;-0,26;-0,34;-0,207;-0,327;-0,221;-0,285;-0,388;-0,367;-0,236;-0,28;-0,214;-0,153;-0,16;-0,122;-0,152;-0,041;0,003;0,151;0,228;0,23;0,252;0,451;0,458;0,579;0,731;0,869;0,949;1,085;0,999;1,182;1,199;1,313;1,391;1,543;1,67;1,899;2,033;2,324;2,654;3,003;3,323;3,615;3,959;4,49;4,904;5,592;5,788;6,699;7,69;8,168;9,072;9,358;10,239;11,131;13,388;15,592;16,342;17,068;18,505;19,52;20,338;21,604;23,465;24,395;27,2;30,112;33,023;35,289;36,985;38,452;39,368;39,061;39,452;40,165;41,118;41,415;41,395;42,017;41,609;41,764;42,158;41,396;42,454;42,965;43,79;43,937;43,978;44,834;45,663;46,593;47,35;49,886;50,195;50,998;52,26;52,301;53,953;57,115;56,369;55,054;54,8;59,828;60,928;59,95;58,275;57,787;58,742;60,801
C09;X1;;Blanked.2;-35,267;-21,33;-20,234;-19,502;-16,205;-15,694;-13,557;-14,449;-12,955;-11,162;-11,717;-10,945;-9,285;-8,695;-8,263;-8,16;-6,926;-6,551;-6,839;-5,878;-6,025;-5,701;-4,43;-5,03;-4,013;-3,821;-3,322;-3,714;-2,704;-2,667;-2,631;-2,586;-2,2;-2,215;-2,12;-2,152;-2,13;-2,14;-1,926;-2,115;-2,1;-1,976;-2,207;-2,083;-2,012;-2,194;-2,038;-1,98;-2,167;-2,082;-1,924;-2,069;-1,912;-1,943;-1,896;-1,766;-1,646;-1,716;-1,561;-1,458;-1,291;-1,313;-1,174;-1,019;-0,833;-0,777;-0,533;-0,447;-0,378;-0,192;0,029;0,218;0,387;0,634;0,837;1,113;1,338;1,668;1,989;2,301;2,722;2,927;3,399;3,523;4,055;4,623;4,852;5,569;5,721;6,45;6,736;7,462;7,533;7,55;7,632;8,179;8,003;8,889;10,055;11,971;15,178;16,188;18,656;21,614;23,219;24,718;25,833;27,728;29,237;30,201;30,902;31,17;32,11;32,397;33,181;33,248;33,649;34,51;35,704;36,589;37,055;38,336;39,758;40,33;41,64;41,899;42,68;43,688;44,373;45,377;46,56;47,802;46,957;49,634;50,066;49,344;51,942;51,155;51,811;53,715;53,675;55,207;56,623;56,911;58,786;59,508;61,879
C10;X1;;Blanked.2;-39,938;-23,868;-22,863;-22,08;-18,675;-17,91;-15,561;-16,397;-14,816;-13,009;-13,456;-12,872;-11,009;-10,819;-10,321;-9,724;-8,457;-8,301;-8,544;-7,413;-7,58;-7,08;-5,96;-6,368;-5,471;-5,219;-4,581;-5,132;-3,987;-3,911;-3,837;-3,924;-3,473;-3,469;-3,46;-3,431;-3,448;-3,465;-3,34;-3,41;-3,396;-3,357;-3,419;-3,385;-3,416;-3,449;-3,493;-3,394;-3,499;-3,348;-3,431;-3,324;-3,276;-3,29;-3,326;-3,175;-3,182;-3,042;-2,962;-2,908;-2,86;-2,826;-2,679;-2,524;-2,452;-2,347;-2,105;-2,068;-2,107;-1,995;-1,867;-1,748;-1,602;-1,46;-0,938;-1,059;-0,822;-0,442;-0,238;0,256;0,405;0,734;1,331;1,654;2,1;2,612;3,335;3,781;4,078;4,722;4,751;5,799;6,133;6,596;7,049;7,676;8,424;9,816;11,629;13,932;14,858;16,214;18,132;18,884;21,15;23,487;24,881;26,316;27,059;27,799;28,859;28,721;29,549;29,934;29,989;30,473;31,465;32,368;33,535;34,904;34,832;35,296;36,219;36,851;37,337;37,564;38,351;39,395;41,227;42,568;44,268;45,845;46,406;47,145;48,93;47,918;49,923;49,134;49,472;50,112;49,692;51,926;51,283;50,981;53,481;52,098;52,058
D06;X2;;Blanked.2;-1,852;-0,241;1,164;1,237;1,134;1,243;1,175;1,247;1,191;1,266;1,164;1,235;1,238;1,191;1,31;1,377;1,302;1,344;1,406;1,33;1,358;1,482;1,35;1,646;1,556;1,643;1,635;1,652;1,722;1,783;1,664;1,824;1,838;1,847;1,858;1,698;1,627;1,836;1,865;1,879;1,812;1,808;1,706;1,809;1,923;1,851;1,821;1,881;1,84;1,885;1,877;1,853;1,848;1,971;1,982;2,034;1,953;1,907;1,986;2,012;1,916;1,939;1,954;2,011;1,955;1,909;1,94;1,915;2,021;1,919;1,953;1,981;1,882;2,05;1,961;2,008;2;1,934;2;1,993;1,823;2,011;2,047;1,974;2,008;1,951;1,963;1,998;2,016;2,007;1,987;1,994;1,898;1,901;1,818;1,905;2,037;1,889;1,931;1,896;1,843;1,885;1,78;1,751;1,728;1,555;1,615;1,535;1,521;1,363;1,264;1,226;1,079;0,938;0,902;0,696;0,597;0,467;0,422;0,226;0,172;-0,055;-0,238;-0,217;-0,342;-0,676;-0,807;-0,839;-0,893;-1,292;-1,903;-1,7;-2,011;-2,282;-2,609;-2,571;-3,047;-3,027;-3,187;-3,163;-3,182;-3,412;-3,532;-3,615;-3,594;-3,939;-3,956
D07;X2;;Blanked.2;-3,626;-2,195;-0,712;-0,563;-0,642;-0,636;-0,558;-0,621;-0,785;-0,675;-0,64;-0,595;-0,817;-0,626;-0,79;-0,68;-0,742;-0,658;-0,613;-0,721;-0,567;-0,613;-0,782;-0,705;-0,698;-0,692;-0,66;-0,803;-0,646;-0,793;-0,798;-0,645;-0,658;-0,639;-0,627;-0,67;-0,738;-0,61;-0,547;-0,697;-0,666;-0,684;-0,438;-0,605;-0,523;-0,536;-0,599;-0,492;-0,544;-0,438;-0,528;-0,5;-0,683;-0,58;-0,551;-0,629;-0,497;-0,67;-0,54;-0,511;-0,775;-0,69;-0,721;-0,673;-0,808;-0,794;-0,806;-0,825;-0,827;-0,925;-0,891;-0,838;-0,873;-0,746;-0,883;-0,762;-0,935;-0,974;-0,962;-0,889;-0,948;-0,956;-0,882;-0,857;-1,014;-0,845;-0,99;-0,831;-1;-0,971;-0,859;-0,961;-1,002;-1,048;-0,931;-1,033;-1,063;-1,068;-1,207;-1,07;-1,111;-1,229;-1,228;-1,292;-1,353;-1,462;-1,419;-1,645;-1,551;-1,674;-1,698;-1,815;-1,968;-2,12;-2,136;-2,234;-2,448;-2,655;-2,711;-2,932;-2,912;-3,072;-3,237;-3,437;-3,516;-3,678;-3,851;-4,005;-3,96;-4,19;-4,704;-4,585;-4,818;-5,036;-5,532;-5,345;-5,954;-5,932;-6,227;-6,229;-6,327;-6,655;-6,846;-7,002;-7,376;-7,791;-7,994
D08;X2;;Blanked.2;-4,561;-2,567;-1,576;-1,532;-1,357;-1,684;-1,47;-1,594;-1,659;-1,479;-1,771;-1,607;-1,693;-1,6;-1,484;-1,526;-1,462;-1,56;-1,644;-1,754;-1,689;-1,697;-1,784;-1,728;-1,713;-1,868;-1,975;-1,84;-1,735;-1,967;-1,877;-1,976;-1,655;-1,795;-1,671;-1,877;-1,817;-1,6;-1,607;-1,559;-1,589;-1,591;-1,676;-1,49;-1,776;-1,738;-1,846;-1,682;-1,84;-1,942;-1,9;-1,983;-2,025;-2,018;-2,182;-2,092;-2,013;-2,171;-2,093;-2,234;-2,284;-2,309;-2,253;-2,258;-2,43;-2,329;-2,375;-2,509;-2,454;-2,484;-2,44;-2,659;-2,456;-2,497;-2,585;-2,664;-2,68;-2,698;-2,695;-2,746;-2,777;-2,77;-2,896;-2,801;-2,85;-2,995;-2,971;-2,82;-2,887;-2,882;-2,978;-3,002;-3,077;-3,128;-3,123;-3,169;-3,226;-3,245;-3,261;-3,377;-3,476;-3,342;-3,593;-3,574;-3,742;-3,822;-3,843;-3,949;-4,077;-4,003;-4,19;-4,277;-4,512;-4,596;-4,61;-4,762;-4,864;-5,022;-5,328;-5,471;-5,471;-5,569;-5,806;-5,877;-6,06;-6,253;-6,373;-6,431;-6,636;-6,763;-7,227;-7,175;-7,449;-7,593;-7,907;-8,108;-8,593;-8,637;-8,822;-8,825;-9,013;-9,28;-9,509;-9,631;-9,913;-10,363;-10,535
D09;X2;;Blanked.2;-4,098;-2,558;-1,02;-1,012;-0,872;-0,948;-0,864;-0,932;-0,938;-0,964;-1,06;-0,945;-0,869;-1,083;-1,073;-0,991;-1,318;-1,06;-1,107;-1,101;-1,027;-1,065;-0,962;-1,207;-0,947;-1,213;-1,218;-1,279;-1,122;-1,209;-1,293;-1,029;-1,127;-1,05;-1,054;-1,08;-1,168;-1,066;-1,154;-1,169;-1,274;-1,233;-1,248;-1,111;-1,09;-1,233;-1,259;-1,171;-1,144;-1,259;-1,141;-1,4;-1,263;-1,292;-1,438;-1,425;-1,311;-1,442;-1,513;-1,449;-1,566;-1,503;-1,542;-1,555;-1,564;-1,774;-1,571;-1,852;-1,685;-1,939;-1,743;-1,784;-1,858;-1,835;-1,978;-1,866;-1,908;-1,956;-2,059;-2,037;-2,078;-2,252;-2,059;-2,04;-2,16;-2,102;-2,237;-2,227;-2,271;-2,221;-2,178;-2,331;-2,385;-2,418;-2,458;-2,525;-2,46;-2,604;-2,588;-2,718;-2,87;-2,779;-2,951;-2,961;-3,033;-3,167;-3,227;-3,172;-3,255;-3,326;-3,548;-3,597;-3,834;-3,924;-3,965;-4,127;-4,286;-4,483;-4,634;-4,712;-4,741;-4,975;-5,161;-5,331;-5,54;-5,573;-5,743;-5,918;-5,947;-6,225;-6,64;-6,628;-6,892;-7,079;-7,576;-7,433;-8,013;-8,139;-8,304;-8,497;-8,429;-8,905;-8,977;-9,379;-9,55;-10,007;-10,217
D10;X2;;Blanked.2;-5,069;-3,5;-1,93;-1,993;-2,044;-2,072;-1,962;-2,002;-2,075;-2,065;-2,023;-1,928;-2,008;-2,047;-2,096;-2,081;-2,083;-2,025;-1,981;-2,069;-2,02;-1,992;-2,03;-1,925;-1,923;-2,015;-2,061;-2,224;-2,014;-2,108;-2,031;-2,107;-1,967;-2,052;-1,986;-2,028;-1,958;-1,843;-1,988;-2,031;-2,078;-2,032;-1,972;-2,032;-1,954;-1,989;-2,084;-1,923;-2,005;-1,982;-2,022;-2,055;-2,061;-2,038;-2,133;-2,118;-2,158;-2,108;-2,228;-2,225;-2,383;-2,263;-2,296;-2,242;-2,222;-2,329;-2,338;-2,41;-2,484;-2,464;-2,479;-2,527;-2,571;-2,504;-2,645;-2,644;-2,68;-2,735;-2,734;-2,815;-2,721;-2,76;-2,86;-2,821;-2,763;-2,806;-2,958;-2,965;-2,923;-2,954;-2,932;-3,051;-3,087;-3,076;-3,15;-3,077;-3,107;-3,163;-3,196;-3,347;-3,403;-3,483;-3,521;-3,472;-3,729;-3,654;-3,767;-3,893;-3,873;-3,918;-4,163;-4,241;-4,334;-4,543;-4,584;-4,713;-4,874;-5,025;-5,187;-5,337;-5,434;-5,56;-5,72;-5,927;-6,097;-6,272;-6,318;-6,404;-6,58;-6,793;-7,266;-7,198;-7,443;-7,672;-8,137;-8,112;-8,626;-8,654;-8,963;-9,007;-9,107;-9,499;-9,63;-9,918;-10,1;-10,632;-10,722
E06;X3;;Blanked.2;-47,619;-35,392;-30,724;-30,063;-30,461;-30,792;-28,465;-28,898;-27,936;-28,635;-16,658;-17,03;-16,364;-16,499;-16,373;-15,948;-16,212;-15,649;-15,998;-15,028;-15,734;-15,267;-15,818;-15,052;-15,94;-15,025;-15,587;-15,428;-15,186;-15,57;-15,364;-14,597;-14,658;-14,114;-15,31;-14,755;-15,121;-13,366;-14,59;-12,964;-13,517;-13,659;-13,619;-13,705;-13,12;-13,629;-12,89;-12,677;-13,181;-12,774;-12,691;-12,368;-11,873;-12,437;-11,702;-12,35;-11,097;-11,603;-10,898;-11,024;-11,251;-10,738;-10,282;-9,771;-9,438;-8,77;-9,877;-8,889;-9,537;-8,382;-8,326;-7,543;-7,197;-6,148;-7,221;-6,059;-5,805;-4,534;-5,756;-4,971;-3,456;-2,908;-2,242;-2,062;-1,866;-1,636;0,113;-0,384;-0,465;0,967;1,341;0,562;1,844;2,906;3,19;4,451;3,791;5,307;3,798;5,138;5,667;7,899;8,179;8,782;11,538;12,742;14,193;14,932;16,143;17,166;19,698;20,126;22,036;23,051;24,978;25,715;28,355;30,766;32,554;33,055;35,641;37,292;40,119;41,532;43,705;44,663;44,818;46,491;47,165;47,767;48,912;47,816;49,31;47,775;47,654;48,661;46,911;47,902;47,312;48,081;47,104;47,658;48,805;48,76;48,885;48,566;49,194
E07;X3;;Blanked.2;-47,699;-35,497;-30,871;-30,497;-31,022;-31,647;-29,008;-29,754;-28,906;-29,514;-17,095;-17,331;-16,974;-16,913;-16,712;-16,467;-16,163;-16,147;-16,148;-15,501;-15,829;-15,385;-16,172;-15,147;-16,101;-15,1;-15,735;-15,238;-15,334;-15,967;-15,58;-14,62;-14,572;-13,976;-15,234;-14,519;-14,915;-13,232;-14,465;-12,852;-13,238;-13,281;-13,323;-13,439;-12,658;-13,325;-12,623;-12,242;-12,755;-12,26;-12,222;-11,924;-11,369;-11,761;-11,033;-11,555;-10,457;-10,874;-10,011;-10,079;-10,316;-9,747;-9,313;-8,922;-8,285;-7,783;-8,825;-7,76;-8,405;-7,203;-7,117;-6,31;-5,763;-5,066;-5,888;-4,635;-4,203;-3,109;-4,313;-3,431;-2,227;-1,576;-0,973;-1,053;-0,719;-0,614;0,735;0,228;0,322;1,862;2,105;1,255;2,407;3,438;3,734;4,872;4,527;6,126;4,804;6,129;6,662;8,679;9,019;8,627;9,766;10,593;12,737;15,525;17,097;18,073;20,761;21,135;23,194;24,611;26,225;27,07;29,88;32,686;34,565;35,234;37,864;38,777;41,365;42,489;44,1;45,054;44,279;45,245;45,359;45,66;45,537;43,872;44,99;42,545;41,232;41,76;39,881;40,136;39,116;39,479;38,865;39,357;40,428;40,547;40,15;39,955;41,055
E08;X3;;Blanked.2;-48,643;-36,552;-31,878;-31,436;-31,884;-32,74;-30,081;-30,794;-30,072;-30,45;-18,31;-18,483;-18,101;-18,144;-17,867;-17,737;-17,452;-17,432;-17,49;-16,737;-17,331;-16,784;-17,387;-16,403;-17,611;-16,597;-16,916;-16,715;-16,541;-17,273;-17,043;-15,899;-16,003;-15,28;-16,705;-15,9;-16,381;-14,622;-15,814;-14,226;-14,613;-14,885;-14,771;-14,882;-14,056;-14,827;-14,006;-13,682;-14,309;-13,692;-13,809;-13,301;-12,915;-13,341;-12,654;-13,281;-12,152;-12,52;-11,834;-11,929;-12,151;-11,551;-11,263;-10,738;-10,304;-9,736;-10,741;-9,751;-10,405;-9,344;-9,33;-8,547;-8,062;-7,305;-8,207;-6,946;-6,613;-5,579;-6,764;-5,976;-4,778;-4,151;-3,598;-3,667;-3,416;-3,181;-1,628;-2,258;-2,395;-0,938;-0,643;-1,508;-0,37;0,694;0,81;1,92;1,336;2,794;1,215;2,561;2,947;4,792;4,898;4,341;5,235;5,844;7,408;10,304;11,439;12,254;14,673;14,8;16,922;17,256;18,722;19,297;21,65;24,128;25,632;26,291;28,654;30,377;33,501;35,207;37,384;39,342;39,071;40,84;41,99;42,073;42,362;41,397;42,274;40,84;39,692;39,773;38,278;38,096;37,147;37,657;36,297;36,53;37,288;36,885;37,73;37,13;37,724
E09;X3;;Blanked.2;-48,69;-36,612;-32,03;-31,493;-32,016;-32,964;-30,09;-31,087;-30,123;-30,608;-18,2;-18,681;-18,127;-18,33;-17,773;-17,77;-17,553;-17,337;-17,398;-16,869;-17,331;-16,807;-17,315;-16,416;-17,565;-16,492;-16,981;-16,623;-16,567;-17,152;-16,957;-16,007;-15,914;-15,191;-16,616;-15,864;-16,345;-14,645;-15,785;-14,275;-14,685;-14,717;-14,821;-14,771;-14,303;-14,877;-14,198;-13,919;-14,309;-13,965;-13,805;-13,324;-12,971;-13,417;-12,736;-13,413;-12,261;-12,771;-11,9;-11,978;-12,322;-11,696;-11,257;-10,926;-10,297;-9,832;-11,025;-9,929;-10,501;-9,588;-9,495;-8,518;-8,112;-7,404;-8,356;-7,022;-6,768;-5,82;-6,837;-5,996;-5,048;-4,491;-3,842;-3,904;-3,688;-3,446;-1,898;-2,377;-2,685;-1,092;-0,88;-1,706;-0,578;0,421;0,543;1,769;1,152;2,669;1,103;2,399;2,693;4,634;4,641;4,285;5,275;6,627;9,776;10,633;11,673;12,842;14,953;15,24;17,31;17,704;19,874;20,281;22,765;25,127;26,836;27,309;30,305;31,613;34,676;35,891;38,26;39,742;39,347;41,182;41,751;42,415;43,238;42,263;43,481;41,365;41,072;41,721;39,963;41,119;40,744;41,282;40,381;40,65;41,174;41,511;39,046;37,045;37,436
E10;X3;;Blanked.2;-46,206;-34,036;-29,213;-28,55;-29,16;-29,643;-26,861;-27,278;-26,796;-26,869;-14,638;-15,054;-14,523;-14,275;-13,849;-14,064;-13,73;-13,54;-13,743;-12,801;-13,267;-13,178;-13,798;-12,951;-13,926;-12,995;-13,502;-13,085;-13,412;-14,022;-13,797;-12,689;-12,775;-11,894;-13,58;-12,721;-13,396;-11,664;-12,68;-11,279;-11,751;-11,798;-11,914;-12,028;-11,264;-12,028;-11,313;-10,903;-11,591;-10,99;-11,065;-10,707;-10,212;-10,685;-10,061;-10,68;-9,557;-10,079;-9,331;-9,482;-9,68;-9,179;-8,756;-8,351;-7,891;-7,35;-8,424;-7,384;-8,099;-7,008;-6,985;-6,264;-5,743;-4,974;-5,749;-4,602;-4,262;-2,875;-4,313;-3,427;-2,438;-1,593;-1,134;-1,245;-0,871;-0,558;1,048;0,406;0,345;1,839;2,187;1,512;2,628;3,728;4,194;5,67;4,935;7,185;6,697;8,486;9,076;11,394;11,78;11,479;12,593;13,531;14,904;15,834;16,511;17,459;19,646;20,175;22,009;22,883;24,642;25,291;27,687;30,152;31,866;32,234;34,806;36,503;39,323;40,986;42,566;43,979;43,646;45,14;45,75;46,218;46,954;46,013;45,561;44,696;44,574;45,72;44,417;44,312;43,597;43,816;42,946;42,006;41,412;40,848;40,566;39,448;39,914
F06;X4;;Blanked.2;-31,528;-14,6;-11,485;-10,478;-9,225;-7,837;-7,779;-7,19;-6,553;-7,291;-7,182;-6,728;-6,209;-5,615;-5,425;-5,406;-6,291;-5,656;-5,502;-5,485;-5,761;-5,511;-5,366;-5,574;-5,533;-5,886;-6,003;-4,916;-5,434;-5,771;-4,768;-5,534;-5,957;-5,818;-5,642;-5,166;-5,728;-4,602;-4,986;-5,667;-5,394;-5,676;-5,077;-5,964;-4,702;-5,278;-5,1;-5,324;-4,799;-5,151;-5,182;-4,395;-4,372;-4,713;-3,779;-4,333;-4,152;-4,513;-4,563;-3,711;-4,855;-3,327;-4,525;-3,103;-3,865;-3,842;-3,813;-2,819;-3,591;-3,117;-3,295;-2,334;-2,568;-3,062;-2,491;-2,322;-1,143;-0,949;-0,807;-1,267;-1,115;-0,746;-0,384;-0,393;-0,096;1,143;1,17;1,868;1,193;1,791;2,952;2,965;3,285;3,437;3,938;4,313;4,965;5,978;6,883;7,152;8,093;8,815;9,267;9,17;10,142;11,356;12,206;11,747;12,672;13,634;14,629;14,87;15,496;16,873;17,709;18,763;19,099;19,529;21,012;21,353;21,072;22,069;22,94;22,878;24,054;24,323;25,497;25,712;26,875;27,81;28,28;29,858;30,912;32,087;32,881;33,513;34,713;35,366;36,564;36,655;37,679;38,739;38,89;38,796;40,057;41,197;41,646
F07;X4;;Blanked.2;-31,503;-14,645;-11,512;-10,741;-9,296;-7,855;-7,851;-7,276;-6,694;-7,423;-7,318;-6,942;-6,446;-5,738;-5,682;-5,615;-6,458;-5,836;-5,738;-5,548;-5,8;-5,596;-5,333;-5,61;-5,592;-5,886;-6,288;-5,297;-5,496;-6,037;-4,749;-5,505;-5,95;-6,081;-5,806;-5,337;-5,712;-4,713;-5,262;-5,657;-5,538;-5,64;-5,327;-5,898;-4,788;-5,186;-5,413;-5,364;-4,892;-5,25;-5,386;-4,619;-4,388;-4,762;-3,882;-4,435;-4,284;-4,487;-4,721;-3,938;-4,937;-3,492;-4,568;-3,245;-3,987;-3,862;-3,787;-2,806;-3,717;-3,348;-3,355;-2,576;-2,628;-3,046;-2,55;-2,382;-1,315;-0,952;-0,87;-1,234;-1,003;-0,743;-0,512;-0,387;-0,02;1,253;1,031;1,868;1,229;1,692;2,909;2,965;3,117;3,135;3,714;4,165;4,659;5,781;6,591;6,885;7,734;8,377;8,859;8,893;9,668;10,807;11,728;11,441;12,011;13,016;13,846;14,393;14,976;16,192;17,153;18,043;18,366;19,091;20,341;20,847;20,398;21,471;22,174;22,3;23,169;23,555;24,676;24,825;25,978;26,812;27,175;28,464;29,252;30,792;31,348;31,985;33,277;33,895;34,687;34,901;35,498;36,607;36,916;36,533;37,307;38,144;38,443
F08;X4;;Blanked.2;-33,246;-16,355;-13,233;-12,388;-11,01;-9,428;-9,515;-9,004;-8,254;-9,032;-8,85;-8,515;-7,997;-7,448;-7,268;-7,391;-8,283;-7,442;-7,393;-7,509;-7,538;-7,414;-7,125;-7,259;-7,276;-7,576;-8,019;-6,731;-7,228;-7,723;-6,368;-7,23;-7,584;-7,661;-7,428;-7,183;-7,496;-6,484;-6,798;-7,437;-7,386;-7,56;-7;-7,625;-6,482;-7,064;-7,044;-7,19;-6,465;-7,028;-7,207;-6,32;-6,326;-6,63;-5,684;-6,333;-6,199;-6,318;-6,499;-5,735;-6,957;-5,226;-6,433;-5,097;-5,96;-5,687;-5,726;-4,883;-5,693;-5,099;-5,399;-4,38;-4,656;-5,153;-4,536;-4,462;-3,326;-3,003;-3,021;-3,483;-3,319;-2,926;-2,412;-2,42;-2,435;-1,245;-1,233;-0,618;-0,993;-0,696;0,448;0,593;0,481;0,554;1,103;1,648;2,023;3,058;3,886;4,051;4,918;5,612;6,052;6,048;6,947;8,085;8,829;8,409;9,083;10,128;10,903;11,635;12,452;13,347;14,05;15,192;15,66;16,613;18,079;18,544;18,353;19,361;20,161;20,119;21,164;21,42;22,62;22,409;23,693;24,446;24,728;26,012;26,503;28,14;28,933;29,592;31,094;31,612;32,607;32,907;33,853;34,817;35,24;35,252;36,344;37,034;37,63
F09;X4;;Blanked.2;-31,697;-14,966;-11,62;-10,798;-9,391;-7,924;-7,857;-7,451;-6,655;-7,664;-7,341;-7,01;-6,332;-5,953;-5,806;-5,775;-6,651;-5,882;-5,95;-5,974;-5,931;-5,881;-5,497;-5,781;-5,546;-6,076;-6,344;-5,297;-5,569;-6,082;-4,854;-5,918;-6,301;-6,144;-5,997;-5,609;-6,056;-5,163;-5,275;-5,87;-5,752;-5,883;-5,294;-6,234;-5,114;-5,473;-5,489;-5,766;-5,007;-5,593;-5,624;-4,735;-4,576;-4,95;-4,132;-4,867;-4,558;-4,764;-5,071;-4,14;-5,435;-3,895;-4,858;-3,49;-4,327;-4,189;-4,131;-3,311;-4,06;-3,695;-3,705;-2,754;-3,064;-3,478;-2,89;-2,827;-1,628;-1,351;-1,387;-1,69;-1,714;-1,294;-0,888;-0,851;-0,693;0,717;0,389;1,203;0,515;0,968;2,159;2,104;2,25;2,129;2,808;3,186;3,771;4,653;5,48;5,811;6,483;7,08;7,501;7,518;8,34;9,484;10,18;9,811;10,458;11,291;12,036;12,717;13,508;14,345;15,12;16,136;16,636;17,25;18,639;19,03;18,823;19,713;20,289;20,333;21,322;21,489;22,614;22,373;23,545;24,275;24,413;25,632;26,369;27,658;28,514;29,044;30,337;30,97;32,142;32,267;32,839;34,426;34,612;34,542;35,915;36,527;37,04
F10;X4;;Blanked.2;-30,076;-13,037;-9,901;-8,929;-7,587;-6,079;-6,099;-5,481;-4,897;-5,753;-5,485;-4,97;-4,621;-3,953;-3,898;-4,037;-4,672;-4,01;-3,951;-3,96;-4,098;-3,91;-3,646;-3,885;-3,846;-4,222;-4,491;-3,344;-3,798;-4,262;-3,057;-3,77;-4,231;-4,124;-4,011;-3,569;-3,947;-3,133;-3,269;-3,919;-3,766;-4,088;-3,401;-4,32;-2,961;-3,479;-3,472;-3,623;-3,022;-3,445;-3,668;-2,846;-2,72;-3,096;-2,198;-2,765;-2,666;-2,887;-3,056;-2,155;-3,346;-1,86;-2,898;-1,674;-2,414;-2,278;-2,185;-1,261;-2,139;-1,647;-1,829;-1,075;-1,091;-1,516;-0,904;-0,858;0,301;0,624;0,583;0,378;0,325;0,797;1,038;1,11;1,339;2,606;2,539;3,182;2,668;2,959;4,172;4,264;4,451;4,437;4,981;5,342;5,862;6,83;7,758;7,913;8,874;9,519;9,84;9,83;10,693;11,807;12,535;12,24;12,908;13,805;14,626;15,146;15,832;16,847;17,637;18,654;18,958;19,702;21,015;21,412;21,158;22,119;22,746;23,007;23,718;24,031;25,212;25,157;26,054;26,871;27,064;28,376;28,845;30,323;31,099;31,67;32,884;33,401;34,395;34,508;34,977;36,306;36,547;36,255;37,307;37,794;38,05
C06;X1;;Blanked.3;-83,262;-66,888;-64,639;-55,355;-49,966;-46,6;-49,462;-45,236;-39,948;-41,15;-35,093;-31,688;-32,251;-29,583;-25,774;-24,333;-23,912;-23,84;-20,668;-21,158;-18,069;-16,929;-17,585;-14,989;-15,21;-12,687;-13,295;-11,936;-10,795;-10,859;-9,204;-9,689;-9,227;-8,887;-8,798;-8,517;-8,546;-7,996;-8,03;-8,305;-7,719;-8,07;-7,742;-8,171;-7,569;-7,764;-7,716;-7,452;-7,642;-7,245;-7,252;-6,891;-7,03;-7,186;-6,37;-6,311;-5,975;-5,529;-5,569;-5,4;-4,793;-4,633;-4,125;-3,92;-3,455;-2,986;-2,934;-2,349;-1,969;-1,624;-1,416;-0,793;-0,681;0,088;0,876;1,853;2,173;3,69;4,836;5,474;7,124;8,532;9,005;11,858;14,666;15,803;18,146;21,125;23,689;30,659;36,267;41,72;50,617;53,393;56,778;60,653;63,124;66,926;70,904;75,497;78,138;83,75;92,885;107,095;120,545;126,634;129,808;134,7;140,417;141,385;143,115;143,317;143,949;147,102;149,937;149,751;151,211;149,056;153,277;156,807;149,863;151,248;146,947;141,82;145,239;145,441;148,917;147,766;150,362;149,393;149,559;151,043;150,492;149,237;146,993;151,41;152,335;154,852;155,62;156,553;158,552;160,103;168,17;161,28;175,593;179,986;173,789
C07;X1;;Blanked.3;-76,25;-60,392;-57,521;-48,22;-42,984;-39,126;-42,322;-37,67;-32,979;-33,692;-27,635;-24;-24,435;-21,833;-18,221;-16,384;-15,813;-16,015;-12,747;-13,196;-10,095;-8,908;-9,625;-6,651;-6,839;-4,571;-4,754;-3,568;-2,333;-2,613;-1,267;-1,326;-1,044;-0,843;-0,6;-0,826;-0,322;-0,101;0,111;-0,58;-0,242;-0,458;-0,175;-0,606;-0,167;-0,378;-0,393;-0,317;-0,366;0,038;-0,196;-0,154;-0,301;-0,314;0,17;0,234;0,139;0,419;-0,141;0,396;0,791;0,52;1,128;1,084;2,344;2,309;2,519;2,976;3,724;4,304;4,496;6,07;6,205;7,113;8,165;9,155;10,109;11,784;12,975;13,643;17,058;19,577;21,899;26,503;26,781;30,061;33,482;38,614;47,485;48,487;58,723;60,348;61,724;63,636;60,72;63,355;69,002;72,292;75,482;81,707;83,392;83,701;86,673;90,733;98,474;107,027;119,709;133,543;135,844;141,411;139,075;141,69;142,931;139,831;149,986;145,229;148,616;148,648;146,853;151,834;146,928;145,135;143,481;132,909;133,976;130,897;133,142;135,371;136,832;137,95;137,829;137,775;138,524;137,984;139,658;136,059;143,999;142,404;153,625;146,086;141,522;143,507;167,752;171,939;168,569;162,974;158,774
C08;X1;;Blanked.3;-76,409;-60,827;-57,68;-48,307;-43,092;-39,435;-42,474;-38,176;-33,175;-34,111;-27,972;-24,719;-25,13;-22,513;-18,948;-17,197;-16,807;-16,798;-13,392;-13,782;-10,861;-9,681;-10,529;-7,957;-7,802;-5,804;-5,831;-4,555;-3,337;-3,354;-2,307;-2,477;-1,681;-1,792;-1,236;-1,746;-1,296;-1,039;-0,99;-1,334;-0,832;-1,343;-1,1;-1,521;-0,98;-1,048;-0,997;-1,023;-1,022;-0,677;-0,693;-0,566;-0,726;-0,367;-0,024;0,01;0,067;0,436;0,522;0,854;0,787;1,041;1,853;1,79;2,268;2,858;2,641;2,897;3,588;3,353;3,789;4,258;4,105;4,834;5,41;6,216;6,318;7,778;8,842;9,386;10,537;11,813;12,701;14,351;16,045;17,256;19,698;22,053;24,435;26,169;26,283;29,711;33,237;39,425;44,007;48,456;51,433;52,397;55,761;58,104;61,502;65,238;72,257;77,74;88,191;96,51;102,222;106,284;110,957;111,83;114,051;113,554;116,045;117,821;118,86;119,835;120,353;118,495;119,696;120,149;118,369;120,939;123,369;124,481;126,628;126,521;128,687;132,538;134,417;135,896;142,499;143,13;148,057;156,133;153,555;151,423;154,742;154,319;157,241;161,668;160,157;160,335;174,959;166,121;165,013;170,493;174,068
C09;X1;;Blanked.3;-75,112;-62,154;-58,76;-49,213;-45,241;-41,639;-45,446;-40,924;-36,215;-37,187;-31,076;-27,644;-28,396;-25,853;-21,874;-20,333;-19,641;-20,246;-16,775;-17,847;-15,045;-13,571;-14,307;-11,876;-11,587;-9,923;-10,619;-8,958;-7,696;-8,074;-6,65;-7,015;-6,61;-6,481;-6,414;-6,566;-6,265;-5,847;-5,971;-6,734;-6,033;-6,328;-6,001;-6,694;-5,758;-6,277;-6,043;-6,179;-6,146;-5,804;-5,707;-5,711;-5,739;-5,547;-5,199;-5,213;-4,957;-4,811;-4,681;-4,313;-3,993;-3,689;-2,938;-3,068;-2,447;-2,091;-1,808;-1,462;-0,661;-0,791;-0,132;0,6;0,827;1,659;2,488;3,041;3,731;5,14;6,348;6,314;7,553;8,482;9,47;11,001;12,347;12,496;14,006;14,79;16,579;17,739;19,715;21,062;21,334;20,623;21,822;23,074;23,735;25,226;29,712;35,526;42,174;43,559;53,853;62,145;66,956;71,114;75,024;80,878;85,293;87,445;88,023;90,37;91,656;94,148;93,393;95,338;97,472;99,679;103,687;105,026;107,304;109,311;113,552;114,508;119,067;121,125;121,94;123,669;127,344;131,265;132,604;133,173;135,895;142,082;139,648;140,114;145,601;152,173;156,515;153,655;154,271;158,886;160,591;162,755;168,144;173,914;176,696
C10;X1;;Blanked.3;-85,051;-69,135;-66,01;-56,682;-51,487;-47,889;-51,011;-46,691;-41,512;-42,638;-36,241;-32,77;-33,519;-30,728;-27,163;-25,475;-24,968;-25,042;-21,849;-22,269;-19,245;-18,139;-18,976;-15,843;-16,062;-14,015;-14,063;-12,86;-11,508;-11,823;-10,481;-10,879;-10,087;-10,331;-9,91;-10,174;-9,986;-9,846;-9,659;-10,066;-9,846;-9,928;-9,873;-10,325;-9,911;-9,833;-10,042;-10,098;-10,097;-9,631;-9,797;-9,538;-9,863;-9,882;-9,302;-9,357;-8,979;-8,724;-8,783;-8,475;-8,302;-8,282;-7,508;-7,55;-6,835;-6,62;-6,452;-6,348;-5,756;-5,801;-5,212;-4,871;-4,959;-4,299;-3,143;-2,341;-2,752;-1,385;-0,529;0,233;2,092;2,872;3,343;5,332;6,423;7,706;9,349;9,997;11,299;13,341;14,127;17,211;17,894;17,897;18,991;21,846;24,662;28,256;34,58;40,047;43,601;49,493;52,146;54,394;61,419;68,755;71,133;75,238;79,011;81,171;82,552;83,964;83,62;84,294;85,488;88,201;89,967;94,258;95,938;98,242;99,788;99,957;104,046;104,111;108,786;107,218;112,97;113,171;117,174;121,367;124,957;131,861;132,433;133,964;137,074;137,615;140,714;143,994;145,367;144,04;142,605;143,591;147,69;145,227;149,67;148,954;149,605
D06;X2;;Blanked.3;-0,484;3,625;3,263;3,498;3,701;3,697;3,334;3,615;3,655;3,556;3,288;4,012;3,367;3,849;3,625;3,698;3,969;3,878;3,873;3,985;3,741;3,948;4,527;4,447;4,866;4,716;5,023;4,939;4,791;4,872;4,918;5,066;4,945;5,174;4,81;5,141;4,848;5,289;5,424;4,84;5,336;4,869;5,466;5,267;5,365;5,287;5,513;5,317;5,392;5,556;5,316;5,474;5,391;5,556;5,529;5,276;6,016;5,594;5,757;5,744;6,079;5,531;5,482;5,589;5,735;5,57;5,636;5,601;5,576;5,615;5,387;5,65;5,505;5,745;5,572;5,806;5,416;5,597;5,415;5,632;5,291;5,669;5,315;5,688;5,7;5,684;5,594;5,562;5,48;5,534;5,653;5,653;5,341;5,769;5,608;5,16;5,581;5,418;5,668;5,186;5,418;4,967;5,039;4,966;4,853;4,726;4,705;4,379;4,066;3,806;3,871;3,51;3,077;3,046;2,772;2,133;1,844;1,23;1,226;0,254;0,571;-0,19;-0,696;-0,697;-1,231;-1,905;-3,034;-2,71;-3,204;-3,517;-4,779;-5,182;-6,05;-6,548;-8,276;-7,353;-8,176;-9,097;-9,448;-9,561;-9,181;-9,913;-10,706;-10,487;-11,16;-10,826;-11,178
D07;X2;;Blanked.3;-5,344;-1,564;-1,328;-1,582;-1,646;-2,074;-2,023;-1,789;-2,013;-1,585;-1,974;-1,559;-1,918;-1,686;-1,873;-1,921;-2,145;-1,849;-1,719;-2,029;-1,599;-2,015;-1,632;-1,799;-1,743;-2,148;-2,126;-1,678;-1,925;-1,537;-1,837;-1,701;-1,993;-2,026;-1,887;-1,747;-1,827;-1,918;-1,863;-1,917;-1,889;-1,757;-2,018;-1,485;-1,537;-1,571;-1,773;-1,446;-1,386;-1,777;-1,45;-1,708;-2,014;-1,967;-1,707;-1,654;-1,772;-1,81;-1,925;-1,484;-1,465;-1,951;-2,085;-2,204;-2,395;-2,085;-1,997;-2,451;-2,231;-2,139;-2,363;-2,453;-2,5;-2,034;-2,185;-2,679;-2,411;-2,693;-2,852;-2,632;-3,023;-3,184;-3,154;-2,74;-2,582;-2,427;-2,756;-2,554;-2,978;-2,695;-2,712;-2,726;-3,069;-2,902;-3,106;-3,271;-3,134;-3,332;-2,893;-3,02;-3,575;-3,535;-3,582;-3,684;-4,249;-4,292;-4,259;-4,61;-4,696;-4,594;-5,301;-5,346;-5,422;-5,809;-6,458;-6,549;-6,913;-7,379;-8,059;-8,063;-8,319;-9,241;-9,387;-9,467;-10,191;-10,413;-11,31;-11,058;-11,911;-12,174;-12,968;-13,255;-14,236;-14,889;-16,214;-15,538;-16,554;-17,265;-17,944;-18,543;-18,426;-19,011;-20,621;-20,63;-22,175;-21,426;-22,749
D08;X2;;Blanked.3;-7,702;-3,845;-3,403;-4,685;-4,414;-4,262;-4,868;-4,76;-4,426;-4,615;-4,807;-4,419;-4,43;-3,975;-4,25;-3,373;-4,515;-4,465;-4,634;-5,347;-4,852;-5,013;-4,817;-5,24;-4,967;-5,205;-5,041;-5,048;-5,25;-5,529;-4,909;-5,407;-5,53;-4,904;-5,264;-4,723;-5,04;-4,834;-4,49;-4,556;-4,57;-4,762;-4,468;-4,686;-4,998;-5,411;-5,331;-5,075;-5,024;-5,676;-5,758;-5,726;-5,525;-5,72;-5,827;-6,23;-5,719;-6,141;-5,917;-6,114;-6,262;-6,725;-6,662;-6,751;-6,621;-6,591;-7,064;-6,882;-7,009;-6,943;-7,127;-7,378;-7,362;-7,298;-7,447;-7,444;-7,531;-7,836;-7,819;-7,995;-7,92;-7,887;-8,15;-8,244;-8,086;-8,08;-8,447;-8,45;-8,402;-8,791;-8,661;-8,472;-8,844;-8,752;-8,632;-9,095;-9,279;-9,611;-9,075;-9,613;-9,964;-9,851;-10,091;-10,363;-10,667;-10,918;-11,06;-11,17;-11,511;-11,801;-11,934;-12,288;-12,482;-12,781;-13,763;-13,479;-13,919;-14,517;-14,73;-15,523;-15,717;-16,337;-16,681;-16,567;-17,443;-17,499;-18,875;-18,795;-19,271;-19,814;-20,262;-20,648;-21,785;-22,233;-23,474;-22,802;-23,927;-24,646;-25,764;-26,106;-25,856;-26,66;-28,207;-27,921;-29,722;-29,151;-30,186
D09;X2;;Blanked.3;-6,742;-2,81;-2,701;-3,008;-2,893;-2,528;-3,382;-3,257;-2,587;-1,368;-2,705;-1,965;-2,574;-2,59;-2,763;-2,557;-2,56;-3,243;-3,119;-3,109;-2,903;-2,766;-2,676;-2,611;-3,254;-3,116;-2,923;-3,084;-3,231;-3,22;-3,022;-3,112;-3,346;-3,119;-3,408;-3,145;-3,231;-2,912;-2,395;-3,442;-3,123;-3,434;-3,936;-3,304;-3,532;-3,696;-3,182;-3,663;-3,357;-3,73;-4,113;-3,963;-4,135;-3,787;-3,95;-4,156;-3,96;-4,281;-4,047;-3,964;-4,291;-4,504;-4,874;-4,672;-4,698;-4,853;-4,659;-4,877;-5,109;-5,342;-5,364;-5,086;-5,114;-5,355;-5,186;-5,786;-6,111;-6,369;-5,906;-6,076;-6,092;-5,895;-6,009;-6,411;-6,187;-6,13;-6,395;-6,919;-6,643;-7,07;-6,934;-7,146;-6,68;-7,141;-6,985;-7,257;-7,651;-7,291;-7,681;-7,765;-8,031;-8,362;-8,377;-8,514;-9,069;-9,06;-8,818;-9,579;-9,779;-9,891;-10,187;-10,561;-10,737;-11,361;-11,813;-11,77;-12,07;-12,627;-13,081;-13,306;-13,824;-14,743;-14,932;-14,94;-15,634;-15,842;-17,017;-16,897;-17,621;-18,206;-18,714;-19,006;-20,254;-20,533;-22,36;-21,41;-22,672;-23,298;-24,324;-24,52;-24,43;-25,456;-27,073;-26,913;-28,387;-27,766;-29,109
D10;X2;;Blanked.3;-9,628;-5,338;-5,252;-5,552;-5,36;-5,849;-6,06;-5,864;-5,903;-5,819;-5,635;-5,225;-5,496;-5,507;-5,48;-5,533;-5,696;-5,647;-5,936;-5,913;-5,356;-5,875;-5,931;-5,777;-5,504;-5,926;-5,736;-5,71;-5,818;-5,745;-5,582;-5,575;-5,779;-5,78;-5,76;-5,653;-5,68;-5,595;-5,557;-5,956;-6,023;-5,917;-5,962;-5,432;-5,857;-5,754;-5,638;-5,547;-5,594;-5,944;-5,85;-5,815;-5,89;-6,107;-5,998;-6,181;-5,871;-6,171;-6,313;-6,394;-6,077;-6,929;-6,622;-6,936;-7,054;-6,888;-6,78;-6,598;-7,284;-7,039;-6,982;-7,305;-7,006;-7,367;-7,173;-7,527;-7,669;-7,576;-7,665;-7,999;-8,013;-8,046;-8,338;-7,812;-7,98;-8,129;-8,635;-8,51;-8,652;-8,389;-8,691;-9,068;-8,696;-8,693;-8,994;-9,118;-8,993;-9,059;-9,081;-9,277;-9,461;-9,818;-9,814;-10,432;-10,217;-10,651;-10,688;-10,96;-11,179;-11,584;-11,974;-12,202;-12,376;-12,318;-13,444;-13,512;-13,653;-14,436;-14,845;-15,332;-15,506;-16,261;-16,241;-16,458;-17,263;-17,46;-18,638;-18,703;-19,137;-19,83;-20,38;-21,027;-21,864;-22,145;-23,752;-23,182;-24,205;-25,437;-25,816;-26,167;-26,316;-27,143;-28,71;-28,565;-30,301;-29,576;-30,841
E06;X3;;Blanked.3;-68,977;-65,563;-62,029;-64,731;-61,868;-66,825;-68,46;-61,96;-63,356;-62,403;-43,883;-44,434;-45,331;-48,392;-44,784;-46,249;-44,309;-42,92;-45,794;-45,154;-43,146;-41,509;-44,407;-41,949;-44,452;-43,359;-44,991;-42,289;-44,624;-41,47;-41,743;-39,574;-41,826;-42,941;-44,832;-41,452;-40,779;-38,361;-40,471;-39,624;-38,648;-37,597;-41,308;-38,413;-40,969;-34,992;-39,238;-36,095;-37,554;-37,14;-36,15;-35,203;-37,98;-38,262;-32,523;-33,261;-32,389;-32,222;-31,17;-32,296;-29,335;-30,192;-31,161;-27,469;-27,66;-27,535;-27,687;-25,388;-23,995;-22,855;-24,423;-22,18;-20,165;-18,578;-17,986;-19,116;-18,99;-16,327;-14,069;-11,736;-8,523;-11,556;-9,185;-8,068;-3,31;-3,362;-0,288;2,952;-0,926;3,939;2,651;3,888;8,106;8,899;11,849;10,664;10,896;13,057;15,09;14,781;17,654;20,165;25,206;27,19;35,902;36,284;38,416;43,973;49,844;52,894;56,666;59,29;63,007;65,008;73,746;75,13;79,874;83,852;92,702;97,354;103,561;107,676;112,819;121,053;120,852;127,643;131,979;133,73;135,505;137,967;140,063;138,435;139,858;139,323;135,238;137,705;137,488;139,018;138,479;137,052;137,299;138,779;140,302;140,095;140,924;141,195;139,37
E07;X3;;Blanked.3;-69,127;-66,51;-62,76;-66,085;-63,504;-68,628;-70,113;-63,717;-65,913;-64,791;-45,429;-45,023;-46,413;-49,189;-45,906;-46,545;-45,617;-43,726;-46,55;-46,245;-43,454;-41,964;-45,154;-43,089;-44,783;-43,517;-44,61;-42,675;-45,097;-42,247;-41,795;-39,887;-42,384;-43,293;-44,849;-41,659;-40,615;-38,141;-39,854;-39,185;-38,104;-37,607;-40,588;-38,005;-40,284;-33,765;-38,275;-34,796;-36,065;-35,929;-34,66;-33,584;-36,067;-36,669;-30,689;-31,22;-30,304;-29,844;-28,474;-29,866;-27,098;-27,507;-28,342;-24,855;-24,772;-24,175;-24,295;-22,075;-20,476;-19,603;-20,848;-18,439;-16,732;-14,984;-14,494;-15,059;-14,681;-11,991;-9,596;-7,811;-4,518;-7,951;-5,673;-4,668;-0,055;-1,168;1,504;4,667;1,451;6,447;4,714;5,793;9,465;10,122;13,408;12,256;13,194;15,419;17,844;17,605;20,567;22,223;26,611;26,072;30,79;30,967;34,1;46,112;51,997;55,909;59,91;62,049;66,473;68,682;77,378;78,62;84,443;89,143;98,785;102,512;109,608;113,07;115,808;123,42;122,504;128,644;130,849;129,801;130,523;132,549;130,451;126,783;126,543;124,885;117,408;117,956;116,392;116,138;113,798;114,047;116,007;115,321;116,587;115,224;116,052;115,04;116,09
E08;X3;;Blanked.3;-71,761;-68,783;-65,628;-68,842;-66,26;-71,592;-73,734;-67,125;-68,749;-68,067;-48,618;-48,296;-49,806;-53,046;-49,249;-50,145;-49,694;-47,828;-50,195;-50,31;-47,323;-45,814;-48,31;-47,056;-49,072;-47,446;-48,638;-46,544;-49,38;-45,888;-45,691;-43,55;-46,275;-47,355;-48,545;-45,863;-44,746;-42,002;-44,202;-43,149;-42,094;-41,536;-45,032;-42,021;-44,36;-38,413;-42,486;-39,054;-40,135;-40,053;-39,007;-37,895;-40,411;-40,769;-35,3;-35,826;-35,012;-34,409;-33,411;-34,697;-32,096;-32,693;-33,74;-30,228;-30,402;-29,89;-29,906;-27,934;-26,322;-25,857;-26,819;-24,697;-23,1;-21,467;-21,021;-21,751;-21,316;-18,902;-16,625;-14,897;-11,909;-15,158;-13,198;-12,263;-7,702;-8,363;-4,843;-2,411;-6,34;-1,611;-3,114;-2,085;1,617;1,977;5,166;3,598;3,772;5,851;7,939;7,104;9,407;11,164;15,052;12,997;17,875;16,608;19,323;30,678;36,667;38,654;41,871;44,929;47,353;48,599;56,53;57,06;61,5;64,798;73,507;77,603;84,734;89,781;94,055;103,294;104,071;111,674;115,98;118,102;119,513;122,202;121,924;118,932;120,488;119,712;113;112,679;111,758;109,114;107,572;108,316;107,611;107,228;107,459;106,114;107,71;107,93;105,9
E09;X3;;Blanked.3;-72,088;-69,143;-66,509;-69,472;-66,528;-71,905;-73,285;-66,739;-69,059;-67,928;-49,326;-48,734;-49,793;-53,143;-49,265;-50,066;-49,812;-47,422;-50,267;-50,251;-47,149;-46,329;-48,349;-46,65;-48,757;-47,593;-48,421;-46,184;-48,813;-45,429;-45,619;-43,688;-46,072;-47,181;-48,426;-45,597;-44,536;-41,913;-43,791;-42,903;-42,107;-42,056;-44,723;-42,159;-44,469;-38,11;-42,651;-39,219;-40,84;-40,561;-39,653;-38,449;-40,711;-41,661;-36,105;-36,396;-35,75;-35,028;-33,85;-35,154;-32,231;-33,541;-34,178;-30,795;-31;-30,016;-30,435;-28,089;-26,735;-25,917;-27,195;-25,11;-23,225;-22,073;-21,327;-22,338;-21,787;-19,753;-17,313;-15,618;-12,561;-15,811;-13,963;-13,414;-7,805;-9,566;-5,785;-3,162;-6,932;-2,421;-3,772;-2,763;1,824;1,043;4,65;3,543;3,131;5,558;7,15;6,44;8,959;11,239;14,624;13,099;17,895;19,089;27,391;32,371;36,884;40,706;42,851;45,077;48,742;50,285;58,108;60,11;63,98;67,866;78,013;80,49;87,238;91,953;96,252;105,588;106,212;112,255;116,906;118,128;121,121;123,456;123,944;122,151;121,871;121,213;115,977;117,127;117,349;118,346;118,521;118,436;118,229;117,527;118,067;115,475;110,831;107,066;104,312
E10;X3;;Blanked.3;-64,59;-61,404;-57,436;-60,624;-56,688;-62,519;-64,046;-57,11;-58,063;-57,685;-39,637;-38,476;-39,919;-42,691;-38,989;-38,045;-38,771;-37,58;-39,709;-39,75;-35,804;-35,483;-38,943;-37,006;-38,643;-37,679;-39,257;-36,961;-40,15;-36,547;-36,104;-34,76;-37,255;-38,272;-39,399;-36,682;-35,797;-33,234;-34,876;-34,995;-33,651;-33,5;-36,384;-34,243;-36,112;-29,978;-34,476;-31,322;-32,433;-32,33;-31,216;-30,499;-33,583;-33,392;-28,143;-28,463;-27,721;-27,604;-26,541;-27,857;-25,072;-25,907;-26,825;-23,439;-23,599;-23,071;-23,426;-21,485;-19,753;-18,781;-20,435;-17,98;-16,482;-14,569;-14,246;-14,888;-14,602;-11,836;-9,731;-8,009;-5,19;-8,162;-6,253;-5,49;-0,548;-1,033;2,288;5,553;1,267;6,299;4,264;6,336;10,205;10,882;14,571;12,965;14,615;18,616;23,98;24,464;27,656;30,597;34,568;33,619;39,107;38,69;40,338;45,169;50,787;53,739;56,775;59;62,971;64,416;72,779;73,467;78,607;82,237;91,043;95,098;100,821;105,849;110,08;118,368;118,901;124,551;128,863;129,335;131,308;134,548;135,79;130,548;129,263;130,392;127,67;129,39;128,521;127,575;124,792;126,404;126,798;121,295;118,273;116,398;116,638;115,266;111,337
F06;X4;;Blanked.3;-55,696;-37,58;-28,94;-28,456;-22,821;-22,309;-21,644;-21,232;-21,276;-20,248;-20,047;-18,135;-19,255;-15,773;-18,835;-15,187;-16,529;-17,539;-16,951;-16,517;-14,904;-17,147;-16,689;-14,944;-16,658;-14,945;-14,166;-14,638;-15,153;-14,901;-15,907;-16,175;-15,969;-18,091;-14,947;-13,753;-17,084;-14,504;-13,551;-17,039;-16,843;-16,548;-14,481;-14,492;-16,025;-13,587;-15,823;-12,994;-12,706;-14,584;-13,085;-12,045;-13,103;-12,219;-15,164;-14,633;-11,505;-9,313;-13,274;-10,664;-11,235;-13,101;-10,113;-10,407;-11,175;-10,509;-9,21;-9,966;-9,87;-7,051;-7,043;-7,729;-5,77;-5,297;-5,198;-6,883;-5,203;-2,356;-4,402;-2,404;-1,86;-2,268;-0,196;-0,705;2,08;0,737;1,629;3,043;6,119;3,939;8,21;7,731;7,882;10,098;13,022;13,324;16,895;15,15;19,671;19,259;21,96;24,802;26,915;26,186;28,626;31,353;33,422;35,217;37,908;39,156;43,699;45,566;46,046;48,829;50,509;53,076;54,083;55,812;59,824;61,273;61,406;62,818;65,149;66,069;67,661;69,604;71,793;75,152;77,997;80,303;82,174;85,241;88,639;91,885;93,402;96,442;100,594;100,524;103,538;106,189;107,559;109,18;110,116;114,595;114,923;118,029;119,573
F07;X4;;Blanked.3;-55,571;-37,571;-29,157;-29,404;-23,348;-22,231;-22,362;-21,882;-21,796;-20,519;-20,309;-17,956;-19,388;-16,814;-19,318;-16,361;-17,516;-17,67;-17,112;-16,786;-15,041;-17,815;-17,124;-15,455;-16,831;-15,04;-14,448;-15,13;-15,35;-14,842;-15,897;-16,135;-16,691;-18,898;-14,786;-13,992;-17,113;-14,333;-13,728;-16,869;-17,729;-16,653;-14,794;-14,544;-16,446;-13,907;-16,071;-13,001;-12,469;-14,894;-13,204;-11,804;-13,435;-12,205;-15,448;-14,327;-12,059;-9,629;-13,307;-11,6;-11,377;-13,754;-10,449;-11,136;-11,244;-11,034;-9,273;-9,969;-10,279;-7,698;-7,35;-7,875;-5,991;-5,778;-4,892;-6,909;-5,331;-2,686;-4,349;-2,183;-1,708;-1,846;0,187;-0,645;2,252;0,328;1,524;2,839;5,803;3,699;7,7;7,379;7,27;9,598;12,289;12,569;15,823;14,565;18,695;18,46;20,888;24,181;25,829;25,261;27,274;29,851;31,73;34,001;36,297;37,529;42,09;44,783;43,619;46,551;49,079;51,203;52,306;54,81;57,791;59,431;59,355;61,31;63,034;63,788;65,241;67,376;69,596;73,084;75,155;77,175;78,341;80,481;84,856;87,573;89,574;92,364;96,008;95,813;98,809;101,291;101,923;104,344;104,559;107,549;106,984;109,518;110,633
F08;X4;;Blanked.3;-60,3;-42,3;-34,249;-33,611;-27,699;-27,686;-26,922;-26,438;-26,291;-24,944;-25,115;-23,537;-24,176;-21,366;-24,164;-20,6;-22,048;-22,797;-22,343;-21,813;-19,975;-22,55;-22,32;-20,058;-21,785;-20,254;-19,197;-19,655;-20,333;-19,788;-20,654;-21,084;-21,584;-23,158;-20,223;-18,612;-22,108;-19,299;-18,503;-21,593;-22,116;-21,289;-19,942;-19,721;-21,55;-18,984;-20,869;-18,193;-17,695;-19,694;-18,174;-17,724;-18,916;-17,495;-20,389;-19,46;-16,977;-14,652;-18,669;-16,441;-16,954;-18,66;-15,655;-16,282;-16,55;-15,996;-14,967;-15,36;-15,494;-12,724;-12,863;-13,924;-12,124;-11,183;-10,629;-12,819;-11,601;-8,621;-10,683;-8,617;-8,174;-8,805;-5,802;-7,049;-4,67;-6,508;-5,35;-3,907;-0,788;-2,977;0,517;0,434;0,429;2,519;5,083;4,936;8,679;7,136;11,041;10,809;13,138;16,432;17,899;16,96;19,451;21,96;23,635;25,311;27,821;28,964;33,49;36,319;36,503;38,317;40,296;43,28;44,584;47,356;51,288;52,822;53,397;55,091;56,73;57,954;59,453;61,326;63,335;66,312;68,772;70,454;71,782;74,034;77,651;80,772;82,164;85,548;89,081;89,744;92,478;95,534;96,588;98,503;99,313;103,899;103,127;105,295;107,468
F09;X4;;Blanked.3;-56,123;-37,848;-29,48;-29,263;-23,086;-23,211;-22,258;-21,847;-22,289;-20,526;-21,295;-18,639;-19,798;-16,944;-19,305;-16,675;-18,357;-18,141;-17,386;-16,982;-15,916;-18,235;-17,537;-15,821;-17,536;-15,594;-14,471;-15,028;-16,191;-15,488;-16,813;-16,602;-17,059;-19,256;-16,105;-15,181;-17,494;-14,809;-14,224;-17,233;-18,382;-17,449;-15,465;-15,209;-17,368;-15,151;-16,536;-13,964;-13,164;-15,36;-14,473;-13,109;-14,068;-12,972;-16,296;-15,296;-13,314;-10,285;-14,458;-12,406;-12,645;-14,467;-11,689;-11,463;-12,288;-11,467;-10,227;-10,793;-11,076;-8,825;-8,687;-9,31;-7,219;-6,533;-6,203;-8,795;-6,817;-4,111;-5,647;-4,191;-3,602;-3,498;-0,608;-2,393;0,298;-1,365;-0,785;0,551;4,265;2,181;5,581;5,463;4,586;6,905;9,616;9,854;12,865;11,703;15,636;15,521;17,429;20,686;21,779;21,208;23,3;25,739;27,661;29,344;31,684;32,61;36,971;39,923;39,124;40,887;42,968;45,33;47,172;49,324;53,429;54,536;54,274;56,146;57,608;58,693;59,732;61,329;63,68;66,075;68,165;70,149;70,535;72,931;76,72;79,268;81,437;84,346;87,614;87,821;91,449;93,048;94,369;96,767;97,3;102,08;101,661;103,94;105,952
F10;X4;;Blanked.3;-51,117;-32,816;-24,458;-23,982;-18,346;-17,937;-16,981;-16,484;-16,929;-15,101;-15,503;-13,314;-14,698;-11,376;-14,319;-11,026;-12,416;-12,883;-12,384;-11,849;-10,098;-12,517;-12,56;-10,345;-11,818;-10,55;-9,603;-9,723;-10,358;-9,863;-10,915;-11,193;-11,671;-13,303;-10,402;-9,002;-12,171;-9,252;-9,016;-12,131;-12,332;-11,609;-9,507;-9,785;-11,299;-9,242;-10,691;-8,452;-7,737;-9,613;-7,98;-7,49;-9,213;-7,491;-10,415;-9,424;-7,265;-4,669;-8,941;-6,528;-6,923;-8,729;-5,592;-6,163;-6,86;-6,274;-4,695;-5,815;-5,716;-2,735;-2,884;-3,506;-1,416;-1,128;-0,645;-2,378;-1,026;1,719;0,154;1,939;2,284;2,211;4,411;3,615;6,433;4,542;5,45;6,826;9,639;7,451;11,471;11,163;11,167;13,104;16,049;16,062;19,239;17,893;21,929;21,669;24,127;27,37;28,863;28,055;30,06;32,427;34,482;36,174;38,516;39,725;44,222;46,858;46,151;48,336;50,759;52,639;54,194;56,723;60,044;61,628;61,146;62,979;65,086;65,57;66,899;68,538;70,992;73,458;75,769;76,982;78,016;80,099;83,719;86,594;88,566;90,795;95,16;94,409;97,535;99,573;101,026;103,065;103,102;107,026;106,604;108,1;109,117
C06;X1;;Blanked.4;-27,053;-33,728;-39,947;-45,54;-48,55;-51,216;-51,177;-49,199;-49,172;-47,308;-48,511;-45,766;-43,288;-42,417;-41,611;-39,911;-40,574;-38,566;-36,267;-35,777;-32,337;-32,395;-30,893;-29,515;-30,88;-29,086;-28,769;-29,245;-27,854;-27,821;-27,074;-25,678;-27,192;-24,856;-23,08;-23,224;-22,731;-23,414;-21,963;-22,219;-21,983;-21,414;-22,07;-22,201;-21,362;-21,907;-20,963;-20,882;-20,775;-21,404;-20,467;-20,233;-19,325;-18,523;-19,131;-17,701;-16,961;-15,77;-15,048;-13,66;-12,134;-12,409;-11,155;-10,574;-8,759;-7,052;-5,611;-5,382;-3,821;-2,589;-1,191;0,643;3,347;4,574;7,044;7,536;8,428;7,988;7,525;6,988;6,506;5,835;5,317;4,718;4,609;3,399;2,911;2,563;2,189;1,944;1,602;1,429;1,313;1,027;0,868;0,769;0,558;0,443;0,375;0,293;0,268;0,23;0,217;0,212;0,211;0,208;0,208;0,207;0,207;0,207;0,207;0,207;0,207;0,207;0,207;0,207;0,206;0,207;0,207;0,207;0,207;0,207;0,207;0,207;0,207;0,207;0,207;0,207;0,207;0,207;0,207;0,207;0,206;0,207;0,206;0,206;0,206;0,206;0,206;0,204;0,206;0,205;0,206;0,206;0,206;0,206;0,206
C07;X1;;Blanked.4;-6,424;-13,983;-19,966;-26,264;-28,158;-31,162;-32,116;-30,409;-31,335;-28,704;-29,411;-27,096;-24,385;-22,761;-21,337;-21,629;-20,927;-18,981;-15,788;-16,196;-11,721;-12,691;-10,154;-8,784;-9,151;-8,781;-7,776;-7,614;-6,68;-7,323;-6,379;-5,986;-6,911;-3,786;-3,788;-4,056;-3,678;-3,539;-3,059;-3,457;-3,091;-2,404;-3,86;-3,402;-4,157;-4,566;-3,013;-4,11;-4,381;-4,362;-3,861;-2,83;-3,617;-3,383;-2,784;-3,139;-2,921;-2,276;-1,108;-0,76;-0,76;-0,111;0,688;1,748;3,416;4,351;5,798;6,637;8,53;9,529;10,503;10,683;10,989;9,878;9,898;9,029;8,988;8,183;7,644;7,097;6,608;5,937;5,419;4,82;4,711;3,501;3,013;2,665;2,291;2,046;1,704;1,531;1,415;1,129;0,97;0,871;0,66;0,544;0,477;0,395;0,37;0,332;0,319;0,314;0,313;0,31;0,31;0,309;0,309;0,309;0,309;0,309;0,309;0,309;0,309;0,309;0,307;0,309;0,309;0,308;0,308;0,309;0,309;0,309;0,309;0,309;0,309;0,309;0,308;0,308;0,308;0,308;0,308;0,308;0,308;0,308;0,308;0,307;0,307;0,305;0,307;0,307;0,307;0,308;0,307;0,307;0,308
C08;X1;;Blanked.4;-6,63;-14,259;-19,83;-26,122;-28,217;-31,268;-31,157;-28,809;-30,585;-27,221;-28,541;-26,216;-22,95;-22,045;-21,093;-19,958;-20,554;-18,01;-15,434;-15,607;-11,728;-13,212;-10,354;-9,36;-9,138;-8,421;-8,114;-7,86;-6,929;-6,268;-5,627;-6,448;-6,409;-4,926;-3,788;-3,689;-4,068;-3,389;-2,475;-3,221;-2,671;-3,117;-2,694;-3,425;-3,45;-3,7;-2,666;-3,156;-2,98;-3,19;-2,731;-2,062;-2,689;-1,114;-1,075;0,037;0,124;1,198;1,022;2,276;3,415;3,493;4,338;5,111;6,871;7,39;7,829;8,089;8,86;9,308;10,265;10,406;10,689;9,835;9,931;9,118;9,087;8,282;7,746;7,199;6,711;6,039;5,521;4,922;4,814;3,603;3,114;2,767;2,393;2,148;1,806;1,633;1,517;1,231;1,072;0,973;0,761;0,646;0,579;0,497;0,472;0,434;0,421;0,416;0,415;0,412;0,412;0,411;0,411;0,411;0,411;0,411;0,411;0,41;0,411;0,41;0,408;0,41;0,411;0,41;0,41;0,41;0,411;0,411;0,41;0,41;0,41;0,411;0,41;0,41;0,41;0,41;0,409;0,41;0,409;0,409;0,409;0,409;0,408;0,405;0,408;0,408;0,408;0,409;0,409;0,409;0,409
C09;X1;;Blanked.4;-10,841;-16,579;-24,326;-31,238;-33,523;-38,864;-39,695;-37,103;-38,922;-35,351;-37,183;-35,268;-32,296;-31,155;-28,892;-30,199;-29,715;-27,835;-25,538;-26,54;-22,887;-22,887;-21,356;-19,374;-20,783;-21,377;-21,578;-20,207;-19,511;-19,539;-19,63;-18,941;-19,973;-17,585;-17,477;-16,21;-17,159;-17,091;-16,433;-17,016;-17,257;-15,816;-17,644;-16,734;-16,37;-17,982;-16,299;-16,685;-16,717;-17,17;-16,962;-15,637;-16,368;-15,071;-15,394;-15,191;-13,609;-12,692;-12,383;-12,134;-11,169;-10,584;-9,701;-8,091;-6,545;-5,315;-3,848;-3,126;-0,837;0,772;3,669;5,62;6,708;8,141;9,024;8,834;9,071;8,364;7,845;7,298;6,816;6,145;5,627;5,027;4,92;3,708;3,22;2,872;2,499;2,253;1,911;1,738;1,622;1,336;1,177;1,078;0,866;0,751;0,684;0,602;0,577;0,539;0,526;0,521;0,52;0,517;0,517;0,516;0,516;0,516;0,516;0,516;0,516;0,516;0,516;0,515;0,513;0,515;0,516;0,515;0,515;0,515;0,516;0,516;0,515;0,516;0,515;0,516;0,515;0,515;0,515;0,515;0,514;0,515;0,514;0,514;0,514;0,513;0,513;0,509;0,513;0,512;0,512;0,514;0,513;0,513;0,514
C10;X1;;Blanked.4;-31,416;-38,394;-44,437;-49,805;-51,969;-55,252;-54,263;-53,225;-53,928;-50,614;-51,116;-49,162;-45,604;-45,161;-43,615;-42,577;-42,926;-40,371;-37,334;-37,967;-34,301;-34,961;-33,566;-32,774;-31,567;-31,605;-30,574;-31,374;-29,769;-29,689;-29,188;-28,643;-30,028;-27,263;-27,563;-27,526;-27,198;-26,561;-26,895;-27,088;-27,026;-26,634;-28,019;-27,253;-27,307;-27,506;-27,37;-27,916;-27,791;-26,658;-26,486;-27,114;-26,729;-26,113;-25,893;-25,316;-24,281;-24,3;-23,702;-23,947;-21,084;-21,926;-20,825;-19,807;-18,43;-17,225;-16,397;-15,661;-14,103;-12,742;-11,052;-9,517;-6,489;-4,598;-1,34;0,431;3,569;5,159;6,336;6,932;6,813;6,237;5,722;5,129;5,022;3,81;3,322;2,974;2,601;2,354;2,013;1,84;1,724;1,438;1,279;1,18;0,968;0,853;0,786;0,704;0,679;0,641;0,628;0,623;0,622;0,619;0,619;0,618;0,618;0,618;0,618;0,617;0,618;0,617;0,618;0,617;0,614;0,617;0,618;0,617;0,617;0,617;0,618;0,618;0,617;0,617;0,617;0,618;0,617;0,616;0,617;0,617;0,616;0,617;0,615;0,616;0,615;0,615;0,614;0,61;0,614;0,613;0,613;0,615;0,615;0,615;0,616
D06;X2;;Blanked.4;3,722;9;9,932;8,439;8,55;8,351;8,1;7,799;7,845;7,414;7,778;7,052;8,119;7,838;7,282;8,287;8,327;7,839;7,642;8,852;8,461;8,406;8,694;9,233;11,092;10,649;11,038;10,595;11,261;11,381;11,953;11,556;11,096;12,155;12,054;11,03;11,419;12,457;12,287;10,935;11,673;11,954;11,229;11,808;12,253;10,914;11,72;12,59;13,649;12,517;12,403;11,876;12,638;12,984;13,684;13,736;13,159;13,503;14,082;13,641;12,954;13,643;13,409;13,641;12,595;13,485;14,045;13,759;12,949;13,496;14,294;13,575;13,839;14,348;14,215;13,848;13,606;13,833;14,048;14,253;14,483;14,933;13,985;14,979;14,082;14,264;13,835;14,109;13,751;14,257;13,796;13,301;13,761;13,986;14,721;13,459;13,267;13,877;13,025;13,851;13,527;12,793;13,168;12,635;12,468;11,951;11,975;12,07;11,664;12,073;11,124;11,38;11,325;10,928;10,613;10,553;9,725;10,09;9,398;9,242;8,662;8,32;8,319;7,377;7,459;6,491;6,781;6,479;5,678;5,644;5,358;5,019;5,17;5,203;5,012;4,941;5,214;4,932;4,706;4,146;4,529;4,11;3,971;3,87;3,44;3,38;2,896
D07;X2;;Blanked.4;-7,371;-3,8;-4,836;-5,885;-6,227;-5,706;-7,794;-6,516;-5,985;-5,14;-6,718;-5,841;-6,838;-5,507;-7,791;-6,519;-6,388;-6,317;-7,188;-6,143;-7,69;-7,481;-6,405;-5,624;-6,625;-6,851;-6,22;-6,416;-5,927;-6,657;-6,431;-6,647;-6,649;-6,683;-6,796;-5,625;-6,637;-6,543;-6,144;-6,32;-5,895;-7,597;-8,197;-5,485;-5,257;-5,615;-5,555;-5,301;-6,117;-5,197;-4,525;-5,277;-5,644;-5,859;-6,146;-5,45;-5,743;-5,291;-5,62;-5,005;-7,297;-5,787;-6,518;-5,994;-6,74;-7,617;-7,582;-7,636;-7,988;-7,36;-7,574;-6,903;-7,459;-7,728;-7,951;-6,604;-8,243;-7,956;-8,646;-7,476;-6,923;-8,372;-9,316;-8,489;-7,488;-7,497;-7,537;-8,324;-8,021;-8,132;-7,412;-8,502;-9,062;-7,798;-7,214;-7,465;-9,072;-8,461;-9,553;-7,603;-8,884;-8,435;-9,377;-8,757;-9,293;-9,511;-10,399;-10,208;-10,884;-9,466;-9,464;-10,105;-10,661;-10,179;-10,731;-9,77;-10,387;-10,59;-11,127;-11,154;-11,295;-11,827;-12,599;-11,923;-12,21;-11,918;-12,944;-12,951;-12,488;-11,94;-10,733;-11,433;-10,765;-10,57;-10,348;-9,132;-9,413;-8,897;-8,797;-6,998;-7,804;-8,224;-8,277;-7,295;-8,081;-7,718;-7,561
D08;X2;;Blanked.4;-13,157;-8,94;-10,419;-10,537;-8,71;-8,862;-9,746;-8,616;-8,1;-6,92;-6,485;-8,949;-7,124;-7,968;-7,498;-5,247;-5,531;-9,45;-10,379;-8,926;-10,404;-10,119;-10,928;-9,668;-10,522;-9,751;-10,037;-9,676;-10,779;-10,11;-12,021;-11,915;-10,482;-9,316;-10,415;-8,927;-9,059;-9,843;-9,46;-9,423;-9,228;-8,947;-8,5;-8,654;-8,884;-10,361;-10,489;-10,219;-10,614;-11,794;-11,636;-10,505;-10,918;-12,357;-12,888;-13,514;-11,592;-11,412;-11,536;-13,512;-13,68;-14,198;-14,032;-12,424;-14,883;-13,876;-14,191;-14,868;-14,87;-14,138;-14,286;-14,462;-14,528;-14,578;-14,608;-14,87;-15,503;-16,081;-16,153;-16,034;-15,919;-17,081;-17,044;-17,088;-17,266;-17,327;-18,209;-17,635;-17,713;-17,218;-17,753;-18,399;-18,649;-16,241;-18,545;-18,818;-19,439;-18,26;-18,893;-20,373;-20,872;-20,567;-21,312;-21,207;-21,115;-22,012;-22,473;-22,31;-23,026;-23,094;-23,626;-23,804;-23,896;-22,253;-24,104;-23,109;-23,358;-23,603;-24,055;-24,508;-25,737;-25,192;-25,909;-26,421;-26,056;-26,875;-26,08;-26,376;-26,194;-25,121;-25,552;-25,976;-24,612;-25,315;-24,718;-24,007;-23,65;-23,863;-23,342;-22,724;-22,373;-22,215;-22,841;-22,664;-22,97;-22,172;-21,348
D09;X2;;Blanked.4;-9,967;-7,037;-7,992;-8,07;-8,719;-7,58;-6,699;-7,652;-6,642;-4,173;-2,787;-6,955;-5,571;-4,485;-7,12;-5,782;-4,949;-6,909;-6,837;-8,585;-6,325;-7,835;-7,345;-7,12;-5,954;-9,544;-6,866;-7,73;-7,199;-7,686;-7,025;-7,307;-7,02;-6,739;-7,301;-8,593;-8,06;-7,509;-7,575;-8,548;-7,938;-8,375;-8,165;-7,566;-8,298;-7,747;-9,134;-8,013;-8,277;-8,55;-8,003;-8,631;-9,954;-9,021;-8,513;-9,53;-9,498;-8,666;-8,667;-10,003;-10,213;-9,931;-10,745;-10,508;-10,33;-10,695;-10,735;-9,839;-11,272;-11,348;-11,992;-11,857;-12,067;-11,456;-11,978;-12,441;-13,599;-13,716;-14,048;-12,669;-13,251;-13,819;-14,799;-13,217;-14,338;-14,473;-15,056;-14,132;-14,898;-15,103;-15,197;-16,139;-16,356;-14,832;-15,283;-15,506;-16,863;-15,875;-17,173;-17,991;-18,305;-18,322;-18,786;-18,466;-19,739;-19,698;-19,806;-20,43;-21,191;-20,779;-20,683;-20,273;-19,825;-20,141;-21,207;-20,768;-20,901;-19,881;-21,134;-22,067;-23,049;-22,471;-22,294;-22,948;-22,459;-23,808;-23,375;-22,877;-22,894;-23,043;-23,854;-23,132;-22,296;-23,235;-22,601;-22,059;-21,658;-22,114;-21,2;-19,808;-20,891;-21,961;-20,459;-21,158;-21,001;-20,671;-21,046
D10;X2;;Blanked.4;-18,346;-14,845;-15,656;-15,961;-15,303;-16,203;-16,009;-16,189;-16,168;-15,598;-13,795;-15,154;-13,875;-15,067;-15,639;-15,497;-14,879;-14,281;-15,809;-15,279;-16,705;-16,095;-16,162;-15,926;-15,369;-15,926;-15,58;-15,982;-15,228;-15,774;-16,364;-16,293;-15,043;-14,559;-15,54;-15,745;-15,979;-16,176;-16,001;-15,697;-15,963;-16,212;-15,391;-14,846;-15,542;-15,284;-15,595;-14,939;-14,138;-14,768;-16,271;-15,898;-15,893;-15,654;-17,007;-16,473;-16,864;-16,537;-16,968;-15,548;-16,747;-17,235;-17,379;-17,4;-18,803;-17,474;-17,602;-19,308;-18,2;-17,536;-18,39;-19,053;-17,457;-17,714;-19,314;-19,484;-20,649;-19,902;-19,7;-20,105;-20,764;-18,865;-20,93;-21,467;-20,913;-21,404;-21,115;-21,769;-21,508;-21,572;-21,779;-23,227;-22,414;-22,588;-22,464;-22,258;-22,442;-22,338;-23,284;-22,952;-23,563;-24,107;-24,273;-23,03;-24,758;-24,438;-25,735;-25,418;-25,888;-25,505;-25,619;-26,641;-24,984;-25,684;-26,185;-25,233;-25,246;-26,304;-26,223;-27,034;-26,688;-27,697;-28,062;-28,425;-28,534;-29,197;-28,382;-29,431;-26,158;-27,514;-26,569;-28,642;-28,04;-27,795;-28,112;-27,608;-26,496;-26,94;-26,669;-24,057;-26,143;-25,617;-26,029;-26,415;-26,816;-25,821;-25,909
E06;X3;;Blanked.4;-7,326;-9,399;-9,749;-8,056;-11,023;-7,527;-10,558;-9,058;-10,895;-12,428;-12,39;-11,811;-13,533;-8,793;-14,318;-14,382;-15,067;-14,3;-14,51;-13,737;-14,076;-14,525;-14,943;-15,791;-15,936;-15,111;-14,173;-14,084;-12,807;-16,237;-14,261;-14,569;-14,568;-14,454;-11,428;-12,42;-15,531;-15,629;-13,192;-13,336;-15,308;-15,615;-13,034;-14,047;-12,05;-14,5;-13,983;-10,679;-12,388;-13,585;-13,699;-11,44;-12,111;-10,588;-7,941;-9,344;-6,803;-4,198;-5,438;-5,166;-4,348;-1,171;-0,568;0,009;-0,517;0,631;2,67;5,259;8,545;7,942;11,171;15,684;15,843;18,886;19,803;24,471;24,813;27,193;28,839;30,345;32,234;33,317;31,157;32,281;32,577;32,574;31,627;31,445;32,108;31,202;30,519;30,76;32,228;31,349;31,404;30,115;30,745;31,223;29,831;30,407;30,527;30,297;30,552;30,96;29,552;30,099;29,343;29,475;29,817;29,755;30,636;29,404;28,34;28,277;29,32;28,36;28,407;27,656;28,399;28,362;28,481;28,741;29,029;27,566;26,765;27,486;28,38;27,366;28,414;26,756;27,084;27,005;26,782;26,858;26,947;26,423;25,419;25,538;26,106;25,41;24,687;25,306;25,165;26,231;25,607;25,898;25,829
E07;X3;;Blanked.4;-9,956;-11,325;-12,987;-14,41;-14,633;-15,834;-17,112;-18,242;-17,565;-16,453;-17,035;-16,659;-17,777;-17,35;-17,062;-17,721;-15,548;-16,91;-15,715;-15,525;-16,063;-15,445;-15,552;-16,42;-16,3;-16,52;-14,937;-14,461;-14,361;-16,889;-15,153;-14,517;-14,85;-15,314;-12,751;-14,256;-14,862;-14,48;-12,739;-12,284;-13,594;-12,062;-10,944;-11,746;-11,333;-8,901;-9,471;-8,991;-8,504;-7,301;-6,397;-6,548;-6,251;-4,528;-5,192;-2,19;-0,011;0,364;1,893;2,578;3,777;4,067;8,063;10,171;10,87;12,281;13,808;15,189;17,285;19,8;22,399;23,487;26,101;28,404;28,461;31,356;31,264;31,943;32,011;32,249;33,107;33,617;31,331;32,406;32,686;32,682;31,732;31,55;32,214;31,307;30,624;30,865;32,333;31,455;31,509;30,221;30,85;31,328;29,936;30,512;30,632;30,402;30,657;31,065;29,657;30,204;29,448;29,58;29,922;29,861;30,741;29,509;28,446;28,382;29,425;28,465;28,511;27,761;28,504;28,467;28,586;28,846;29,134;27,671;26,87;27,591;28,485;27,471;28,519;26,861;27,189;27,11;26,886;26,963;27,052;26,528;25,523;25,642;26,211;25,514;24,792;25,41;25,269;26,336;25,711;26,003;25,933
E08;X3;;Blanked.4;-15,669;-17,084;-18,216;-18,466;-20,362;-21,546;-24,22;-23,085;-21,748;-22,338;-23,465;-22,806;-22,931;-25,162;-23,208;-24,516;-25,645;-24,321;-23,613;-23,636;-25,359;-25,481;-23,887;-24,148;-25,027;-24,559;-23,703;-23,81;-22,996;-23,851;-23,776;-22,323;-23,884;-23,676;-23,84;-23,087;-22,551;-22,223;-23,253;-21,325;-21,774;-22,063;-20,346;-20,292;-18,824;-20,478;-20,12;-19,011;-17,936;-17,882;-17,018;-16,154;-16,299;-15,982;-14,368;-12,893;-12,966;-11,093;-10,527;-8,721;-7,647;-6,54;-4,373;-3,694;-3,213;-1,36;-0,097;0,727;3,362;3,693;6,717;9,687;10,453;13,639;15,325;18,737;20,606;22,875;26,02;27,056;30,093;31,669;30,709;31,969;32,577;32,748;31,824;31,645;32,309;31,403;30,72;30,967;32,435;31,556;31,611;30,322;30,952;31,43;30,038;30,614;30,734;30,504;30,759;31,167;29,759;30,306;29,55;29,682;30,024;29,963;30,843;29,611;28,547;28,484;29,527;28,567;28,613;27,863;28,606;28,569;28,688;28,948;29,236;27,773;26,972;27,693;28,586;27,572;28,621;26,962;27,29;27,211;26,988;27,065;27,153;26,629;25,625;25,744;26,312;25,615;24,893;25,511;25,371;26,437;25,813;26,104;26,035
E09;X3;;Blanked.4;-15,321;-16,624;-17,321;-20,564;-19,568;-20,183;-19,979;-18,715;-20,911;-21,026;-20,507;-18,763;-21,599;-20,846;-21,236;-20,883;-21,164;-19,402;-20,503;-18,821;-20,42;-19,095;-20,796;-19,413;-21,062;-19,675;-18,96;-20,521;-19,364;-20,103;-18,478;-17,121;-17,255;-18,147;-18,053;-17,076;-17,976;-17,23;-17,835;-16,849;-17,446;-16,783;-14,289;-14,681;-14,954;-13,992;-14,517;-14,211;-12,546;-13,519;-12,983;-11,16;-12,052;-10,097;-10,657;-8,411;-6,787;-7,665;-6,101;-4,818;-2,289;-2,894;-1,742;-0,37;0,087;1,655;4,142;7,903;8,832;9,047;10,633;14,727;14,837;16,866;18,149;21,324;23,69;26,367;27,373;29,405;31,905;32,941;30,772;32,268;32,772;32,863;31,926;31,751;32,414;31,508;30,828;31,069;32,536;31,658;31,713;30,424;31,054;31,531;30,14;30,716;30,836;30,605;30,861;31,269;29,861;30,408;29,652;29,784;30,126;30,065;30,945;29,713;28,649;28,586;29,629;28,669;28,714;27,964;28,708;28,67;28,789;29,05;29,338;27,875;27,074;27,795;28,688;27,674;28,723;27,064;27,392;27,313;27,089;27,167;27,255;26,731;25,726;25,845;26,413;25,715;24,994;25,612;25,472;26,539;25,914;26,206;26,136
E10;X3;;Blanked.4;3,487;2,489;2,755;1,936;5,24;2,494;4,674;3,6;4,307;3,373;3,319;6,872;5,656;8,305;9,746;8,071;4,888;9,026;5,959;6,869;5,201;7,529;5,927;7,773;4,688;7,412;4,386;4,631;9,026;4,002;3,382;4,631;4,887;2,897;3,24;4,075;4,194;2,743;2,969;4,433;4,805;4,82;5,639;6,895;5,535;5,836;5,714;5,802;7,362;6,291;7,664;8,925;7,962;8,202;9,219;10,076;11,284;10,68;12,13;12,582;14,219;15,338;16,323;17,065;18,742;20,421;21,626;23,367;24,058;25,407;27,664;27,603;29,996;31,132;31,055;33,211;32,1;32,631;32,452;32,599;33,439;33,927;31,647;32,709;32,997;32,991;32,041;31,859;32,523;31,616;30,933;31,174;32,641;31,763;31,818;30,529;31,159;31,637;30,245;30,821;30,942;30,711;30,966;31,374;29,967;30,513;29,758;29,889;30,231;30,17;31,05;29,818;28,755;28,691;29,735;28,774;28,819;28,069;28,813;28,775;28,894;29,155;29,443;27,98;27,179;27,9;28,793;27,779;28,828;27,169;27,497;27,418;27,194;27,272;27,36;26,836;25,831;25,95;26,517;25,819;25,099;25,717;25,576;26,643;26,019;26,31;26,241
F06;X4;;Blanked.4;0,308;-4,463;-6,524;-9,921;-11,31;-12,171;-11,995;-11,473;-13,269;-13,695;-12,03;-14,365;-14,457;-13,557;-12,911;-12,781;-13,444;-11,891;-12,386;-12,396;-12,216;-13,646;-11,927;-14,454;-11,774;-13,354;-11,772;-12,468;-13,335;-12,614;-10,895;-11,176;-12,465;-12,673;-12,202;-11,175;-11,972;-10,089;-9,77;-10,096;-10,734;-10,493;-10,373;-10,847;-9,222;-8,681;-9,54;-7,671;-9,788;-6,945;-6,753;-8,353;-7,266;-5,874;-5,26;-4,503;-2,392;-3,241;-1,077;-1,997;-1,355;-0,238;-0,029;0,403;2,7;1,783;3,011;4,284;4,477;8,403;10,515;9,33;11,66;11,669;13,212;13,861;17,235;17,247;17,649;19,859;20,736;21,874;21,941;22,076;24,508;23,113;23,024;24,124;23,373;23,924;22,747;23,652;23,752;22,835;23,016;22,674;21,094;21,624;22,456;21,724;22,973;21,523;21,827;23,598;21,959;22,389;21,359;21,667;22,348;21,094;22,063;23,008;22,069;22,357;21,964;21,771;20,617;21,374;22,238;21,917;21,622;21,886;20,795;21,871;21,523;20,621;20,586;21,912;22,006;19,658;21,256;20,362;19,83;19,849;19,662;20,054;20,207;19,444;20,33;18,63;21,057;20,104;18,889;20,019;21,059;19,945;19,897
F07;X4;;Blanked.4;-1,471;-5,279;-9,529;-13,792;-16,118;-16,056;-15,945;-13,979;-16,628;-15,152;-13,947;-15,965;-14,564;-15,878;-14,592;-14,716;-15,008;-11,148;-12,478;-14,39;-12,714;-13,424;-10,748;-13,531;-11,427;-12,588;-10,373;-11,531;-10,139;-10,842;-9,871;-10,53;-11,776;-13,356;-11,541;-11,155;-11,536;-8,868;-9,51;-11,908;-7,847;-10,184;-8,391;-9,145;-8,249;-6,157;-8,162;-5,679;-6,567;-5,544;-4,768;-4,347;-4,053;-5,366;-1,204;-1,72;-1,422;0,289;0,186;0,995;-0,298;1,873;3,73;4,274;5,478;5,062;6,547;8,615;9,213;9,749;13,532;11,717;13,801;13,393;17,173;16,729;19,992;21,048;20,693;21,36;22,68;23,006;22,902;22,672;24,789;23,442;23,209;24,282;23,481;24,033;22,849;23,751;23,857;22,937;23,118;22,776;21,196;21,726;22,558;21,826;23,075;21,625;21,929;23,7;22,061;22,491;21,461;21,768;22,45;21,196;22,165;23,11;22,17;22,458;22,066;21,872;20,718;21,476;22,34;22,019;21,723;21,988;20,897;21,972;21,625;20,723;20,688;22,014;22,108;19,759;21,358;20,463;19,932;19,95;19,763;20,155;20,309;19,546;20,431;18,73;21,158;20,205;18,99;20,121;21,16;20,046;19,998
F08;X4;;Blanked.4;-11,329;-15,112;-16,966;-20,228;-21,057;-22,126;-20,892;-22,778;-21,311;-20,876;-21,508;-22,466;-22,998;-20,239;-20,55;-20,33;-22,481;-20,682;-21,796;-21,67;-21,307;-19,501;-20,024;-22,431;-19,781;-20,614;-19,533;-19,665;-20,629;-19,887;-18,546;-18,451;-20,604;-20,231;-19,849;-19,363;-21,065;-20,046;-18,389;-21,352;-17,767;-19,958;-17,83;-18,526;-18,706;-16,468;-18,057;-18,05;-17,63;-17,444;-15,416;-14,454;-15,148;-14,272;-13,817;-13,102;-10,563;-12,608;-11,439;-10,083;-12,41;-8,487;-7,477;-8,018;-6,242;-5,784;-5,982;-4,276;-3,983;-1,093;0,779;-0,325;3,414;3,677;6,555;6,176;8,637;11,793;10,571;12,909;14,531;16,852;18,271;18,142;21,152;21,506;22,091;23,489;23,149;23,924;22,845;23,817;23,943;23,036;23,216;22,881;21,301;21,831;22,664;21,931;23,18;21,731;22,034;23,805;22,167;22,596;21,566;21,874;22,555;21,302;22,27;23,215;22,276;22,564;22,172;21,977;20,823;21,581;22,445;22,124;21,828;22,093;21,002;22,078;21,73;20,828;20,793;22,119;22,213;19,864;21,463;20,568;20,037;20,055;19,868;20,26;20,414;19,65;20,535;18,834;21,263;20,309;19,095;20,225;21,265;20,151;20,103
F09;X4;;Blanked.4;-1,142;-4,221;-7,77;-10,505;-11,335;-11,434;-11,815;-12,246;-12,673;-14,469;-12,45;-15,42;-13,09;-11,854;-13,774;-11,965;-12,119;-13,464;-13,777;-13,221;-11,771;-12,437;-11,937;-12,169;-12,93;-11,146;-12,227;-11,577;-12,047;-12,313;-9,707;-10,005;-13,443;-10,907;-10,981;-11,811;-12,415;-8,278;-10,6;-12,439;-10,274;-11,13;-8,94;-11,031;-11,133;-7,923;-8,838;-9,567;-10,318;-8,729;-10,326;-8,145;-7,974;-6,174;-5,458;-6,838;-3,078;-5,117;-2,73;-2,385;-1,036;-0,419;-0,282;0,159;0,285;2,488;2,017;5,456;3,767;7,397;9,997;8,33;11,564;12,797;12,115;14,464;17,373;18,469;17,448;19,434;21,375;22,33;22,638;22,33;24,567;23,475;23,281;24,4;23,669;24,233;23,056;23,958;24,064;23,144;23,325;22,983;21,402;21,933;22,765;22,033;23,282;21,832;22,136;23,907;22,269;22,698;21,668;21,975;22,657;21,404;22,372;23,317;22,378;22,665;22,274;22,079;20,924;21,683;22,547;22,225;21,93;22,195;21,104;22,179;21,831;20,93;20,895;22,22;22,314;19,966;21,565;20,67;20,138;20,157;19,97;20,361;20,515;19,752;20,637;18,935;21,364;20,411;19,196;20,327;21,366;20,252;20,205
F10;X4;;Blanked.4;4,443;5,398;2,443;0,093;-1,715;-3,212;-4,773;-4,338;-4,087;-5,265;-4,245;-6,205;-3,832;-2,975;-4,552;-3,911;-4,42;-3,77;-3,421;-4,131;-3,83;-2,998;-3,045;-3,88;-1,429;-3,271;-2,036;-2,758;-1,572;-3,277;-0,523;-2,166;-2,18;-1,738;-2,911;-1,881;-1,107;-0,08;-2,326;-1,725;-0,797;-1,559;0,827;-0,194;-0,479;1,001;-0,499;2,02;0,775;1,536;1,782;3,081;3,822;4,419;5,127;4,32;6,733;5,569;6,251;7,263;6,843;9,167;10,262;9,758;11,741;11,535;13,021;13,535;14,841;15,815;17,6;17,341;19,953;19,983;21,155;21,613;23,076;23,677;23,113;23,155;24,083;24,173;23,606;23,209;25,302;23,813;23,554;24,614;23,797;24,341;23,161;24,063;24,166;23,246;23,427;23,085;21,504;22,035;22,867;22,135;23,384;21,934;22,238;24,009;22,371;22,8;21,77;22,077;22,759;21,505;22,474;23,418;22,48;22,767;22,375;22,181;21,025;21,784;22,649;22,327;22,032;22,297;21,206;22,281;21,933;21,031;20,997;22,322;22,416;20,067;21,666;20,772;20,24;20,259;20,071;20,463;20,616;19,853;20,738;19,035;21,465;20,512;19,297;20,428;21,468;20,354;20,306
C03;B1;;Cal.Biomass[DCW [g/L]]:FS=2;0;0;0;0;0;0;0;0;0;0;0;0;0;0;0;0;0;0;0;0;0;0;0;0;0;0;0;0;0;0;0;0;0;0;0;0;0;0;0;0;0;0;0;0;0;0;0;0;0;0;0;0;0;0;0;0;0;0;0;0;0;0;0;0;0;0;0;0;0;0;0;0;0;0;0;0;0;0;0;0;0;0;0;0;0;0;0;0;0;0;0;0;0;0;0;0;0;0;0;0;0;0;0;0;0;0;0;0;0;0;0;0;0;0;0;0;0;0;0;0;0;0;0;0;0;0;0;0;0;0;0;0;0;0;0;0;0;0;0;0;0;0;0;0;0;0;0
C04;B1;;Cal.Biomass[DCW [g/L]]:FS=2;0;0;0;0;0;0;0;0;0;0;0;0;0;0;0;0;0;0;0;0;0;0;0;0;0;0;0;0;0;0;0;0;0;0;0;0;0;0;0;0;0;0;0;0;0;0;0;0;0;0;0;0;0;0;0;0;0;0;0;0;0;0;0;0;0;0;0;0;0;0;0;0;0;0;0;0;0;0;0;0;0;0;0;0;0;0;0;0;0;0;0;0;0;0;0;0;0;0;0;0;0;0;0;0;0;0;0;0;0;0;0;0;0;0;0;0;0;0;0;0;0;0;0;0;0;0;0;0;0;0;0;0;0;0;0;0;0;0;0;0;0;0;0;0;0;0;0
C05;B1;;Cal.Biomass[DCW [g/L]]:FS=2;0;0;0;0;0;0;0;0;0;0;0;0;0;0;0;0;0;0;0;0;0;0;0;0;0;0;0;0;0;0;0;0;0;0;0;0;0;0;0;0;0;0;0;0;0;0;0;0;0;0;0;0;0;0;0;0;0;0;0;0;0;0;0;0;0;0;0;0;0;0;0;0;0;0;0;0;0;0;0;0;0;0;0;0;0;0;0;0;0;0;0;0;0;0;0;0;0;0;0;0;0;0;0;0;0;0;0;0;0;0;0;0;0;0;0;0;0;0;0;0;0;0;0;0;0;0;0;0;0;0;0;0;0;0;0;0;0;0;0;0;0;0;0;0;0;0;0
C06;X1;;Cal.Biomass[DCW [g/L]]:FS=2;0;0;0;0;0;0;0;0;0;0;0;0;0;0;0;0;0;0;0;0;0;0;0;0;0;0;0;0;0;0;0;0;0;0;0;0;0;0;0;0;0;0;0;0;0;0;0;0;0;0;0;0;0;0;0;0;0;0;0;0;0;0;0;0;0;0;0;0;0;0;0;0;0;0;0;0;0;0;0;0;0;0;0;0;0;0;0;0;0;0;0;0;0;0;0;0;0;0;0;0;0;0;0;0;0;0;0;0;0;0;0;0;0;0;0;0;0;0;0;0;0;0;0;0;0;0;0;0;0;0;0;0;0;0;0;0;0;0;0;0;0;0;0;0;0;0;0
C07;X1;;Cal.Biomass[DCW [g/L]]:FS=2;0;0;0;0;0;0;0;0;0;0;0;0;0;0;0;0;0;0;0;0;0;0;0;0;0;0;0;0;0;0;0;0;0;0;0;0;0;0;0;0;0;0;0;0;0;0;0;0;0;0;0;0;0;0;0;0;0;0;0;0;0;0;0;0;0;0;0;0;0;0;0;0;0;0;0;0;0;0;0;0;0;0;0;0;0;0;0;0;0;0;0;0;0;0;0;0;0;0;0;0;0;0;0;0;0;0;0;0;0;0;0;0;0;0;0;0;0;0;0;0;0;0;0;0;0;0;0;0;0;0;0;0;0;0;0;0;0;0;0;0;0;0;0;0;0;0;0
C08;X1;;Cal.Biomass[DCW [g/L]]:FS=2;0;0;0;0;0;0;0;0;0;0;0;0;0;0;0;0;0;0;0;0;0;0;0;0;0;0;0;0;0;0;0;0;0;0;0;0;0;0;0;0;0;0;0;0;0;0;0;0;0;0;0;0;0;0;0;0;0;0;0;0;0;0;0;0;0;0;0;0;0;0;0;0;0;0;0;0;0;0;0;0;0;0;0;0;0;0;0;0;0;0;0;0;0;0;0;0;0;0;0;0;0;0;0;0;0;0;0;0;0;0;0;0;0;0;0;0;0;0;0;0;0;0;0;0;0;0;0;0;0;0;0;0;0;0;0;0;0;0;0;0;0;0;0;0;0;0;0
C09;X1;;Cal.Biomass[DCW [g/L]]:FS=2;0;0;0;0;0;0;0;0;0;0;0;0;0;0;0;0;0;0;0;0;0;0;0;0;0;0;0;0;0;0;0;0;0;0;0;0;0;0;0;0;0;0;0;0;0;0;0;0;0;0;0;0;0;0;0;0;0;0;0;0;0;0;0;0;0;0;0;0;0;0;0;0;0;0;0;0;0;0;0;0;0;0;0;0;0;0;0;0;0;0;0;0;0;0;0;0;0;0;0;0;0;0;0;0;0;0;0;0;0;0;0;0;0;0;0;0;0;0;0;0;0;0;0;0;0;0;0;0;0;0;0;0;0;0;0;0;0;0;0;0;0;0;0;0;0;0;0
C10;X1;;Cal.Biomass[DCW [g/L]]:FS=2;0;0;0;0;0;0;0;0;0;0;0;0;0;0;0;0;0;0;0;0;0;0;0;0;0;0;0;0;0;0;0;0;0;0;0;0;0;0;0;0;0;0;0;0;0;0;0;0;0;0;0;0;0;0;0;0;0;0;0;0;0;0;0;0;0;0;0;0;0;0;0;0;0;0;0;0;0;0;0;0;0;0;0;0;0;0;0;0;0;0;0;0;0;0;0;0;0;0;0;0;0;0;0;0;0;0;0;0;0;0;0;0;0;0;0;0;0;0;0;0;0;0;0;0;0;0;0;0;0;0;0;0;0;0;0;0;0;0;0;0;0;0;0;0;0;0;0
D03;B2;;Cal.Biomass[DCW [g/L]]:FS=2;0;0;0;0;0;0;0;0;0;0;0;0;0;0;0;0;0;0;0;0;0;0;0;0;0;0;0;0;0;0;0;0;0;0;0;0;0;0;0;0;0;0;0;0;0;0;0;0;0;0;0;0;0;0;0;0;0;0;0;0;0;0;0;0;0;0;0;0;0;0;0;0;0;0;0;0;0;0;0;0;0;0;0;0;0;0;0;0;0;0;0;0;0;0;0;0;0;0;0;0;0;0;0;0;0;0;0;0;0;0;0;0;0;0;0;0;0;0;0;0;0;0;0;0;0;0;0;0;0;0;0;0;0;0;0;0;0;0;0;0;0;0;0;0;0;0;0
D04;B2;;Cal.Biomass[DCW [g/L]]:FS=2;0;0;0;0;0;0;0;0;0;0;0;0;0;0;0;0;0;0;0;0;0;0;0;0;0;0;0;0;0;0;0;0;0;0;0;0;0;0;0;0;0;0;0;0;0;0;0;0;0;0;0;0;0;0;0;0;0;0;0;0;0;0;0;0;0;0;0;0;0;0;0;0;0;0;0;0;0;0;0;0;0;0;0;0;0;0;0;0;0;0;0;0;0;0;0;0;0;0;0;0;0;0;0;0;0;0;0;0;0;0;0;0;0;0;0;0;0;0;0;0;0;0;0;0;0;0;0;0;0;0;0;0;0;0;0;0;0;0;0;0;0;0;0;0;0;0;0
D05;B2;;Cal.Biomass[DCW [g/L]]:FS=2;0;0;0;0;0;0;0;0;0;0;0;0;0;0;0;0;0;0;0;0;0;0;0;0;0;0;0;0;0;0;0;0;0;0;0;0;0;0;0;0;0;0;0;0;0;0;0;0;0;0;0;0;0;0;0;0;0;0;0;0;0;0;0;0;0;0;0;0;0;0;0;0;0;0;0;0;0;0;0;0;0;0;0;0;0;0;0;0;0;0;0;0;0;0;0;0;0;0;0;0;0;0;0;0;0;0;0;0;0;0;0;0;0;0;0;0;0;0;0;0;0;0;0;0;0;0;0;0;0;0;0;0;0;0;0;0;0;0;0;0;0;0;0;0;0;0;0
D06;X2;;Cal.Biomass[DCW [g/L]]:FS=2;0;0;0;0;0;0;0;0;0;0;0;0;0;0;0;0;0;0;0;0;0;0;0;0;0;0;0;0;0;0;0;0;0;0;0;0;0;0;0;0;0;0;0;0;0;0;0;0;0;0;0;0;0;0;0;0;0;0;0;0;0;0;0;0;0;0;0;0;0;0;0;0;0;0;0;0;0;0;0;0;0;0;0;0;0;0;0;0;0;0;0;0;0;0;0;0;0;0;0;0;0;0;0;0;0;0;0;0;0;0;0;0;0;0;0;0;0;0;0;0;0;0;0;0;0;0;0;0;0;0;0;0;0;0;0;0;0;0;0;0;0;0;0;0;0;0;0
D07;X2;;Cal.Biomass[DCW [g/L]]:FS=2;0;0;0;0;0;0;0;0;0;0;0;0;0;0;0;0;0;0;0;0;0;0;0;0;0;0;0;0;0;0;0;0;0;0;0;0;0;0;0;0;0;0;0;0;0;0;0;0;0;0;0;0;0;0;0;0;0;0;0;0;0;0;0;0;0;0;0;0;0;0;0;0;0;0;0;0;0;0;0;0;0;0;0;0;0;0;0;0;0;0;0;0;0;0;0;0;0;0;0;0;0;0;0;0;0;0;0;0;0;0;0;0;0;0;0;0;0;0;0;0;0;0;0;0;0;0;0;0;0;0;0;0;0;0;0;0;0;0;0;0;0;0;0;0;0;0;0
D08;X2;;Cal.Biomass[DCW [g/L]]:FS=2;0;0;0;0;0;0;0;0;0;0;0;0;0;0;0;0;0;0;0;0;0;0;0;0;0;0;0;0;0;0;0;0;0;0;0;0;0;0;0;0;0;0;0;0;0;0;0;0;0;0;0;0;0;0;0;0;0;0;0;0;0;0;0;0;0;0;0;0;0;0;0;0;0;0;0;0;0;0;0;0;0;0;0;0;0;0;0;0;0;0;0;0;0;0;0;0;0;0;0;0;0;0;0;0;0;0;0;0;0;0;0;0;0;0;0;0;0;0;0;0;0;0;0;0;0;0;0;0;0;0;0;0;0;0;0;0;0;0;0;0;0;0;0;0;0;0;0
D09;X2;;Cal.Biomass[DCW [g/L]]:FS=2;0;0;0;0;0;0;0;0;0;0;0;0;0;0;0;0;0;0;0;0;0;0;0;0;0;0;0;0;0;0;0;0;0;0;0;0;0;0;0;0;0;0;0;0;0;0;0;0;0;0;0;0;0;0;0;0;0;0;0;0;0;0;0;0;0;0;0;0;0;0;0;0;0;0;0;0;0;0;0;0;0;0;0;0;0;0;0;0;0;0;0;0;0;0;0;0;0;0;0;0;0;0;0;0;0;0;0;0;0;0;0;0;0;0;0;0;0;0;0;0;0;0;0;0;0;0;0;0;0;0;0;0;0;0;0;0;0;0;0;0;0;0;0;0;0;0;0
D10;X2;;Cal.Biomass[DCW [g/L]]:FS=2;0;0;0;0;0;0;0;0;0;0;0;0;0;0;0;0;0;0;0;0;0;0;0;0;0;0;0;0;0;0;0;0;0;0;0;0;0;0;0;0;0;0;0;0;0;0;0;0;0;0;0;0;0;0;0;0;0;0;0;0;0;0;0;0;0;0;0;0;0;0;0;0;0;0;0;0;0;0;0;0;0;0;0;0;0;0;0;0;0;0;0;0;0;0;0;0;0;0;0;0;0;0;0;0;0;0;0;0;0;0;0;0;0;0;0;0;0;0;0;0;0;0;0;0;0;0;0;0;0;0;0;0;0;0;0;0;0;0;0;0;0;0;0;0;0;0;0
E03;B3;;Cal.Biomass[DCW [g/L]]:FS=2;0;0;0;0;0;0;0;0;0;0;0;0;0;0;0;0;0;0;0;0;0;0;0;0;0;0;0;0;0;0;0;0;0;0;0;0;0;0;0;0;0;0;0;0;0;0;0;0;0;0;0;0;0;0;0;0;0;0;0;0;0;0;0;0;0;0;0;0;0;0;0;0;0;0;0;0;0;0;0;0;0;0;0;0;0;0;0;0;0;0;0;0;0;0;0;0;0;0;0;0;0;0;0;0;0;0;0;0;0;0;0;0;0;0;0;0;0;0;0;0;0;0;0;0;0;0;0;0;0;0;0;0;0;0;0;0;0;0;0;0;0;0;0;0;0;0;0
E04;B3;;Cal.Biomass[DCW [g/L]]:FS=2;0;0;0;0;0;0;0;0;0;0;0;0;0;0;0;0;0;0;0;0;0;0;0;0;0;0;0;0;0;0;0;0;0;0;0;0;0;0;0;0;0;0;0;0;0;0;0;0;0;0;0;0;0;0;0;0;0;0;0;0;0;0;0;0;0;0;0;0;0;0;0;0;0;0;0;0;0;0;0;0;0;0;0;0;0;0;0;0;0;0;0;0;0;0;0;0;0;0;0;0;0;0;0;0;0;0;0;0;0;0;0;0;0;0;0;0;0;0;0;0;0;0;0;0;0;0;0;0;0;0;0;0;0;0;0;0;0;0;0;0;0;0;0;0;0;0;0
E05;B3;;Cal.Biomass[DCW [g/L]]:FS=2;0;0;0;0;0;0;0;0;0;0;0;0;0;0;0;0;0;0;0;0;0;0;0;0;0;0;0;0;0;0;0;0;0;0;0;0;0;0;0;0;0;0;0;0;0;0;0;0;0;0;0;0;0;0;0;0;0;0;0;0;0;0;0;0;0;0;0;0;0;0;0;0;0;0;0;0;0;0;0;0;0;0;0;0;0;0;0;0;0;0;0;0;0;0;0;0;0;0;0;0;0;0;0;0;0;0;0;0;0;0;0;0;0;0;0;0;0;0;0;0;0;0;0;0;0;0;0;0;0;0;0;0;0;0;0;0;0;0;0;0;0;0;0;0;0;0;0
E06;X3;;Cal.Biomass[DCW [g/L]]:FS=2;0;0;0;0;0;0;0;0;0;0;0;0;0;0;0;0;0;0;0;0;0;0;0;0;0;0;0;0;0;0;0;0;0;0;0;0;0;0;0;0;0;0;0;0;0;0;0;0;0;0;0;0;0;0;0;0;0;0;0;0;0;0;0;0;0;0;0;0;0;0;0;0;0;0;0;0;0;0;0;0;0;0;0;0;0;0;0;0;0;0;0;0;0;0;0;0;0;0;0;0;0;0;0;0;0;0;0;0;0;0;0;0;0;0;0;0;0;0;0;0;0;0;0;0;0;0;0;0;0;0;0;0;0;0;0;0;0;0;0;0;0;0;0;0;0;0;0
E07;X3;;Cal.Biomass[DCW [g/L]]:FS=2;0;0;0;0;0;0;0;0;0;0;0;0;0;0;0;0;0;0;0;0;0;0;0;0;0;0;0;0;0;0;0;0;0;0;0;0;0;0;0;0;0;0;0;0;0;0;0;0;0;0;0;0;0;0;0;0;0;0;0;0;0;0;0;0;0;0;0;0;0;0;0;0;0;0;0;0;0;0;0;0;0;0;0;0;0;0;0;0;0;0;0;0;0;0;0;0;0;0;0;0;0;0;0;0;0;0;0;0;0;0;0;0;0;0;0;0;0;0;0;0;0;0;0;0;0;0;0;0;0;0;0;0;0;0;0;0;0;0;0;0;0;0;0;0;0;0;0
E08;X3;;Cal.Biomass[DCW [g/L]]:FS=2;0;0;0;0;0;0;0;0;0;0;0;0;0;0;0;0;0;0;0;0;0;0;0;0;0;0;0;0;0;0;0;0;0;0;0;0;0;0;0;0;0;0;0;0;0;0;0;0;0;0;0;0;0;0;0;0;0;0;0;0;0;0;0;0;0;0;0;0;0;0;0;0;0;0;0;0;0;0;0;0;0;0;0;0;0;0;0;0;0;0;0;0;0;0;0;0;0;0;0;0;0;0;0;0;0;0;0;0;0;0;0;0;0;0;0;0;0;0;0;0;0;0;0;0;0;0;0;0;0;0;0;0;0;0;0;0;0;0;0;0;0;0;0;0;0;0;0
E09;X3;;Cal.Biomass[DCW [g/L]]:FS=2;0;0;0;0;0;0;0;0;0;0;0;0;0;0;0;0;0;0;0;0;0;0;0;0;0;0;0;0;0;0;0;0;0;0;0;0;0;0;0;0;0;0;0;0;0;0;0;0;0;0;0;0;0;0;0;0;0;0;0;0;0;0;0;0;0;0;0;0;0;0;0;0;0;0;0;0;0;0;0;0;0;0;0;0;0;0;0;0;0;0;0;0;0;0;0;0;0;0;0;0;0;0;0;0;0;0;0;0;0;0;0;0;0;0;0;0;0;0;0;0;0;0;0;0;0;0;0;0;0;0;0;0;0;0;0;0;0;0;0;0;0;0;0;0;0;0;0
E10;X3;;Cal.Biomass[DCW [g/L]]:FS=2;0;0;0;0;0;0;0;0;0;0;0;0;0;0;0;0;0;0;0;0;0;0;0;0;0;0;0;0;0;0;0;0;0;0;0;0;0;0;0;0;0;0;0;0;0;0;0;0;0;0;0;0;0;0;0;0;0;0;0;0;0;0;0;0;0;0;0;0;0;0;0;0;0;0;0;0;0;0;0;0;0;0;0;0;0;0;0;0;0;0;0;0;0;0;0;0;0;0;0;0;0;0;0;0;0;0;0;0;0;0;0;0;0;0;0;0;0;0;0;0;0;0;0;0;0;0;0;0;0;0;0;0;0;0;0;0;0;0;0;0;0;0;0;0;0;0;0
F03;B4;;Cal.Biomass[DCW [g/L]]:FS=2;0;0;0;0;0;0;0;0;0;0;0;0;0;0;0;0;0;0;0;0;0;0;0;0;0;0;0;0;0;0;0;0;0;0;0;0;0;0;0;0;0;0;0;0;0;0;0;0;0;0;0;0;0;0;0;0;0;0;0;0;0;0;0;0;0;0;0;0;0;0;0;0;0;0;0;0;0;0;0;0;0;0;0;0;0;0;0;0;0;0;0;0;0;0;0;0;0;0;0;0;0;0;0;0;0;0;0;0;0;0;0;0;0;0;0;0;0;0;0;0;0;0;0;0;0;0;0;0;0;0;0;0;0;0;0;0;0;0;0;0;0;0;0;0;0;0;0
F04;B4;;Cal.Biomass[DCW [g/L]]:FS=2;0;0;0;0;0;0;0;0;0;0;0;0;0;0;0;0;0;0;0;0;0;0;0;0;0;0;0;0;0;0;0;0;0;0;0;0;0;0;0;0;0;0;0;0;0;0;0;0;0;0;0;0;0;0;0;0;0;0;0;0;0;0;0;0;0;0;0;0;0;0;0;0;0;0;0;0;0;0;0;0;0;0;0;0;0;0;0;0;0;0;0;0;0;0;0;0;0;0;0;0;0;0;0;0;0;0;0;0;0;0;0;0;0;0;0;0;0;0;0;0;0;0;0;0;0;0;0;0;0;0;0;0;0;0;0;0;0;0;0;0;0;0;0;0;0;0;0
F05;B4;;Cal.Biomass[DCW [g/L]]:FS=2;0;0;0;0;0;0;0;0;0;0;0;0;0;0;0;0;0;0;0;0;0;0;0;0;0;0;0;0;0;0;0;0;0;0;0;0;0;0;0;0;0;0;0;0;0;0;0;0;0;0;0;0;0;0;0;0;0;0;0;0;0;0;0;0;0;0;0;0;0;0;0;0;0;0;0;0;0;0;0;0;0;0;0;0;0;0;0;0;0;0;0;0;0;0;0;0;0;0;0;0;0;0;0;0;0;0;0;0;0;0;0;0;0;0;0;0;0;0;0;0;0;0;0;0;0;0;0;0;0;0;0;0;0;0;0;0;0;0;0;0;0;0;0;0;0;0;0
F06;X4;;Cal.Biomass[DCW [g/L]]:FS=2;0;0;0;0;0;0;0;0;0;0;0;0;0;0;0;0;0;0;0;0;0;0;0;0;0;0;0;0;0;0;0;0;0;0;0;0;0;0;0;0;0;0;0;0;0;0;0;0;0;0;0;0;0;0;0;0;0;0;0;0;0;0;0;0;0;0;0;0;0;0;0;0;0;0;0;0;0;0;0;0;0;0;0;0;0;0;0;0;0;0;0;0;0;0;0;0;0;0;0;0;0;0;0;0;0;0;0;0;0;0;0;0;0;0;0;0;0;0;0;0;0;0;0;0;0;0;0;0;0;0;0;0;0;0;0;0;0;0;0;0;0;0;0;0;0;0;0
F07;X4;;Cal.Biomass[DCW [g/L]]:FS=2;0;0;0;0;0;0;0;0;0;0;0;0;0;0;0;0;0;0;0;0;0;0;0;0;0;0;0;0;0;0;0;0;0;0;0;0;0;0;0;0;0;0;0;0;0;0;0;0;0;0;0;0;0;0;0;0;0;0;0;0;0;0;0;0;0;0;0;0;0;0;0;0;0;0;0;0;0;0;0;0;0;0;0;0;0;0;0;0;0;0;0;0;0;0;0;0;0;0;0;0;0;0;0;0;0;0;0;0;0;0;0;0;0;0;0;0;0;0;0;0;0;0;0;0;0;0;0;0;0;0;0;0;0;0;0;0;0;0;0;0;0;0;0;0;0;0;0
F08;X4;;Cal.Biomass[DCW [g/L]]:FS=2;0;0;0;0;0;0;0;0;0;0;0;0;0;0;0;0;0;0;0;0;0;0;0;0;0;0;0;0;0;0;0;0;0;0;0;0;0;0;0;0;0;0;0;0;0;0;0;0;0;0;0;0;0;0;0;0;0;0;0;0;0;0;0;0;0;0;0;0;0;0;0;0;0;0;0;0;0;0;0;0;0;0;0;0;0;0;0;0;0;0;0;0;0;0;0;0;0;0;0;0;0;0;0;0;0;0;0;0;0;0;0;0;0;0;0;0;0;0;0;0;0;0;0;0;0;0;0;0;0;0;0;0;0;0;0;0;0;0;0;0;0;0;0;0;0;0;0
F09;X4;;Cal.Biomass[DCW [g/L]]:FS=2;0;0;0;0;0;0;0;0;0;0;0;0;0;0;0;0;0;0;0;0;0;0;0;0;0;0;0;0;0;0;0;0;0;0;0;0;0;0;0;0;0;0;0;0;0;0;0;0;0;0;0;0;0;0;0;0;0;0;0;0;0;0;0;0;0;0;0;0;0;0;0;0;0;0;0;0;0;0;0;0;0;0;0;0;0;0;0;0;0;0;0;0;0;0;0;0;0;0;0;0;0;0;0;0;0;0;0;0;0;0;0;0;0;0;0;0;0;0;0;0;0;0;0;0;0;0;0;0;0;0;0;0;0;0;0;0;0;0;0;0;0;0;0;0;0;0;0
F10;X4;;Cal.Biomass[DCW [g/L]]:FS=2;0;0;0;0;0;0;0;0;0;0;0;0;0;0;0;0;0;0;0;0;0;0;0;0;0;0;0;0;0;0;0;0;0;0;0;0;0;0;0;0;0;0;0;0;0;0;0;0;0;0;0;0;0;0;0;0;0;0;0;0;0;0;0;0;0;0;0;0;0;0;0;0;0;0;0;0;0;0;0;0;0;0;0;0;0;0;0;0;0;0;0;0;0;0;0;0;0;0;0;0;0;0;0;0;0;0;0;0;0;0;0;0;0;0;0;0;0;0;0;0;0;0;0;0;0;0;0;0;0;0;0;0;0;0;0;0;0;0;0;0;0;0;0;0;0;0;0
C03;B1;;Cal.Biomass[DCW [g/L]]:FS=1;0;0;0;0;0;0;0;0;0;0;0;0;0;0;0;0;0;0;0;0;0;0;0;0;0;0;0;0;0;0;0;0;0;0;0;0;0;0;0;0;0;0;0;0;0;0;0;0;0;0;0;0;0;0;0;0;0;0;0;0;0;0;0;0;0;0;0;0;0;0;0;0;0;0;0;0;0;0;0;0;0;0;0;0;0;0;0;0;0;0;0;0;0;0;0;0;0;0;0;0;0;0;0;0;0;0;0;0;0;0;0;0;0;0;0;0;0;0;0;0;0;0;0;0;0;0;0;0;0;0;0;0;0;0;0;0;0;0;0;0;0;0;0;0;0;0;0
C04;B1;;Cal.Biomass[DCW [g/L]]:FS=1;0;0;0;0;0;0;0;0;0;0;0;0;0;0;0;0;0;0;0;0;0;0;0;0;0;0;0;0;0;0;0;0;0;0;0;0;0;0;0;0;0;0;0;0;0;0;0;0;0;0;0;0;0;0;0;0;0;0;0;0;0;0;0;0;0;0;0;0;0;0;0;0;0;0;0;0;0;0;0;0;0;0;0;0;0;0;0;0;0;0;0;0;0;0;0;0;0;0;0;0;0;0;0;0;0;0;0;0;0;0;0;0;0;0;0;0;0;0;0;0;0;0;0;0;0;0;0;0;0;0;0;0;0;0;0;0;0;0;0;0;0;0;0;0;0;0;0
C05;B1;;Cal.Biomass[DCW [g/L]]:FS=1;0;0;0;0;0;0;0;0;0;0;0;0;0;0;0;0;0;0;0;0;0;0;0;0;0;0;0;0;0;0;0;0;0;0;0;0;0;0;0;0;0;0;0;0;0;0;0;0;0;0;0;0;0;0;0;0;0;0;0;0;0;0;0;0;0;0;0;0;0;0;0;0;0;0;0;0;0;0;0;0;0;0;0;0;0;0;0;0;0;0;0;0;0;0;0;0;0;0;0;0;0;0;0;0;0;0;0;0;0;0;0;0;0;0;0;0;0;0;0;0;0;0;0;0;0;0;0;0;0;0;0;0;0;0;0;0;0;0;0;0;0;0;0;0;0;0;0
C06;X1;;Cal.Biomass[DCW [g/L]]:FS=1;0;0;0;0;0;0;0;0;0;0;0;0;0;0;0;0;0;0;0;0;0;0;0;0;0;0;0;0;0;0;0;0;0;0;0;0;0;0;0;0;0;0;0;0;0;0;0;0;0;0;0;0;0;0;0;0;0;0;0;0;0;0;0;0;0;0;0;0;0;0;0;0;0;0;0;0;0;0;0;0;0;0;0;0;0;0;0;0;0;0;0;0;0;0;0;0;0;0;0;0;0;0;0;0;0;0;0;0;0;0;0;0;0;0;0;0;0;0;0;0;0;0;0;0;0;0;0;0;0;0;0;0;0;0;0;0;0;0;0;0;0;0;0;0;0;0;0
C07;X1;;Cal.Biomass[DCW [g/L]]:FS=1;0;0;0;0;0;0;0;0;0;0;0;0;0;0;0;0;0;0;0;0;0;0;0;0;0;0;0;0;0;0;0;0;0;0;0;0;0;0;0;0;0;0;0;0;0;0;0;0;0;0;0;0;0;0;0;0;0;0;0;0;0;0;0;0;0;0;0;0;0;0;0;0;0;0;0;0;0;0;0;0;0;0;0;0;0;0;0;0;0;0;0;0;0;0;0;0;0;0;0;0;0;0;0;0;0;0;0;0;0;0;0;0;0;0;0;0;0;0;0;0;0;0;0;0;0;0;0;0;0;0;0;0;0;0;0;0;0;0;0;0;0;0;0;0;0;0;0
C08;X1;;Cal.Biomass[DCW [g/L]]:FS=1;0;0;0;0;0;0;0;0;0;0;0;0;0;0;0;0;0;0;0;0;0;0;0;0;0;0;0;0;0;0;0;0;0;0;0;0;0;0;0;0;0;0;0;0;0;0;0;0;0;0;0;0;0;0;0;0;0;0;0;0;0;0;0;0;0;0;0;0;0;0;0;0;0;0;0;0;0;0;0;0;0;0;0;0;0;0;0;0;0;0;0;0;0;0;0;0;0;0;0;0;0;0;0;0;0;0;0;0;0;0;0;0;0;0;0;0;0;0;0;0;0;0;0;0;0;0;0;0;0;0;0;0;0;0;0;0;0;0;0;0;0;0;0;0;0;0;0
C09;X1;;Cal.Biomass[DCW [g/L]]:FS=1;0;0;0;0;0;0;0;0;0;0;0;0;0;0;0;0;0;0;0;0;0;0;0;0;0;0;0;0;0;0;0;0;0;0;0;0;0;0;0;0;0;0;0;0;0;0;0;0;0;0;0;0;0;0;0;0;0;0;0;0;0;0;0;0;0;0;0;0;0;0;0;0;0;0;0;0;0;0;0;0;0;0;0;0;0;0;0;0;0;0;0;0;0;0;0;0;0;0;0;0;0;0;0;0;0;0;0;0;0;0;0;0;0;0;0;0;0;0;0;0;0;0;0;0;0;0;0;0;0;0;0;0;0;0;0;0;0;0;0;0;0;0;0;0;0;0;0
C10;X1;;Cal.Biomass[DCW [g/L]]:FS=1;0;0;0;0;0;0;0;0;0;0;0;0;0;0;0;0;0;0;0;0;0;0;0;0;0;0;0;0;0;0;0;0;0;0;0;0;0;0;0;0;0;0;0;0;0;0;0;0;0;0;0;0;0;0;0;0;0;0;0;0;0;0;0;0;0;0;0;0;0;0;0;0;0;0;0;0;0;0;0;0;0;0;0;0;0;0;0;0;0;0;0;0;0;0;0;0;0;0;0;0;0;0;0;0;0;0;0;0;0;0;0;0;0;0;0;0;0;0;0;0;0;0;0;0;0;0;0;0;0;0;0;0;0;0;0;0;0;0;0;0;0;0;0;0;0;0;0
D03;B2;;Cal.Biomass[DCW [g/L]]:FS=1;0;0;0;0;0;0;0;0;0;0;0;0;0;0;0;0;0;0;0;0;0;0;0;0;0;0;0;0;0;0;0;0;0;0;0;0;0;0;0;0;0;0;0;0;0;0;0;0;0;0;0;0;0;0;0;0;0;0;0;0;0;0;0;0;0;0;0;0;0;0;0;0;0;0;0;0;0;0;0;0;0;0;0;0;0;0;0;0;0;0;0;0;0;0;0;0;0;0;0;0;0;0;0;0;0;0;0;0;0;0;0;0;0;0;0;0;0;0;0;0;0;0;0;0;0;0;0;0;0;0;0;0;0;0;0;0;0;0;0;0;0;0;0;0;0;0;0
D04;B2;;Cal.Biomass[DCW [g/L]]:FS=1;0;0;0;0;0;0;0;0;0;0;0;0;0;0;0;0;0;0;0;0;0;0;0;0;0;0;0;0;0;0;0;0;0;0;0;0;0;0;0;0;0;0;0;0;0;0;0;0;0;0;0;0;0;0;0;0;0;0;0;0;0;0;0;0;0;0;0;0;0;0;0;0;0;0;0;0;0;0;0;0;0;0;0;0;0;0;0;0;0;0;0;0;0;0;0;0;0;0;0;0;0;0;0;0;0;0;0;0;0;0;0;0;0;0;0;0;0;0;0;0;0;0;0;0;0;0;0;0;0;0;0;0;0;0;0;0;0;0;0;0;0;0;0;0;0;0;0
D05;B2;;Cal.Biomass[DCW [g/L]]:FS=1;0;0;0;0;0;0;0;0;0;0;0;0;0;0;0;0;0;0;0;0;0;0;0;0;0;0;0;0;0;0;0;0;0;0;0;0;0;0;0;0;0;0;0;0;0;0;0;0;0;0;0;0;0;0;0;0;0;0;0;0;0;0;0;0;0;0;0;0;0;0;0;0;0;0;0;0;0;0;0;0;0;0;0;0;0;0;0;0;0;0;0;0;0;0;0;0;0;0;0;0;0;0;0;0;0;0;0;0;0;0;0;0;0;0;0;0;0;0;0;0;0;0;0;0;0;0;0;0;0;0;0;0;0;0;0;0;0;0;0;0;0;0;0;0;0;0;0
D06;X2;;Cal.Biomass[DCW [g/L]]:FS=1;0;0;0;0;0;0;0;0;0;0;0;0;0;0;0;0;0;0;0;0;0;0;0;0;0;0;0;0;0;0;0;0;0;0;0;0;0;0;0;0;0;0;0;0;0;0;0;0;0;0;0;0;0;0;0;0;0;0;0;0;0;0;0;0;0;0;0;0;0;0;0;0;0;0;0;0;0;0;0;0;0;0;0;0;0;0;0;0;0;0;0;0;0;0;0;0;0;0;0;0;0;0;0;0;0;0;0;0;0;0;0;0;0;0;0;0;0;0;0;0;0;0;0;0;0;0;0;0;0;0;0;0;0;0;0;0;0;0;0;0;0;0;0;0;0;0;0
D07;X2;;Cal.Biomass[DCW [g/L]]:FS=1;0;0;0;0;0;0;0;0;0;0;0;0;0;0;0;0;0;0;0;0;0;0;0;0;0;0;0;0;0;0;0;0;0;0;0;0;0;0;0;0;0;0;0;0;0;0;0;0;0;0;0;0;0;0;0;0;0;0;0;0;0;0;0;0;0;0;0;0;0;0;0;0;0;0;0;0;0;0;0;0;0;0;0;0;0;0;0;0;0;0;0;0;0;0;0;0;0;0;0;0;0;0;0;0;0;0;0;0;0;0;0;0;0;0;0;0;0;0;0;0;0;0;0;0;0;0;0;0;0;0;0;0;0;0;0;0;0;0;0;0;0;0;0;0;0;0;0
D08;X2;;Cal.Biomass[DCW [g/L]]:FS=1;0;0;0;0;0;0;0;0;0;0;0;0;0;0;0;0;0;0;0;0;0;0;0;0;0;0;0;0;0;0;0;0;0;0;0;0;0;0;0;0;0;0;0;0;0;0;0;0;0;0;0;0;0;0;0;0;0;0;0;0;0;0;0;0;0;0;0;0;0;0;0;0;0;0;0;0;0;0;0;0;0;0;0;0;0;0;0;0;0;0;0;0;0;0;0;0;0;0;0;0;0;0;0;0;0;0;0;0;0;0;0;0;0;0;0;0;0;0;0;0;0;0;0;0;0;0;0;0;0;0;0;0;0;0;0;0;0;0;0;0;0;0;0;0;0;0;0
D09;X2;;Cal.Biomass[DCW [g/L]]:FS=1;0;0;0;0;0;0;0;0;0;0;0;0;0;0;0;0;0;0;0;0;0;0;0;0;0;0;0;0;0;0;0;0;0;0;0;0;0;0;0;0;0;0;0;0;0;0;0;0;0;0;0;0;0;0;0;0;0;0;0;0;0;0;0;0;0;0;0;0;0;0;0;0;0;0;0;0;0;0;0;0;0;0;0;0;0;0;0;0;0;0;0;0;0;0;0;0;0;0;0;0;0;0;0;0;0;0;0;0;0;0;0;0;0;0;0;0;0;0;0;0;0;0;0;0;0;0;0;0;0;0;0;0;0;0;0;0;0;0;0;0;0;0;0;0;0;0;0
D10;X2;;Cal.Biomass[DCW [g/L]]:FS=1;0;0;0;0;0;0;0;0;0;0;0;0;0;0;0;0;0;0;0;0;0;0;0;0;0;0;0;0;0;0;0;0;0;0;0;0;0;0;0;0;0;0;0;0;0;0;0;0;0;0;0;0;0;0;0;0;0;0;0;0;0;0;0;0;0;0;0;0;0;0;0;0;0;0;0;0;0;0;0;0;0;0;0;0;0;0;0;0;0;0;0;0;0;0;0;0;0;0;0;0;0;0;0;0;0;0;0;0;0;0;0;0;0;0;0;0;0;0;0;0;0;0;0;0;0;0;0;0;0;0;0;0;0;0;0;0;0;0;0;0;0;0;0;0;0;0;0
E03;B3;;Cal.Biomass[DCW [g/L]]:FS=1;0;0;0;0;0;0;0;0;0;0;0;0;0;0;0;0;0;0;0;0;0;0;0;0;0;0;0;0;0;0;0;0;0;0;0;0;0;0;0;0;0;0;0;0;0;0;0;0;0;0;0;0;0;0;0;0;0;0;0;0;0;0;0;0;0;0;0;0;0;0;0;0;0;0;0;0;0;0;0;0;0;0;0;0;0;0;0;0;0;0;0;0;0;0;0;0;0;0;0;0;0;0;0;0;0;0;0;0;0;0;0;0;0;0;0;0;0;0;0;0;0;0;0;0;0;0;0;0;0;0;0;0;0;0;0;0;0;0;0;0;0;0;0;0;0;0;0
E04;B3;;Cal.Biomass[DCW [g/L]]:FS=1;0;0;0;0;0;0;0;0;0;0;0;0;0;0;0;0;0;0;0;0;0;0;0;0;0;0;0;0;0;0;0;0;0;0;0;0;0;0;0;0;0;0;0;0;0;0;0;0;0;0;0;0;0;0;0;0;0;0;0;0;0;0;0;0;0;0;0;0;0;0;0;0;0;0;0;0;0;0;0;0;0;0;0;0;0;0;0;0;0;0;0;0;0;0;0;0;0;0;0;0;0;0;0;0;0;0;0;0;0;0;0;0;0;0;0;0;0;0;0;0;0;0;0;0;0;0;0;0;0;0;0;0;0;0;0;0;0;0;0;0;0;0;0;0;0;0;0
E05;B3;;Cal.Biomass[DCW [g/L]]:FS=1;0;0;0;0;0;0;0;0;0;0;0;0;0;0;0;0;0;0;0;0;0;0;0;0;0;0;0;0;0;0;0;0;0;0;0;0;0;0;0;0;0;0;0;0;0;0;0;0;0;0;0;0;0;0;0;0;0;0;0;0;0;0;0;0;0;0;0;0;0;0;0;0;0;0;0;0;0;0;0;0;0;0;0;0;0;0;0;0;0;0;0;0;0;0;0;0;0;0;0;0;0;0;0;0;0;0;0;0;0;0;0;0;0;0;0;0;0;0;0;0;0;0;0;0;0;0;0;0;0;0;0;0;0;0;0;0;0;0;0;0;0;0;0;0;0;0;0
E06;X3;;Cal.Biomass[DCW [g/L]]:FS=1;0;0;0;0;0;0;0;0;0;0;0;0;0;0;0;0;0;0;0;0;0;0;0;0;0;0;0;0;0;0;0;0;0;0;0;0;0;0;0;0;0;0;0;0;0;0;0;0;0;0;0;0;0;0;0;0;0;0;0;0;0;0;0;0;0;0;0;0;0;0;0;0;0;0;0;0;0;0;0;0;0;0;0;0;0;0;0;0;0;0;0;0;0;0;0;0;0;0;0;0;0;0;0;0;0;0;0;0;0;0;0;0;0;0;0;0;0;0;0;0;0;0;0;0;0;0;0;0;0;0;0;0;0;0;0;0;0;0;0;0;0;0;0;0;0;0;0
E07;X3;;Cal.Biomass[DCW [g/L]]:FS=1;0;0;0;0;0;0;0;0;0;0;0;0;0;0;0;0;0;0;0;0;0;0;0;0;0;0;0;0;0;0;0;0;0;0;0;0;0;0;0;0;0;0;0;0;0;0;0;0;0;0;0;0;0;0;0;0;0;0;0;0;0;0;0;0;0;0;0;0;0;0;0;0;0;0;0;0;0;0;0;0;0;0;0;0;0;0;0;0;0;0;0;0;0;0;0;0;0;0;0;0;0;0;0;0;0;0;0;0;0;0;0;0;0;0;0;0;0;0;0;0;0;0;0;0;0;0;0;0;0;0;0;0;0;0;0;0;0;0;0;0;0;0;0;0;0;0;0
E08;X3;;Cal.Biomass[DCW [g/L]]:FS=1;0;0;0;0;0;0;0;0;0;0;0;0;0;0;0;0;0;0;0;0;0;0;0;0;0;0;0;0;0;0;0;0;0;0;0;0;0;0;0;0;0;0;0;0;0;0;0;0;0;0;0;0;0;0;0;0;0;0;0;0;0;0;0;0;0;0;0;0;0;0;0;0;0;0;0;0;0;0;0;0;0;0;0;0;0;0;0;0;0;0;0;0;0;0;0;0;0;0;0;0;0;0;0;0;0;0;0;0;0;0;0;0;0;0;0;0;0;0;0;0;0;0;0;0;0;0;0;0;0;0;0;0;0;0;0;0;0;0;0;0;0;0;0;0;0;0;0
E09;X3;;Cal.Biomass[DCW [g/L]]:FS=1;0;0;0;0;0;0;0;0;0;0;0;0;0;0;0;0;0;0;0;0;0;0;0;0;0;0;0;0;0;0;0;0;0;0;0;0;0;0;0;0;0;0;0;0;0;0;0;0;0;0;0;0;0;0;0;0;0;0;0;0;0;0;0;0;0;0;0;0;0;0;0;0;0;0;0;0;0;0;0;0;0;0;0;0;0;0;0;0;0;0;0;0;0;0;0;0;0;0;0;0;0;0;0;0;0;0;0;0;0;0;0;0;0;0;0;0;0;0;0;0;0;0;0;0;0;0;0;0;0;0;0;0;0;0;0;0;0;0;0;0;0;0;0;0;0;0;0
E10;X3;;Cal.Biomass[DCW [g/L]]:FS=1;0;0;0;0;0;0;0;0;0;0;0;0;0;0;0;0;0;0;0;0;0;0;0;0;0;0;0;0;0;0;0;0;0;0;0;0;0;0;0;0;0;0;0;0;0;0;0;0;0;0;0;0;0;0;0;0;0;0;0;0;0;0;0;0;0;0;0;0;0;0;0;0;0;0;0;0;0;0;0;0;0;0;0;0;0;0;0;0;0;0;0;0;0;0;0;0;0;0;0;0;0;0;0;0;0;0;0;0;0;0;0;0;0;0;0;0;0;0;0;0;0;0;0;0;0;0;0;0;0;0;0;0;0;0;0;0;0;0;0;0;0;0;0;0;0;0;0
F03;B4;;Cal.Biomass[DCW [g/L]]:FS=1;0;0;0;0;0;0;0;0;0;0;0;0;0;0;0;0;0;0;0;0;0;0;0;0;0;0;0;0;0;0;0;0;0;0;0;0;0;0;0;0;0;0;0;0;0;0;0;0;0;0;0;0;0;0;0;0;0;0;0;0;0;0;0;0;0;0;0;0;0;0;0;0;0;0;0;0;0;0;0;0;0;0;0;0;0;0;0;0;0;0;0;0;0;0;0;0;0;0;0;0;0;0;0;0;0;0;0;0;0;0;0;0;0;0;0;0;0;0;0;0;0;0;0;0;0;0;0;0;0;0;0;0;0;0;0;0;0;0;0;0;0;0;0;0;0;0;0
F04;B4;;Cal.Biomass[DCW [g/L]]:FS=1;0;0;0;0;0;0;0;0;0;0;0;0;0;0;0;0;0;0;0;0;0;0;0;0;0;0;0;0;0;0;0;0;0;0;0;0;0;0;0;0;0;0;0;0;0;0;0;0;0;0;0;0;0;0;0;0;0;0;0;0;0;0;0;0;0;0;0;0;0;0;0;0;0;0;0;0;0;0;0;0;0;0;0;0;0;0;0;0;0;0;0;0;0;0;0;0;0;0;0;0;0;0;0;0;0;0;0;0;0;0;0;0;0;0;0;0;0;0;0;0;0;0;0;0;0;0;0;0;0;0;0;0;0;0;0;0;0;0;0;0;0;0;0;0;0;0;0
F05;B4;;Cal.Biomass[DCW [g/L]]:FS=1;0;0;0;0;0;0;0;0;0;0;0;0;0;0;0;0;0;0;0;0;0;0;0;0;0;0;0;0;0;0;0;0;0;0;0;0;0;0;0;0;0;0;0;0;0;0;0;0;0;0;0;0;0;0;0;0;0;0;0;0;0;0;0;0;0;0;0;0;0;0;0;0;0;0;0;0;0;0;0;0;0;0;0;0;0;0;0;0;0;0;0;0;0;0;0;0;0;0;0;0;0;0;0;0;0;0;0;0;0;0;0;0;0;0;0;0;0;0;0;0;0;0;0;0;0;0;0;0;0;0;0;0;0;0;0;0;0;0;0;0;0;0;0;0;0;0;0
F06;X4;;Cal.Biomass[DCW [g/L]]:FS=1;0;0;0;0;0;0;0;0;0;0;0;0;0;0;0;0;0;0;0;0;0;0;0;0;0;0;0;0;0;0;0;0;0;0;0;0;0;0;0;0;0;0;0;0;0;0;0;0;0;0;0;0;0;0;0;0;0;0;0;0;0;0;0;0;0;0;0;0;0;0;0;0;0;0;0;0;0;0;0;0;0;0;0;0;0;0;0;0;0;0;0;0;0;0;0;0;0;0;0;0;0;0;0;0;0;0;0;0;0;0;0;0;0;0;0;0;0;0;0;0;0;0;0;0;0;0;0;0;0;0;0;0;0;0;0;0;0;0;0;0;0;0;0;0;0;0;0
F07;X4;;Cal.Biomass[DCW [g/L]]:FS=1;0;0;0;0;0;0;0;0;0;0;0;0;0;0;0;0;0;0;0;0;0;0;0;0;0;0;0;0;0;0;0;0;0;0;0;0;0;0;0;0;0;0;0;0;0;0;0;0;0;0;0;0;0;0;0;0;0;0;0;0;0;0;0;0;0;0;0;0;0;0;0;0;0;0;0;0;0;0;0;0;0;0;0;0;0;0;0;0;0;0;0;0;0;0;0;0;0;0;0;0;0;0;0;0;0;0;0;0;0;0;0;0;0;0;0;0;0;0;0;0;0;0;0;0;0;0;0;0;0;0;0;0;0;0;0;0;0;0;0;0;0;0;0;0;0;0;0
F08;X4;;Cal.Biomass[DCW [g/L]]:FS=1;0;0;0;0;0;0;0;0;0;0;0;0;0;0;0;0;0;0;0;0;0;0;0;0;0;0;0;0;0;0;0;0;0;0;0;0;0;0;0;0;0;0;0;0;0;0;0;0;0;0;0;0;0;0;0;0;0;0;0;0;0;0;0;0;0;0;0;0;0;0;0;0;0;0;0;0;0;0;0;0;0;0;0;0;0;0;0;0;0;0;0;0;0;0;0;0;0;0;0;0;0;0;0;0;0;0;0;0;0;0;0;0;0;0;0;0;0;0;0;0;0;0;0;0;0;0;0;0;0;0;0;0;0;0;0;0;0;0;0;0;0;0;0;0;0;0;0
F09;X4;;Cal.Biomass[DCW [g/L]]:FS=1;0;0;0;0;0;0;0;0;0;0;0;0;0;0;0;0;0;0;0;0;0;0;0;0;0;0;0;0;0;0;0;0;0;0;0;0;0;0;0;0;0;0;0;0;0;0;0;0;0;0;0;0;0;0;0;0;0;0;0;0;0;0;0;0;0;0;0;0;0;0;0;0;0;0;0;0;0;0;0;0;0;0;0;0;0;0;0;0;0;0;0;0;0;0;0;0;0;0;0;0;0;0;0;0;0;0;0;0;0;0;0;0;0;0;0;0;0;0;0;0;0;0;0;0;0;0;0;0;0;0;0;0;0;0;0;0;0;0;0;0;0;0;0;0;0;0;0
F10;X4;;Cal.Biomass[DCW [g/L]]:FS=1;0;0;0;0;0;0;0;0;0;0;0;0;0;0;0;0;0;0;0;0;0;0;0;0;0;0;0;0;0;0;0;0;0;0;0;0;0;0;0;0;0;0;0;0;0;0;0;0;0;0;0;0;0;0;0;0;0;0;0;0;0;0;0;0;0;0;0;0;0;0;0;0;0;0;0;0;0;0;0;0;0;0;0;0;0;0;0;0;0;0;0;0;0;0;0;0;0;0;0;0;0;0;0;0;0;0;0;0;0;0;0;0;0;0;0;0;0;0;0;0;0;0;0;0;0;0;0;0;0;0;0;0;0;0;0;0;0;0;0;0;0;0;0;0;0;0;0
C03;B1;;Cal.Biomass[DCW [g/L]]:FS=3;0;0;0;0;0;0;0;0;0;0;0;0;0;0;0;0;0;0;0;0;0;0;0;0;0;0;0;0;0;0;0;0;0;0;0;0;0;0;0;0;0;0;0;0;0;0;0;0;0;0;0;0;0;0;0;0;0;0;0;0;0;0;0;0;0;0;0;0;0;0;0;0;0;0;0;0;0;0;0;0;0;0;0;0;0;0;0;0;0;0;0;0;0;0;0;0;0;0;0;0;0;0;0;0;0;0;0;0;0;0;0;0;0;0;0;0;0;0;0;0;0;0;0;0;0;0;0;0;0;0;0;0;0;0;0;0;0;0;0;0;0;0;0;0;0;0;0
C04;B1;;Cal.Biomass[DCW [g/L]]:FS=3;0;0;0;0;0;0;0;0;0;0;0;0;0;0;0;0;0;0;0;0;0;0;0;0;0;0;0;0;0;0;0;0;0;0;0;0;0;0;0;0;0;0;0;0;0;0;0;0;0;0;0;0;0;0;0;0;0;0;0;0;0;0;0;0;0;0;0;0;0;0;0;0;0;0;0;0;0;0;0;0;0;0;0;0;0;0;0;0;0;0;0;0;0;0;0;0;0;0;0;0;0;0;0;0;0;0;0;0;0;0;0;0;0;0;0;0;0;0;0;0;0;0;0;0;0;0;0;0;0;0;0;0;0;0;0;0;0;0;0;0;0;0;0;0;0;0;0
C05;B1;;Cal.Biomass[DCW [g/L]]:FS=3;0;0;0;0;0;0;0;0;0;0;0;0;0;0;0;0;0;0;0;0;0;0;0;0;0;0;0;0;0;0;0;0;0;0;0;0;0;0;0;0;0;0;0;0;0;0;0;0;0;0;0;0;0;0;0;0;0;0;0;0;0;0;0;0;0;0;0;0;0;0;0;0;0;0;0;0;0;0;0;0;0;0;0;0;0;0;0;0;0;0;0;0;0;0;0;0;0;0;0;0;0;0;0;0;0;0;0;0;0;0;0;0;0;0;0;0;0;0;0;0;0;0;0;0;0;0;0;0;0;0;0;0;0;0;0;0;0;0;0;0;0;0;0;0;0;0;0
C06;X1;;Cal.Biomass[DCW [g/L]]:FS=3;0;0;0;0;0;0;0;0;0;0;0;0;0;0;0;0;0;0;0;0;0;0;0;0;0;0;0;0;0;0;0;0;0;0;0;0;0;0;0;0;0;0;0;0;0;0;0;0;0;0;0;0;0;0;0;0;0;0;0;0;0;0;0;0;0;0;0;0;0;0;0;0;0;0;0;0;0;0;0;0;0;0;0;0;0;0;0;0;0;0;0;0;0;0;0;0;0;0;0;0;0;0;0;0;0;0;0;0;0;0;0;0;0;0;0;0;0;0;0;0;0;0;0;0;0;0;0;0;0;0;0;0;0;0;0;0;0;0;0;0;0;0;0;0;0;0;0
C07;X1;;Cal.Biomass[DCW [g/L]]:FS=3;0;0;0;0;0;0;0;0;0;0;0;0;0;0;0;0;0;0;0;0;0;0;0;0;0;0;0;0;0;0;0;0;0;0;0;0;0;0;0;0;0;0;0;0;0;0;0;0;0;0;0;0;0;0;0;0;0;0;0;0;0;0;0;0;0;0;0;0;0;0;0;0;0;0;0;0;0;0;0;0;0;0;0;0;0;0;0;0;0;0;0;0;0;0;0;0;0;0;0;0;0;0;0;0;0;0;0;0;0;0;0;0;0;0;0;0;0;0;0;0;0;0;0;0;0;0;0;0;0;0;0;0;0;0;0;0;0;0;0;0;0;0;0;0;0;0;0
C08;X1;;Cal.Biomass[DCW [g/L]]:FS=3;0;0;0;0;0;0;0;0;0;0;0;0;0;0;0;0;0;0;0;0;0;0;0;0;0;0;0;0;0;0;0;0;0;0;0;0;0;0;0;0;0;0;0;0;0;0;0;0;0;0;0;0;0;0;0;0;0;0;0;0;0;0;0;0;0;0;0;0;0;0;0;0;0;0;0;0;0;0;0;0;0;0;0;0;0;0;0;0;0;0;0;0;0;0;0;0;0;0;0;0;0;0;0;0;0;0;0;0;0;0;0;0;0;0;0;0;0;0;0;0;0;0;0;0;0;0;0;0;0;0;0;0;0;0;0;0;0;0;0;0;0;0;0;0;0;0;0
C09;X1;;Cal.Biomass[DCW [g/L]]:FS=3;0;0;0;0;0;0;0;0;0;0;0;0;0;0;0;0;0;0;0;0;0;0;0;0;0;0;0;0;0;0;0;0;0;0;0;0;0;0;0;0;0;0;0;0;0;0;0;0;0;0;0;0;0;0;0;0;0;0;0;0;0;0;0;0;0;0;0;0;0;0;0;0;0;0;0;0;0;0;0;0;0;0;0;0;0;0;0;0;0;0;0;0;0;0;0;0;0;0;0;0;0;0;0;0;0;0;0;0;0;0;0;0;0;0;0;0;0;0;0;0;0;0;0;0;0;0;0;0;0;0;0;0;0;0;0;0;0;0;0;0;0;0;0;0;0;0;0
C10;X1;;Cal.Biomass[DCW [g/L]]:FS=3;0;0;0;0;0;0;0;0;0;0;0;0;0;0;0;0;0;0;0;0;0;0;0;0;0;0;0;0;0;0;0;0;0;0;0;0;0;0;0;0;0;0;0;0;0;0;0;0;0;0;0;0;0;0;0;0;0;0;0;0;0;0;0;0;0;0;0;0;0;0;0;0;0;0;0;0;0;0;0;0;0;0;0;0;0;0;0;0;0;0;0;0;0;0;0;0;0;0;0;0;0;0;0;0;0;0;0;0;0;0;0;0;0;0;0;0;0;0;0;0;0;0;0;0;0;0;0;0;0;0;0;0;0;0;0;0;0;0;0;0;0;0;0;0;0;0;0
D03;B2;;Cal.Biomass[DCW [g/L]]:FS=3;0;0;0;0;0;0;0;0;0;0;0;0;0;0;0;0;0;0;0;0;0;0;0;0;0;0;0;0;0;0;0;0;0;0;0;0;0;0;0;0;0;0;0;0;0;0;0;0;0;0;0;0;0;0;0;0;0;0;0;0;0;0;0;0;0;0;0;0;0;0;0;0;0;0;0;0;0;0;0;0;0;0;0;0;0;0;0;0;0;0;0;0;0;0;0;0;0;0;0;0;0;0;0;0;0;0;0;0;0;0;0;0;0;0;0;0;0;0;0;0;0;0;0;0;0;0;0;0;0;0;0;0;0;0;0;0;0;0;0;0;0;0;0;0;0;0;0
D04;B2;;Cal.Biomass[DCW [g/L]]:FS=3;0;0;0;0;0;0;0;0;0;0;0;0;0;0;0;0;0;0;0;0;0;0;0;0;0;0;0;0;0;0;0;0;0;0;0;0;0;0;0;0;0;0;0;0;0;0;0;0;0;0;0;0;0;0;0;0;0;0;0;0;0;0;0;0;0;0;0;0;0;0;0;0;0;0;0;0;0;0;0;0;0;0;0;0;0;0;0;0;0;0;0;0;0;0;0;0;0;0;0;0;0;0;0;0;0;0;0;0;0;0;0;0;0;0;0;0;0;0;0;0;0;0;0;0;0;0;0;0;0;0;0;0;0;0;0;0;0;0;0;0;0;0;0;0;0;0;0
D05;B2;;Cal.Biomass[DCW [g/L]]:FS=3;0;0;0;0;0;0;0;0;0;0;0;0;0;0;0;0;0;0;0;0;0;0;0;0;0;0;0;0;0;0;0;0;0;0;0;0;0;0;0;0;0;0;0;0;0;0;0;0;0;0;0;0;0;0;0;0;0;0;0;0;0;0;0;0;0;0;0;0;0;0;0;0;0;0;0;0;0;0;0;0;0;0;0;0;0;0;0;0;0;0;0;0;0;0;0;0;0;0;0;0;0;0;0;0;0;0;0;0;0;0;0;0;0;0;0;0;0;0;0;0;0;0;0;0;0;0;0;0;0;0;0;0;0;0;0;0;0;0;0;0;0;0;0;0;0;0;0
D06;X2;;Cal.Biomass[DCW [g/L]]:FS=3;0;0;0;0;0;0;0;0;0;0;0;0;0;0;0;0;0;0;0;0;0;0;0;0;0;0;0;0;0;0;0;0;0;0;0;0;0;0;0;0;0;0;0;0;0;0;0;0;0;0;0;0;0;0;0;0;0;0;0;0;0;0;0;0;0;0;0;0;0;0;0;0;0;0;0;0;0;0;0;0;0;0;0;0;0;0;0;0;0;0;0;0;0;0;0;0;0;0;0;0;0;0;0;0;0;0;0;0;0;0;0;0;0;0;0;0;0;0;0;0;0;0;0;0;0;0;0;0;0;0;0;0;0;0;0;0;0;0;0;0;0;0;0;0;0;0;0
D07;X2;;Cal.Biomass[DCW [g/L]]:FS=3;0;0;0;0;0;0;0;0;0;0;0;0;0;0;0;0;0;0;0;0;0;0;0;0;0;0;0;0;0;0;0;0;0;0;0;0;0;0;0;0;0;0;0;0;0;0;0;0;0;0;0;0;0;0;0;0;0;0;0;0;0;0;0;0;0;0;0;0;0;0;0;0;0;0;0;0;0;0;0;0;0;0;0;0;0;0;0;0;0;0;0;0;0;0;0;0;0;0;0;0;0;0;0;0;0;0;0;0;0;0;0;0;0;0;0;0;0;0;0;0;0;0;0;0;0;0;0;0;0;0;0;0;0;0;0;0;0;0;0;0;0;0;0;0;0;0;0
D08;X2;;Cal.Biomass[DCW [g/L]]:FS=3;0;0;0;0;0;0;0;0;0;0;0;0;0;0;0;0;0;0;0;0;0;0;0;0;0;0;0;0;0;0;0;0;0;0;0;0;0;0;0;0;0;0;0;0;0;0;0;0;0;0;0;0;0;0;0;0;0;0;0;0;0;0;0;0;0;0;0;0;0;0;0;0;0;0;0;0;0;0;0;0;0;0;0;0;0;0;0;0;0;0;0;0;0;0;0;0;0;0;0;0;0;0;0;0;0;0;0;0;0;0;0;0;0;0;0;0;0;0;0;0;0;0;0;0;0;0;0;0;0;0;0;0;0;0;0;0;0;0;0;0;0;0;0;0;0;0;0
D09;X2;;Cal.Biomass[DCW [g/L]]:FS=3;0;0;0;0;0;0;0;0;0;0;0;0;0;0;0;0;0;0;0;0;0;0;0;0;0;0;0;0;0;0;0;0;0;0;0;0;0;0;0;0;0;0;0;0;0;0;0;0;0;0;0;0;0;0;0;0;0;0;0;0;0;0;0;0;0;0;0;0;0;0;0;0;0;0;0;0;0;0;0;0;0;0;0;0;0;0;0;0;0;0;0;0;0;0;0;0;0;0;0;0;0;0;0;0;0;0;0;0;0;0;0;0;0;0;0;0;0;0;0;0;0;0;0;0;0;0;0;0;0;0;0;0;0;0;0;0;0;0;0;0;0;0;0;0;0;0;0
D10;X2;;Cal.Biomass[DCW [g/L]]:FS=3;0;0;0;0;0;0;0;0;0;0;0;0;0;0;0;0;0;0;0;0;0;0;0;0;0;0;0;0;0;0;0;0;0;0;0;0;0;0;0;0;0;0;0;0;0;0;0;0;0;0;0;0;0;0;0;0;0;0;0;0;0;0;0;0;0;0;0;0;0;0;0;0;0;0;0;0;0;0;0;0;0;0;0;0;0;0;0;0;0;0;0;0;0;0;0;0;0;0;0;0;0;0;0;0;0;0;0;0;0;0;0;0;0;0;0;0;0;0;0;0;0;0;0;0;0;0;0;0;0;0;0;0;0;0;0;0;0;0;0;0;0;0;0;0;0;0;0
E03;B3;;Cal.Biomass[DCW [g/L]]:FS=3;0;0;0;0;0;0;0;0;0;0;0;0;0;0;0;0;0;0;0;0;0;0;0;0;0;0;0;0;0;0;0;0;0;0;0;0;0;0;0;0;0;0;0;0;0;0;0;0;0;0;0;0;0;0;0;0;0;0;0;0;0;0;0;0;0;0;0;0;0;0;0;0;0;0;0;0;0;0;0;0;0;0;0;0;0;0;0;0;0;0;0;0;0;0;0;0;0;0;0;0;0;0;0;0;0;0;0;0;0;0;0;0;0;0;0;0;0;0;0;0;0;0;0;0;0;0;0;0;0;0;0;0;0;0;0;0;0;0;0;0;0;0;0;0;0;0;0
E04;B3;;Cal.Biomass[DCW [g/L]]:FS=3;0;0;0;0;0;0;0;0;0;0;0;0;0;0;0;0;0;0;0;0;0;0;0;0;0;0;0;0;0;0;0;0;0;0;0;0;0;0;0;0;0;0;0;0;0;0;0;0;0;0;0;0;0;0;0;0;0;0;0;0;0;0;0;0;0;0;0;0;0;0;0;0;0;0;0;0;0;0;0;0;0;0;0;0;0;0;0;0;0;0;0;0;0;0;0;0;0;0;0;0;0;0;0;0;0;0;0;0;0;0;0;0;0;0;0;0;0;0;0;0;0;0;0;0;0;0;0;0;0;0;0;0;0;0;0;0;0;0;0;0;0;0;0;0;0;0;0
E05;B3;;Cal.Biomass[DCW [g/L]]:FS=3;0;0;0;0;0;0;0;0;0;0;0;0;0;0;0;0;0;0;0;0;0;0;0;0;0;0;0;0;0;0;0;0;0;0;0;0;0;0;0;0;0;0;0;0;0;0;0;0;0;0;0;0;0;0;0;0;0;0;0;0;0;0;0;0;0;0;0;0;0;0;0;0;0;0;0;0;0;0;0;0;0;0;0;0;0;0;0;0;0;0;0;0;0;0;0;0;0;0;0;0;0;0;0;0;0;0;0;0;0;0;0;0;0;0;0;0;0;0;0;0;0;0;0;0;0;0;0;0;0;0;0;0;0;0;0;0;0;0;0;0;0;0;0;0;0;0;0
E06;X3;;Cal.Biomass[DCW [g/L]]:FS=3;0;0;0;0;0;0;0;0;0;0;0;0;0;0;0;0;0;0;0;0;0;0;0;0;0;0;0;0;0;0;0;0;0;0;0;0;0;0;0;0;0;0;0;0;0;0;0;0;0;0;0;0;0;0;0;0;0;0;0;0;0;0;0;0;0;0;0;0;0;0;0;0;0;0;0;0;0;0;0;0;0;0;0;0;0;0;0;0;0;0;0;0;0;0;0;0;0;0;0;0;0;0;0;0;0;0;0;0;0;0;0;0;0;0;0;0;0;0;0;0;0;0;0;0;0;0;0;0;0;0;0;0;0;0;0;0;0;0;0;0;0;0;0;0;0;0;0
E07;X3;;Cal.Biomass[DCW [g/L]]:FS=3;0;0;0;0;0;0;0;0;0;0;0;0;0;0;0;0;0;0;0;0;0;0;0;0;0;0;0;0;0;0;0;0;0;0;0;0;0;0;0;0;0;0;0;0;0;0;0;0;0;0;0;0;0;0;0;0;0;0;0;0;0;0;0;0;0;0;0;0;0;0;0;0;0;0;0;0;0;0;0;0;0;0;0;0;0;0;0;0;0;0;0;0;0;0;0;0;0;0;0;0;0;0;0;0;0;0;0;0;0;0;0;0;0;0;0;0;0;0;0;0;0;0;0;0;0;0;0;0;0;0;0;0;0;0;0;0;0;0;0;0;0;0;0;0;0;0;0
E08;X3;;Cal.Biomass[DCW [g/L]]:FS=3;0;0;0;0;0;0;0;0;0;0;0;0;0;0;0;0;0;0;0;0;0;0;0;0;0;0;0;0;0;0;0;0;0;0;0;0;0;0;0;0;0;0;0;0;0;0;0;0;0;0;0;0;0;0;0;0;0;0;0;0;0;0;0;0;0;0;0;0;0;0;0;0;0;0;0;0;0;0;0;0;0;0;0;0;0;0;0;0;0;0;0;0;0;0;0;0;0;0;0;0;0;0;0;0;0;0;0;0;0;0;0;0;0;0;0;0;0;0;0;0;0;0;0;0;0;0;0;0;0;0;0;0;0;0;0;0;0;0;0;0;0;0;0;0;0;0;0
E09;X3;;Cal.Biomass[DCW [g/L]]:FS=3;0;0;0;0;0;0;0;0;0;0;0;0;0;0;0;0;0;0;0;0;0;0;0;0;0;0;0;0;0;0;0;0;0;0;0;0;0;0;0;0;0;0;0;0;0;0;0;0;0;0;0;0;0;0;0;0;0;0;0;0;0;0;0;0;0;0;0;0;0;0;0;0;0;0;0;0;0;0;0;0;0;0;0;0;0;0;0;0;0;0;0;0;0;0;0;0;0;0;0;0;0;0;0;0;0;0;0;0;0;0;0;0;0;0;0;0;0;0;0;0;0;0;0;0;0;0;0;0;0;0;0;0;0;0;0;0;0;0;0;0;0;0;0;0;0;0;0
E10;X3;;Cal.Biomass[DCW [g/L]]:FS=3;0;0;0;0;0;0;0;0;0;0;0;0;0;0;0;0;0;0;0;0;0;0;0;0;0;0;0;0;0;0;0;0;0;0;0;0;0;0;0;0;0;0;0;0;0;0;0;0;0;0;0;0;0;0;0;0;0;0;0;0;0;0;0;0;0;0;0;0;0;0;0;0;0;0;0;0;0;0;0;0;0;0;0;0;0;0;0;0;0;0;0;0;0;0;0;0;0;0;0;0;0;0;0;0;0;0;0;0;0;0;0;0;0;0;0;0;0;0;0;0;0;0;0;0;0;0;0;0;0;0;0;0;0;0;0;0;0;0;0;0;0;0;0;0;0;0;0
F03;B4;;Cal.Biomass[DCW [g/L]]:FS=3;0;0;0;0;0;0;0;0;0;0;0;0;0;0;0;0;0;0;0;0;0;0;0;0;0;0;0;0;0;0;0;0;0;0;0;0;0;0;0;0;0;0;0;0;0;0;0;0;0;0;0;0;0;0;0;0;0;0;0;0;0;0;0;0;0;0;0;0;0;0;0;0;0;0;0;0;0;0;0;0;0;0;0;0;0;0;0;0;0;0;0;0;0;0;0;0;0;0;0;0;0;0;0;0;0;0;0;0;0;0;0;0;0;0;0;0;0;0;0;0;0;0;0;0;0;0;0;0;0;0;0;0;0;0;0;0;0;0;0;0;0;0;0;0;0;0;0
F04;B4;;Cal.Biomass[DCW [g/L]]:FS=3;0;0;0;0;0;0;0;0;0;0;0;0;0;0;0;0;0;0;0;0;0;0;0;0;0;0;0;0;0;0;0;0;0;0;0;0;0;0;0;0;0;0;0;0;0;0;0;0;0;0;0;0;0;0;0;0;0;0;0;0;0;0;0;0;0;0;0;0;0;0;0;0;0;0;0;0;0;0;0;0;0;0;0;0;0;0;0;0;0;0;0;0;0;0;0;0;0;0;0;0;0;0;0;0;0;0;0;0;0;0;0;0;0;0;0;0;0;0;0;0;0;0;0;0;0;0;0;0;0;0;0;0;0;0;0;0;0;0;0;0;0;0;0;0;0;0;0
F05;B4;;Cal.Biomass[DCW [g/L]]:FS=3;0;0;0;0;0;0;0;0;0;0;0;0;0;0;0;0;0;0;0;0;0;0;0;0;0;0;0;0;0;0;0;0;0;0;0;0;0;0;0;0;0;0;0;0;0;0;0;0;0;0;0;0;0;0;0;0;0;0;0;0;0;0;0;0;0;0;0;0;0;0;0;0;0;0;0;0;0;0;0;0;0;0;0;0;0;0;0;0;0;0;0;0;0;0;0;0;0;0;0;0;0;0;0;0;0;0;0;0;0;0;0;0;0;0;0;0;0;0;0;0;0;0;0;0;0;0;0;0;0;0;0;0;0;0;0;0;0;0;0;0;0;0;0;0;0;0;0
F06;X4;;Cal.Biomass[DCW [g/L]]:FS=3;0;0;0;0;0;0;0;0;0;0;0;0;0;0;0;0;0;0;0;0;0;0;0;0;0;0;0;0;0;0;0;0;0;0;0;0;0;0;0;0;0;0;0;0;0;0;0;0;0;0;0;0;0;0;0;0;0;0;0;0;0;0;0;0;0;0;0;0;0;0;0;0;0;0;0;0;0;0;0;0;0;0;0;0;0;0;0;0;0;0;0;0;0;0;0;0;0;0;0;0;0;0;0;0;0;0;0;0;0;0;0;0;0;0;0;0;0;0;0;0;0;0;0;0;0;0;0;0;0;0;0;0;0;0;0;0;0;0;0;0;0;0;0;0;0;0;0
F07;X4;;Cal.Biomass[DCW [g/L]]:FS=3;0;0;0;0;0;0;0;0;0;0;0;0;0;0;0;0;0;0;0;0;0;0;0;0;0;0;0;0;0;0;0;0;0;0;0;0;0;0;0;0;0;0;0;0;0;0;0;0;0;0;0;0;0;0;0;0;0;0;0;0;0;0;0;0;0;0;0;0;0;0;0;0;0;0;0;0;0;0;0;0;0;0;0;0;0;0;0;0;0;0;0;0;0;0;0;0;0;0;0;0;0;0;0;0;0;0;0;0;0;0;0;0;0;0;0;0;0;0;0;0;0;0;0;0;0;0;0;0;0;0;0;0;0;0;0;0;0;0;0;0;0;0;0;0;0;0;0
F08;X4;;Cal.Biomass[DCW [g/L]]:FS=3;0;0;0;0;0;0;0;0;0;0;0;0;0;0;0;0;0;0;0;0;0;0;0;0;0;0;0;0;0;0;0;0;0;0;0;0;0;0;0;0;0;0;0;0;0;0;0;0;0;0;0;0;0;0;0;0;0;0;0;0;0;0;0;0;0;0;0;0;0;0;0;0;0;0;0;0;0;0;0;0;0;0;0;0;0;0;0;0;0;0;0;0;0;0;0;0;0;0;0;0;0;0;0;0;0;0;0;0;0;0;0;0;0;0;0;0;0;0;0;0;0;0;0;0;0;0;0;0;0;0;0;0;0;0;0;0;0;0;0;0;0;0;0;0;0;0;0
F09;X4;;Cal.Biomass[DCW [g/L]]:FS=3;0;0;0;0;0;0;0;0;0;0;0;0;0;0;0;0;0;0;0;0;0;0;0;0;0;0;0;0;0;0;0;0;0;0;0;0;0;0;0;0;0;0;0;0;0;0;0;0;0;0;0;0;0;0;0;0;0;0;0;0;0;0;0;0;0;0;0;0;0;0;0;0;0;0;0;0;0;0;0;0;0;0;0;0;0;0;0;0;0;0;0;0;0;0;0;0;0;0;0;0;0;0;0;0;0;0;0;0;0;0;0;0;0;0;0;0;0;0;0;0;0;0;0;0;0;0;0;0;0;0;0;0;0;0;0;0;0;0;0;0;0;0;0;0;0;0;0
F10;X4;;Cal.Biomass[DCW [g/L]]:FS=3;0;0;0;0;0;0;0;0;0;0;0;0;0;0;0;0;0;0;0;0;0;0;0;0;0;0;0;0;0;0;0;0;0;0;0;0;0;0;0;0;0;0;0;0;0;0;0;0;0;0;0;0;0;0;0;0;0;0;0;0;0;0;0;0;0;0;0;0;0;0;0;0;0;0;0;0;0;0;0;0;0;0;0;0;0;0;0;0;0;0;0;0;0;0;0;0;0;0;0;0;0;0;0;0;0;0;0;0;0;0;0;0;0;0;0;0;0;0;0;0;0;0;0;0;0;0;0;0;0;0;0;0;0;0;0;0;0;0;0;0;0;0;0;0;0;0;0
C03;B1;;Cal.Biomass[DCW [g/L]]:FS=4;0;0;0;0;0;0;0;0;0;0;0;0;0;0;0;0;0;0;0;0;0;0;0;0;0;0;0;0;0;0;0;0;0;0;0;0;0;0;0;0;0;0;0;0;0;0;0;0;0;0;0;0;0;0;0;0;0;0;0;0;0;0;0;0;0;0;0;0;0;0;0;0;0;0;0;0;0;0;0;0;0;0;0;0;0;0;0;0;0;0;0;0;0;0;0;0;0;0;0;0;0;0;0;0;0;0;0;0;0;0;0;0;0;0;0;0;0;0;0;0;0;0;0;0;0;0;0;0;0;0;0;0;0;0;0;0;0;0;0;0;0;0;0;0;0;0;0
C04;B1;;Cal.Biomass[DCW [g/L]]:FS=4;0;0;0;0;0;0;0;0;0;0;0;0;0;0;0;0;0;0;0;0;0;0;0;0;0;0;0;0;0;0;0;0;0;0;0;0;0;0;0;0;0;0;0;0;0;0;0;0;0;0;0;0;0;0;0;0;0;0;0;0;0;0;0;0;0;0;0;0;0;0;0;0;0;0;0;0;0;0;0;0;0;0;0;0;0;0;0;0;0;0;0;0;0;0;0;0;0;0;0;0;0;0;0;0;0;0;0;0;0;0;0;0;0;0;0;0;0;0;0;0;0;0;0;0;0;0;0;0;0;0;0;0;0;0;0;0;0;0;0;0;0;0;0;0;0;0;0
C05;B1;;Cal.Biomass[DCW [g/L]]:FS=4;0;0;0;0;0;0;0;0;0;0;0;0;0;0;0;0;0;0;0;0;0;0;0;0;0;0;0;0;0;0;0;0;0;0;0;0;0;0;0;0;0;0;0;0;0;0;0;0;0;0;0;0;0;0;0;0;0;0;0;0;0;0;0;0;0;0;0;0;0;0;0;0;0;0;0;0;0;0;0;0;0;0;0;0;0;0;0;0;0;0;0;0;0;0;0;0;0;0;0;0;0;0;0;0;0;0;0;0;0;0;0;0;0;0;0;0;0;0;0;0;0;0;0;0;0;0;0;0;0;0;0;0;0;0;0;0;0;0;0;0;0;0;0;0;0;0;0
C06;X1;;Cal.Biomass[DCW [g/L]]:FS=4;0;0;0;0;0;0;0;0;0;0;0;0;0;0;0;0;0;0;0;0;0;0;0;0;0;0;0;0;0;0;0;0;0;0;0;0;0;0;0;0;0;0;0;0;0;0;0;0;0;0;0;0;0;0;0;0;0;0;0;0;0;0;0;0;0;0;0;0;0;0;0;0;0;0;0;0;0;0;0;0;0;0;0;0;0;0;0;0;0;0;0;0;0;0;0;0;0;0;0;0;0;0;0;0;0;0;0;0;0;0;0;0;0;0;0;0;0;0;0;0;0;0;0;0;0;0;0;0;0;0;0;0;0;0;0;0;0;0;0;0;0;0;0;0;0;0;0
C07;X1;;Cal.Biomass[DCW [g/L]]:FS=4;0;0;0;0;0;0;0;0;0;0;0;0;0;0;0;0;0;0;0;0;0;0;0;0;0;0;0;0;0;0;0;0;0;0;0;0;0;0;0;0;0;0;0;0;0;0;0;0;0;0;0;0;0;0;0;0;0;0;0;0;0;0;0;0;0;0;0;0;0;0;0;0;0;0;0;0;0;0;0;0;0;0;0;0;0;0;0;0;0;0;0;0;0;0;0;0;0;0;0;0;0;0;0;0;0;0;0;0;0;0;0;0;0;0;0;0;0;0;0;0;0;0;0;0;0;0;0;0;0;0;0;0;0;0;0;0;0;0;0;0;0;0;0;0;0;0;0
C08;X1;;Cal.Biomass[DCW [g/L]]:FS=4;0;0;0;0;0;0;0;0;0;0;0;0;0;0;0;0;0;0;0;0;0;0;0;0;0;0;0;0;0;0;0;0;0;0;0;0;0;0;0;0;0;0;0;0;0;0;0;0;0;0;0;0;0;0;0;0;0;0;0;0;0;0;0;0;0;0;0;0;0;0;0;0;0;0;0;0;0;0;0;0;0;0;0;0;0;0;0;0;0;0;0;0;0;0;0;0;0;0;0;0;0;0;0;0;0;0;0;0;0;0;0;0;0;0;0;0;0;0;0;0;0;0;0;0;0;0;0;0;0;0;0;0;0;0;0;0;0;0;0;0;0;0;0;0;0;0;0
C09;X1;;Cal.Biomass[DCW [g/L]]:FS=4;0;0;0;0;0;0;0;0;0;0;0;0;0;0;0;0;0;0;0;0;0;0;0;0;0;0;0;0;0;0;0;0;0;0;0;0;0;0;0;0;0;0;0;0;0;0;0;0;0;0;0;0;0;0;0;0;0;0;0;0;0;0;0;0;0;0;0;0;0;0;0;0;0;0;0;0;0;0;0;0;0;0;0;0;0;0;0;0;0;0;0;0;0;0;0;0;0;0;0;0;0;0;0;0;0;0;0;0;0;0;0;0;0;0;0;0;0;0;0;0;0;0;0;0;0;0;0;0;0;0;0;0;0;0;0;0;0;0;0;0;0;0;0;0;0;0;0
C10;X1;;Cal.Biomass[DCW [g/L]]:FS=4;0;0;0;0;0;0;0;0;0;0;0;0;0;0;0;0;0;0;0;0;0;0;0;0;0;0;0;0;0;0;0;0;0;0;0;0;0;0;0;0;0;0;0;0;0;0;0;0;0;0;0;0;0;0;0;0;0;0;0;0;0;0;0;0;0;0;0;0;0;0;0;0;0;0;0;0;0;0;0;0;0;0;0;0;0;0;0;0;0;0;0;0;0;0;0;0;0;0;0;0;0;0;0;0;0;0;0;0;0;0;0;0;0;0;0;0;0;0;0;0;0;0;0;0;0;0;0;0;0;0;0;0;0;0;0;0;0;0;0;0;0;0;0;0;0;0;0
D03;B2;;Cal.Biomass[DCW [g/L]]:FS=4;0;0;0;0;0;0;0;0;0;0;0;0;0;0;0;0;0;0;0;0;0;0;0;0;0;0;0;0;0;0;0;0;0;0;0;0;0;0;0;0;0;0;0;0;0;0;0;0;0;0;0;0;0;0;0;0;0;0;0;0;0;0;0;0;0;0;0;0;0;0;0;0;0;0;0;0;0;0;0;0;0;0;0;0;0;0;0;0;0;0;0;0;0;0;0;0;0;0;0;0;0;0;0;0;0;0;0;0;0;0;0;0;0;0;0;0;0;0;0;0;0;0;0;0;0;0;0;0;0;0;0;0;0;0;0;0;0;0;0;0;0;0;0;0;0;0;0
D04;B2;;Cal.Biomass[DCW [g/L]]:FS=4;0;0;0;0;0;0;0;0;0;0;0;0;0;0;0;0;0;0;0;0;0;0;0;0;0;0;0;0;0;0;0;0;0;0;0;0;0;0;0;0;0;0;0;0;0;0;0;0;0;0;0;0;0;0;0;0;0;0;0;0;0;0;0;0;0;0;0;0;0;0;0;0;0;0;0;0;0;0;0;0;0;0;0;0;0;0;0;0;0;0;0;0;0;0;0;0;0;0;0;0;0;0;0;0;0;0;0;0;0;0;0;0;0;0;0;0;0;0;0;0;0;0;0;0;0;0;0;0;0;0;0;0;0;0;0;0;0;0;0;0;0;0;0;0;0;0;0
D05;B2;;Cal.Biomass[DCW [g/L]]:FS=4;0;0;0;0;0;0;0;0;0;0;0;0;0;0;0;0;0;0;0;0;0;0;0;0;0;0;0;0;0;0;0;0;0;0;0;0;0;0;0;0;0;0;0;0;0;0;0;0;0;0;0;0;0;0;0;0;0;0;0;0;0;0;0;0;0;0;0;0;0;0;0;0;0;0;0;0;0;0;0;0;0;0;0;0;0;0;0;0;0;0;0;0;0;0;0;0;0;0;0;0;0;0;0;0;0;0;0;0;0;0;0;0;0;0;0;0;0;0;0;0;0;0;0;0;0;0;0;0;0;0;0;0;0;0;0;0;0;0;0;0;0;0;0;0;0;0;0
D06;X2;;Cal.Biomass[DCW [g/L]]:FS=4;0;0;0;0;0;0;0;0;0;0;0;0;0;0;0;0;0;0;0;0;0;0;0;0;0;0;0;0;0;0;0;0;0;0;0;0;0;0;0;0;0;0;0;0;0;0;0;0;0;0;0;0;0;0;0;0;0;0;0;0;0;0;0;0;0;0;0;0;0;0;0;0;0;0;0;0;0;0;0;0;0;0;0;0;0;0;0;0;0;0;0;0;0;0;0;0;0;0;0;0;0;0;0;0;0;0;0;0;0;0;0;0;0;0;0;0;0;0;0;0;0;0;0;0;0;0;0;0;0;0;0;0;0;0;0;0;0;0;0;0;0;0;0;0;0;0;0
D07;X2;;Cal.Biomass[DCW [g/L]]:FS=4;0;0;0;0;0;0;0;0;0;0;0;0;0;0;0;0;0;0;0;0;0;0;0;0;0;0;0;0;0;0;0;0;0;0;0;0;0;0;0;0;0;0;0;0;0;0;0;0;0;0;0;0;0;0;0;0;0;0;0;0;0;0;0;0;0;0;0;0;0;0;0;0;0;0;0;0;0;0;0;0;0;0;0;0;0;0;0;0;0;0;0;0;0;0;0;0;0;0;0;0;0;0;0;0;0;0;0;0;0;0;0;0;0;0;0;0;0;0;0;0;0;0;0;0;0;0;0;0;0;0;0;0;0;0;0;0;0;0;0;0;0;0;0;0;0;0;0
D08;X2;;Cal.Biomass[DCW [g/L]]:FS=4;0;0;0;0;0;0;0;0;0;0;0;0;0;0;0;0;0;0;0;0;0;0;0;0;0;0;0;0;0;0;0;0;0;0;0;0;0;0;0;0;0;0;0;0;0;0;0;0;0;0;0;0;0;0;0;0;0;0;0;0;0;0;0;0;0;0;0;0;0;0;0;0;0;0;0;0;0;0;0;0;0;0;0;0;0;0;0;0;0;0;0;0;0;0;0;0;0;0;0;0;0;0;0;0;0;0;0;0;0;0;0;0;0;0;0;0;0;0;0;0;0;0;0;0;0;0;0;0;0;0;0;0;0;0;0;0;0;0;0;0;0;0;0;0;0;0;0
D09;X2;;Cal.Biomass[DCW [g/L]]:FS=4;0;0;0;0;0;0;0;0;0;0;0;0;0;0;0;0;0;0;0;0;0;0;0;0;0;0;0;0;0;0;0;0;0;0;0;0;0;0;0;0;0;0;0;0;0;0;0;0;0;0;0;0;0;0;0;0;0;0;0;0;0;0;0;0;0;0;0;0;0;0;0;0;0;0;0;0;0;0;0;0;0;0;0;0;0;0;0;0;0;0;0;0;0;0;0;0;0;0;0;0;0;0;0;0;0;0;0;0;0;0;0;0;0;0;0;0;0;0;0;0;0;0;0;0;0;0;0;0;0;0;0;0;0;0;0;0;0;0;0;0;0;0;0;0;0;0;0
D10;X2;;Cal.Biomass[DCW [g/L]]:FS=4;0;0;0;0;0;0;0;0;0;0;0;0;0;0;0;0;0;0;0;0;0;0;0;0;0;0;0;0;0;0;0;0;0;0;0;0;0;0;0;0;0;0;0;0;0;0;0;0;0;0;0;0;0;0;0;0;0;0;0;0;0;0;0;0;0;0;0;0;0;0;0;0;0;0;0;0;0;0;0;0;0;0;0;0;0;0;0;0;0;0;0;0;0;0;0;0;0;0;0;0;0;0;0;0;0;0;0;0;0;0;0;0;0;0;0;0;0;0;0;0;0;0;0;0;0;0;0;0;0;0;0;0;0;0;0;0;0;0;0;0;0;0;0;0;0;0;0
E03;B3;;Cal.Biomass[DCW [g/L]]:FS=4;0;0;0;0;0;0;0;0;0;0;0;0;0;0;0;0;0;0;0;0;0;0;0;0;0;0;0;0;0;0;0;0;0;0;0;0;0;0;0;0;0;0;0;0;0;0;0;0;0;0;0;0;0;0;0;0;0;0;0;0;0;0;0;0;0;0;0;0;0;0;0;0;0;0;0;0;0;0;0;0;0;0;0;0;0;0;0;0;0;0;0;0;0;0;0;0;0;0;0;0;0;0;0;0;0;0;0;0;0;0;0;0;0;0;0;0;0;0;0;0;0;0;0;0;0;0;0;0;0;0;0;0;0;0;0;0;0;0;0;0;0;0;0;0;0;0;0
E04;B3;;Cal.Biomass[DCW [g/L]]:FS=4;0;0;0;0;0;0;0;0;0;0;0;0;0;0;0;0;0;0;0;0;0;0;0;0;0;0;0;0;0;0;0;0;0;0;0;0;0;0;0;0;0;0;0;0;0;0;0;0;0;0;0;0;0;0;0;0;0;0;0;0;0;0;0;0;0;0;0;0;0;0;0;0;0;0;0;0;0;0;0;0;0;0;0;0;0;0;0;0;0;0;0;0;0;0;0;0;0;0;0;0;0;0;0;0;0;0;0;0;0;0;0;0;0;0;0;0;0;0;0;0;0;0;0;0;0;0;0;0;0;0;0;0;0;0;0;0;0;0;0;0;0;0;0;0;0;0;0
E05;B3;;Cal.Biomass[DCW [g/L]]:FS=4;0;0;0;0;0;0;0;0;0;0;0;0;0;0;0;0;0;0;0;0;0;0;0;0;0;0;0;0;0;0;0;0;0;0;0;0;0;0;0;0;0;0;0;0;0;0;0;0;0;0;0;0;0;0;0;0;0;0;0;0;0;0;0;0;0;0;0;0;0;0;0;0;0;0;0;0;0;0;0;0;0;0;0;0;0;0;0;0;0;0;0;0;0;0;0;0;0;0;0;0;0;0;0;0;0;0;0;0;0;0;0;0;0;0;0;0;0;0;0;0;0;0;0;0;0;0;0;0;0;0;0;0;0;0;0;0;0;0;0;0;0;0;0;0;0;0;0
E06;X3;;Cal.Biomass[DCW [g/L]]:FS=4;0;0;0;0;0;0;0;0;0;0;0;0;0;0;0;0;0;0;0;0;0;0;0;0;0;0;0;0;0;0;0;0;0;0;0;0;0;0;0;0;0;0;0;0;0;0;0;0;0;0;0;0;0;0;0;0;0;0;0;0;0;0;0;0;0;0;0;0;0;0;0;0;0;0;0;0;0;0;0;0;0;0;0;0;0;0;0;0;0;0;0;0;0;0;0;0;0;0;0;0;0;0;0;0;0;0;0;0;0;0;0;0;0;0;0;0;0;0;0;0;0;0;0;0;0;0;0;0;0;0;0;0;0;0;0;0;0;0;0;0;0;0;0;0;0;0;0
E07;X3;;Cal.Biomass[DCW [g/L]]:FS=4;0;0;0;0;0;0;0;0;0;0;0;0;0;0;0;0;0;0;0;0;0;0;0;0;0;0;0;0;0;0;0;0;0;0;0;0;0;0;0;0;0;0;0;0;0;0;0;0;0;0;0;0;0;0;0;0;0;0;0;0;0;0;0;0;0;0;0;0;0;0;0;0;0;0;0;0;0;0;0;0;0;0;0;0;0;0;0;0;0;0;0;0;0;0;0;0;0;0;0;0;0;0;0;0;0;0;0;0;0;0;0;0;0;0;0;0;0;0;0;0;0;0;0;0;0;0;0;0;0;0;0;0;0;0;0;0;0;0;0;0;0;0;0;0;0;0;0
E08;X3;;Cal.Biomass[DCW [g/L]]:FS=4;0;0;0;0;0;0;0;0;0;0;0;0;0;0;0;0;0;0;0;0;0;0;0;0;0;0;0;0;0;0;0;0;0;0;0;0;0;0;0;0;0;0;0;0;0;0;0;0;0;0;0;0;0;0;0;0;0;0;0;0;0;0;0;0;0;0;0;0;0;0;0;0;0;0;0;0;0;0;0;0;0;0;0;0;0;0;0;0;0;0;0;0;0;0;0;0;0;0;0;0;0;0;0;0;0;0;0;0;0;0;0;0;0;0;0;0;0;0;0;0;0;0;0;0;0;0;0;0;0;0;0;0;0;0;0;0;0;0;0;0;0;0;0;0;0;0;0
E09;X3;;Cal.Biomass[DCW [g/L]]:FS=4;0;0;0;0;0;0;0;0;0;0;0;0;0;0;0;0;0;0;0;0;0;0;0;0;0;0;0;0;0;0;0;0;0;0;0;0;0;0;0;0;0;0;0;0;0;0;0;0;0;0;0;0;0;0;0;0;0;0;0;0;0;0;0;0;0;0;0;0;0;0;0;0;0;0;0;0;0;0;0;0;0;0;0;0;0;0;0;0;0;0;0;0;0;0;0;0;0;0;0;0;0;0;0;0;0;0;0;0;0;0;0;0;0;0;0;0;0;0;0;0;0;0;0;0;0;0;0;0;0;0;0;0;0;0;0;0;0;0;0;0;0;0;0;0;0;0;0
E10;X3;;Cal.Biomass[DCW [g/L]]:FS=4;0;0;0;0;0;0;0;0;0;0;0;0;0;0;0;0;0;0;0;0;0;0;0;0;0;0;0;0;0;0;0;0;0;0;0;0;0;0;0;0;0;0;0;0;0;0;0;0;0;0;0;0;0;0;0;0;0;0;0;0;0;0;0;0;0;0;0;0;0;0;0;0;0;0;0;0;0;0;0;0;0;0;0;0;0;0;0;0;0;0;0;0;0;0;0;0;0;0;0;0;0;0;0;0;0;0;0;0;0;0;0;0;0;0;0;0;0;0;0;0;0;0;0;0;0;0;0;0;0;0;0;0;0;0;0;0;0;0;0;0;0;0;0;0;0;0;0
F03;B4;;Cal.Biomass[DCW [g/L]]:FS=4;0;0;0;0;0;0;0;0;0;0;0;0;0;0;0;0;0;0;0;0;0;0;0;0;0;0;0;0;0;0;0;0;0;0;0;0;0;0;0;0;0;0;0;0;0;0;0;0;0;0;0;0;0;0;0;0;0;0;0;0;0;0;0;0;0;0;0;0;0;0;0;0;0;0;0;0;0;0;0;0;0;0;0;0;0;0;0;0;0;0;0;0;0;0;0;0;0;0;0;0;0;0;0;0;0;0;0;0;0;0;0;0;0;0;0;0;0;0;0;0;0;0;0;0;0;0;0;0;0;0;0;0;0;0;0;0;0;0;0;0;0;0;0;0;0;0;0
F04;B4;;Cal.Biomass[DCW [g/L]]:FS=4;0;0;0;0;0;0;0;0;0;0;0;0;0;0;0;0;0;0;0;0;0;0;0;0;0;0;0;0;0;0;0;0;0;0;0;0;0;0;0;0;0;0;0;0;0;0;0;0;0;0;0;0;0;0;0;0;0;0;0;0;0;0;0;0;0;0;0;0;0;0;0;0;0;0;0;0;0;0;0;0;0;0;0;0;0;0;0;0;0;0;0;0;0;0;0;0;0;0;0;0;0;0;0;0;0;0;0;0;0;0;0;0;0;0;0;0;0;0;0;0;0;0;0;0;0;0;0;0;0;0;0;0;0;0;0;0;0;0;0;0;0;0;0;0;0;0;0
F05;B4;;Cal.Biomass[DCW [g/L]]:FS=4;0;0;0;0;0;0;0;0;0;0;0;0;0;0;0;0;0;0;0;0;0;0;0;0;0;0;0;0;0;0;0;0;0;0;0;0;0;0;0;0;0;0;0;0;0;0;0;0;0;0;0;0;0;0;0;0;0;0;0;0;0;0;0;0;0;0;0;0;0;0;0;0;0;0;0;0;0;0;0;0;0;0;0;0;0;0;0;0;0;0;0;0;0;0;0;0;0;0;0;0;0;0;0;0;0;0;0;0;0;0;0;0;0;0;0;0;0;0;0;0;0;0;0;0;0;0;0;0;0;0;0;0;0;0;0;0;0;0;0;0;0;0;0;0;0;0;0
F06;X4;;Cal.Biomass[DCW [g/L]]:FS=4;0;0;0;0;0;0;0;0;0;0;0;0;0;0;0;0;0;0;0;0;0;0;0;0;0;0;0;0;0;0;0;0;0;0;0;0;0;0;0;0;0;0;0;0;0;0;0;0;0;0;0;0;0;0;0;0;0;0;0;0;0;0;0;0;0;0;0;0;0;0;0;0;0;0;0;0;0;0;0;0;0;0;0;0;0;0;0;0;0;0;0;0;0;0;0;0;0;0;0;0;0;0;0;0;0;0;0;0;0;0;0;0;0;0;0;0;0;0;0;0;0;0;0;0;0;0;0;0;0;0;0;0;0;0;0;0;0;0;0;0;0;0;0;0;0;0;0
F07;X4;;Cal.Biomass[DCW [g/L]]:FS=4;0;0;0;0;0;0;0;0;0;0;0;0;0;0;0;0;0;0;0;0;0;0;0;0;0;0;0;0;0;0;0;0;0;0;0;0;0;0;0;0;0;0;0;0;0;0;0;0;0;0;0;0;0;0;0;0;0;0;0;0;0;0;0;0;0;0;0;0;0;0;0;0;0;0;0;0;0;0;0;0;0;0;0;0;0;0;0;0;0;0;0;0;0;0;0;0;0;0;0;0;0;0;0;0;0;0;0;0;0;0;0;0;0;0;0;0;0;0;0;0;0;0;0;0;0;0;0;0;0;0;0;0;0;0;0;0;0;0;0;0;0;0;0;0;0;0;0
F08;X4;;Cal.Biomass[DCW [g/L]]:FS=4;0;0;0;0;0;0;0;0;0;0;0;0;0;0;0;0;0;0;0;0;0;0;0;0;0;0;0;0;0;0;0;0;0;0;0;0;0;0;0;0;0;0;0;0;0;0;0;0;0;0;0;0;0;0;0;0;0;0;0;0;0;0;0;0;0;0;0;0;0;0;0;0;0;0;0;0;0;0;0;0;0;0;0;0;0;0;0;0;0;0;0;0;0;0;0;0;0;0;0;0;0;0;0;0;0;0;0;0;0;0;0;0;0;0;0;0;0;0;0;0;0;0;0;0;0;0;0;0;0;0;0;0;0;0;0;0;0;0;0;0;0;0;0;0;0;0;0
F09;X4;;Cal.Biomass[DCW [g/L]]:FS=4;0;0;0;0;0;0;0;0;0;0;0;0;0;0;0;0;0;0;0;0;0;0;0;0;0;0;0;0;0;0;0;0;0;0;0;0;0;0;0;0;0;0;0;0;0;0;0;0;0;0;0;0;0;0;0;0;0;0;0;0;0;0;0;0;0;0;0;0;0;0;0;0;0;0;0;0;0;0;0;0;0;0;0;0;0;0;0;0;0;0;0;0;0;0;0;0;0;0;0;0;0;0;0;0;0;0;0;0;0;0;0;0;0;0;0;0;0;0;0;0;0;0;0;0;0;0;0;0;0;0;0;0;0;0;0;0;0;0;0;0;0;0;0;0;0;0;0
F10;X4;;Cal.Biomass[DCW [g/L]]:FS=4;0;0;0;0;0;0;0;0;0;0;0;0;0;0;0;0;0;0;0;0;0;0;0;0;0;0;0;0;0;0;0;0;0;0;0;0;0;0;0;0;0;0;0;0;0;0;0;0;0;0;0;0;0;0;0;0;0;0;0;0;0;0;0;0;0;0;0;0;0;0;0;0;0;0;0;0;0;0;0;0;0;0;0;0;0;0;0;0;0;0;0;0;0;0;0;0;0;0;0;0;0;0;0;0;0;0;0;0;0;0;0;0;0;0;0;0;0;0;0;0;0;0;0;0;0;0;0;0;0;0;0;0;0;0;0;0;0;0;0;0;0;0;0;0;0;0;0
C06;X1;;Cal.Biomass[DCW [g/L]]:FS=Blanked.2;0;0;0;0;0;0;0;0;0;0;0;0;0;0;0;0;0;0;0;0;0;0;0;0;0;0;0;0;0;0;0;0;0;0;0;0;0;0;0;0;0;0;0;0;0;0;0;0;0;0;0;0;0;0;0;0;0;0;0;0;0;0;0;0;0;0;0;0;0;0;0;0;0;0;0;0;0;0;0;0;0;0;0;0;0;0;0;0;0;0;0;0;0;0;0;0;0;0;0;0;0;0;0;0;0;0;0;0;0;0;0;0;0;0;0;0;0;0;0;0;0;0;0;0;0;0;0;0;0;0;0;0;0;0;0;0;0;0;0;0;0;0;0;0;0;0;0
C07;X1;;Cal.Biomass[DCW [g/L]]:FS=Blanked.2;0;0;0;0;0;0;0;0;0;0;0;0;0;0;0;0;0;0;0;0;0;0;0;0;0;0;0;0;0;0;0;0;0;0;0;0;0;0;0;0;0;0;0;0;0;0;0;0;0;0;0;0;0;0;0;0;0;0;0;0;0;0;0;0;0;0;0;0;0;0;0;0;0;0;0;0;0;0;0;0;0;0;0;0;0;0;0;0;0;0;0;0;0;0;0;0;0;0;0;0;0;0;0;0;0;0;0;0;0;0;0;0;0;0;0;0;0;0;0;0;0;0;0;0;0;0;0;0;0;0;0;0;0;0;0;0;0;0;0;0;0;0;0;0;0;0;0
C08;X1;;Cal.Biomass[DCW [g/L]]:FS=Blanked.2;0;0;0;0;0;0;0;0;0;0;0;0;0;0;0;0;0;0;0;0;0;0;0;0;0;0;0;0;0;0;0;0;0;0;0;0;0;0;0;0;0;0;0;0;0;0;0;0;0;0;0;0;0;0;0;0;0;0;0;0;0;0;0;0;0;0;0;0;0;0;0;0;0;0;0;0;0;0;0;0;0;0;0;0;0;0;0;0;0;0;0;0;0;0;0;0;0;0;0;0;0;0;0;0;0;0;0;0;0;0;0;0;0;0;0;0;0;0;0;0;0;0;0;0;0;0;0;0;0;0;0;0;0;0;0;0;0;0;0;0;0;0;0;0;0;0;0
C09;X1;;Cal.Biomass[DCW [g/L]]:FS=Blanked.2;0;0;0;0;0;0;0;0;0;0;0;0;0;0;0;0;0;0;0;0;0;0;0;0;0;0;0;0;0;0;0;0;0;0;0;0;0;0;0;0;0;0;0;0;0;0;0;0;0;0;0;0;0;0;0;0;0;0;0;0;0;0;0;0;0;0;0;0;0;0;0;0;0;0;0;0;0;0;0;0;0;0;0;0;0;0;0;0;0;0;0;0;0;0;0;0;0;0;0;0;0;0;0;0;0;0;0;0;0;0;0;0;0;0;0;0;0;0;0;0;0;0;0;0;0;0;0;0;0;0;0;0;0;0;0;0;0;0;0;0;0;0;0;0;0;0;0
C10;X1;;Cal.Biomass[DCW [g/L]]:FS=Blanked.2;0;0;0;0;0;0;0;0;0;0;0;0;0;0;0;0;0;0;0;0;0;0;0;0;0;0;0;0;0;0;0;0;0;0;0;0;0;0;0;0;0;0;0;0;0;0;0;0;0;0;0;0;0;0;0;0;0;0;0;0;0;0;0;0;0;0;0;0;0;0;0;0;0;0;0;0;0;0;0;0;0;0;0;0;0;0;0;0;0;0;0;0;0;0;0;0;0;0;0;0;0;0;0;0;0;0;0;0;0;0;0;0;0;0;0;0;0;0;0;0;0;0;0;0;0;0;0;0;0;0;0;0;0;0;0;0;0;0;0;0;0;0;0;0;0;0;0
D06;X2;;Cal.Biomass[DCW [g/L]]:FS=Blanked.2;0;0;0;0;0;0;0;0;0;0;0;0;0;0;0;0;0;0;0;0;0;0;0;0;0;0;0;0;0;0;0;0;0;0;0;0;0;0;0;0;0;0;0;0;0;0;0;0;0;0;0;0;0;0;0;0;0;0;0;0;0;0;0;0;0;0;0;0;0;0;0;0;0;0;0;0;0;0;0;0;0;0;0;0;0;0;0;0;0;0;0;0;0;0;0;0;0;0;0;0;0;0;0;0;0;0;0;0;0;0;0;0;0;0;0;0;0;0;0;0;0;0;0;0;0;0;0;0;0;0;0;0;0;0;0;0;0;0;0;0;0;0;0;0;0;0;0
D07;X2;;Cal.Biomass[DCW [g/L]]:FS=Blanked.2;0;0;0;0;0;0;0;0;0;0;0;0;0;0;0;0;0;0;0;0;0;0;0;0;0;0;0;0;0;0;0;0;0;0;0;0;0;0;0;0;0;0;0;0;0;0;0;0;0;0;0;0;0;0;0;0;0;0;0;0;0;0;0;0;0;0;0;0;0;0;0;0;0;0;0;0;0;0;0;0;0;0;0;0;0;0;0;0;0;0;0;0;0;0;0;0;0;0;0;0;0;0;0;0;0;0;0;0;0;0;0;0;0;0;0;0;0;0;0;0;0;0;0;0;0;0;0;0;0;0;0;0;0;0;0;0;0;0;0;0;0;0;0;0;0;0;0
D08;X2;;Cal.Biomass[DCW [g/L]]:FS=Blanked.2;0;0;0;0;0;0;0;0;0;0;0;0;0;0;0;0;0;0;0;0;0;0;0;0;0;0;0;0;0;0;0;0;0;0;0;0;0;0;0;0;0;0;0;0;0;0;0;0;0;0;0;0;0;0;0;0;0;0;0;0;0;0;0;0;0;0;0;0;0;0;0;0;0;0;0;0;0;0;0;0;0;0;0;0;0;0;0;0;0;0;0;0;0;0;0;0;0;0;0;0;0;0;0;0;0;0;0;0;0;0;0;0;0;0;0;0;0;0;0;0;0;0;0;0;0;0;0;0;0;0;0;0;0;0;0;0;0;0;0;0;0;0;0;0;0;0;0
D09;X2;;Cal.Biomass[DCW [g/L]]:FS=Blanked.2;0;0;0;0;0;0;0;0;0;0;0;0;0;0;0;0;0;0;0;0;0;0;0;0;0;0;0;0;0;0;0;0;0;0;0;0;0;0;0;0;0;0;0;0;0;0;0;0;0;0;0;0;0;0;0;0;0;0;0;0;0;0;0;0;0;0;0;0;0;0;0;0;0;0;0;0;0;0;0;0;0;0;0;0;0;0;0;0;0;0;0;0;0;0;0;0;0;0;0;0;0;0;0;0;0;0;0;0;0;0;0;0;0;0;0;0;0;0;0;0;0;0;0;0;0;0;0;0;0;0;0;0;0;0;0;0;0;0;0;0;0;0;0;0;0;0;0
D10;X2;;Cal.Biomass[DCW [g/L]]:FS=Blanked.2;0;0;0;0;0;0;0;0;0;0;0;0;0;0;0;0;0;0;0;0;0;0;0;0;0;0;0;0;0;0;0;0;0;0;0;0;0;0;0;0;0;0;0;0;0;0;0;0;0;0;0;0;0;0;0;0;0;0;0;0;0;0;0;0;0;0;0;0;0;0;0;0;0;0;0;0;0;0;0;0;0;0;0;0;0;0;0;0;0;0;0;0;0;0;0;0;0;0;0;0;0;0;0;0;0;0;0;0;0;0;0;0;0;0;0;0;0;0;0;0;0;0;0;0;0;0;0;0;0;0;0;0;0;0;0;0;0;0;0;0;0;0;0;0;0;0;0
E06;X3;;Cal.Biomass[DCW [g/L]]:FS=Blanked.2;0;0;0;0;0;0;0;0;0;0;0;0;0;0;0;0;0;0;0;0;0;0;0;0;0;0;0;0;0;0;0;0;0;0;0;0;0;0;0;0;0;0;0;0;0;0;0;0;0;0;0;0;0;0;0;0;0;0;0;0;0;0;0;0;0;0;0;0;0;0;0;0;0;0;0;0;0;0;0;0;0;0;0;0;0;0;0;0;0;0;0;0;0;0;0;0;0;0;0;0;0;0;0;0;0;0;0;0;0;0;0;0;0;0;0;0;0;0;0;0;0;0;0;0;0;0;0;0;0;0;0;0;0;0;0;0;0;0;0;0;0;0;0;0;0;0;0
E07;X3;;Cal.Biomass[DCW [g/L]]:FS=Blanked.2;0;0;0;0;0;0;0;0;0;0;0;0;0;0;0;0;0;0;0;0;0;0;0;0;0;0;0;0;0;0;0;0;0;0;0;0;0;0;0;0;0;0;0;0;0;0;0;0;0;0;0;0;0;0;0;0;0;0;0;0;0;0;0;0;0;0;0;0;0;0;0;0;0;0;0;0;0;0;0;0;0;0;0;0;0;0;0;0;0;0;0;0;0;0;0;0;0;0;0;0;0;0;0;0;0;0;0;0;0;0;0;0;0;0;0;0;0;0;0;0;0;0;0;0;0;0;0;0;0;0;0;0;0;0;0;0;0;0;0;0;0;0;0;0;0;0;0
E08;X3;;Cal.Biomass[DCW [g/L]]:FS=Blanked.2;0;0;0;0;0;0;0;0;0;0;0;0;0;0;0;0;0;0;0;0;0;0;0;0;0;0;0;0;0;0;0;0;0;0;0;0;0;0;0;0;0;0;0;0;0;0;0;0;0;0;0;0;0;0;0;0;0;0;0;0;0;0;0;0;0;0;0;0;0;0;0;0;0;0;0;0;0;0;0;0;0;0;0;0;0;0;0;0;0;0;0;0;0;0;0;0;0;0;0;0;0;0;0;0;0;0;0;0;0;0;0;0;0;0;0;0;0;0;0;0;0;0;0;0;0;0;0;0;0;0;0;0;0;0;0;0;0;0;0;0;0;0;0;0;0;0;0
E09;X3;;Cal.Biomass[DCW [g/L]]:FS=Blanked.2;0;0;0;0;0;0;0;0;0;0;0;0;0;0;0;0;0;0;0;0;0;0;0;0;0;0;0;0;0;0;0;0;0;0;0;0;0;0;0;0;0;0;0;0;0;0;0;0;0;0;0;0;0;0;0;0;0;0;0;0;0;0;0;0;0;0;0;0;0;0;0;0;0;0;0;0;0;0;0;0;0;0;0;0;0;0;0;0;0;0;0;0;0;0;0;0;0;0;0;0;0;0;0;0;0;0;0;0;0;0;0;0;0;0;0;0;0;0;0;0;0;0;0;0;0;0;0;0;0;0;0;0;0;0;0;0;0;0;0;0;0;0;0;0;0;0;0
E10;X3;;Cal.Biomass[DCW [g/L]]:FS=Blanked.2;0;0;0;0;0;0;0;0;0;0;0;0;0;0;0;0;0;0;0;0;0;0;0;0;0;0;0;0;0;0;0;0;0;0;0;0;0;0;0;0;0;0;0;0;0;0;0;0;0;0;0;0;0;0;0;0;0;0;0;0;0;0;0;0;0;0;0;0;0;0;0;0;0;0;0;0;0;0;0;0;0;0;0;0;0;0;0;0;0;0;0;0;0;0;0;0;0;0;0;0;0;0;0;0;0;0;0;0;0;0;0;0;0;0;0;0;0;0;0;0;0;0;0;0;0;0;0;0;0;0;0;0;0;0;0;0;0;0;0;0;0;0;0;0;0;0;0
F06;X4;;Cal.Biomass[DCW [g/L]]:FS=Blanked.2;0;0;0;0;0;0;0;0;0;0;0;0;0;0;0;0;0;0;0;0;0;0;0;0;0;0;0;0;0;0;0;0;0;0;0;0;0;0;0;0;0;0;0;0;0;0;0;0;0;0;0;0;0;0;0;0;0;0;0;0;0;0;0;0;0;0;0;0;0;0;0;0;0;0;0;0;0;0;0;0;0;0;0;0;0;0;0;0;0;0;0;0;0;0;0;0;0;0;0;0;0;0;0;0;0;0;0;0;0;0;0;0;0;0;0;0;0;0;0;0;0;0;0;0;0;0;0;0;0;0;0;0;0;0;0;0;0;0;0;0;0;0;0;0;0;0;0
F07;X4;;Cal.Biomass[DCW [g/L]]:FS=Blanked.2;0;0;0;0;0;0;0;0;0;0;0;0;0;0;0;0;0;0;0;0;0;0;0;0;0;0;0;0;0;0;0;0;0;0;0;0;0;0;0;0;0;0;0;0;0;0;0;0;0;0;0;0;0;0;0;0;0;0;0;0;0;0;0;0;0;0;0;0;0;0;0;0;0;0;0;0;0;0;0;0;0;0;0;0;0;0;0;0;0;0;0;0;0;0;0;0;0;0;0;0;0;0;0;0;0;0;0;0;0;0;0;0;0;0;0;0;0;0;0;0;0;0;0;0;0;0;0;0;0;0;0;0;0;0;0;0;0;0;0;0;0;0;0;0;0;0;0
F08;X4;;Cal.Biomass[DCW [g/L]]:FS=Blanked.2;0;0;0;0;0;0;0;0;0;0;0;0;0;0;0;0;0;0;0;0;0;0;0;0;0;0;0;0;0;0;0;0;0;0;0;0;0;0;0;0;0;0;0;0;0;0;0;0;0;0;0;0;0;0;0;0;0;0;0;0;0;0;0;0;0;0;0;0;0;0;0;0;0;0;0;0;0;0;0;0;0;0;0;0;0;0;0;0;0;0;0;0;0;0;0;0;0;0;0;0;0;0;0;0;0;0;0;0;0;0;0;0;0;0;0;0;0;0;0;0;0;0;0;0;0;0;0;0;0;0;0;0;0;0;0;0;0;0;0;0;0;0;0;0;0;0;0
F09;X4;;Cal.Biomass[DCW [g/L]]:FS=Blanked.2;0;0;0;0;0;0;0;0;0;0;0;0;0;0;0;0;0;0;0;0;0;0;0;0;0;0;0;0;0;0;0;0;0;0;0;0;0;0;0;0;0;0;0;0;0;0;0;0;0;0;0;0;0;0;0;0;0;0;0;0;0;0;0;0;0;0;0;0;0;0;0;0;0;0;0;0;0;0;0;0;0;0;0;0;0;0;0;0;0;0;0;0;0;0;0;0;0;0;0;0;0;0;0;0;0;0;0;0;0;0;0;0;0;0;0;0;0;0;0;0;0;0;0;0;0;0;0;0;0;0;0;0;0;0;0;0;0;0;0;0;0;0;0;0;0;0;0
F10;X4;;Cal.Biomass[DCW [g/L]]:FS=Blanked.2;0;0;0;0;0;0;0;0;0;0;0;0;0;0;0;0;0;0;0;0;0;0;0;0;0;0;0;0;0;0;0;0;0;0;0;0;0;0;0;0;0;0;0;0;0;0;0;0;0;0;0;0;0;0;0;0;0;0;0;0;0;0;0;0;0;0;0;0;0;0;0;0;0;0;0;0;0;0;0;0;0;0;0;0;0;0;0;0;0;0;0;0;0;0;0;0;0;0;0;0;0;0;0;0;0;0;0;0;0;0;0;0;0;0;0;0;0;0;0;0;0;0;0;0;0;0;0;0;0;0;0;0;0;0;0;0;0;0;0;0;0;0;0;0;0;0;0
C06;X1;;Cal.Biomass[DCW [g/L]]:FS=Blanked.3;0;0;0;0;0;0;0;0;0;0;0;0;0;0;0;0;0;0;0;0;0;0;0;0;0;0;0;0;0;0;0;0;0;0;0;0;0;0;0;0;0;0;0;0;0;0;0;0;0;0;0;0;0;0;0;0;0;0;0;0;0;0;0;0;0;0;0;0;0;0;0;0;0;0;0;0;0;0;0;0;0;0;0;0;0;0;0;0;0;0;0;0;0;0;0;0;0;0;0;0;0;0;0;0;0;0;0;0;0;0;0;0;0;0;0;0;0;0;0;0;0;0;0;0;0;0;0;0;0;0;0;0;0;0;0;0;0;0;0;0;0;0;0;0;0;0;0
C07;X1;;Cal.Biomass[DCW [g/L]]:FS=Blanked.3;0;0;0;0;0;0;0;0;0;0;0;0;0;0;0;0;0;0;0;0;0;0;0;0;0;0;0;0;0;0;0;0;0;0;0;0;0;0;0;0;0;0;0;0;0;0;0;0;0;0;0;0;0;0;0;0;0;0;0;0;0;0;0;0;0;0;0;0;0;0;0;0;0;0;0;0;0;0;0;0;0;0;0;0;0;0;0;0;0;0;0;0;0;0;0;0;0;0;0;0;0;0;0;0;0;0;0;0;0;0;0;0;0;0;0;0;0;0;0;0;0;0;0;0;0;0;0;0;0;0;0;0;0;0;0;0;0;0;0;0;0;0;0;0;0;0;0
C08;X1;;Cal.Biomass[DCW [g/L]]:FS=Blanked.3;0;0;0;0;0;0;0;0;0;0;0;0;0;0;0;0;0;0;0;0;0;0;0;0;0;0;0;0;0;0;0;0;0;0;0;0;0;0;0;0;0;0;0;0;0;0;0;0;0;0;0;0;0;0;0;0;0;0;0;0;0;0;0;0;0;0;0;0;0;0;0;0;0;0;0;0;0;0;0;0;0;0;0;0;0;0;0;0;0;0;0;0;0;0;0;0;0;0;0;0;0;0;0;0;0;0;0;0;0;0;0;0;0;0;0;0;0;0;0;0;0;0;0;0;0;0;0;0;0;0;0;0;0;0;0;0;0;0;0;0;0;0;0;0;0;0;0
C09;X1;;Cal.Biomass[DCW [g/L]]:FS=Blanked.3;0;0;0;0;0;0;0;0;0;0;0;0;0;0;0;0;0;0;0;0;0;0;0;0;0;0;0;0;0;0;0;0;0;0;0;0;0;0;0;0;0;0;0;0;0;0;0;0;0;0;0;0;0;0;0;0;0;0;0;0;0;0;0;0;0;0;0;0;0;0;0;0;0;0;0;0;0;0;0;0;0;0;0;0;0;0;0;0;0;0;0;0;0;0;0;0;0;0;0;0;0;0;0;0;0;0;0;0;0;0;0;0;0;0;0;0;0;0;0;0;0;0;0;0;0;0;0;0;0;0;0;0;0;0;0;0;0;0;0;0;0;0;0;0;0;0;0
C10;X1;;Cal.Biomass[DCW [g/L]]:FS=Blanked.3;0;0;0;0;0;0;0;0;0;0;0;0;0;0;0;0;0;0;0;0;0;0;0;0;0;0;0;0;0;0;0;0;0;0;0;0;0;0;0;0;0;0;0;0;0;0;0;0;0;0;0;0;0;0;0;0;0;0;0;0;0;0;0;0;0;0;0;0;0;0;0;0;0;0;0;0;0;0;0;0;0;0;0;0;0;0;0;0;0;0;0;0;0;0;0;0;0;0;0;0;0;0;0;0;0;0;0;0;0;0;0;0;0;0;0;0;0;0;0;0;0;0;0;0;0;0;0;0;0;0;0;0;0;0;0;0;0;0;0;0;0;0;0;0;0;0;0
D06;X2;;Cal.Biomass[DCW [g/L]]:FS=Blanked.3;0;0;0;0;0;0;0;0;0;0;0;0;0;0;0;0;0;0;0;0;0;0;0;0;0;0;0;0;0;0;0;0;0;0;0;0;0;0;0;0;0;0;0;0;0;0;0;0;0;0;0;0;0;0;0;0;0;0;0;0;0;0;0;0;0;0;0;0;0;0;0;0;0;0;0;0;0;0;0;0;0;0;0;0;0;0;0;0;0;0;0;0;0;0;0;0;0;0;0;0;0;0;0;0;0;0;0;0;0;0;0;0;0;0;0;0;0;0;0;0;0;0;0;0;0;0;0;0;0;0;0;0;0;0;0;0;0;0;0;0;0;0;0;0;0;0;0
D07;X2;;Cal.Biomass[DCW [g/L]]:FS=Blanked.3;0;0;0;0;0;0;0;0;0;0;0;0;0;0;0;0;0;0;0;0;0;0;0;0;0;0;0;0;0;0;0;0;0;0;0;0;0;0;0;0;0;0;0;0;0;0;0;0;0;0;0;0;0;0;0;0;0;0;0;0;0;0;0;0;0;0;0;0;0;0;0;0;0;0;0;0;0;0;0;0;0;0;0;0;0;0;0;0;0;0;0;0;0;0;0;0;0;0;0;0;0;0;0;0;0;0;0;0;0;0;0;0;0;0;0;0;0;0;0;0;0;0;0;0;0;0;0;0;0;0;0;0;0;0;0;0;0;0;0;0;0;0;0;0;0;0;0
D08;X2;;Cal.Biomass[DCW [g/L]]:FS=Blanked.3;0;0;0;0;0;0;0;0;0;0;0;0;0;0;0;0;0;0;0;0;0;0;0;0;0;0;0;0;0;0;0;0;0;0;0;0;0;0;0;0;0;0;0;0;0;0;0;0;0;0;0;0;0;0;0;0;0;0;0;0;0;0;0;0;0;0;0;0;0;0;0;0;0;0;0;0;0;0;0;0;0;0;0;0;0;0;0;0;0;0;0;0;0;0;0;0;0;0;0;0;0;0;0;0;0;0;0;0;0;0;0;0;0;0;0;0;0;0;0;0;0;0;0;0;0;0;0;0;0;0;0;0;0;0;0;0;0;0;0;0;0;0;0;0;0;0;0
D09;X2;;Cal.Biomass[DCW [g/L]]:FS=Blanked.3;0;0;0;0;0;0;0;0;0;0;0;0;0;0;0;0;0;0;0;0;0;0;0;0;0;0;0;0;0;0;0;0;0;0;0;0;0;0;0;0;0;0;0;0;0;0;0;0;0;0;0;0;0;0;0;0;0;0;0;0;0;0;0;0;0;0;0;0;0;0;0;0;0;0;0;0;0;0;0;0;0;0;0;0;0;0;0;0;0;0;0;0;0;0;0;0;0;0;0;0;0;0;0;0;0;0;0;0;0;0;0;0;0;0;0;0;0;0;0;0;0;0;0;0;0;0;0;0;0;0;0;0;0;0;0;0;0;0;0;0;0;0;0;0;0;0;0
D10;X2;;Cal.Biomass[DCW [g/L]]:FS=Blanked.3;0;0;0;0;0;0;0;0;0;0;0;0;0;0;0;0;0;0;0;0;0;0;0;0;0;0;0;0;0;0;0;0;0;0;0;0;0;0;0;0;0;0;0;0;0;0;0;0;0;0;0;0;0;0;0;0;0;0;0;0;0;0;0;0;0;0;0;0;0;0;0;0;0;0;0;0;0;0;0;0;0;0;0;0;0;0;0;0;0;0;0;0;0;0;0;0;0;0;0;0;0;0;0;0;0;0;0;0;0;0;0;0;0;0;0;0;0;0;0;0;0;0;0;0;0;0;0;0;0;0;0;0;0;0;0;0;0;0;0;0;0;0;0;0;0;0;0
E06;X3;;Cal.Biomass[DCW [g/L]]:FS=Blanked.3;0;0;0;0;0;0;0;0;0;0;0;0;0;0;0;0;0;0;0;0;0;0;0;0;0;0;0;0;0;0;0;0;0;0;0;0;0;0;0;0;0;0;0;0;0;0;0;0;0;0;0;0;0;0;0;0;0;0;0;0;0;0;0;0;0;0;0;0;0;0;0;0;0;0;0;0;0;0;0;0;0;0;0;0;0;0;0;0;0;0;0;0;0;0;0;0;0;0;0;0;0;0;0;0;0;0;0;0;0;0;0;0;0;0;0;0;0;0;0;0;0;0;0;0;0;0;0;0;0;0;0;0;0;0;0;0;0;0;0;0;0;0;0;0;0;0;0
E07;X3;;Cal.Biomass[DCW [g/L]]:FS=Blanked.3;0;0;0;0;0;0;0;0;0;0;0;0;0;0;0;0;0;0;0;0;0;0;0;0;0;0;0;0;0;0;0;0;0;0;0;0;0;0;0;0;0;0;0;0;0;0;0;0;0;0;0;0;0;0;0;0;0;0;0;0;0;0;0;0;0;0;0;0;0;0;0;0;0;0;0;0;0;0;0;0;0;0;0;0;0;0;0;0;0;0;0;0;0;0;0;0;0;0;0;0;0;0;0;0;0;0;0;0;0;0;0;0;0;0;0;0;0;0;0;0;0;0;0;0;0;0;0;0;0;0;0;0;0;0;0;0;0;0;0;0;0;0;0;0;0;0;0
E08;X3;;Cal.Biomass[DCW [g/L]]:FS=Blanked.3;0;0;0;0;0;0;0;0;0;0;0;0;0;0;0;0;0;0;0;0;0;0;0;0;0;0;0;0;0;0;0;0;0;0;0;0;0;0;0;0;0;0;0;0;0;0;0;0;0;0;0;0;0;0;0;0;0;0;0;0;0;0;0;0;0;0;0;0;0;0;0;0;0;0;0;0;0;0;0;0;0;0;0;0;0;0;0;0;0;0;0;0;0;0;0;0;0;0;0;0;0;0;0;0;0;0;0;0;0;0;0;0;0;0;0;0;0;0;0;0;0;0;0;0;0;0;0;0;0;0;0;0;0;0;0;0;0;0;0;0;0;0;0;0;0;0;0
E09;X3;;Cal.Biomass[DCW [g/L]]:FS=Blanked.3;0;0;0;0;0;0;0;0;0;0;0;0;0;0;0;0;0;0;0;0;0;0;0;0;0;0;0;0;0;0;0;0;0;0;0;0;0;0;0;0;0;0;0;0;0;0;0;0;0;0;0;0;0;0;0;0;0;0;0;0;0;0;0;0;0;0;0;0;0;0;0;0;0;0;0;0;0;0;0;0;0;0;0;0;0;0;0;0;0;0;0;0;0;0;0;0;0;0;0;0;0;0;0;0;0;0;0;0;0;0;0;0;0;0;0;0;0;0;0;0;0;0;0;0;0;0;0;0;0;0;0;0;0;0;0;0;0;0;0;0;0;0;0;0;0;0;0
E10;X3;;Cal.Biomass[DCW [g/L]]:FS=Blanked.3;0;0;0;0;0;0;0;0;0;0;0;0;0;0;0;0;0;0;0;0;0;0;0;0;0;0;0;0;0;0;0;0;0;0;0;0;0;0;0;0;0;0;0;0;0;0;0;0;0;0;0;0;0;0;0;0;0;0;0;0;0;0;0;0;0;0;0;0;0;0;0;0;0;0;0;0;0;0;0;0;0;0;0;0;0;0;0;0;0;0;0;0;0;0;0;0;0;0;0;0;0;0;0;0;0;0;0;0;0;0;0;0;0;0;0;0;0;0;0;0;0;0;0;0;0;0;0;0;0;0;0;0;0;0;0;0;0;0;0;0;0;0;0;0;0;0;0
F06;X4;;Cal.Biomass[DCW [g/L]]:FS=Blanked.3;0;0;0;0;0;0;0;0;0;0;0;0;0;0;0;0;0;0;0;0;0;0;0;0;0;0;0;0;0;0;0;0;0;0;0;0;0;0;0;0;0;0;0;0;0;0;0;0;0;0;0;0;0;0;0;0;0;0;0;0;0;0;0;0;0;0;0;0;0;0;0;0;0;0;0;0;0;0;0;0;0;0;0;0;0;0;0;0;0;0;0;0;0;0;0;0;0;0;0;0;0;0;0;0;0;0;0;0;0;0;0;0;0;0;0;0;0;0;0;0;0;0;0;0;0;0;0;0;0;0;0;0;0;0;0;0;0;0;0;0;0;0;0;0;0;0;0
F07;X4;;Cal.Biomass[DCW [g/L]]:FS=Blanked.3;0;0;0;0;0;0;0;0;0;0;0;0;0;0;0;0;0;0;0;0;0;0;0;0;0;0;0;0;0;0;0;0;0;0;0;0;0;0;0;0;0;0;0;0;0;0;0;0;0;0;0;0;0;0;0;0;0;0;0;0;0;0;0;0;0;0;0;0;0;0;0;0;0;0;0;0;0;0;0;0;0;0;0;0;0;0;0;0;0;0;0;0;0;0;0;0;0;0;0;0;0;0;0;0;0;0;0;0;0;0;0;0;0;0;0;0;0;0;0;0;0;0;0;0;0;0;0;0;0;0;0;0;0;0;0;0;0;0;0;0;0;0;0;0;0;0;0
F08;X4;;Cal.Biomass[DCW [g/L]]:FS=Blanked.3;0;0;0;0;0;0;0;0;0;0;0;0;0;0;0;0;0;0;0;0;0;0;0;0;0;0;0;0;0;0;0;0;0;0;0;0;0;0;0;0;0;0;0;0;0;0;0;0;0;0;0;0;0;0;0;0;0;0;0;0;0;0;0;0;0;0;0;0;0;0;0;0;0;0;0;0;0;0;0;0;0;0;0;0;0;0;0;0;0;0;0;0;0;0;0;0;0;0;0;0;0;0;0;0;0;0;0;0;0;0;0;0;0;0;0;0;0;0;0;0;0;0;0;0;0;0;0;0;0;0;0;0;0;0;0;0;0;0;0;0;0;0;0;0;0;0;0
F09;X4;;Cal.Biomass[DCW [g/L]]:FS=Blanked.3;0;0;0;0;0;0;0;0;0;0;0;0;0;0;0;0;0;0;0;0;0;0;0;0;0;0;0;0;0;0;0;0;0;0;0;0;0;0;0;0;0;0;0;0;0;0;0;0;0;0;0;0;0;0;0;0;0;0;0;0;0;0;0;0;0;0;0;0;0;0;0;0;0;0;0;0;0;0;0;0;0;0;0;0;0;0;0;0;0;0;0;0;0;0;0;0;0;0;0;0;0;0;0;0;0;0;0;0;0;0;0;0;0;0;0;0;0;0;0;0;0;0;0;0;0;0;0;0;0;0;0;0;0;0;0;0;0;0;0;0;0;0;0;0;0;0;0
F10;X4;;Cal.Biomass[DCW [g/L]]:FS=Blanked.3;0;0;0;0;0;0;0;0;0;0;0;0;0;0;0;0;0;0;0;0;0;0;0;0;0;0;0;0;0;0;0;0;0;0;0;0;0;0;0;0;0;0;0;0;0;0;0;0;0;0;0;0;0;0;0;0;0;0;0;0;0;0;0;0;0;0;0;0;0;0;0;0;0;0;0;0;0;0;0;0;0;0;0;0;0;0;0;0;0;0;0;0;0;0;0;0;0;0;0;0;0;0;0;0;0;0;0;0;0;0;0;0;0;0;0;0;0;0;0;0;0;0;0;0;0;0;0;0;0;0;0;0;0;0;0;0;0;0;0;0;0;0;0;0;0;0;0
C06;X1;;Cal.Biomass[DCW [g/L]]:FS=Blanked.4;0;0;0;0;0;0;0;0;0;0;0;0;0;0;0;0;0;0;0;0;0;0;0;0;0;0;0;0;0;0;0;0;0;0;0;0;0;0;0;0;0;0;0;0;0;0;0;0;0;0;0;0;0;0;0;0;0;0;0;0;0;0;0;0;0;0;0;0;0;0;0;0;0;0;0;0;0;0;0;0;0;0;0;0;0;0;0;0;0;0;0;0;0;0;0;0;0;0;0;0;0;0;0;0;0;0;0;0;0;0;0;0;0;0;0;0;0;0;0;0;0;0;0;0;0;0;0;0;0;0;0;0;0;0;0;0;0;0;0;0;0;0;0;0;0;0;0
C07;X1;;Cal.Biomass[DCW [g/L]]:FS=Blanked.4;0;0;0;0;0;0;0;0;0;0;0;0;0;0;0;0;0;0;0;0;0;0;0;0;0;0;0;0;0;0;0;0;0;0;0;0;0;0;0;0;0;0;0;0;0;0;0;0;0;0;0;0;0;0;0;0;0;0;0;0;0;0;0;0;0;0;0;0;0;0;0;0;0;0;0;0;0;0;0;0;0;0;0;0;0;0;0;0;0;0;0;0;0;0;0;0;0;0;0;0;0;0;0;0;0;0;0;0;0;0;0;0;0;0;0;0;0;0;0;0;0;0;0;0;0;0;0;0;0;0;0;0;0;0;0;0;0;0;0;0;0;0;0;0;0;0;0
C08;X1;;Cal.Biomass[DCW [g/L]]:FS=Blanked.4;0;0;0;0;0;0;0;0;0;0;0;0;0;0;0;0;0;0;0;0;0;0;0;0;0;0;0;0;0;0;0;0;0;0;0;0;0;0;0;0;0;0;0;0;0;0;0;0;0;0;0;0;0;0;0;0;0;0;0;0;0;0;0;0;0;0;0;0;0;0;0;0;0;0;0;0;0;0;0;0;0;0;0;0;0;0;0;0;0;0;0;0;0;0;0;0;0;0;0;0;0;0;0;0;0;0;0;0;0;0;0;0;0;0;0;0;0;0;0;0;0;0;0;0;0;0;0;0;0;0;0;0;0;0;0;0;0;0;0;0;0;0;0;0;0;0;0
C09;X1;;Cal.Biomass[DCW [g/L]]:FS=Blanked.4;0;0;0;0;0;0;0;0;0;0;0;0;0;0;0;0;0;0;0;0;0;0;0;0;0;0;0;0;0;0;0;0;0;0;0;0;0;0;0;0;0;0;0;0;0;0;0;0;0;0;0;0;0;0;0;0;0;0;0;0;0;0;0;0;0;0;0;0;0;0;0;0;0;0;0;0;0;0;0;0;0;0;0;0;0;0;0;0;0;0;0;0;0;0;0;0;0;0;0;0;0;0;0;0;0;0;0;0;0;0;0;0;0;0;0;0;0;0;0;0;0;0;0;0;0;0;0;0;0;0;0;0;0;0;0;0;0;0;0;0;0;0;0;0;0;0;0
C10;X1;;Cal.Biomass[DCW [g/L]]:FS=Blanked.4;0;0;0;0;0;0;0;0;0;0;0;0;0;0;0;0;0;0;0;0;0;0;0;0;0;0;0;0;0;0;0;0;0;0;0;0;0;0;0;0;0;0;0;0;0;0;0;0;0;0;0;0;0;0;0;0;0;0;0;0;0;0;0;0;0;0;0;0;0;0;0;0;0;0;0;0;0;0;0;0;0;0;0;0;0;0;0;0;0;0;0;0;0;0;0;0;0;0;0;0;0;0;0;0;0;0;0;0;0;0;0;0;0;0;0;0;0;0;0;0;0;0;0;0;0;0;0;0;0;0;0;0;0;0;0;0;0;0;0;0;0;0;0;0;0;0;0
D06;X2;;Cal.Biomass[DCW [g/L]]:FS=Blanked.4;0;0;0;0;0;0;0;0;0;0;0;0;0;0;0;0;0;0;0;0;0;0;0;0;0;0;0;0;0;0;0;0;0;0;0;0;0;0;0;0;0;0;0;0;0;0;0;0;0;0;0;0;0;0;0;0;0;0;0;0;0;0;0;0;0;0;0;0;0;0;0;0;0;0;0;0;0;0;0;0;0;0;0;0;0;0;0;0;0;0;0;0;0;0;0;0;0;0;0;0;0;0;0;0;0;0;0;0;0;0;0;0;0;0;0;0;0;0;0;0;0;0;0;0;0;0;0;0;0;0;0;0;0;0;0;0;0;0;0;0;0;0;0;0;0;0;0
D07;X2;;Cal.Biomass[DCW [g/L]]:FS=Blanked.4;0;0;0;0;0;0;0;0;0;0;0;0;0;0;0;0;0;0;0;0;0;0;0;0;0;0;0;0;0;0;0;0;0;0;0;0;0;0;0;0;0;0;0;0;0;0;0;0;0;0;0;0;0;0;0;0;0;0;0;0;0;0;0;0;0;0;0;0;0;0;0;0;0;0;0;0;0;0;0;0;0;0;0;0;0;0;0;0;0;0;0;0;0;0;0;0;0;0;0;0;0;0;0;0;0;0;0;0;0;0;0;0;0;0;0;0;0;0;0;0;0;0;0;0;0;0;0;0;0;0;0;0;0;0;0;0;0;0;0;0;0;0;0;0;0;0;0
D08;X2;;Cal.Biomass[DCW [g/L]]:FS=Blanked.4;0;0;0;0;0;0;0;0;0;0;0;0;0;0;0;0;0;0;0;0;0;0;0;0;0;0;0;0;0;0;0;0;0;0;0;0;0;0;0;0;0;0;0;0;0;0;0;0;0;0;0;0;0;0;0;0;0;0;0;0;0;0;0;0;0;0;0;0;0;0;0;0;0;0;0;0;0;0;0;0;0;0;0;0;0;0;0;0;0;0;0;0;0;0;0;0;0;0;0;0;0;0;0;0;0;0;0;0;0;0;0;0;0;0;0;0;0;0;0;0;0;0;0;0;0;0;0;0;0;0;0;0;0;0;0;0;0;0;0;0;0;0;0;0;0;0;0
D09;X2;;Cal.Biomass[DCW [g/L]]:FS=Blanked.4;0;0;0;0;0;0;0;0;0;0;0;0;0;0;0;0;0;0;0;0;0;0;0;0;0;0;0;0;0;0;0;0;0;0;0;0;0;0;0;0;0;0;0;0;0;0;0;0;0;0;0;0;0;0;0;0;0;0;0;0;0;0;0;0;0;0;0;0;0;0;0;0;0;0;0;0;0;0;0;0;0;0;0;0;0;0;0;0;0;0;0;0;0;0;0;0;0;0;0;0;0;0;0;0;0;0;0;0;0;0;0;0;0;0;0;0;0;0;0;0;0;0;0;0;0;0;0;0;0;0;0;0;0;0;0;0;0;0;0;0;0;0;0;0;0;0;0
D10;X2;;Cal.Biomass[DCW [g/L]]:FS=Blanked.4;0;0;0;0;0;0;0;0;0;0;0;0;0;0;0;0;0;0;0;0;0;0;0;0;0;0;0;0;0;0;0;0;0;0;0;0;0;0;0;0;0;0;0;0;0;0;0;0;0;0;0;0;0;0;0;0;0;0;0;0;0;0;0;0;0;0;0;0;0;0;0;0;0;0;0;0;0;0;0;0;0;0;0;0;0;0;0;0;0;0;0;0;0;0;0;0;0;0;0;0;0;0;0;0;0;0;0;0;0;0;0;0;0;0;0;0;0;0;0;0;0;0;0;0;0;0;0;0;0;0;0;0;0;0;0;0;0;0;0;0;0;0;0;0;0;0;0
E06;X3;;Cal.Biomass[DCW [g/L]]:FS=Blanked.4;0;0;0;0;0;0;0;0;0;0;0;0;0;0;0;0;0;0;0;0;0;0;0;0;0;0;0;0;0;0;0;0;0;0;0;0;0;0;0;0;0;0;0;0;0;0;0;0;0;0;0;0;0;0;0;0;0;0;0;0;0;0;0;0;0;0;0;0;0;0;0;0;0;0;0;0;0;0;0;0;0;0;0;0;0;0;0;0;0;0;0;0;0;0;0;0;0;0;0;0;0;0;0;0;0;0;0;0;0;0;0;0;0;0;0;0;0;0;0;0;0;0;0;0;0;0;0;0;0;0;0;0;0;0;0;0;0;0;0;0;0;0;0;0;0;0;0
E07;X3;;Cal.Biomass[DCW [g/L]]:FS=Blanked.4;0;0;0;0;0;0;0;0;0;0;0;0;0;0;0;0;0;0;0;0;0;0;0;0;0;0;0;0;0;0;0;0;0;0;0;0;0;0;0;0;0;0;0;0;0;0;0;0;0;0;0;0;0;0;0;0;0;0;0;0;0;0;0;0;0;0;0;0;0;0;0;0;0;0;0;0;0;0;0;0;0;0;0;0;0;0;0;0;0;0;0;0;0;0;0;0;0;0;0;0;0;0;0;0;0;0;0;0;0;0;0;0;0;0;0;0;0;0;0;0;0;0;0;0;0;0;0;0;0;0;0;0;0;0;0;0;0;0;0;0;0;0;0;0;0;0;0
E08;X3;;Cal.Biomass[DCW [g/L]]:FS=Blanked.4;0;0;0;0;0;0;0;0;0;0;0;0;0;0;0;0;0;0;0;0;0;0;0;0;0;0;0;0;0;0;0;0;0;0;0;0;0;0;0;0;0;0;0;0;0;0;0;0;0;0;0;0;0;0;0;0;0;0;0;0;0;0;0;0;0;0;0;0;0;0;0;0;0;0;0;0;0;0;0;0;0;0;0;0;0;0;0;0;0;0;0;0;0;0;0;0;0;0;0;0;0;0;0;0;0;0;0;0;0;0;0;0;0;0;0;0;0;0;0;0;0;0;0;0;0;0;0;0;0;0;0;0;0;0;0;0;0;0;0;0;0;0;0;0;0;0;0
E09;X3;;Cal.Biomass[DCW [g/L]]:FS=Blanked.4;0;0;0;0;0;0;0;0;0;0;0;0;0;0;0;0;0;0;0;0;0;0;0;0;0;0;0;0;0;0;0;0;0;0;0;0;0;0;0;0;0;0;0;0;0;0;0;0;0;0;0;0;0;0;0;0;0;0;0;0;0;0;0;0;0;0;0;0;0;0;0;0;0;0;0;0;0;0;0;0;0;0;0;0;0;0;0;0;0;0;0;0;0;0;0;0;0;0;0;0;0;0;0;0;0;0;0;0;0;0;0;0;0;0;0;0;0;0;0;0;0;0;0;0;0;0;0;0;0;0;0;0;0;0;0;0;0;0;0;0;0;0;0;0;0;0;0
E10;X3;;Cal.Biomass[DCW [g/L]]:FS=Blanked.4;0;0;0;0;0;0;0;0;0;0;0;0;0;0;0;0;0;0;0;0;0;0;0;0;0;0;0;0;0;0;0;0;0;0;0;0;0;0;0;0;0;0;0;0;0;0;0;0;0;0;0;0;0;0;0;0;0;0;0;0;0;0;0;0;0;0;0;0;0;0;0;0;0;0;0;0;0;0;0;0;0;0;0;0;0;0;0;0;0;0;0;0;0;0;0;0;0;0;0;0;0;0;0;0;0;0;0;0;0;0;0;0;0;0;0;0;0;0;0;0;0;0;0;0;0;0;0;0;0;0;0;0;0;0;0;0;0;0;0;0;0;0;0;0;0;0;0
F06;X4;;Cal.Biomass[DCW [g/L]]:FS=Blanked.4;0;0;0;0;0;0;0;0;0;0;0;0;0;0;0;0;0;0;0;0;0;0;0;0;0;0;0;0;0;0;0;0;0;0;0;0;0;0;0;0;0;0;0;0;0;0;0;0;0;0;0;0;0;0;0;0;0;0;0;0;0;0;0;0;0;0;0;0;0;0;0;0;0;0;0;0;0;0;0;0;0;0;0;0;0;0;0;0;0;0;0;0;0;0;0;0;0;0;0;0;0;0;0;0;0;0;0;0;0;0;0;0;0;0;0;0;0;0;0;0;0;0;0;0;0;0;0;0;0;0;0;0;0;0;0;0;0;0;0;0;0;0;0;0;0;0;0
F07;X4;;Cal.Biomass[DCW [g/L]]:FS=Blanked.4;0;0;0;0;0;0;0;0;0;0;0;0;0;0;0;0;0;0;0;0;0;0;0;0;0;0;0;0;0;0;0;0;0;0;0;0;0;0;0;0;0;0;0;0;0;0;0;0;0;0;0;0;0;0;0;0;0;0;0;0;0;0;0;0;0;0;0;0;0;0;0;0;0;0;0;0;0;0;0;0;0;0;0;0;0;0;0;0;0;0;0;0;0;0;0;0;0;0;0;0;0;0;0;0;0;0;0;0;0;0;0;0;0;0;0;0;0;0;0;0;0;0;0;0;0;0;0;0;0;0;0;0;0;0;0;0;0;0;0;0;0;0;0;0;0;0;0
F08;X4;;Cal.Biomass[DCW [g/L]]:FS=Blanked.4;0;0;0;0;0;0;0;0;0;0;0;0;0;0;0;0;0;0;0;0;0;0;0;0;0;0;0;0;0;0;0;0;0;0;0;0;0;0;0;0;0;0;0;0;0;0;0;0;0;0;0;0;0;0;0;0;0;0;0;0;0;0;0;0;0;0;0;0;0;0;0;0;0;0;0;0;0;0;0;0;0;0;0;0;0;0;0;0;0;0;0;0;0;0;0;0;0;0;0;0;0;0;0;0;0;0;0;0;0;0;0;0;0;0;0;0;0;0;0;0;0;0;0;0;0;0;0;0;0;0;0;0;0;0;0;0;0;0;0;0;0;0;0;0;0;0;0
F09;X4;;Cal.Biomass[DCW [g/L]]:FS=Blanked.4;0;0;0;0;0;0;0;0;0;0;0;0;0;0;0;0;0;0;0;0;0;0;0;0;0;0;0;0;0;0;0;0;0;0;0;0;0;0;0;0;0;0;0;0;0;0;0;0;0;0;0;0;0;0;0;0;0;0;0;0;0;0;0;0;0;0;0;0;0;0;0;0;0;0;0;0;0;0;0;0;0;0;0;0;0;0;0;0;0;0;0;0;0;0;0;0;0;0;0;0;0;0;0;0;0;0;0;0;0;0;0;0;0;0;0;0;0;0;0;0;0;0;0;0;0;0;0;0;0;0;0;0;0;0;0;0;0;0;0;0;0;0;0;0;0;0;0
F10;X4;;Cal.Biomass[DCW [g/L]]:FS=Blanked.4;0;0;0;0;0;0;0;0;0;0;0;0;0;0;0;0;0;0;0;0;0;0;0;0;0;0;0;0;0;0;0;0;0;0;0;0;0;0;0;0;0;0;0;0;0;0;0;0;0;0;0;0;0;0;0;0;0;0;0;0;0;0;0;0;0;0;0;0;0;0;0;0;0;0;0;0;0;0;0;0;0;0;0;0;0;0;0;0;0;0;0;0;0;0;0;0;0;0;0;0;0;0;0;0;0;0;0;0;0;0;0;0;0;0;0;0;0;0;0;0;0;0;0;0;0;0;0;0;0;0;0;0;0;0;0;0;0;0;0;0;0;0;0;0;0;0;0
C06;X1;;Cal.Biomass[DCW [g/L]]:FS=Blanked.1;0;0;0;0;0;0;0;0;0;0;0;0;0;0;0;0;0;0;0;0;0;0;0;0;0;0;0;0;0;0;0;0;0;0;0;0;0;0;0;0;0;0;0;0;0;0;0;0;0;0;0;0;0;0;0;0;0;0;0;0;0;0;0;0;0;0;0;0;0;0;0;0;0;0;0;0;0;0;0;0;0;0;0;0;0;0;0;0;0;0;0;0;0;0;0;0;0;0;0;0;0;0;0;0;0;0;0;0;0;0;0;0;0;0;0;0;0;0;0;0;0;0;0;0;0;0;0;0;0;0;0;0;0;0;0;0;0;0;0;0;0;0;0;0;0;0;0
C07;X1;;Cal.Biomass[DCW [g/L]]:FS=Blanked.1;0;0;0;0;0;0;0;0;0;0;0;0;0;0;0;0;0;0;0;0;0;0;0;0;0;0;0;0;0;0;0;0;0;0;0;0;0;0;0;0;0;0;0;0;0;0;0;0;0;0;0;0;0;0;0;0;0;0;0;0;0;0;0;0;0;0;0;0;0;0;0;0;0;0;0;0;0;0;0;0;0;0;0;0;0;0;0;0;0;0;0;0;0;0;0;0;0;0;0;0;0;0;0;0;0;0;0;0;0;0;0;0;0;0;0;0;0;0;0;0;0;0;0;0;0;0;0;0;0;0;0;0;0;0;0;0;0;0;0;0;0;0;0;0;0;0;0
C08;X1;;Cal.Biomass[DCW [g/L]]:FS=Blanked.1;0;0;0;0;0;0;0;0;0;0;0;0;0;0;0;0;0;0;0;0;0;0;0;0;0;0;0;0;0;0;0;0;0;0;0;0;0;0;0;0;0;0;0;0;0;0;0;0;0;0;0;0;0;0;0;0;0;0;0;0;0;0;0;0;0;0;0;0;0;0;0;0;0;0;0;0;0;0;0;0;0;0;0;0;0;0;0;0;0;0;0;0;0;0;0;0;0;0;0;0;0;0;0;0;0;0;0;0;0;0;0;0;0;0;0;0;0;0;0;0;0;0;0;0;0;0;0;0;0;0;0;0;0;0;0;0;0;0;0;0;0;0;0;0;0;0;0
C09;X1;;Cal.Biomass[DCW [g/L]]:FS=Blanked.1;0;0;0;0;0;0;0;0;0;0;0;0;0;0;0;0;0;0;0;0;0;0;0;0;0;0;0;0;0;0;0;0;0;0;0;0;0;0;0;0;0;0;0;0;0;0;0;0;0;0;0;0;0;0;0;0;0;0;0;0;0;0;0;0;0;0;0;0;0;0;0;0;0;0;0;0;0;0;0;0;0;0;0;0;0;0;0;0;0;0;0;0;0;0;0;0;0;0;0;0;0;0;0;0;0;0;0;0;0;0;0;0;0;0;0;0;0;0;0;0;0;0;0;0;0;0;0;0;0;0;0;0;0;0;0;0;0;0;0;0;0;0;0;0;0;0;0
C10;X1;;Cal.Biomass[DCW [g/L]]:FS=Blanked.1;0;0;0;0;0;0;0;0;0;0;0;0;0;0;0;0;0;0;0;0;0;0;0;0;0;0;0;0;0;0;0;0;0;0;0;0;0;0;0;0;0;0;0;0;0;0;0;0;0;0;0;0;0;0;0;0;0;0;0;0;0;0;0;0;0;0;0;0;0;0;0;0;0;0;0;0;0;0;0;0;0;0;0;0;0;0;0;0;0;0;0;0;0;0;0;0;0;0;0;0;0;0;0;0;0;0;0;0;0;0;0;0;0;0;0;0;0;0;0;0;0;0;0;0;0;0;0;0;0;0;0;0;0;0;0;0;0;0;0;0;0;0;0;0;0;0;0
D06;X2;;Cal.Biomass[DCW [g/L]]:FS=Blanked.1;0;0;0;0;0;0;0;0;0;0;0;0;0;0;0;0;0;0;0;0;0;0;0;0;0;0;0;0;0;0;0;0;0;0;0;0;0;0;0;0;0;0;0;0;0;0;0;0;0;0;0;0;0;0;0;0;0;0;0;0;0;0;0;0;0;0;0;0;0;0;0;0;0;0;0;0;0;0;0;0;0;0;0;0;0;0;0;0;0;0;0;0;0;0;0;0;0;0;0;0;0;0;0;0;0;0;0;0;0;0;0;0;0;0;0;0;0;0;0;0;0;0;0;0;0;0;0;0;0;0;0;0;0;0;0;0;0;0;0;0;0;0;0;0;0;0;0
D07;X2;;Cal.Biomass[DCW [g/L]]:FS=Blanked.1;0;0;0;0;0;0;0;0;0;0;0;0;0;0;0;0;0;0;0;0;0;0;0;0;0;0;0;0;0;0;0;0;0;0;0;0;0;0;0;0;0;0;0;0;0;0;0;0;0;0;0;0;0;0;0;0;0;0;0;0;0;0;0;0;0;0;0;0;0;0;0;0;0;0;0;0;0;0;0;0;0;0;0;0;0;0;0;0;0;0;0;0;0;0;0;0;0;0;0;0;0;0;0;0;0;0;0;0;0;0;0;0;0;0;0;0;0;0;0;0;0;0;0;0;0;0;0;0;0;0;0;0;0;0;0;0;0;0;0;0;0;0;0;0;0;0;0
D08;X2;;Cal.Biomass[DCW [g/L]]:FS=Blanked.1;0;0;0;0;0;0;0;0;0;0;0;0;0;0;0;0;0;0;0;0;0;0;0;0;0;0;0;0;0;0;0;0;0;0;0;0;0;0;0;0;0;0;0;0;0;0;0;0;0;0;0;0;0;0;0;0;0;0;0;0;0;0;0;0;0;0;0;0;0;0;0;0;0;0;0;0;0;0;0;0;0;0;0;0;0;0;0;0;0;0;0;0;0;0;0;0;0;0;0;0;0;0;0;0;0;0;0;0;0;0;0;0;0;0;0;0;0;0;0;0;0;0;0;0;0;0;0;0;0;0;0;0;0;0;0;0;0;0;0;0;0;0;0;0;0;0;0
D09;X2;;Cal.Biomass[DCW [g/L]]:FS=Blanked.1;0;0;0;0;0;0;0;0;0;0;0;0;0;0;0;0;0;0;0;0;0;0;0;0;0;0;0;0;0;0;0;0;0;0;0;0;0;0;0;0;0;0;0;0;0;0;0;0;0;0;0;0;0;0;0;0;0;0;0;0;0;0;0;0;0;0;0;0;0;0;0;0;0;0;0;0;0;0;0;0;0;0;0;0;0;0;0;0;0;0;0;0;0;0;0;0;0;0;0;0;0;0;0;0;0;0;0;0;0;0;0;0;0;0;0;0;0;0;0;0;0;0;0;0;0;0;0;0;0;0;0;0;0;0;0;0;0;0;0;0;0;0;0;0;0;0;0
D10;X2;;Cal.Biomass[DCW [g/L]]:FS=Blanked.1;0;0;0;0;0;0;0;0;0;0;0;0;0;0;0;0;0;0;0;0;0;0;0;0;0;0;0;0;0;0;0;0;0;0;0;0;0;0;0;0;0;0;0;0;0;0;0;0;0;0;0;0;0;0;0;0;0;0;0;0;0;0;0;0;0;0;0;0;0;0;0;0;0;0;0;0;0;0;0;0;0;0;0;0;0;0;0;0;0;0;0;0;0;0;0;0;0;0;0;0;0;0;0;0;0;0;0;0;0;0;0;0;0;0;0;0;0;0;0;0;0;0;0;0;0;0;0;0;0;0;0;0;0;0;0;0;0;0;0;0;0;0;0;0;0;0;0
E06;X3;;Cal.Biomass[DCW [g/L]]:FS=Blanked.1;0;0;0;0;0;0;0;0;0;0;0;0;0;0;0;0;0;0;0;0;0;0;0;0;0;0;0;0;0;0;0;0;0;0;0;0;0;0;0;0;0;0;0;0;0;0;0;0;0;0;0;0;0;0;0;0;0;0;0;0;0;0;0;0;0;0;0;0;0;0;0;0;0;0;0;0;0;0;0;0;0;0;0;0;0;0;0;0;0;0;0;0;0;0;0;0;0;0;0;0;0;0;0;0;0;0;0;0;0;0;0;0;0;0;0;0;0;0;0;0;0;0;0;0;0;0;0;0;0;0;0;0;0;0;0;0;0;0;0;0;0;0;0;0;0;0;0
E07;X3;;Cal.Biomass[DCW [g/L]]:FS=Blanked.1;0;0;0;0;0;0;0;0;0;0;0;0;0;0;0;0;0;0;0;0;0;0;0;0;0;0;0;0;0;0;0;0;0;0;0;0;0;0;0;0;0;0;0;0;0;0;0;0;0;0;0;0;0;0;0;0;0;0;0;0;0;0;0;0;0;0;0;0;0;0;0;0;0;0;0;0;0;0;0;0;0;0;0;0;0;0;0;0;0;0;0;0;0;0;0;0;0;0;0;0;0;0;0;0;0;0;0;0;0;0;0;0;0;0;0;0;0;0;0;0;0;0;0;0;0;0;0;0;0;0;0;0;0;0;0;0;0;0;0;0;0;0;0;0;0;0;0
E08;X3;;Cal.Biomass[DCW [g/L]]:FS=Blanked.1;0;0;0;0;0;0;0;0;0;0;0;0;0;0;0;0;0;0;0;0;0;0;0;0;0;0;0;0;0;0;0;0;0;0;0;0;0;0;0;0;0;0;0;0;0;0;0;0;0;0;0;0;0;0;0;0;0;0;0;0;0;0;0;0;0;0;0;0;0;0;0;0;0;0;0;0;0;0;0;0;0;0;0;0;0;0;0;0;0;0;0;0;0;0;0;0;0;0;0;0;0;0;0;0;0;0;0;0;0;0;0;0;0;0;0;0;0;0;0;0;0;0;0;0;0;0;0;0;0;0;0;0;0;0;0;0;0;0;0;0;0;0;0;0;0;0;0
E09;X3;;Cal.Biomass[DCW [g/L]]:FS=Blanked.1;0;0;0;0;0;0;0;0;0;0;0;0;0;0;0;0;0;0;0;0;0;0;0;0;0;0;0;0;0;0;0;0;0;0;0;0;0;0;0;0;0;0;0;0;0;0;0;0;0;0;0;0;0;0;0;0;0;0;0;0;0;0;0;0;0;0;0;0;0;0;0;0;0;0;0;0;0;0;0;0;0;0;0;0;0;0;0;0;0;0;0;0;0;0;0;0;0;0;0;0;0;0;0;0;0;0;0;0;0;0;0;0;0;0;0;0;0;0;0;0;0;0;0;0;0;0;0;0;0;0;0;0;0;0;0;0;0;0;0;0;0;0;0;0;0;0;0
E10;X3;;Cal.Biomass[DCW [g/L]]:FS=Blanked.1;0;0;0;0;0;0;0;0;0;0;0;0;0;0;0;0;0;0;0;0;0;0;0;0;0;0;0;0;0;0;0;0;0;0;0;0;0;0;0;0;0;0;0;0;0;0;0;0;0;0;0;0;0;0;0;0;0;0;0;0;0;0;0;0;0;0;0;0;0;0;0;0;0;0;0;0;0;0;0;0;0;0;0;0;0;0;0;0;0;0;0;0;0;0;0;0;0;0;0;0;0;0;0;0;0;0;0;0;0;0;0;0;0;0;0;0;0;0;0;0;0;0;0;0;0;0;0;0;0;0;0;0;0;0;0;0;0;0;0;0;0;0;0;0;0;0;0
F06;X4;;Cal.Biomass[DCW [g/L]]:FS=Blanked.1;0;0;0;0;0;0;0;0;0;0;0;0;0;0;0;0;0;0;0;0;0;0;0;0;0;0;0;0;0;0;0;0;0;0;0;0;0;0;0;0;0;0;0;0;0;0;0;0;0;0;0;0;0;0;0;0;0;0;0;0;0;0;0;0;0;0;0;0;0;0;0;0;0;0;0;0;0;0;0;0;0;0;0;0;0;0;0;0;0;0;0;0;0;0;0;0;0;0;0;0;0;0;0;0;0;0;0;0;0;0;0;0;0;0;0;0;0;0;0;0;0;0;0;0;0;0;0;0;0;0;0;0;0;0;0;0;0;0;0;0;0;0;0;0;0;0;0
F07;X4;;Cal.Biomass[DCW [g/L]]:FS=Blanked.1;0;0;0;0;0;0;0;0;0;0;0;0;0;0;0;0;0;0;0;0;0;0;0;0;0;0;0;0;0;0;0;0;0;0;0;0;0;0;0;0;0;0;0;0;0;0;0;0;0;0;0;0;0;0;0;0;0;0;0;0;0;0;0;0;0;0;0;0;0;0;0;0;0;0;0;0;0;0;0;0;0;0;0;0;0;0;0;0;0;0;0;0;0;0;0;0;0;0;0;0;0;0;0;0;0;0;0;0;0;0;0;0;0;0;0;0;0;0;0;0;0;0;0;0;0;0;0;0;0;0;0;0;0;0;0;0;0;0;0;0;0;0;0;0;0;0;0
F08;X4;;Cal.Biomass[DCW [g/L]]:FS=Blanked.1;0;0;0;0;0;0;0;0;0;0;0;0;0;0;0;0;0;0;0;0;0;0;0;0;0;0;0;0;0;0;0;0;0;0;0;0;0;0;0;0;0;0;0;0;0;0;0;0;0;0;0;0;0;0;0;0;0;0;0;0;0;0;0;0;0;0;0;0;0;0;0;0;0;0;0;0;0;0;0;0;0;0;0;0;0;0;0;0;0;0;0;0;0;0;0;0;0;0;0;0;0;0;0;0;0;0;0;0;0;0;0;0;0;0;0;0;0;0;0;0;0;0;0;0;0;0;0;0;0;0;0;0;0;0;0;0;0;0;0;0;0;0;0;0;0;0;0
F09;X4;;Cal.Biomass[DCW [g/L]]:FS=Blanked.1;0;0;0;0;0;0;0;0;0;0;0;0;0;0;0;0;0;0;0;0;0;0;0;0;0;0;0;0;0;0;0;0;0;0;0;0;0;0;0;0;0;0;0;0;0;0;0;0;0;0;0;0;0;0;0;0;0;0;0;0;0;0;0;0;0;0;0;0;0;0;0;0;0;0;0;0;0;0;0;0;0;0;0;0;0;0;0;0;0;0;0;0;0;0;0;0;0;0;0;0;0;0;0;0;0;0;0;0;0;0;0;0;0;0;0;0;0;0;0;0;0;0;0;0;0;0;0;0;0;0;0;0;0;0;0;0;0;0;0;0;0;0;0;0;0;0;0
F10;X4;;Cal.Biomass[DCW [g/L]]:FS=Blanked.1;0;0;0;0;0;0;0;0;0;0;0;0;0;0;0;0;0;0;0;0;0;0;0;0;0;0;0;0;0;0;0;0;0;0;0;0;0;0;0;0;0;0;0;0;0;0;0;0;0;0;0;0;0;0;0;0;0;0;0;0;0;0;0;0;0;0;0;0;0;0;0;0;0;0;0;0;0;0;0;0;0;0;0;0;0;0;0;0;0;0;0;0;0;0;0;0;0;0;0;0;0;0;0;0;0;0;0;0;0;0;0;0;0;0;0;0;0;0;0;0;0;0;0;0;0;0;0;0;0;0;0;0;0;0;0;0;0;0;0;0;0;0;0;0;0;0;0
ACT.TEMP;;;;25,8;30,1;30,1;30;29,9;30;30;30;30;30;30;30;30;30;30;30;30;30;30;30;30;30;30;30;30;30;30;30;30;30;30;30;30;30;30;30;30;30;30;30;30;30;30;30;30;30;30;30;30;30;30;30;30;30;30;30;30;30;30;30;30;30;30;30;30;30;30;30;30;30;30;30;30;30;30;30;30;30;30;30;30;30;30;30;30;30;30;30;30;30;30;30;30;30;30;30;30;30;30;30;30;30;30;30;30;30;30;30;30;30;30;30;30;30;30;30;30;30,1;29,9;30;30;30;30;30;30;30;30;30;30;30;30;30;30;30;30;30;30;30;30;30;30,1;30;30;30;30;30;30
ACT.HUMIDITY;;;;59,03;47,44;50,31;53,97;56,5;57,74;58,26;58,01;57,43;57,54;57,55;57,42;57,68;57,88;58,33;58,46;58,78;58,84;59,18;60,22;59,17;59,43;59,53;59,31;59,5;59,77;60,16;59,82;59,69;59,83;60,15;59,9;60,16;60,8;60,21;60,22;60,94;60,74;61,33;61,49;61,4;62,11;62,7;61,78;61,97;62,6;62,96;62,33;62,37;62,24;62,76;62,7;62,52;62,52;62,7;62,64;62,49;63,29;63,29;63,18;63,65;62,63;62,84;62,67;63,09;63,41;63,35;63,59;62,76;63,22;63,34;62,89;62,78;62,82;62,92;62,5;62,5;62,69;62,31;62,31;62,57;62,5;62,31;62,24;62,04;62,11;62,32;61,92;61,98;62,05;63,03;62,11;63,03;62,46;62,37;62,31;62,63;62,43;62,44;62,55;62,44;62,45;62,57;63,48;63,02;62,83;63,61;62,64;62,5;62,89;62,57;62,64;62,63;63,05;62,69;62,76;63,36;63,15;63,22;62,37;62,56;62,64;62,37;62,24;61,97;61,98;61,65;61,46;61,2;60,94;60,87;60,74;60,48;60,48;60,35;60,16;60,15;60,68;59,7;60,29;60,87;60,48;60,29;60,36;60,54;61,2;61,15
ACT.O2;;;;-0,01;-0,01;-0,01;-0,01;-0,01;-0,01;-0,01;-0,01;-0,01;-0,01;-0,01;-0,01;-0,01;-0,01;-0,01;-0,01;-0,01;-0,01;-0,01;-0,01;-0,01;-0,01;-0,01;-0,01;-0,01;-0,01;-0,01;-0,01;-0,01;-0,01;-0,01;-0,01;-0,01;-0,01;-0,01;-0,01;-0,01;-0,01;-0,01;-0,01;-0,01;-0,01;-0,01;-0,01;-0,01;-0,01;-0,01;-0,01;-0,01;-0,01;-0,01;-0,01;-0,01;-0,01;-0,01;-0,01;-0,01;-0,01;-0,01;-0,01;-0,01;-0,01;-0,01;-0,01;-0,01;-0,01;-0,01;-0,01;-0,01;-0,01;-0,01;-0,01;-0,01;-0,01;-0,01;-0,01;-0,01;-0,01;-0,01;-0,01;-0,01;-0,01;-0,01;-0,01;-0,01;-0,01;-0,01;-0,01;-0,01;-0,01;-0,01;-0,01;-0,01;-0,01;-0,01;-0,01;-0,01;-0,01;-0,01;-0,01;-0,01;-0,01;-0,01;-0,01;-0,01;-0,01;-0,01;-0,01;-0,01;-0,01;-0,01;-0,01;-0,01;-0,01;-0,01;-0,01;-0,01;-0,01;-0,01;-0,01;-0,01;-0,01;-0,01;-0,01;-0,01;-0,01;-0,01;-0,01;-0,01;-0,01;-0,01;-0,01;-0,01;-0,01;-0,01;-0,01;-0,01;-0,01;-0,01;-0,01;-0,01;-0,01;-0,01;-0,01;-0,01;-0,01;-0,01
ACT.CO2;;;;0;0;0;0;0;0;0;0;0;0;0;0;0;0;0;0;0;0;0;0;0;0;0;0;0;0;0;0;0;0;0;0;0;0;0;0;0;0;0;0;0;0;0;0;0;0;0;0;0;0;0;0;0;0;0;0;0;0;0;0;0;0;0;0;0;0;0;0;0;0;0;0;0;0;0;0;0;0;0;0;0;0;0;0;0;0;0;0;0;0;0;0;0;0;0;0;0;0;0;0;0;0;0;0;0;0;0;0;0;0;0;0;0;0;0;0;0;0;0;0;0;0;0;0;0;0;0;0;0;0;0;0;0;0;0;0;0;0;0;0;0;0;0;0;0;0;0
