FILENAME;\Hard Disk2\Result\strain_B.csv
PROTOCOL;synthetic_test
FILE_VERSION;3.3;
DATE START;2026-09-01;08:00:00
DATE END;2026-09-02;04:00:00;;Last Reading;120;Timestamp;0
DEVICE;BL000-SYNTH
USER;test;COMMENT;synthetic data, not a real experiment
PLATETYPE;MTP-96-Round;LOT;UNKOWN
MTP ROWS;8
MTP COLUMNS;12
FILTERSETS;1;REFERENCE_MODE;2;MULTI_PMT;0;

FILTERSET;FILTERNAME;EX [nm];EM [nm];LAYOUT;FILTERNR;GAIN;PHASESTATISTICSSIGMA;SIGNALQUALITYTOLERANCE;REFERENCE VALUE;EM2 [nm];GAIN2;PROCESS PARAMETER
 1;Biomass;620;620;96MTP;1;20;1.00;100.00;179.00;;;SET TEMPERATURE [°C];30.00
;;;;;;;;;;;;SET HUMIDITY [rH];85.00
;;;;;;;;;;;;SET O2 [%];20.95
;;;;;;;;;;;;SET CO2 [%];0.00
;;;;;;;;;;;;SET SHAKER FREQUENCY [rpm];1000.00
;;;;;;;;;;;;SET CYCLE TIME [min];10
;;;;;;;;;;;;SET EXP TIME [h];0

READING;WELLNUM;CONTENT;DESCRIPTION;FILTERSET;TIME [h];AMPLITUDE;PHASE;ACT TEMP [°C];ACT HUMIDITY [rH];ACT O2 [%];ACT CO2 [%];COMMENTS;TEMP CHAMBER;TEMP TABLE;TEMP BOTTLE
K;;;;;0.00465;;;;;;;Close Cover, Open Cover, ;
R;;;;1;0.00000;179.73;0.0;30.00;85.00;20.95;0.00;test measure for referencing ;30.0;30.0;30.0
C1;A01;X1;;1;0.00595;10.88;0.0;30.00;85.00;20.95;0.00;;30.0;30.0;30.0
C1;A02;X1;;1;0.01190;11.10;0.0;30.00;85.00;20.95;0.00;;30.0;30.0;30.0
C1;A03;X1;;1;0.01786;11.54;0.0;30.00;85.00;20.95;0.00;;30.0;30.0;30.0
C1;A04;X1;;1;0.02381;9.52;0.0;30.00;85.00;20.95;0.00;;30.0;30.0;30.0
C1;A05;X1;;1;0.02976;11.38;0.0;30.00;85.00;20.95;0.00;;30.0;30.0;30.0
C1;A06;X2;;1;0.03571;10.50;0.0;30.00;85.00;20.95;0.00;;30.0;30.0;30.0
C1;A07;X2;;1;0.04167;10.59;0.0;30.00;85.00;20.95;0.00;;30.0;30.0;30.0
C1;A08;X2;;1;0.04762;10.84;0.0;30.00;85.00;20.95;0.00;;30.0;30.0;30.0
C1;A09;X2;;1;0.05357;10.92;0.0;30.00;85.00;20.95;0.00;;30.0;30.0;30.0
C1;A10;X2;;1;0.05952;10.46;0.0;30.00;85.00;20.95;0.00;;30.0;30.0;30.0
C1;A11;X3;;1;0.06548;10.82;0.0;30.00;85.00;20.95;0.00;;30.0;30.0;30.0
C1;A12;X3;;1;0.07143;10.31;0.0;30.00;85.00;20.95;0.00;;30.0;30.0;30.0
C1;B01;X3;;1;0.07738;10.16;0.0;30.00;85.00;20.95;0.00;;30.0;30.0;30.0
C1;B02;X3;;1;0.08333;10.28;0.0;30.00;85.00;20.95;0.00;;30.0;30.0;30.0
C1;B03;X3;;1;0.08929;10.20;0.0;30.00;85.00;20.95;0.00;;30.0;30.0;30.0
C1;B04;X4;;1;0.09524;10.66;0.0;30.00;85.00;20.95;0.00;;30.0;30.0;30.0
C1;B05;X4;;1;0.10119;11.14;0.0;30.00;85.00;20.95;0.00;;30.0;30.0;30.0
C1;B06;X4;;1;0.10714;11.11;0.0;30.00;85.00;20.95;0.00;;30.0;30.0;30.0
C1;B07;X4;;1;0.11310;10.66;0.0;30.00;85.00;20.95;0.00;;30.0;30.0;30.0
C1;B08;X4;;1;0.11905;10.12;0.0;30.00;85.00;20.95;0.00;;30.0;30.0;30.0
C1;B09;B1;;1;0.12500;7.81;0.0;30.00;85.00;20.95;0.00;;30.0;30.0;30.0
C1;B10;B1;;1;0.13095;8.42;0.0;30.00;85.00;20.95;0.00;;30.0;30.0;30.0
C1;B11;B1;;1;0.13690;7.94;0.0;30.00;85.00;20.95;0.00;;30.0;30.0;30.0
R;;;;1;0.16667;181.37;0.0;30.00;85.00;20.95;0.00;test measure for referencing ;30.0;30.0;30.0
C2;A01;X1;;1;0.17262;10.72;0.0;30.00;85.00;20.95;0.00;;30.0;30.0;30.0
C2;A02;X1;;1;0.17857;11.31;0.0;30.00;85.00;20.95;0.00;;30.0;30.0;30.0
C2;A03;X1;;1;0.18452;11.33;0.0;30.00;85.00;20.95;0.00;;30.0;30.0;30.0
C2;A04;X1;;1;0.19048;9.68;0.0;30.00;85.00;20.95;0.00;;30.0;30.0;30.0
C2;A05;X1;;1;0.19643;12.05;0.0;30.00;85.00;20.95;0.00;;30.0;30.0;30.0
C2;A06;X2;;1;0.20238;11.43;0.0;30.00;85.00;20.95;0.00;;30.0;30.0;30.0
C2;A07;X2;;1;0.20833;10.46;0.0;30.00;85.00;20.95;0.00;;30.0;30.0;30.0
C2;A08;X2;;1;0.21429;11.20;0.0;30.00;85.00;20.95;0.00;;30.0;30.0;30.0
C2;A09;X2;;1;0.22024;11.41;0.0;30.00;85.00;20.95;0.00;;30.0;30.0;30.0
C2;A10;X2;;1;0.22619;10.42;0.0;30.00;85.00;20.95;0.00;;30.0;30.0;30.0
C2;A11;X3;;1;0.23214;10.77;0.0;30.00;85.00;20.95;0.00;;30.0;30.0;30.0
C2;A12;X3;;1;0.23810;10.08;0.0;30.00;85.00;20.95;0.00;;30.0;30.0;30.0
C2;B01;X3;;1;0.24405;10.50;0.0;30.00;85.00;20.95;0.00;;30.0;30.0;30.0
C2;B02;X3;;1;0.25000;10.05;0.0;30.00;85.00;20.95;0.00;;30.0;30.0;30.0
C2;B03;X3;;1;0.25595;10.58;0.0;30.00;85.00;20.95;0.00;;30.0;30.0;30.0
C2;B04;X4;;1;0.26190;10.86;0.0;30.00;85.00;20.95;0.00;;30.0;30.0;30.0
C2;B05;X4;;1;0.26786;11.37;0.0;30.00;85.00;20.95;0.00;;30.0;30.0;30.0
C2;B06;X4;;1;0.27381;10.34;0.0;30.00;85.00;20.95;0.00;;30.0;30.0;30.0
C2;B07;X4;;1;0.27976;10.52;0.0;30.00;85.00;20.95;0.00;;30.0;30.0;30.0
C2;B08;X4;;1;0.28571;9.80;0.0;30.00;85.00;20.95;0.00;;30.0;30.0;30.0
C2;B09;B1;;1;0.29167;8.59;0.0;30.00;85.00;20.95;0.00;;30.0;30.0;30.0
C2;B10;B1;;1;0.29762;8.14;0.0;30.00;85.00;20.95;0.00;;30.0;30.0;30.0
C2;B11;B1;;1;0.30357;8.72;0.0;30.00;85.00;20.95;0.00;;30.0;30.0;30.0
R;;;;1;0.33333;178.98;0.0;30.00;85.00;20.95;0.00;test measure for referencing ;30.0;30.0;30.0
C3;A01;X1;;1;0.33929;10.91;0.0;30.00;85.00;20.95;0.00;;30.0;30.0;30.0
C3;A02;X1;;1;0.34524;10.97;0.0;30.00;85.00;20.95;0.00;;30.0;30.0;30.0
C3;A03;X1;;1;0.35119;10.85;0.0;30.00;85.00;20.95;0.00;;30.0;30.0;30.0
C3;A04;X1;;1;0.35714;9.60;0.0;30.00;85.00;20.95;0.00;;30.0;30.0;30.0
C3;A05;X1;;1;0.36310;11.58;0.0;30.00;85.00;20.95;0.00;;30.0;30.0;30.0
C3;A06;X2;;1;0.36905;11.44;0.0;30.00;85.00;20.95;0.00;;30.0;30.0;30.0
C3;A07;X2;;1;0.37500;10.40;0.0;30.00;85.00;20.95;0.00;;30.0;30.0;30.0
C3;A08;X2;;1;0.38095;10.88;0.0;30.00;85.00;20.95;0.00;;30.0;30.0;30.0
C3;A09;X2;;1;0.38690;10.47;0.0;30.00;85.00;20.95;0.00;;30.0;30.0;30.0
C3;A10;X2;;1;0.39286;10.00;0.0;30.00;85.00;20.95;0.00;;30.0;30.0;30.0
C3;A11;X3;;1;0.39881;10.98;0.0;30.00;85.00;20.95;0.00;;30.0;30.0;30.0
C3;A12;X3;;1;0.40476;10.15;0.0;30.00;85.00;20.95;0.00;;30.0;30.0;30.0
C3;B01;X3;;1;0.41071;9.94;0.0;30.00;85.00;20.95;0.00;;30.0;30.0;30.0
C3;B02;X3;;1;0.41667;9.94;0.0;30.00;85.00;20.95;0.00;;30.0;30.0;30.0
C3;B03;X3;;1;0.42262;10.22;0.0;30.00;85.00;20.95;0.00;;30.0;30.0;30.0
C3;B04;X4;;1;0.42857;10.80;0.0;30.00;85.00;20.95;0.00;;30.0;30.0;30.0
C3;B05;X4;;1;0.43452;11.36;0.0;30.00;85.00;20.95;0.00;;30.0;30.0;30.0
C3;B06;X4;;1;0.44048;10.28;0.0;30.00;85.00;20.95;0.00;;30.0;30.0;30.0
C3;B07;X4;;1;0.44643;11.27;0.0;30.00;85.00;20.95;0.00;;30.0;30.0;30.0
C3;B08;X4;;1;0.45238;10.20;0.0;30.00;85.00;20.95;0.00;;30.0;30.0;30.0
C3;B09;B1;;1;0.45833;8.06;0.0;30.00;85.00;20.95;0.00;;30.0;30.0;30.0
C3;B10;B1;;1;0.46429;7.66;0.0;30.00;85.00;20.95;0.00;;30.0;30.0;30.0
C3;B11;B1;;1;0.47024;7.91;0.0;30.00;85.00;20.95;0.00;;30.0;30.0;30.0
R;;;;1;0.50000;179.08;0.0;30.00;85.00;20.95;0.00;test measure for referencing ;30.0;30.0;30.0
C4;A01;X1;;1;0.50595;11.01;0.0;30.00;85.00;20.95;0.00;;30.0;30.0;30.0
C4;A02;X1;;1;0.51190;10.62;0.0;30.00;85.00;20.95;0.00;;30.0;30.0;30.0
C4;A03;X1;;1;0.51786;10.67;0.0;30.00;85.00;20.95;0.00;;30.0;30.0;30.0
C4;A04;X1;;1;0.52381;9.73;0.0;30.00;85.00;20.95;0.00;;30.0;30.0;30.0
C4;A05;X1;;1;0.52976;11.38;0.0;30.00;85.00;20.95;0.00;;30.0;30.0;30.0
C4;A06;X2;;1;0.53571;10.84;0.0;30.00;85.00;20.95;0.00;;30.0;30.0;30.0
C4;A07;X2;;1;0.54167;10.42;0.0;30.00;85.00;20.95;0.00;;30.0;30.0;30.0
C4;A08;X2;;1;0.54762;11.04;0.0;30.00;85.00;20.95;0.00;;30.0;30.0;30.0
C4;A09;X2;;1;0.55357;10.75;0.0;30.00;85.00;20.95;0.00;;30.0;30.0;30.0
C4;A10;X2;;1;0.55952;10.95;0.0;30.00;85.00;20.95;0.00;;30.0;30.0;30.0
C4;A11;X3;;1;0.56548;10.81;0.0;30.00;85.00;20.95;0.00;;30.0;30.0;30.0
C4;A12;X3;;1;0.57143;10.05;0.0;30.00;85.00;20.95;0.00;;30.0;30.0;30.0
C4;B01;X3;;1;0.57738;10.74;0.0;30.00;85.00;20.95;0.00;;30.0;30.0;30.0
C4;B02;X3;;1;0.58333;9.67;0.0;30.00;85.00;20.95;0.00;;30.0;30.0;30.0
C4;B03;X3;;1;0.58929;10.79;0.0;30.00;85.00;20.95;0.00;;30.0;30.0;30.0
C4;B04;X4;;1;0.59524;10.46;0.0;30.00;85.00;20.95;0.00;;30.0;30.0;30.0
C4;B05;X4;;1;0.60119;11.14;0.0;30.00;85.00;20.95;0.00;;30.0;30.0;30.0
C4;B06;X4;;1;0.60714;9.94;0.0;30.00;85.00;20.95;0.00;;30.0;30.0;30.0
C4;B07;X4;;1;0.61310;11.12;0.0;30.00;85.00;20.95;0.00;;30.0;30.0;30.0
C4;B08;X4;;1;0.61905;10.36;0.0;30.00;85.00;20.95;0.00;;30.0;30.0;30.0
C4;B09;B1;;1;0.62500;7.62;0.0;30.00;85.00;20.95;0.00;;30.0;30.0;30.0
C4;B10;B1;;1;0.63095;8.68;0.0;30.00;85.00;20.95;0.00;;30.0;30.0;30.0
C4;B11;B1;;1;0.63690;8.31;0.0;30.00;85.00;20.95;0.00;;30.0;30.0;30.0
R;;;;1;0.66667;179.08;0.0;30.00;85.00;20.95;0.00;test measure for referencing ;30.0;30.0;30.0
C5;A01;X1;;1;0.67262;10.92;0.0;30.00;85.00;20.95;0.00;;30.0;30.0;30.0
C5;A02;X1;;1;0.67857;10.81;0.0;30.00;85.00;20.95;0.00;;30.0;30.0;30.0
C5;A03;X1;;1;0.68452;10.83;0.0;30.00;85.00;20.95;0.00;;30.0;30.0;30.0
C5;A04;X1;;1;0.69048;10.20;0.0;30.00;85.00;20.95;0.00;;30.0;30.0;30.0
C5;A05;X1;;1;0.69643;12.09;0.0;30.00;85.00;20.95;0.00;;30.0;30.0;30.0
C5;A06;X2;;1;0.70238;10.72;0.0;30.00;85.00;20.95;0.00;;30.0;30.0;30.0
C5;A07;X2;;1;0.70833;10.14;0.0;30.00;85.00;20.95;0.00;;30.0;30.0;30.0
C5;A08;X2;;1;0.71429;10.60;0.0;30.00;85.00;20.95;0.00;;30.0;30.0;30.0
C5;A09;X2;;1;0.72024;10.15;0.0;30.00;85.00;20.95;0.00;;30.0;30.0;30.0
C5;A10;X2;;1;0.72619;10.03;0.0;30.00;85.00;20.95;0.00;;30.0;30.0;30.0
C5;A11;X3;;1;0.73214;10.69;0.0;30.00;85.00;20.95;0.00;;30.0;30.0;30.0
C5;A12;X3;;1;0.73810;10.39;0.0;30.00;85.00;20.95;0.00;;30.0;30.0;30.0
C5;B01;X3;;1;0.74405;10.57;0.0;30.00;85.00;20.95;0.00;;30.0;30.0;30.0
C5;B02;X3;;1;0.75000;9.74;0.0;30.00;85.00;20.95;0.00;;30.0;30.0;30.0
C5;B03;X3;;1;0.75595;10.67;0.0;30.00;85.00;20.95;0.00;;30.0;30.0;30.0
C5;B04;X4;;1;0.76190;10.62;0.0;30.00;85.00;20.95;0.00;;30.0;30.0;30.0
C5;B05;X4;;1;0.76786;11.65;0.0;30.00;85.00;20.95;0.00;;30.0;30.0;30.0
C5;B06;X4;;1;0.77381;10.52;0.0;30.00;85.00;20.95;0.00;;30.0;30.0;30.0
C5;B07;X4;;1;0.77976;11.00;0.0;30.00;85.00;20.95;0.00;;30.0;30.0;30.0
C5;B08;X4;;1;0.78571;10.13;0.0;30.00;85.00;20.95;0.00;;30.0;30.0;30.0
C5;B09;B1;;1;0.79167;7.68;0.0;30.00;85.00;20.95;0.00;;30.0;30.0;30.0
C5;B10;B1;;1;0.79762;8.08;0.0;30.00;85.00;20.95;0.00;;30.0;30.0;30.0
C5;B11;B1;;1;0.80357;7.85;0.0;30.00;85.00;20.95;0.00;;30.0;30.0;30.0
R;;;;1;0.83333;179.63;0.0;30.00;85.00;20.95;0.00;test measure for referencing ;30.0;30.0;30.0
C6;A01;X1;;1;0.83929;10.71;0.0;30.00;85.00;20.95;0.00;;30.0;30.0;30.0
C6;A02;X1;;1;0.84524;11.06;0.0;30.00;85.00;20.95;0.00;;30.0;30.0;30.0
C6;A03;X1;;1;0.85119;10.64;0.0;30.00;85.00;20.95;0.00;;30.0;30.0;30.0
C6;A04;X1;;1;0.85714;10.53;0.0;30.00;85.00;20.95;0.00;;30.0;30.0;30.0
C6;A05;X1;;1;0.86310;11.80;0.0;30.00;85.00;20.95;0.00;;30.0;30.0;30.0
C6;A06;X2;;1;0.86905;11.28;0.0;30.00;85.00;20.95;0.00;;30.0;30.0;30.0
C6;A07;X2;;1;0.87500;9.91;0.0;30.00;85.00;20.95;0.00;;30.0;30.0;30.0
C6;A08;X2;;1;0.88095;10.92;0.0;30.00;85.00;20.95;0.00;;30.0;30.0;30.0
C6;A09;X2;;1;0.88690;10.32;0.0;30.00;85.00;20.95;0.00;;30.0;30.0;30.0
C6;A10;X2;;1;0.89286;10.09;0.0;30.00;85.00;20.95;0.00;;30.0;30.0;30.0
C6;A11;X3;;1;0.89881;10.76;0.0;30.00;85.00;20.95;0.00;;30.0;30.0;30.0
C6;A12;X3;;1;0.90476;10.12;0.0;30.00;85.00;20.95;0.00;;30.0;30.0;30.0
C6;B01;X3;;1;0.91071;10.29;0.0;30.00;85.00;20.95;0.00;;30.0;30.0;30.0
C6;B02;X3;;1;0.91667;10.24;0.0;30.00;85.00;20.95;0.00;;30.0;30.0;30.0
C6;B03;X3;;1;0.92262;10.73;0.0;30.00;85.00;20.95;0.00;;30.0;30.0;30.0
C6;B04;X4;;1;0.92857;10.76;0.0;30.00;85.00;20.95;0.00;;30.0;30.0;30.0
C6;B05;X4;;1;0.93452;10.65;0.0;30.00;85.00;20.95;0.00;;30.0;30.0;30.0
C6;B06;X4;;1;0.94048;10.32;0.0;30.00;85.00;20.95;0.00;;30.0;30.0;30.0
C6;B07;X4;;1;0.94643;10.82;0.0;30.00;85.00;20.95;0.00;;30.0;30.0;30.0
C6;B08;X4;;1;0.95238;9.80;0.0;30.00;85.00;20.95;0.00;;30.0;30.0;30.0
C6;B09;B1;;1;0.95833;8.33;0.0;30.00;85.00;20.95;0.00;;30.0;30.0;30.0
C6;B10;B1;;1;0.96429;7.93;0.0;30.00;85.00;20.95;0.00;;30.0;30.0;30.0
C6;B11;B1;;1;0.97024;7.93;0.0;30.00;85.00;20.95;0.00;;30.0;30.0;30.0
R;;;;1;1.00000;180.70;0.0;30.00;85.00;20.95;0.00;test measure for referencing ;30.0;30.0;30.0
C7;A01;X1;;1;1.00595;11.45;0.0;30.00;85.00;20.95;0.00;;30.0;30.0;30.0
C7;A02;X1;;1;1.01190;10.99;0.0;30.00;85.00;20.95;0.00;;30.0;30.0;30.0
C7;A03;X1;;1;1.01786;10.67;0.0;30.00;85.00;20.95;0.00;;30.0;30.0;30.0
C7;A04;X1;;1;1.02381;10.16;0.0;30.00;85.00;20.95;0.00;;30.0;30.0;30.0
C7;A05;X1;;1;1.02976;12.07;0.0;30.00;85.00;20.95;0.00;;30.0;30.0;30.0
C7;A06;X2;;1;1.03571;10.75;0.0;30.00;85.00;20.95;0.00;;30.0;30.0;30.0
C7;A07;X2;;1;1.04167;10.71;0.0;30.00;85.00;20.95;0.00;;30.0;30.0;30.0
C7;A08;X2;;1;1.04762;11.01;0.0;30.00;85.00;20.95;0.00;;30.0;30.0;30.0
C7;A09;X2;;1;1.05357;10.06;0.0;30.00;85.00;20.95;0.00;;30.0;30.0;30.0
C7;A10;X2;;1;1.05952;10.34;0.0;30.00;85.00;20.95;0.00;;30.0;30.0;30.0
C7;A11;X3;;1;1.06548;10.43;0.0;30.00;85.00;20.95;0.00;;30.0;30.0;30.0
C7;A12;X3;;1;1.07143;10.62;0.0;30.00;85.00;20.95;0.00;;30.0;30.0;30.0
C7;B01;X3;;1;1.07738;10.51;0.0;30.00;85.00;20.95;0.00;;30.0;30.0;30.0
C7;B02;X3;;1;1.08333;9.74;0.0;30.00;85.00;20.95;0.00;;30.0;30.0;30.0
C7;B03;X3;;1;1.08929;10.33;0.0;30.00;85.00;20.95;0.00;;30.0;30.0;30.0
C7;B04;X4;;1;1.09524;10.88;0.0;30.00;85.00;20.95;0.00;;30.0;30.0;30.0
C7;B05;X4;;1;1.10119;11.06;0.0;30.00;85.00;20.95;0.00;;30.0;30.0;30.0
C7;B06;X4;;1;1.10714;11.09;0.0;30.00;85.00;20.95;0.00;;30.0;30.0;30.0
C7;B07;X4;;1;1.11310;11.17;0.0;30.00;85.00;20.95;0.00;;30.0;30.0;30.0
C7;B08;X4;;1;1.11905;10.42;0.0;30.00;85.00;20.95;0.00;;30.0;30.0;30.0
C7;B09;B1;;1;1.12500;8.31;0.0;30.00;85.00;20.95;0.00;;30.0;30.0;30.0
C7;B10;B1;;1;1.13095;7.26;0.0;30.00;85.00;20.95;0.00;;30.0;30.0;30.0
C7;B11;B1;;1;1.13690;8.20;0.0;30.00;85.00;20.95;0.00;;30.0;30.0;30.0
R;;;;1;1.16667;180.55;0.0;30.00;85.00;20.95;0.00;test measure for referencing ;30.0;30.0;30.0
C8;A01;X1;;1;1.17262;11.18;0.0;30.00;85.00;20.95;0.00;;30.0;30.0;30.0
C8;A02;X1;;1;1.17857;10.70;0.0;30.00;85.00;20.95;0.00;;30.0;30.0;30.0
C8;A03;X1;;1;1.18452;11.14;0.0;30.00;85.00;20.95;0.00;;30.0;30.0;30.0
C8;A04;X1;;1;1.19048;10.65;0.0;30.00;85.00;20.95;0.00;;30.0;30.0;30.0
C8;A05;X1;;1;1.19643;12.01;0.0;30.00;85.00;20.95;0.00;;30.0;30.0;30.0
C8;A06;X2;;1;1.20238;10.67;0.0;30.00;85.00;20.95;0.00;;30.0;30.0;30.0
C8;A07;X2;;1;1.20833;10.83;0.0;30.00;85.00;20.95;0.00;;30.0;30.0;30.0
C8;A08;X2;;1;1.21429;10.28;0.0;30.00;85.00;20.95;0.00;;30.0;30.0;30.0
C8;A09;X2;;1;1.22024;10.80;0.0;30.00;85.00;20.95;0.00;;30.0;30.0;30.0
C8;A10;X2;;1;1.22619;10.12;0.0;30.00;85.00;20.95;0.00;;30.0;30.0;30.0
C8;A11;X3;;1;1.23214;11.09;0.0;30.00;85.00;20.95;0.00;;30.0;30.0;30.0
C8;A12;X3;;1;1.23810;10.01;0.0;30.00;85.00;20.95;0.00;;30.0;30.0;30.0
C8;B01;X3;;1;1.24405;10.66;0.0;30.00;85.00;20.95;0.00;;30.0;30.0;30.0
C8;B02;X3;;1;1.25000;10.16;0.0;30.00;85.00;20.95;0.00;;30.0;30.0;30.0
C8;B03;X3;;1;1.25595;10.06;0.0;30.00;85.00;20.95;0.00;;30.0;30.0;30.0
C8;B04;X4;;1;1.26190;10.24;0.0;30.00;85.00;20.95;0.00;;30.0;30.0;30.0
C8;B05;X4;;1;1.26786;11.02;0.0;30.00;85.00;20.95;0.00;;30.0;30.0;30.0
C8;B06;X4;;1;1.27381;11.01;0.0;30.00;85.00;20.95;0.00;;30.0;30.0;30.0
C8;B07;X4;;1;1.27976;10.98;0.0;30.00;85.00;20.95;0.00;;30.0;30.0;30.0
C8;B08;X4;;1;1.28571;10.51;0.0;30.00;85.00;20.95;0.00;;30.0;30.0;30.0
C8;B09;B1;;1;1.29167;7.97;0.0;30.00;85.00;20.95;0.00;;30.0;30.0;30.0
C8;B10;B1;;1;1.29762;8.37;0.0;30.00;85.00;20.95;0.00;;30.0;30.0;30.0
C8;B11;B1;;1;1.30357;8.22;0.0;30.00;85.00;20.95;0.00;;30.0;30.0;30.0
R;;;;1;1.33333;179.50;0.0;30.00;85.00;20.95;0.00;test measure for referencing ;30.0;30.0;30.0
C9;A01;X1;;1;1.33929;10.87;0.0;30.00;85.00;20.95;0.00;;30.0;30.0;30.0
C9;A02;X1;;1;1.34524;11.21;0.0;30.00;85.00;20.95;0.00;;30.0;30.0;30.0
C9;A03;X1;;1;1.35119;11.31;0.0;30.00;85.00;20.95;0.00;;30.0;30.0;30.0
C9;A04;X1;;1;1.35714;9.61;0.0;30.00;85.00;20.95;0.00;;30.0;30.0;30.0
C9;A05;X1;;1;1.36310;12.58;0.0;30.00;85.00;20.95;0.00;;30.0;30.0;30.0
C9;A06;X2;;1;1.36905;11.16;0.0;30.00;85.00;20.95;0.00;;30.0;30.0;30.0
C9;A07;X2;;1;1.37500;10.18;0.0;30.00;85.00;20.95;0.00;;30.0;30.0;30.0
C9;A08;X2;;1;1.38095;10.21;0.0;30.00;85.00;20.95;0.00;;30.0;30.0;30.0
C9;A09;X2;;1;1.38690;10.78;0.0;30.00;85.00;20.95;0.00;;30.0;30.0;30.0
C9;A10;X2;;1;1.39286;10.40;0.0;30.00;85.00;20.95;0.00;;30.0;30.0;30.0
C9;A11;X3;;1;1.39881;10.56;0.0;30.00;85.00;20.95;0.00;;30.0;30.0;30.0
C9;A12;X3;;1;1.40476;9.67;0.0;30.00;85.00;20.95;0.00;;30.0;30.0;30.0
C9;B01;X3;;1;1.41071;10.54;0.0;30.00;85.00;20.95;0.00;;30.0;30.0;30.0
C9;B02;X3;;1;1.41667;9.83;0.0;30.00;85.00;20.95;0.00;;30.0;30.0;30.0
C9;B03;X3;;1;1.42262;10.38;0.0;30.00;85.00;20.95;0.00;;30.0;30.0;30.0
C9;B04;X4;;1;1.42857;11.63;0.0;30.00;85.00;20.95;0.00;;30.0;30.0;30.0
C9;B05;X4;;1;1.43452;11.70;0.0;30.00;85.00;20.95;0.00;;30.0;30.0;30.0
C9;B06;X4;;1;1.44048;10.84;0.0;30.00;85.00;20.95;0.00;;30.0;30.0;30.0
C9;B07;X4;;1;1.44643;10.74;0.0;30.00;85.00;20.95;0.00;;30.0;30.0;30.0
C9;B08;X4;;1;1.45238;10.63;0.0;30.00;85.00;20.95;0.00;;30.0;30.0;30.0
C9;B09;B1;;1;1.45833;7.11;0.0;30.00;85.00;20.95;0.00;;30.0;30.0;30.0
C9;B10;B1;;1;1.46429;8.07;0.0;30.00;85.00;20.95;0.00;;30.0;30.0;30.0
C9;B11;B1;;1;1.47024;7.72;0.0;30.00;85.00;20.95;0.00;;30.0;30.0;30.0
R;;;;1;1.50000;176.70;0.0;30.00;85.00;20.95;0.00;test measure for referencing ;30.0;30.0;30.0
C10;A01;X1;;1;1.50595;10.53;0.0;30.00;85.00;20.95;0.00;;30.0;30.0;30.0
C10;A02;X1;;1;1.51190;10.84;0.0;30.00;85.00;20.95;0.00;;30.0;30.0;30.0
C10;A03;X1;;1;1.51786;10.76;0.0;30.00;85.00;20.95;0.00;;30.0;30.0;30.0
C10;A04;X1;;1;1.52381;9.89;0.0;30.00;85.00;20.95;0.00;;30.0;30.0;30.0
C10;A05;X1;;1;1.52976;11.95;0.0;30.00;85.00;20.95;0.00;;30.0;30.0;30.0
C10;A06;X2;;1;1.53571;10.52;0.0;30.00;85.00;20.95;0.00;;30.0;30.0;30.0
C10;A07;X2;;1;1.54167;9.80;0.0;30.00;85.00;20.95;0.00;;30.0;30.0;30.0
C10;A08;X2;;1;1.54762;10.09;0.0;30.00;85.00;20.95;0.00;;30.0;30.0;30.0
C10;A09;X2;;1;1.55357;10.32;0.0;30.00;85.00;20.95;0.00;;30.0;30.0;30.0
C10;A10;X2;;1;1.55952;10.30;0.0;30.00;85.00;20.95;0.00;;30.0;30.0;30.0
C10;A11;X3;;1;1.56548;10.53;0.0;30.00;85.00;20.95;0.00;;30.0;30.0;30.0
C10;A12;X3;;1;1.57143;10.24;0.0;30.00;85.00;20.95;0.00;;30.0;30.0;30.0
C10;B01;X3;;1;1.57738;9.69;0.0;30.00;85.00;20.95;0.00;;30.0;30.0;30.0
C10;B02;X3;;1;1.58333;9.71;0.0;30.00;85.00;20.95;0.00;;30.0;30.0;30.0
C10;B03;X3;;1;1.58929;10.13;0.0;30.00;85.00;20.95;0.00;;30.0;30.0;30.0
C10;B04;X4;;1;1.59524;10.24;0.0;30.00;85.00;20.95;0.00;;30.0;30.0;30.0
C10;B05;X4;;1;1.60119;11.43;0.0;30.00;85.00;20.95;0.00;;30.0;30.0;30.0
C10;B06;X4;;1;1.60714;10.64;0.0;30.00;85.00;20.95;0.00;;30.0;30.0;30.0
C10;B07;X4;;1;1.61310;10.48;0.0;30.00;85.00;20.95;0.00;;30.0;30.0;30.0
C10;B08;X4;;1;1.61905;10.04;0.0;30.00;85.00;20.95;0.00;;30.0;30.0;30.0
C10;B09;B1;;1;1.62500;7.87;0.0;30.00;85.00;20.95;0.00;;30.0;30.0;30.0
C10;B10;B1;;1;1.63095;7.33;0.0;30.00;85.00;20.95;0.00;;30.0;30.0;30.0
C10;B11;B1;;1;1.63690;8.07;0.0;30.00;85.00;20.95;0.00;;30.0;30.0;30.0
R;;;;1;1.66667;176.68;0.0;30.00;85.00;20.95;0.00;test measure for referencing ;30.0;30.0;30.0
C11;A01;X1;;1;1.67262;10.88;0.0;30.00;85.00;20.95;0.00;;30.0;30.0;30.0
C11;A02;X1;;1;1.67857;10.38;0.0;30.00;85.00;20.95;0.00;;30.0;30.0;30.0
C11;A03;X1;;1;1.68452;10.59;0.0;30.00;85.00;20.95;0.00;;30.0;30.0;30.0
C11;A04;X1;;1;1.69048;9.45;0.0;30.00;85.00;20.95;0.00;;30.0;30.0;30.0
C11;A05;X1;;1;1.69643;11.23;0.0;30.00;85.00;20.95;0.00;;30.0;30.0;30.0
C11;A06;X2;;1;1.70238;10.48;0.0;30.00;85.00;20.95;0.00;;30.0;30.0;30.0
C11;A07;X2;;1;1.70833;9.96;0.0;30.00;85.00;20.95;0.00;;30.0;30.0;30.0
C11;A08;X2;;1;1.71429;10.53;0.0;30.00;85.00;20.95;0.00;;30.0;30.0;30.0
C11;A09;X2;;1;1.72024;10.44;0.0;30.00;85.00;20.95;0.00;;30.0;30.0;30.0
C11;A10;X2;;1;1.72619;10.52;0.0;30.00;85.00;20.95;0.00;;30.0;30.0;30.0
C11;A11;X3;;1;1.73214;10.81;0.0;30.00;85.00;20.95;0.00;;30.0;30.0;30.0
C11;A12;X3;;1;1.73810;9.97;0.0;30.00;85.00;20.95;0.00;;30.0;30.0;30.0
C11;B01;X3;;1;1.74405;10.26;0.0;30.00;85.00;20.95;0.00;;30.0;30.0;30.0
C11;B02;X3;;1;1.75000;9.65;0.0;30.00;85.00;20.95;0.00;;30.0;30.0;30.0
C11;B03;X3;;1;1.75595;10.79;0.0;30.00;85.00;20.95;0.00;;30.0;30.0;30.0
C11;B04;X4;;1;1.76190;10.77;0.0;30.00;85.00;20.95;0.00;;30.0;30.0;30.0
C11;B05;X4;;1;1.76786;10.48;0.0;30.00;85.00;20.95;0.00;;30.0;30.0;30.0
C11;B06;X4;;1;1.77381;10.61;0.0;30.00;85.00;20.95;0.00;;30.0;30.0;30.0
C11;B07;X4;;1;1.77976;10.95;0.0;30.00;85.00;20.95;0.00;;30.0;30.0;30.0
C11;B08;X4;;1;1.78571;9.47;0.0;30.00;85.00;20.95;0.00;;30.0;30.0;30.0
C11;B09;B1;;1;1.79167;7.60;0.0;30.00;85.00;20.95;0.00;;30.0;30.0;30.0
C11;B10;B1;;1;1.79762;7.71;0.0;30.00;85.00;20.95;0.00;;30.0;30.0;30.0
C11;B11;B1;;1;1.80357;7.14;0.0;30.00;85.00;20.95;0.00;;30.0;30.0;30.0
R;;;;1;1.83333;177.09;0.0;30.00;85.00;20.95;0.00;test measure for referencing ;30.0;30.0;30.0
C12;A01;X1;;1;1.83929;10.74;0.0;30.00;85.00;20.95;0.00;;30.0;30.0;30.0
C12;A02;X1;;1;1.84524;10.86;0.0;30.00;85.00;20.95;0.00;;30.0;30.0;30.0
C12;A03;X1;;1;1.85119;10.84;0.0;30.00;85.00;20.95;0.00;;30.0;30.0;30.0
C12;A04;X1;;1;1.85714;10.65;0.0;30.00;85.00;20.95;0.00;;30.0;30.0;30.0
C12;A05;X1;;1;1.86310;11.61;0.0;30.00;85.00;20.95;0.00;;30.0;30.0;30.0
C12;A06;X2;;1;1.86905;11.14;0.0;30.00;85.00;20.95;0.00;;30.0;30.0;30.0
C12;A07;X2;;1;1.87500;10.21;0.0;30.00;85.00;20.95;0.00;;30.0;30.0;30.0
C12;A08;X2;;1;1.88095;10.72;0.0;30.00;85.00;20.95;0.00;;30.0;30.0;30.0
C12;A09;X2;;1;1.88690;10.09;0.0;30.00;85.00;20.95;0.00;;30.0;30.0;30.0
C12;A10;X2;;1;1.89286;9.53;0.0;30.00;85.00;20.95;0.00;;30.0;30.0;30.0
C12;A11;X3;;1;1.89881;10.37;0.0;30.00;85.00;20.95;0.00;;30.0;30.0;30.0
C12;A12;X3;;1;1.90476;10.30;0.0;30.00;85.00;20.95;0.00;;30.0;30.0;30.0
C12;B01;X3;;1;1.91071;10.53;0.0;30.00;85.00;20.95;0.00;;30.0;30.0;30.0
C12;B02;X3;;1;1.91667;10.05;0.0;30.00;85.00;20.95;0.00;;30.0;30.0;30.0
C12;B03;X3;;1;1.92262;10.53;0.0;30.00;85.00;20.95;0.00;;30.0;30.0;30.0
C12;B04;X4;;1;1.92857;10.38;0.0;30.00;85.00;20.95;0.00;;30.0;30.0;30.0
C12;B05;X4;;1;1.93452;11.36;0.0;30.00;85.00;20.95;0.00;;30.0;30.0;30.0
C12;B06;X4;;1;1.94048;10.81;0.0;30.00;85.00;20.95;0.00;;30.0;30.0;30.0
C12;B07;X4;;1;1.94643;10.57;0.0;30.00;85.00;20.95;0.00;;30.0;30.0;30.0
C12;B08;X4;;1;1.95238;10.28;0.0;30.00;85.00;20.95;0.00;;30.0;30.0;30.0
C12;B09;B1;;1;1.95833;7.52;0.0;30.00;85.00;20.95;0.00;;30.0;30.0;30.0
C12;B10;B1;;1;1.96429;8.50;0.0;30.00;85.00;20.95;0.00;;30.0;30.0;30.0
C12;B11;B1;;1;1.97024;8.08;0.0;30.00;85.00;20.95;0.00;;30.0;30.0;30.0
R;;;;1;2.00000;178.83;0.0;30.00;85.00;20.95;0.00;test measure for referencing ;30.0;30.0;30.0
C13;A01;X1;;1;2.00595;11.25;0.0;30.00;85.00;20.95;0.00;;30.0;30.0;30.0
C13;A02;X1;;1;2.01190;10.94;0.0;30.00;85.00;20.95;0.00;;30.0;30.0;30.0
C13;A03;X1;;1;2.01786;10.74;0.0;30.00;85.00;20.95;0.00;;30.0;30.0;30.0
C13;A04;X1;;1;2.02381;9.59;0.0;30.00;85.00;20.95;0.00;;30.0;30.0;30.0
C13;A05;X1;;1;2.02976;11.45;0.0;30.00;85.00;20.95;0.00;;30.0;30.0;30.0
C13;A06;X2;;1;2.03571;10.38;0.0;30.00;85.00;20.95;0.00;;30.0;30.0;30.0
C13;A07;X2;;1;2.04167;10.43;0.0;30.00;85.00;20.95;0.00;;30.0;30.0;30.0
C13;A08;X2;;1;2.04762;11.41;0.0;30.00;85.00;20.95;0.00;;30.0;30.0;30.0
C13;A09;X2;;1;2.05357;10.03;0.0;30.00;85.00;20.95;0.00;;30.0;30.0;30.0
C13;A10;X2;;1;2.05952;10.23;0.0;30.00;85.00;20.95;0.00;;30.0;30.0;30.0
C13;A11;X3;;1;2.06548;10.82;0.0;30.00;85.00;20.95;0.00;;30.0;30.0;30.0
C13;A12;X3;;1;2.07143;9.88;0.0;30.00;85.00;20.95;0.00;;30.0;30.0;30.0
C13;B01;X3;;1;2.07738;10.22;0.0;30.00;85.00;20.95;0.00;;30.0;30.0;30.0
C13;B02;X3;;1;2.08333;9.64;0.0;30.00;85.00;20.95;0.00;;30.0;30.0;30.0
C13;B03;X3;;1;2.08929;10.85;0.0;30.00;85.00;20.95;0.00;;30.0;30.0;30.0
C13;B04;X4;;1;2.09524;10.56;0.0;30.00;85.00;20.95;0.00;;30.0;30.0;30.0
C13;B05;X4;;1;2.10119;11.04;0.0;30.00;85.00;20.95;0.00;;30.0;30.0;30.0
C13;B06;X4;;1;2.10714;10.72;0.0;30.00;85.00;20.95;0.00;;30.0;30.0;30.0
C13;B07;X4;;1;2.11310;10.70;0.0;30.00;85.00;20.95;0.00;;30.0;30.0;30.0
C13;B08;X4;;1;2.11905;9.86;0.0;30.00;85.00;20.95;0.00;;30.0;30.0;30.0
C13;B09;B1;;1;2.12500;7.78;0.0;30.00;85.00;20.95;0.00;;30.0;30.0;30.0
C13;B10;B1;;1;2.13095;8.30;0.0;30.00;85.00;20.95;0.00;;30.0;30.0;30.0
C13;B11;B1;;1;2.13690;7.96;0.0;30.00;85.00;20.95;0.00;;30.0;30.0;30.0
R;;;;1;2.16667;179.41;0.0;30.00;85.00;20.95;0.00;test measure for referencing ;30.0;30.0;30.0
C14;A01;X1;;1;2.17262;10.84;0.0;30.00;85.00;20.95;0.00;;30.0;30.0;30.0
C14;A02;X1;;1;2.17857;10.89;0.0;30.00;85.00;20.95;0.00;;30.0;30.0;30.0
C14;A03;X1;;1;2.18452;11.12;0.0;30.00;85.00;20.95;0.00;;30.0;30.0;30.0
C14;A04;X1;;1;2.19048;10.01;0.0;30.00;85.00;20.95;0.00;;30.0;30.0;30.0
C14;A05;X1;;1;2.19643;12.45;0.0;30.00;85.00;20.95;0.00;;30.0;30.0;30.0
C14;A06;X2;;1;2.20238;10.87;0.0;30.00;85.00;20.95;0.00;;30.0;30.0;30.0
C14;A07;X2;;1;2.20833;10.01;0.0;30.00;85.00;20.95;0.00;;30.0;30.0;30.0
C14;A08;X2;;1;2.21429;10.30;0.0;30.00;85.00;20.95;0.00;;30.0;30.0;30.0
C14;A09;X2;;1;2.22024;10.92;0.0;30.00;85.00;20.95;0.00;;30.0;30.0;30.0
C14;A10;X2;;1;2.22619;10.21;0.0;30.00;85.00;20.95;0.00;;30.0;30.0;30.0
C14;A11;X3;;1;2.23214;11.04;0.0;30.00;85.00;20.95;0.00;;30.0;30.0;30.0
C14;A12;X3;;1;2.23810;10.34;0.0;30.00;85.00;20.95;0.00;;30.0;30.0;30.0
C14;B01;X3;;1;2.24405;10.68;0.0;30.00;85.00;20.95;0.00;;30.0;30.0;30.0
C14;B02;X3;;1;2.25000;10.38;0.0;30.00;85.00;20.95;0.00;;30.0;30.0;30.0
C14;B03;X3;;1;2.25595;10.41;0.0;30.00;85.00;20.95;0.00;;30.0;30.0;30.0
C14;B04;X4;;1;2.26190;10.85;0.0;30.00;85.00;20.95;0.00;;30.0;30.0;30.0
C14;B05;X4;;1;2.26786;11.38;0.0;30.00;85.00;20.95;0.00;;30.0;30.0;30.0
C14;B06;X4;;1;2.27381;10.18;0.0;30.00;85.00;20.95;0.00;;30.0;30.0;30.0
C14;B07;X4;;1;2.27976;11.30;0.0;30.00;85.00;20.95;0.00;;30.0;30.0;30.0
C14;B08;X4;;1;2.28571;10.79;0.0;30.00;85.00;20.95;0.00;;30.0;30.0;30.0
C14;B09;B1;;1;2.29167;8.41;0.0;30.00;85.00;20.95;0.00;;30.0;30.0;30.0
C14;B10;B1;;1;2.29762;7.94;0.0;30.00;85.00;20.95;0.00;;30.0;30.0;30.0
C14;B11;B1;;1;2.30357;8.14;0.0;30.00;85.00;20.95;0.00;;30.0;30.0;30.0
R;;;;1;2.33333;177.00;0.0;30.00;85.00;20.95;0.00;test measure for referencing ;30.0;30.0;30.0
C15;A01;X1;;1;2.33929;11.03;0.0;30.00;85.00;20.95;0.00;;30.0;30.0;30.0
C15;A02;X1;;1;2.34524;10.53;0.0;30.00;85.00;20.95;0.00;;30.0;30.0;30.0
C15;A03;X1;;1;2.35119;10.78;0.0;30.00;85.00;20.95;0.00;;30.0;30.0;30.0
C15;A04;X1;;1;2.35714;9.72;0.0;30.00;85.00;20.95;0.00;;30.0;30.0;30.0
C15;A05;X1;;1;2.36310;11.80;0.0;30.00;85.00;20.95;0.00;;30.0;30.0;30.0
C15;A06;X2;;1;2.36905;11.14;0.0;30.00;85.00;20.95;0.00;;30.0;30.0;30.0
C15;A07;X2;;1;2.37500;9.79;0.0;30.00;85.00;20.95;0.00;;30.0;30.0;30.0
C15;A08;X2;;1;2.38095;10.91;0.0;30.00;85.00;20.95;0.00;;30.0;30.0;30.0
C15;A09;X2;;1;2.38690;9.84;0.0;30.00;85.00;20.95;0.00;;30.0;30.0;30.0
C15;A10;X2;;1;2.39286;9.45;0.0;30.00;85.00;20.95;0.00;;30.0;30.0;30.0
C15;A11;X3;;1;2.39881;10.56;0.0;30.00;85.00;20.95;0.00;;30.0;30.0;30.0
C15;A12;X3;;1;2.40476;10.07;0.0;30.00;85.00;20.95;0.00;;30.0;30.0;30.0
C15;B01;X3;;1;2.41071;10.19;0.0;30.00;85.00;20.95;0.00;;30.0;30.0;30.0
C15;B02;X3;;1;2.41667;9.38;0.0;30.00;85.00;20.95;0.00;;30.0;30.0;30.0
C15;B03;X3;;1;2.42262;10.36;0.0;30.00;85.00;20.95;0.00;;30.0;30.0;30.0
C15;B04;X4;;1;2.42857;10.66;0.0;30.00;85.00;20.95;0.00;;30.0;30.0;30.0
C15;B05;X4;;1;2.43452;11.27;0.0;30.00;85.00;20.95;0.00;;30.0;30.0;30.0
C15;B06;X4;;1;2.44048;10.38;0.0;30.00;85.00;20.95;0.00;;30.0;30.0;30.0
C15;B07;X4;;1;2.44643;10.88;0.0;30.00;85.00;20.95;0.00;;30.0;30.0;30.0
C15;B08;X4;;1;2.45238;10.00;0.0;30.00;85.00;20.95;0.00;;30.0;30.0;30.0
C15;B09;B1;;1;2.45833;7.84;0.0;30.00;85.00;20.95;0.00;;30.0;30.0;30.0
C15;B10;B1;;1;2.46429;7.73;0.0;30.00;85.00;20.95;0.00;;30.0;30.0;30.0
C15;B11;B1;;1;2.47024;8.19;0.0;30.00;85.00;20.95;0.00;;30.0;30.0;30.0
R;;;;1;2.50000;177.23;0.0;30.00;85.00;20.95;0.00;test measure for referencing ;30.0;30.0;30.0
C16;A01;X1;;1;2.50595;10.78;0.0;30.00;85.00;20.95;0.00;;30.0;30.0;30.0
C16;A02;X1;;1;2.51190;10.89;0.0;30.00;85.00;20.95;0.00;;30.0;30.0;30.0
C16;A03;X1;;1;2.51786;11.30;0.0;30.00;85.00;20.95;0.00;;30.0;30.0;30.0
C16;A04;X1;;1;2.52381;9.99;0.0;30.00;85.00;20.95;0.00;;30.0;30.0;30.0
C16;A05;X1;;1;2.52976;11.82;0.0;30.00;85.00;20.95;0.00;;30.0;30.0;30.0
C16;A06;X2;;1;2.53571;10.70;0.0;30.00;85.00;20.95;0.00;;30.0;30.0;30.0
C16;A07;X2;;1;2.54167;10.52;0.0;30.00;85.00;20.95;0.00;;30.0;30.0;30.0
C16;A08;X2;;1;2.54762;10.81;0.0;30.00;85.00;20.95;0.00;;30.0;30.0;30.0
C16;A09;X2;;1;2.55357;10.96;0.0;30.00;85.00;20.95;0.00;;30.0;30.0;30.0
C16;A10;X2;;1;2.55952;10.20;0.0;30.00;85.00;20.95;0.00;;30.0;30.0;30.0
C16;A11;X3;;1;2.56548;10.32;0.0;30.00;85.00;20.95;0.00;;30.0;30.0;30.0
C16;A12;X3;;1;2.57143;9.91;0.0;30.00;85.00;20.95;0.00;;30.0;30.0;30.0
C16;B01;X3;;1;2.57738;9.78;0.0;30.00;85.00;20.95;0.00;;30.0;30.0;30.0
C16;B02;X3;;1;2.58333;9.51;0.0;30.00;85.00;20.95;0.00;;30.0;30.0;30.0
C16;B03;X3;;1;2.58929;10.77;0.0;30.00;85.00;20.95;0.00;;30.0;30.0;30.0
C16;B04;X4;;1;2.59524;10.88;0.0;30.00;85.00;20.95;0.00;;30.0;30.0;30.0
C16;B05;X4;;1;2.60119;10.55;0.0;30.00;85.00;20.95;0.00;;30.0;30.0;30.0
C16;B06;X4;;1;2.60714;10.95;0.0;30.00;85.00;20.95;0.00;;30.0;30.0;30.0
C16;B07;X4;;1;2.61310;10.81;0.0;30.00;85.00;20.95;0.00;;30.0;30.0;30.0
C16;B08;X4;;1;2.61905;10.02;0.0;30.00;85.00;20.95;0.00;;30.0;30.0;30.0
C16;B09;B1;;1;2.62500;8.07;0.0;30.00;85.00;20.95;0.00;;30.0;30.0;30.0
C16;B10;B1;;1;2.63095;7.89;0.0;30.00;85.00;20.95;0.00;;30.0;30.0;30.0
C16;B11;B1;;1;2.63690;7.61;0.0;30.00;85.00;20.95;0.00;;30.0;30.0;30.0
R;;;;1;2.66667;175.52;0.0;30.00;85.00;20.95;0.00;test measure for referencing ;30.0;30.0;30.0
C17;A01;X1;;1;2.67262;10.93;0.0;30.00;85.00;20.95;0.00;;30.0;30.0;30.0
C17;A02;X1;;1;2.67857;10.70;0.0;30.00;85.00;20.95;0.00;;30.0;30.0;30.0
C17;A03;X1;;1;2.68452;9.90;0.0;30.00;85.00;20.95;0.00;;30.0;30.0;30.0
C17;A04;X1;;1;2.69048;9.94;0.0;30.00;85.00;20.95;0.00;;30.0;30.0;30.0
C17;A05;X1;;1;2.69643;11.80;0.0;30.00;85.00;20.95;0.00;;30.0;30.0;30.0
C17;A06;X2;;1;2.70238;10.56;0.0;30.00;85.00;20.95;0.00;;30.0;30.0;30.0
C17;A07;X2;;1;2.70833;10.13;0.0;30.00;85.00;20.95;0.00;;30.0;30.0;30.0
C17;A08;X2;;1;2.71429;10.47;0.0;30.00;85.00;20.95;0.00;;30.0;30.0;30.0
C17;A09;X2;;1;2.72024;10.10;0.0;30.00;85.00;20.95;0.00;;30.0;30.0;30.0
C17;A10;X2;;1;2.72619;9.90;0.0;30.00;85.00;20.95;0.00;;30.0;30.0;30.0
C17;A11;X3;;1;2.73214;10.90;0.0;30.00;85.00;20.95;0.00;;30.0;30.0;30.0
C17;A12;X3;;1;2.73810;9.56;0.0;30.00;85.00;20.95;0.00;;30.0;30.0;30.0
C17;B01;X3;;1;2.74405;10.04;0.0;30.00;85.00;20.95;0.00;;30.0;30.0;30.0
C17;B02;X3;;1;2.75000;9.84;0.0;30.00;85.00;20.95;0.00;;30.0;30.0;30.0
C17;B03;X3;;1;2.75595;10.08;0.0;30.00;85.00;20.95;0.00;;30.0;30.0;30.0
C17;B04;X4;;1;2.76190;10.41;0.0;30.00;85.00;20.95;0.00;;30.0;30.0;30.0
C17;B05;X4;;1;2.76786;10.40;0.0;30.00;85.00;20.95;0.00;;30.0;30.0;30.0
C17;B06;X4;;1;2.77381;10.07;0.0;30.00;85.00;20.95;0.00;;30.0;30.0;30.0
C17;B07;X4;;1;2.77976;10.64;0.0;30.00;85.00;20.95;0.00;;30.0;30.0;30.0
C17;B08;X4;;1;2.78571;10.30;0.0;30.00;85.00;20.95;0.00;;30.0;30.0;30.0
C17;B09;B1;;1;2.79167;7.49;0.0;30.00;85.00;20.95;0.00;;30.0;30.0;30.0
C17;B10;B1;;1;2.79762;9.04;0.0;30.00;85.00;20.95;0.00;;30.0;30.0;30.0
C17;B11;B1;;1;2.80357;7.62;0.0;30.00;85.00;20.95;0.00;;30.0;30.0;30.0
R;;;;1;2.83333;179.23;0.0;30.00;85.00;20.95;0.00;test measure for referencing ;30.0;30.0;30.0
C18;A01;X1;;1;2.83929;11.08;0.0;30.00;85.00;20.95;0.00;;30.0;30.0;30.0
C18;A02;X1;;1;2.84524;10.72;0.0;30.00;85.00;20.95;0.00;;30.0;30.0;30.0
C18;A03;X1;;1;2.85119;11.28;0.0;30.00;85.00;20.95;0.00;;30.0;30.0;30.0
C18;A04;X1;;1;2.85714;9.84;0.0;30.00;85.00;20.95;0.00;;30.0;30.0;30.0
C18;A05;X1;;1;2.86310;12.27;0.0;30.00;85.00;20.95;0.00;;30.0;30.0;30.0
C18;A06;X2;;1;2.86905;11.27;0.0;30.00;85.00;20.95;0.00;;30.0;30.0;30.0
C18;A07;X2;;1;2.87500;10.00;0.0;30.00;85.00;20.95;0.00;;30.0;30.0;30.0
C18;A08;X2;;1;2.88095;11.08;0.0;30.00;85.00;20.95;0.00;;30.0;30.0;30.0
C18;A09;X2;;1;2.88690;10.37;0.0;30.00;85.00;20.95;0.00;;30.0;30.0;30.0
C18;A10;X2;;1;2.89286;11.04;0.0;30.00;85.00;20.95;0.00;;30.0;30.0;30.0
C18;A11;X3;;1;2.89881;10.61;0.0;30.00;85.00;20.95;0.00;;30.0;30.0;30.0
C18;A12;X3;;1;2.90476;9.91;0.0;30.00;85.00;20.95;0.00;;30.0;30.0;30.0
C18;B01;X3;;1;2.91071;9.61;0.0;30.00;85.00;20.95;0.00;;30.0;30.0;30.0
C18;B02;X3;;1;2.91667;9.61;0.0;30.00;85.00;20.95;0.00;;30.0;30.0;30.0
C18;B03;X3;;1;2.92262;10.33;0.0;30.00;85.00;20.95;0.00;;30.0;30.0;30.0
C18;B04;X4;;1;2.92857;10.46;0.0;30.00;85.00;20.95;0.00;;30.0;30.0;30.0
C18;B05;X4;;1;2.93452;10.67;0.0;30.00;85.00;20.95;0.00;;30.0;30.0;30.0
C18;B06;X4;;1;2.94048;10.33;0.0;30.00;85.00;20.95;0.00;;30.0;30.0;30.0
C18;B07;X4;;1;2.94643;10.80;0.0;30.00;85.00;20.95;0.00;;30.0;30.0;30.0
C18;B08;X4;;1;2.95238;10.85;0.0;30.00;85.00;20.95;0.00;;30.0;30.0;30.0
C18;B09;B1;;1;2.95833;7.33;0.0;30.00;85.00;20.95;0.00;;30.0;30.0;30.0
C18;B10;B1;;1;2.96429;7.79;0.0;30.00;85.00;20.95;0.00;;30.0;30.0;30.0
C18;B11;B1;;1;2.97024;7.63;0.0;30.00;85.00;20.95;0.00;;30.0;30.0;30.0
R;;;;1;3.00000;176.29;0.0;30.00;85.00;20.95;0.00;test measure for referencing ;30.0;30.0;30.0
C19;A01;X1;;1;3.00595;10.60;0.0;30.00;85.00;20.95;0.00;;30.0;30.0;30.0
C19;A02;X1;;1;3.01190;10.40;0.0;30.00;85.00;20.95;0.00;;30.0;30.0;30.0
C19;A03;X1;;1;3.01786;10.93;0.0;30.00;85.00;20.95;0.00;;30.0;30.0;30.0
C19;A04;X1;;1;3.02381;9.77;0.0;30.00;85.00;20.95;0.00;;30.0;30.0;30.0
C19;A05;X1;;1;3.02976;11.52;0.0;30.00;85.00;20.95;0.00;;30.0;30.0;30.0
C19;A06;X2;;1;3.03571;10.93;0.0;30.00;85.00;20.95;0.00;;30.0;30.0;30.0
C19;A07;X2;;1;3.04167;10.23;0.0;30.00;85.00;20.95;0.00;;30.0;30.0;30.0
C19;A08;X2;;1;3.04762;10.53;0.0;30.00;85.00;20.95;0.00;;30.0;30.0;30.0
C19;A09;X2;;1;3.05357;10.51;0.0;30.00;85.00;20.95;0.00;;30.0;30.0;30.0
C19;A10;X2;;1;3.05952;9.80;0.0;30.00;85.00;20.95;0.00;;30.0;30.0;30.0
C19;A11;X3;;1;3.06548;10.73;0.0;30.00;85.00;20.95;0.00;;30.0;30.0;30.0
C19;A12;X3;;1;3.07143;10.16;0.0;30.00;85.00;20.95;0.00;;30.0;30.0;30.0
C19;B01;X3;;1;3.07738;9.90;0.0;30.00;85.00;20.95;0.00;;30.0;30.0;30.0
C19;B02;X3;;1;3.08333;9.47;0.0;30.00;85.00;20.95;0.00;;30.0;30.0;30.0
C19;B03;X3;;1;3.08929;10.79;0.0;30.00;85.00;20.95;0.00;;30.0;30.0;30.0
C19;B04;X4;;1;3.09524;10.61;0.0;30.00;85.00;20.95;0.00;;30.0;30.0;30.0
C19;B05;X4;;1;3.10119;11.76;0.0;30.00;85.00;20.95;0.00;;30.0;30.0;30.0
C19;B06;X4;;1;3.10714;10.17;0.0;30.00;85.00;20.95;0.00;;30.0;30.0;30.0
C19;B07;X4;;1;3.11310;10.93;0.0;30.00;85.00;20.95;0.00;;30.0;30.0;30.0
C19;B08;X4;;1;3.11905;10.12;0.0;30.00;85.00;20.95;0.00;;30.0;30.0;30.0
C19;B09;B1;;1;3.12500;7.98;0.0;30.00;85.00;20.95;0.00;;30.0;30.0;30.0
C19;B10;B1;;1;3.13095;8.21;0.0;30.00;85.00;20.95;0.00;;30.0;30.0;30.0
C19;B11;B1;;1;3.13690;7.56;0.0;30.00;85.00;20.95;0.00;;30.0;30.0;30.0
R;;;;1;3.16667;178.82;0.0;30.00;85.00;20.95;0.00;test measure for referencing ;30.0;30.0;30.0
C20;A01;X1;;1;3.17262;11.24;0.0;30.00;85.00;20.95;0.00;;30.0;30.0;30.0
C20;A02;X1;;1;3.17857;10.91;0.0;30.00;85.00;20.95;0.00;;30.0;30.0;30.0
C20;A03;X1;;1;3.18452;11.11;0.0;30.00;85.00;20.95;0.00;;30.0;30.0;30.0
C20;A04;X1;;1;3.19048;10.34;0.0;30.00;85.00;20.95;0.00;;30.0;30.0;30.0
C20;A05;X1;;1;3.19643;12.17;0.0;30.00;85.00;20.95;0.00;;30.0;30.0;30.0
C20;A06;X2;;1;3.20238;10.98;0.0;30.00;85.00;20.95;0.00;;30.0;30.0;30.0
C20;A07;X2;;1;3.20833;10.18;0.0;30.00;85.00;20.95;0.00;;30.0;30.0;30.0
C20;A08;X2;;1;3.21429;10.41;0.0;30.00;85.00;20.95;0.00;;30.0;30.0;30.0
C20;A09;X2;;1;3.22024;10.32;0.0;30.00;85.00;20.95;0.00;;30.0;30.0;30.0
C20;A10;X2;;1;3.22619;10.03;0.0;30.00;85.00;20.95;0.00;;30.0;30.0;30.0
C20;A11;X3;;1;3.23214;10.90;0.0;30.00;85.00;20.95;0.00;;30.0;30.0;30.0
C20;A12;X3;;1;3.23810;10.06;0.0;30.00;85.00;20.95;0.00;;30.0;30.0;30.0
C20;B01;X3;;1;3.24405;9.79;0.0;30.00;85.00;20.95;0.00;;30.0;30.0;30.0
C20;B02;X3;;1;3.25000;10.16;0.0;30.00;85.00;20.95;0.00;;30.0;30.0;30.0
C20;B03;X3;;1;3.25595;10.24;0.0;30.00;85.00;20.95;0.00;;30.0;30.0;30.0
C20;B04;X4;;1;3.26190;10.51;0.0;30.00;85.00;20.95;0.00;;30.0;30.0;30.0
C20;B05;X4;;1;3.26786;10.95;0.0;30.00;85.00;20.95;0.00;;30.0;30.0;30.0
C20;B06;X4;;1;3.27381;10.66;0.0;30.00;85.00;20.95;0.00;;30.0;30.0;30.0
C20;B07;X4;;1;3.27976;10.11;0.0;30.00;85.00;20.95;0.00;;30.0;30.0;30.0
C20;B08;X4;;1;3.28571;10.06;0.0;30.00;85.00;20.95;0.00;;30.0;30.0;30.0
C20;B09;B1;;1;3.29167;8.06;0.0;30.00;85.00;20.95;0.00;;30.0;30.0;30.0
C20;B10;B1;;1;3.29762;7.85;0.0;30.00;85.00;20.95;0.00;;30.0;30.0;30.0
C20;B11;B1;;1;3.30357;7.65;0.0;30.00;85.00;20.95;0.00;;30.0;30.0;30.0
R;;;;1;3.33333;178.03;0.0;30.00;85.00;20.95;0.00;test measure for referencing ;30.0;30.0;30.0
C21;A01;X1;;1;3.33929;11.62;0.0;30.00;85.00;20.95;0.00;;30.0;30.0;30.0
C21;A02;X1;;1;3.34524;10.76;0.0;30.00;85.00;20.95;0.00;;30.0;30.0;30.0
C21;A03;X1;;1;3.35119;11.16;0.0;30.00;85.00;20.95;0.00;;30.0;30.0;30.0
C21;A04;X1;;1;3.35714;10.28;0.0;30.00;85.00;20.95;0.00;;30.0;30.0;30.0
C21;A05;X1;;1;3.36310;11.80;0.0;30.00;85.00;20.95;0.00;;30.0;30.0;30.0
C21;A06;X2;;1;3.36905;10.99;0.0;30.00;85.00;20.95;0.00;;30.0;30.0;30.0
C21;A07;X2;;1;3.37500;10.11;0.0;30.00;85.00;20.95;0.00;;30.0;30.0;30.0
C21;A08;X2;;1;3.38095;10.52;0.0;30.00;85.00;20.95;0.00;;30.0;30.0;30.0
C21;A09;X2;;1;3.38690;10.16;0.0;30.00;85.00;20.95;0.00;;30.0;30.0;30.0
C21;A10;X2;;1;3.39286;10.41;0.0;30.00;85.00;20.95;0.00;;30.0;30.0;30.0
C21;A11;X3;;1;3.39881;10.53;0.0;30.00;85.00;20.95;0.00;;30.0;30.0;30.0
C21;A12;X3;;1;3.40476;9.96;0.0;30.00;85.00;20.95;0.00;;30.0;30.0;30.0
C21;B01;X3;;1;3.41071;9.78;0.0;30.00;85.00;20.95;0.00;;30.0;30.0;30.0
C21;B02;X3;;1;3.41667;10.47;0.0;30.00;85.00;20.95;0.00;;30.0;30.0;30.0
C21;B03;X3;;1;3.42262;10.66;0.0;30.00;85.00;20.95;0.00;;30.0;30.0;30.0
C21;B04;X4;;1;3.42857;10.65;0.0;30.00;85.00;20.95;0.00;;30.0;30.0;30.0
C21;B05;X4;;1;3.43452;10.76;0.0;30.00;85.00;20.95;0.00;;30.0;30.0;30.0
C21;B06;X4;;1;3.44048;10.01;0.0;30.00;85.00;20.95;0.00;;30.0;30.0;30.0
C21;B07;X4;;1;3.44643;10.87;0.0;30.00;85.00;20.95;0.00;;30.0;30.0;30.0
C21;B08;X4;;1;3.45238;10.43;0.0;30.00;85.00;20.95;0.00;;30.0;30.0;30.0
C21;B09;B1;;1;3.45833;7.40;0.0;30.00;85.00;20.95;0.00;;30.0;30.0;30.0
C21;B10;B1;;1;3.46429;8.42;0.0;30.00;85.00;20.95;0.00;;30.0;30.0;30.0
C21;B11;B1;;1;3.47024;8.27;0.0;30.00;85.00;20.95;0.00;;30.0;30.0;30.0
R;;;;1;3.50000;177.28;0.0;30.00;85.00;20.95;0.00;test measure for referencing ;30.0;30.0;30.0
C22;A01;X1;;1;3.50595;11.07;0.0;30.00;85.00;20.95;0.00;;30.0;30.0;30.0
C22;A02;X1;;1;3.51190;10.79;0.0;30.00;85.00;20.95;0.00;;30.0;30.0;30.0
C22;A03;X1;;1;3.51786;11.02;0.0;30.00;85.00;20.95;0.00;;30.0;30.0;30.0
C22;A04;X1;;1;3.52381;10.03;0.0;30.00;85.00;20.95;0.00;;30.0;30.0;30.0
C22;A05;X1;;1;3.52976;11.48;0.0;30.00;85.00;20.95;0.00;;30.0;30.0;30.0
C22;A06;X2;;1;3.53571;11.24;0.0;30.00;85.00;20.95;0.00;;30.0;30.0;30.0
C22;A07;X2;;1;3.54167;10.29;0.0;30.00;85.00;20.95;0.00;;30.0;30.0;30.0
C22;A08;X2;;1;3.54762;11.03;0.0;30.00;85.00;20.95;0.00;;30.0;30.0;30.0
C22;A09;X2;;1;3.55357;10.82;0.0;30.00;85.00;20.95;0.00;;30.0;30.0;30.0
C22;A10;X2;;1;3.55952;10.04;0.0;30.00;85.00;20.95;0.00;;30.0;30.0;30.0
C22;A11;X3;;1;3.56548;10.71;0.0;30.00;85.00;20.95;0.00;;30.0;30.0;30.0
C22;A12;X3;;1;3.57143;10.30;0.0;30.00;85.00;20.95;0.00;;30.0;30.0;30.0
C22;B01;X3;;1;3.57738;10.30;0.0;30.00;85.00;20.95;0.00;;30.0;30.0;30.0
C22;B02;X3;;1;3.58333;9.84;0.0;30.00;85.00;20.95;0.00;;30.0;30.0;30.0
C22;B03;X3;;1;3.58929;10.21;0.0;30.00;85.00;20.95;0.00;;30.0;30.0;30.0
C22;B04;X4;;1;3.59524;10.65;0.0;30.00;85.00;20.95;0.00;;30.0;30.0;30.0
C22;B05;X4;;1;3.60119;10.68;0.0;30.00;85.00;20.95;0.00;;30.0;30.0;30.0
C22;B06;X4;;1;3.60714;10.26;0.0;30.00;85.00;20.95;0.00;;30.0;30.0;30.0
C22;B07;X4;;1;3.61310;10.14;0.0;30.00;85.00;20.95;0.00;;30.0;30.0;30.0
C22;B08;X4;;1;3.61905;10.33;0.0;30.00;85.00;20.95;0.00;;30.0;30.0;30.0
C22;B09;B1;;1;3.62500;7.52;0.0;30.00;85.00;20.95;0.00;;30.0;30.0;30.0
C22;B10;B1;;1;3.63095;7.70;0.0;30.00;85.00;20.95;0.00;;30.0;30.0;30.0
C22;B11;B1;;1;3.63690;7.90;0.0;30.00;85.00;20.95;0.00;;30.0;30.0;30.0
R;;;;1;3.66667;179.56;0.0;30.00;85.00;20.95;0.00;test measure for referencing ;30.0;30.0;30.0
C23;A01;X1;;1;3.67262;12.02;0.0;30.00;85.00;20.95;0.00;;30.0;30.0;30.0
C23;A02;X1;;1;3.67857;11.20;0.0;30.00;85.00;20.95;0.00;;30.0;30.0;30.0
C23;A03;X1;;1;3.68452;10.76;0.0;30.00;85.00;20.95;0.00;;30.0;30.0;30.0
C23;A04;X1;;1;3.69048;10.31;0.0;30.00;85.00;20.95;0.00;;30.0;30.0;30.0
C23;A05;X1;;1;3.69643;12.02;0.0;30.00;85.00;20.95;0.00;;30.0;30.0;30.0
C23;A06;X2;;1;3.70238;11.07;0.0;30.00;85.00;20.95;0.00;;30.0;30.0;30.0
C23;A07;X2;;1;3.70833;10.12;0.0;30.00;85.00;20.95;0.00;;30.0;30.0;30.0
C23;A08;X2;;1;3.71429;10.58;0.0;30.00;85.00;20.95;0.00;;30.0;30.0;30.0
C23;A09;X2;;1;3.72024;10.43;0.0;30.00;85.00;20.95;0.00;;30.0;30.0;30.0
C23;A10;X2;;1;3.72619;10.05;0.0;30.00;85.00;20.95;0.00;;30.0;30.0;30.0
C23;A11;X3;;1;3.73214;10.20;0.0;30.00;85.00;20.95;0.00;;30.0;30.0;30.0
C23;A12;X3;;1;3.73810;10.01;0.0;30.00;85.00;20.95;0.00;;30.0;30.0;30.0
C23;B01;X3;;1;3.74405;10.20;0.0;30.00;85.00;20.95;0.00;;30.0;30.0;30.0
C23;B02;X3;;1;3.75000;10.37;0.0;30.00;85.00;20.95;0.00;;30.0;30.0;30.0
C23;B03;X3;;1;3.75595;10.44;0.0;30.00;85.00;20.95;0.00;;30.0;30.0;30.0
C23;B04;X4;;1;3.76190;10.67;0.0;30.00;85.00;20.95;0.00;;30.0;30.0;30.0
C23;B05;X4;;1;3.76786;11.23;0.0;30.00;85.00;20.95;0.00;;30.0;30.0;30.0
C23;B06;X4;;1;3.77381;10.72;0.0;30.00;85.00;20.95;0.00;;30.0;30.0;30.0
C23;B07;X4;;1;3.77976;11.36;0.0;30.00;85.00;20.95;0.00;;30.0;30.0;30.0
C23;B08;X4;;1;3.78571;10.61;0.0;30.00;85.00;20.95;0.00;;30.0;30.0;30.0
C23;B09;B1;;1;3.79167;8.02;0.0;30.00;85.00;20.95;0.00;;30.0;30.0;30.0
C23;B10;B1;;1;3.79762;8.56;0.0;30.00;85.00;20.95;0.00;;30.0;30.0;30.0
C23;B11;B1;;1;3.80357;8.64;0.0;30.00;85.00;20.95;0.00;;30.0;30.0;30.0
R;;;;1;3.83333;178.15;0.0;30.00;85.00;20.95;0.00;test measure for referencing ;30.0;30.0;30.0
C24;A01;X1;;1;3.83929;11.49;0.0;30.00;85.00;20.95;0.00;;30.0;30.0;30.0
C24;A02;X1;;1;3.84524;10.62;0.0;30.00;85.00;20.95;0.00;;30.0;30.0;30.0
C24;A03;X1;;1;3.85119;11.07;0.0;30.00;85.00;20.95;0.00;;30.0;30.0;30.0
C24;A04;X1;;1;3.85714;9.99;0.0;30.00;85.00;20.95;0.00;;30.0;30.0;30.0
C24;A05;X1;;1;3.86310;12.13;0.0;30.00;85.00;20.95;0.00;;30.0;30.0;30.0
C24;A06;X2;;1;3.86905;10.72;0.0;30.00;85.00;20.95;0.00;;30.0;30.0;30.0
C24;A07;X2;;1;3.87500;10.20;0.0;30.00;85.00;20.95;0.00;;30.0;30.0;30.0
C24;A08;X2;;1;3.88095;10.68;0.0;30.00;85.00;20.95;0.00;;30.0;30.0;30.0
C24;A09;X2;;1;3.88690;10.65;0.0;30.00;85.00;20.95;0.00;;30.0;30.0;30.0
C24;A10;X2;;1;3.89286;10.22;0.0;30.00;85.00;20.95;0.00;;30.0;30.0;30.0
C24;A11;X3;;1;3.89881;10.49;0.0;30.00;85.00;20.95;0.00;;30.0;30.0;30.0
C24;A12;X3;;1;3.90476;9.75;0.0;30.00;85.00;20.95;0.00;;30.0;30.0;30.0
C24;B01;X3;;1;3.91071;10.49;0.0;30.00;85.00;20.95;0.00;;30.0;30.0;30.0
C24;B02;X3;;1;3.91667;10.36;0.0;30.00;85.00;20.95;0.00;;30.0;30.0;30.0
C24;B03;X3;;1;3.92262;10.31;0.0;30.00;85.00;20.95;0.00;;30.0;30.0;30.0
C24;B04;X4;;1;3.92857;10.86;0.0;30.00;85.00;20.95;0.00;;30.0;30.0;30.0
C24;B05;X4;;1;3.93452;10.52;0.0;30.00;85.00;20.95;0.00;;30.0;30.0;30.0
C24;B06;X4;;1;3.94048;10.01;0.0;30.00;85.00;20.95;0.00;;30.0;30.0;30.0
C24;B07;X4;;1;3.94643;10.71;0.0;30.00;85.00;20.95;0.00;;30.0;30.0;30.0
C24;B08;X4;;1;3.95238;10.79;0.0;30.00;85.00;20.95;0.00;;30.0;30.0;30.0
C24;B09;B1;;1;3.95833;7.55;0.0;30.00;85.00;20.95;0.00;;30.0;30.0;30.0
C24;B10;B1;;1;3.96429;7.63;0.0;30.00;85.00;20.95;0.00;;30.0;30.0;30.0
C24;B11;B1;;1;3.97024;8.60;0.0;30.00;85.00;20.95;0.00;;30.0;30.0;30.0
R;;;;1;4.00000;175.61;0.0;30.00;85.00;20.95;0.00;test measure for referencing ;30.0;30.0;30.0
C25;A01;X1;;1;4.00595;11.56;0.0;30.00;85.00;20.95;0.00;;30.0;30.0;30.0
C25;A02;X1;;1;4.01190;11.19;0.0;30.00;85.00;20.95;0.00;;30.0;30.0;30.0
C25;A03;X1;;1;4.01786;11.04;0.0;30.00;85.00;20.95;0.00;;30.0;30.0;30.0
C25;A04;X1;;1;4.02381;10.24;0.0;30.00;85.00;20.95;0.00;;30.0;30.0;30.0
C25;A05;X1;;1;4.02976;12.88;0.0;30.00;85.00;20.95;0.00;;30.0;30.0;30.0
C25;A06;X2;;1;4.03571;10.37;0.0;30.00;85.00;20.95;0.00;;30.0;30.0;30.0
C25;A07;X2;;1;4.04167;10.01;0.0;30.00;85.00;20.95;0.00;;30.0;30.0;30.0
C25;A08;X2;;1;4.04762;10.48;0.0;30.00;85.00;20.95;0.00;;30.0;30.0;30.0
C25;A09;X2;;1;4.05357;10.15;0.0;30.00;85.00;20.95;0.00;;30.0;30.0;30.0
C25;A10;X2;;1;4.05952;9.62;0.0;30.00;85.00;20.95;0.00;;30.0;30.0;30.0
C25;A11;X3;;1;4.06548;10.98;0.0;30.00;85.00;20.95;0.00;;30.0;30.0;30.0
C25;A12;X3;;1;4.07143;10.05;0.0;30.00;85.00;20.95;0.00;;30.0;30.0;30.0
C25;B01;X3;;1;4.07738;9.46;0.0;30.00;85.00;20.95;0.00;;30.0;30.0;30.0
C25;B02;X3;;1;4.08333;9.59;0.0;30.00;85.00;20.95;0.00;;30.0;30.0;30.0
C25;B03;X3;;1;4.08929;10.42;0.0;30.00;85.00;20.95;0.00;;30.0;30.0;30.0
C25;B04;X4;;1;4.09524;10.68;0.0;30.00;85.00;20.95;0.00;;30.0;30.0;30.0
C25;B05;X4;;1;4.10119;10.41;0.0;30.00;85.00;20.95;0.00;;30.0;30.0;30.0
C25;B06;X4;;1;4.10714;10.32;0.0;30.00;85.00;20.95;0.00;;30.0;30.0;30.0
C25;B07;X4;;1;4.11310;10.74;0.0;30.00;85.00;20.95;0.00;;30.0;30.0;30.0
C25;B08;X4;;1;4.11905;10.35;0.0;30.00;85.00;20.95;0.00;;30.0;30.0;30.0
C25;B09;B1;;1;4.12500;8.00;0.0;30.00;85.00;20.95;0.00;;30.0;30.0;30.0
C25;B10;B1;;1;4.13095;7.13;0.0;30.00;85.00;20.95;0.00;;30.0;30.0;30.0
C25;B11;B1;;1;4.13690;8.57;0.0;30.00;85.00;20.95;0.00;;30.0;30.0;30.0
R;;;;1;4.16667;179.38;0.0;30.00;85.00;20.95;0.00;test measure for referencing ;30.0;30.0;30.0
C26;A01;X1;;1;4.17262;12.24;0.0;30.00;85.00;20.95;0.00;;30.0;30.0;30.0
C26;A02;X1;;1;4.17857;12.23;0.0;30.00;85.00;20.95;0.00;;30.0;30.0;30.0
C26;A03;X1;;1;4.18452;11.38;0.0;30.00;85.00;20.95;0.00;;30.0;30.0;30.0
C26;A04;X1;;1;4.19048;10.12;0.0;30.00;85.00;20.95;0.00;;30.0;30.0;30.0
C26;A05;X1;;1;4.19643;12.72;0.0;30.00;85.00;20.95;0.00;;30.0;30.0;30.0
C26;A06;X2;;1;4.20238;10.88;0.0;30.00;85.00;20.95;0.00;;30.0;30.0;30.0
C26;A07;X2;;1;4.20833;10.18;0.0;30.00;85.00;20.95;0.00;;30.0;30.0;30.0
C26;A08;X2;;1;4.21429;10.47;0.0;30.00;85.00;20.95;0.00;;30.0;30.0;30.0
C26;A09;X2;;1;4.22024;11.08;0.0;30.00;85.00;20.95;0.00;;30.0;30.0;30.0
C26;A10;X2;;1;4.22619;10.09;0.0;30.00;85.00;20.95;0.00;;30.0;30.0;30.0
C26;A11;X3;;1;4.23214;10.31;0.0;30.00;85.00;20.95;0.00;;30.0;30.0;30.0
C26;A12;X3;;1;4.23810;10.07;0.0;30.00;85.00;20.95;0.00;;30.0;30.0;30.0
C26;B01;X3;;1;4.24405;9.85;0.0;30.00;85.00;20.95;0.00;;30.0;30.0;30.0
C26;B02;X3;;1;4.25000;10.05;0.0;30.00;85.00;20.95;0.00;;30.0;30.0;30.0
C26;B03;X3;;1;4.25595;10.39;0.0;30.00;85.00;20.95;0.00;;30.0;30.0;30.0
C26;B04;X4;;1;4.26190;10.51;0.0;30.00;85.00;20.95;0.00;;30.0;30.0;30.0
C26;B05;X4;;1;4.26786;11.29;0.0;30.00;85.00;20.95;0.00;;30.0;30.0;30.0
C26;B06;X4;;1;4.27381;10.42;0.0;30.00;85.00;20.95;0.00;;30.0;30.0;30.0
C26;B07;X4;;1;4.27976;11.15;0.0;30.00;85.00;20.95;0.00;;30.0;30.0;30.0
C26;B08;X4;;1;4.28571;10.87;0.0;30.00;85.00;20.95;0.00;;30.0;30.0;30.0
C26;B09;B1;;1;4.29167;7.87;0.0;30.00;85.00;20.95;0.00;;30.0;30.0;30.0
C26;B10;B1;;1;4.29762;7.76;0.0;30.00;85.00;20.95;0.00;;30.0;30.0;30.0
C26;B11;B1;;1;4.30357;8.10;0.0;30.00;85.00;20.95;0.00;;30.0;30.0;30.0
R;;;;1;4.33333;180.60;0.0;30.00;85.00;20.95;0.00;test measure for referencing ;30.0;30.0;30.0
C27;A01;X1;;1;4.33929;11.87;0.0;30.00;85.00;20.95;0.00;;30.0;30.0;30.0
C27;A02;X1;;1;4.34524;11.59;0.0;30.00;85.00;20.95;0.00;;30.0;30.0;30.0
C27;A03;X1;;1;4.35119;11.59;0.0;30.00;85.00;20.95;0.00;;30.0;30.0;30.0
C27;A04;X1;;1;4.35714;10.74;0.0;30.00;85.00;20.95;0.00;;30.0;30.0;30.0
C27;A05;X1;;1;4.36310;12.84;0.0;30.00;85.00;20.95;0.00;;30.0;30.0;30.0
C27;A06;X2;;1;4.36905;10.80;0.0;30.00;85.00;20.95;0.00;;30.0;30.0;30.0
C27;A07;X2;;1;4.37500;10.24;0.0;30.00;85.00;20.95;0.00;;30.0;30.0;30.0
C27;A08;X2;;1;4.38095;10.87;0.0;30.00;85.00;20.95;0.00;;30.0;30.0;30.0
C27;A09;X2;;1;4.38690;10.44;0.0;30.00;85.00;20.95;0.00;;30.0;30.0;30.0
C27;A10;X2;;1;4.39286;10.34;0.0;30.00;85.00;20.95;0.00;;30.0;30.0;30.0
C27;A11;X3;;1;4.39881;10.97;0.0;30.00;85.00;20.95;0.00;;30.0;30.0;30.0
C27;A12;X3;;1;4.40476;10.26;0.0;30.00;85.00;20.95;0.00;;30.0;30.0;30.0
C27;B01;X3;;1;4.41071;10.08;0.0;30.00;85.00;20.95;0.00;;30.0;30.0;30.0
C27;B02;X3;;1;4.41667;9.84;0.0;30.00;85.00;20.95;0.00;;30.0;30.0;30.0
C27;B03;X3;;1;4.42262;11.12;0.0;30.00;85.00;20.95;0.00;;30.0;30.0;30.0
C27;B04;X4;;1;4.42857;11.21;0.0;30.00;85.00;20.95;0.00;;30.0;30.0;30.0
C27;B05;X4;;1;4.43452;10.89;0.0;30.00;85.00;20.95;0.00;;30.0;30.0;30.0
C27;B06;X4;;1;4.44048;10.47;0.0;30.00;85.00;20.95;0.00;;30.0;30.0;30.0
C27;B07;X4;;1;4.44643;11.61;0.0;30.00;85.00;20.95;0.00;;30.0;30.0;30.0
C27;B08;X4;;1;4.45238;11.05;0.0;30.00;85.00;20.95;0.00;;30.0;30.0;30.0
C27;B09;B1;;1;4.45833;8.12;0.0;30.00;85.00;20.95;0.00;;30.0;30.0;30.0
C27;B10;B1;;1;4.46429;8.54;0.0;30.00;85.00;20.95;0.00;;30.0;30.0;30.0
C27;B11;B1;;1;4.47024;7.47;0.0;30.00;85.00;20.95;0.00;;30.0;30.0;30.0
R;;;;1;4.50000;179.00;0.0;30.00;85.00;20.95;0.00;test measure for referencing ;30.0;30.0;30.0
C28;A01;X1;;1;4.50595;12.09;0.0;30.00;85.00;20.95;0.00;;30.0;30.0;30.0
C28;A02;X1;;1;4.51190;10.98;0.0;30.00;85.00;20.95;0.00;;30.0;30.0;30.0
C28;A03;X1;;1;4.51786;11.36;0.0;30.00;85.00;20.95;0.00;;30.0;30.0;30.0
C28;A04;X1;;1;4.52381;10.88;0.0;30.00;85.00;20.95;0.00;;30.0;30.0;30.0
C28;A05;X1;;1;4.52976;12.99;0.0;30.00;85.00;20.95;0.00;;30.0;30.0;30.0
C28;A06;X2;;1;4.53571;10.73;0.0;30.00;85.00;20.95;0.00;;30.0;30.0;30.0
C28;A07;X2;;1;4.54167;10.39;0.0;30.00;85.00;20.95;0.00;;30.0;30.0;30.0
C28;A08;X2;;1;4.54762;11.24;0.0;30.00;85.00;20.95;0.00;;30.0;30.0;30.0
C28;A09;X2;;1;4.55357;10.44;0.0;30.00;85.00;20.95;0.00;;30.0;30.0;30.0
C28;A10;X2;;1;4.55952;9.80;0.0;30.00;85.00;20.95;0.00;;30.0;30.0;30.0
C28;A11;X3;;1;4.56548;10.69;0.0;30.00;85.00;20.95;0.00;;30.0;30.0;30.0
C28;A12;X3;;1;4.57143;10.06;0.0;30.00;85.00;20.95;0.00;;30.0;30.0;30.0
C28;B01;X3;;1;4.57738;10.56;0.0;30.00;85.00;20.95;0.00;;30.0;30.0;30.0
C28;B02;X3;;1;4.58333;10.03;0.0;30.00;85.00;20.95;0.00;;30.0;30.0;30.0
C28;B03;X3;;1;4.58929;10.26;0.0;30.00;85.00;20.95;0.00;;30.0;30.0;30.0
C28;B04;X4;;1;4.59524;11.60;0.0;30.00;85.00;20.95;0.00;;30.0;30.0;30.0
C28;B05;X4;;1;4.60119;11.02;0.0;30.00;85.00;20.95;0.00;;30.0;30.0;30.0
C28;B06;X4;;1;4.60714;10.81;0.0;30.00;85.00;20.95;0.00;;30.0;30.0;30.0
C28;B07;X4;;1;4.61310;11.19;0.0;30.00;85.00;20.95;0.00;;30.0;30.0;30.0
C28;B08;X4;;1;4.61905;10.78;0.0;30.00;85.00;20.95;0.00;;30.0;30.0;30.0
C28;B09;B1;;1;4.62500;8.07;0.0;30.00;85.00;20.95;0.00;;30.0;30.0;30.0
C28;B10;B1;;1;4.63095;8.23;0.0;30.00;85.00;20.95;0.00;;30.0;30.0;30.0
C28;B11;B1;;1;4.63690;7.97;0.0;30.00;85.00;20.95;0.00;;30.0;30.0;30.0
R;;;;1;4.66667;176.46;0.0;30.00;85.00;20.95;0.00;test measure for referencing ;30.0;30.0;30.0
C29;A01;X1;;1;4.67262;11.74;0.0;30.00;85.00;20.95;0.00;;30.0;30.0;30.0
C29;A02;X1;;1;4.67857;11.42;0.0;30.00;85.00;20.95;0.00;;30.0;30.0;30.0
C29;A03;X1;;1;4.68452;11.48;0.0;30.00;85.00;20.95;0.00;;30.0;30.0;30.0
C29;A04;X1;;1;4.69048;10.62;0.0;30.00;85.00;20.95;0.00;;30.0;30.0;30.0
C29;A05;X1;;1;4.69643;12.39;0.0;30.00;85.00;20.95;0.00;;30.0;30.0;30.0
C29;A06;X2;;1;4.70238;11.15;0.0;30.00;85.00;20.95;0.00;;30.0;30.0;30.0
C29;A07;X2;;1;4.70833;10.62;0.0;30.00;85.00;20.95;0.00;;30.0;30.0;30.0
C29;A08;X2;;1;4.71429;9.95;0.0;30.00;85.00;20.95;0.00;;30.0;30.0;30.0
C29;A09;X2;;1;4.72024;10.40;0.0;30.00;85.00;20.95;0.00;;30.0;30.0;30.0
C29;A10;X2;;1;4.72619;9.85;0.0;30.00;85.00;20.95;0.00;;30.0;30.0;30.0
C29;A11;X3;;1;4.73214;9.79;0.0;30.00;85.00;20.95;0.00;;30.0;30.0;30.0
C29;A12;X3;;1;4.73810;10.16;0.0;30.00;85.00;20.95;0.00;;30.0;30.0;30.0
C29;B01;X3;;1;4.74405;9.84;0.0;30.00;85.00;20.95;0.00;;30.0;30.0;30.0
C29;B02;X3;;1;4.75000;9.73;0.0;30.00;85.00;20.95;0.00;;30.0;30.0;30.0
C29;B03;X3;;1;4.75595;10.15;0.0;30.00;85.00;20.95;0.00;;30.0;30.0;30.0
C29;B04;X4;;1;4.76190;11.09;0.0;30.00;85.00;20.95;0.00;;30.0;30.0;30.0
C29;B05;X4;;1;4.76786;11.42;0.0;30.00;85.00;20.95;0.00;;30.0;30.0;30.0
C29;B06;X4;;1;4.77381;10.64;0.0;30.00;85.00;20.95;0.00;;30.0;30.0;30.0
C29;B07;X4;;1;4.77976;11.08;0.0;30.00;85.00;20.95;0.00;;30.0;30.0;30.0
C29;B08;X4;;1;4.78571;10.40;0.0;30.00;85.00;20.95;0.00;;30.0;30.0;30.0
C29;B09;B1;;1;4.79167;7.94;0.0;30.00;85.00;20.95;0.00;;30.0;30.0;30.0
C29;B10;B1;;1;4.79762;7.59;0.0;30.00;85.00;20.95;0.00;;30.0;30.0;30.0
C29;B11;B1;;1;4.80357;7.90;0.0;30.00;85.00;20.95;0.00;;30.0;30.0;30.0
R;;;;1;4.83333;177.72;0.0;30.00;85.00;20.95;0.00;test measure for referencing ;30.0;30.0;30.0
C30;A01;X1;;1;4.83929;12.11;0.0;30.00;85.00;20.95;0.00;;30.0;30.0;30.0
C30;A02;X1;;1;4.84524;11.91;0.0;30.00;85.00;20.95;0.00;;30.0;30.0;30.0
C30;A03;X1;;1;4.85119;11.82;0.0;30.00;85.00;20.95;0.00;;30.0;30.0;30.0
C30;A04;X1;;1;4.85714;11.11;0.0;30.00;85.00;20.95;0.00;;30.0;30.0;30.0
C30;A05;X1;;1;4.86310;13.59;0.0;30.00;85.00;20.95;0.00;;30.0;30.0;30.0
C30;A06;X2;;1;4.86905;10.21;0.0;30.00;85.00;20.95;0.00;;30.0;30.0;30.0
C30;A07;X2;;1;4.87500;10.23;0.0;30.00;85.00;20.95;0.00;;30.0;30.0;30.0
C30;A08;X2;;1;4.88095;10.51;0.0;30.00;85.00;20.95;0.00;;30.0;30.0;30.0
C30;A09;X2;;1;4.88690;10.34;0.0;30.00;85.00;20.95;0.00;;30.0;30.0;30.0
C30;A10;X2;;1;4.89286;9.73;0.0;30.00;85.00;20.95;0.00;;30.0;30.0;30.0
C30;A11;X3;;1;4.89881;10.65;0.0;30.00;85.00;20.95;0.00;;30.0;30.0;30.0
C30;A12;X3;;1;4.90476;10.03;0.0;30.00;85.00;20.95;0.00;;30.0;30.0;30.0
C30;B01;X3;;1;4.91071;9.91;0.0;30.00;85.00;20.95;0.00;;30.0;30.0;30.0
C30;B02;X3;;1;4.91667;9.83;0.0;30.00;85.00;20.95;0.00;;30.0;30.0;30.0
C30;B03;X3;;1;4.92262;10.24;0.0;30.00;85.00;20.95;0.00;;30.0;30.0;30.0
C30;B04;X4;;1;4.92857;10.20;0.0;30.00;85.00;20.95;0.00;;30.0;30.0;30.0
C30;B05;X4;;1;4.93452;11.50;0.0;30.00;85.00;20.95;0.00;;30.0;30.0;30.0
C30;B06;X4;;1;4.94048;10.58;0.0;30.00;85.00;20.95;0.00;;30.0;30.0;30.0
C30;B07;X4;;1;4.94643;10.71;0.0;30.00;85.00;20.95;0.00;;30.0;30.0;30.0
C30;B08;X4;;1;4.95238;10.64;0.0;30.00;85.00;20.95;0.00;;30.0;30.0;30.0
C30;B09;B1;;1;4.95833;7.68;0.0;30.00;85.00;20.95;0.00;;30.0;30.0;30.0
C30;B10;B1;;1;4.96429;7.08;0.0;30.00;85.00;20.95;0.00;;30.0;30.0;30.0
C30;B11;B1;;1;4.97024;8.30;0.0;30.00;85.00;20.95;0.00;;30.0;30.0;30.0
R;;;;1;5.00000;176.00;0.0;30.00;85.00;20.95;0.00;test measure for referencing ;30.0;30.0;30.0
C31;A01;X1;;1;5.00595;11.94;0.0;30.00;85.00;20.95;0.00;;30.0;30.0;30.0
C31;A02;X1;;1;5.01190;11.70;0.0;30.00;85.00;20.95;0.00;;30.0;30.0;30.0
C31;A03;X1;;1;5.01786;12.12;0.0;30.00;85.00;20.95;0.00;;30.0;30.0;30.0
C31;A04;X1;;1;5.02381;11.11;0.0;30.00;85.00;20.95;0.00;;30.0;30.0;30.0
C31;A05;X1;;1;5.02976;12.84;0.0;30.00;85.00;20.95;0.00;;30.0;30.0;30.0
C31;A06;X2;;1;5.03571;10.51;0.0;30.00;85.00;20.95;0.00;;30.0;30.0;30.0
C31;A07;X2;;1;5.04167;10.01;0.0;30.00;85.00;20.95;0.00;;30.0;30.0;30.0
C31;A08;X2;;1;5.04762;10.90;0.0;30.00;85.00;20.95;0.00;;30.0;30.0;30.0
C31;A09;X2;;1;5.05357;10.91;0.0;30.00;85.00;20.95;0.00;;30.0;30.0;30.0
C31;A10;X2;;1;5.05952;10.20;0.0;30.00;85.00;20.95;0.00;;30.0;30.0;30.0
C31;A11;X3;;1;5.06548;10.34;0.0;30.00;85.00;20.95;0.00;;30.0;30.0;30.0
C31;A12;X3;;1;5.07143;10.31;0.0;30.00;85.00;20.95;0.00;;30.0;30.0;30.0
C31;B01;X3;;1;5.07738;9.89;0.0;30.00;85.00;20.95;0.00;;30.0;30.0;30.0
C31;B02;X3;;1;5.08333;9.69;0.0;30.00;85.00;20.95;0.00;;30.0;30.0;30.0
C31;B03;X3;;1;5.08929;10.24;0.0;30.00;85.00;20.95;0.00;;30.0;30.0;30.0
C31;B04;X4;;1;5.09524;11.01;0.0;30.00;85.00;20.95;0.00;;30.0;30.0;30.0
C31;B05;X4;;1;5.10119;11.20;0.0;30.00;85.00;20.95;0.00;;30.0;30.0;30.0
C31;B06;X4;;1;5.10714;10.91;0.0;30.00;85.00;20.95;0.00;;30.0;30.0;30.0
C31;B07;X4;;1;5.11310;11.32;0.0;30.00;85.00;20.95;0.00;;30.0;30.0;30.0
C31;B08;X4;;1;5.11905;10.65;0.0;30.00;85.00;20.95;0.00;;30.0;30.0;30.0
C31;B09;B1;;1;5.12500;6.95;0.0;30.00;85.00;20.95;0.00;;30.0;30.0;30.0
C31;B10;B1;;1;5.13095;7.20;0.0;30.00;85.00;20.95;0.00;;30.0;30.0;30.0
C31;B11;B1;;1;5.13690;7.93;0.0;30.00;85.00;20.95;0.00;;30.0;30.0;30.0
R;;;;1;5.16667;178.88;0.0;30.00;85.00;20.95;0.00;test measure for referencing ;30.0;30.0;30.0
C32;A01;X1;;1;5.17262;12.97;0.0;30.00;85.00;20.95;0.00;;30.0;30.0;30.0
C32;A02;X1;;1;5.17857;11.97;0.0;30.00;85.00;20.95;0.00;;30.0;30.0;30.0
C32;A03;X1;;1;5.18452;11.99;0.0;30.00;85.00;20.95;0.00;;30.0;30.0;30.0
C32;A04;X1;;1;5.19048;11.33;0.0;30.00;85.00;20.95;0.00;;30.0;30.0;30.0
C32;A05;X1;;1;5.19643;13.45;0.0;30.00;85.00;20.95;0.00;;30.0;30.0;30.0
C32;A06;X2;;1;5.20238;10.85;0.0;30.00;85.00;20.95;0.00;;30.0;30.0;30.0
C32;A07;X2;;1;5.20833;10.45;0.0;30.00;85.00;20.95;0.00;;30.0;30.0;30.0
C32;A08;X2;;1;5.21429;10.43;0.0;30.00;85.00;20.95;0.00;;30.0;30.0;30.0
C32;A09;X2;;1;5.22024;10.28;0.0;30.00;85.00;20.95;0.00;;30.0;30.0;30.0
C32;A10;X2;;1;5.22619;10.59;0.0;30.00;85.00;20.95;0.00;;30.0;30.0;30.0
C32;A11;X3;;1;5.23214;10.28;0.0;30.00;85.00;20.95;0.00;;30.0;30.0;30.0
C32;A12;X3;;1;5.23810;10.45;0.0;30.00;85.00;20.95;0.00;;30.0;30.0;30.0
C32;B01;X3;;1;5.24405;10.37;0.0;30.00;85.00;20.95;0.00;;30.0;30.0;30.0
C32;B02;X3;;1;5.25000;10.21;0.0;30.00;85.00;20.95;0.00;;30.0;30.0;30.0
C32;B03;X3;;1;5.25595;10.76;0.0;30.00;85.00;20.95;0.00;;30.0;30.0;30.0
C32;B04;X4;;1;5.26190;11.23;0.0;30.00;85.00;20.95;0.00;;30.0;30.0;30.0
C32;B05;X4;;1;5.26786;10.71;0.0;30.00;85.00;20.95;0.00;;30.0;30.0;30.0
C32;B06;X4;;1;5.27381;10.54;0.0;30.00;85.00;20.95;0.00;;30.0;30.0;30.0
C32;B07;X4;;1;5.27976;10.99;0.0;30.00;85.00;20.95;0.00;;30.0;30.0;30.0
C32;B08;X4;;1;5.28571;10.99;0.0;30.00;85.00;20.95;0.00;;30.0;30.0;30.0
C32;B09;B1;;1;5.29167;7.54;0.0;30.00;85.00;20.95;0.00;;30.0;30.0;30.0
C32;B10;B1;;1;5.29762;7.71;0.0;30.00;85.00;20.95;0.00;;30.0;30.0;30.0
C32;B11;B1;;1;5.30357;7.85;0.0;30.00;85.00;20.95;0.00;;30.0;30.0;30.0
R;;;;1;5.33333;181.36;0.0;30.00;85.00;20.95;0.00;test measure for referencing ;30.0;30.0;30.0
C33;A01;X1;;1;5.33929;12.19;0.0;30.00;85.00;20.95;0.00;;30.0;30.0;30.0
C33;A02;X1;;1;5.34524;11.87;0.0;30.00;85.00;20.95;0.00;;30.0;30.0;30.0
C33;A03;X1;;1;5.35119;12.53;0.0;30.00;85.00;20.95;0.00;;30.0;30.0;30.0
C33;A04;X1;;1;5.35714;10.68;0.0;30.00;85.00;20.95;0.00;;30.0;30.0;30.0
C33;A05;X1;;1;5.36310;13.56;0.0;30.00;85.00;20.95;0.00;;30.0;30.0;30.0
C33;A06;X2;;1;5.36905;10.95;0.0;30.00;85.00;20.95;0.00;;30.0;30.0;30.0
C33;A07;X2;;1;5.37500;9.99;0.0;30.00;85.00;20.95;0.00;;30.0;30.0;30.0
C33;A08;X2;;1;5.38095;10.81;0.0;30.00;85.00;20.95;0.00;;30.0;30.0;30.0
C33;A09;X2;;1;5.38690;10.42;0.0;30.00;85.00;20.95;0.00;;30.0;30.0;30.0
C33;A10;X2;;1;5.39286;10.42;0.0;30.00;85.00;20.95;0.00;;30.0;30.0;30.0
C33;A11;X3;;1;5.39881;10.96;0.0;30.00;85.00;20.95;0.00;;30.0;30.0;30.0
C33;A12;X3;;1;5.40476;10.77;0.0;30.00;85.00;20.95;0.00;;30.0;30.0;30.0
C33;B01;X3;;1;5.41071;10.30;0.0;30.00;85.00;20.95;0.00;;30.0;30.0;30.0
C33;B02;X3;;1;5.41667;10.14;0.0;30.00;85.00;20.95;0.00;;30.0;30.0;30.0
C33;B03;X3;;1;5.42262;10.46;0.0;30.00;85.00;20.95;0.00;;30.0;30.0;30.0
C33;B04;X4;;1;5.42857;11.26;0.0;30.00;85.00;20.95;0.00;;30.0;30.0;30.0
C33;B05;X4;;1;5.43452;11.88;0.0;30.00;85.00;20.95;0.00;;30.0;30.0;30.0
C33;B06;X4;;1;5.44048;10.45;0.0;30.00;85.00;20.95;0.00;;30.0;30.0;30.0
C33;B07;X4;;1;5.44643;11.57;0.0;30.00;85.00;20.95;0.00;;30.0;30.0;30.0
C33;B08;X4;;1;5.45238;10.75;0.0;30.00;85.00;20.95;0.00;;30.0;30.0;30.0
C33;B09;B1;;1;5.45833;8.14;0.0;30.00;85.00;20.95;0.00;;30.0;30.0;30.0
C33;B10;B1;;1;5.46429;8.24;0.0;30.00;85.00;20.95;0.00;;30.0;30.0;30.0
C33;B11;B1;;1;5.47024;8.45;0.0;30.00;85.00;20.95;0.00;;30.0;30.0;30.0
R;;;;1;5.50000;179.43;0.0;30.00;85.00;20.95;0.00;test measure for referencing ;30.0;30.0;30.0
C34;A01;X1;;1;5.50595;12.52;0.0;30.00;85.00;20.95;0.00;;30.0;30.0;30.0
C34;A02;X1;;1;5.51190;12.38;0.0;30.00;85.00;20.95;0.00;;30.0;30.0;30.0
C34;A03;X1;;1;5.51786;12.35;0.0;30.00;85.00;20.95;0.00;;30.0;30.0;30.0
C34;A04;X1;;1;5.52381;11.27;0.0;30.00;85.00;20.95;0.00;;30.0;30.0;30.0
C34;A05;X1;;1;5.52976;13.53;0.0;30.00;85.00;20.95;0.00;;30.0;30.0;30.0
C34;A06;X2;;1;5.53571;11.25;0.0;30.00;85.00;20.95;0.00;;30.0;30.0;30.0
C34;A07;X2;;1;5.54167;10.41;0.0;30.00;85.00;20.95;0.00;;30.0;30.0;30.0
C34;A08;X2;;1;5.54762;10.88;0.0;30.00;85.00;20.95;0.00;;30.0;30.0;30.0
C34;A09;X2;;1;5.55357;10.24;0.0;30.00;85.00;20.95;0.00;;30.0;30.0;30.0
C34;A10;X2;;1;5.55952;10.24;0.0;30.00;85.00;20.95;0.00;;30.0;30.0;30.0
C34;A11;X3;;1;5.56548;10.18;0.0;30.00;85.00;20.95;0.00;;30.0;30.0;30.0
C34;A12;X3;;1;5.57143;10.42;0.0;30.00;85.00;20.95;0.00;;30.0;30.0;30.0
C34;B01;X3;;1;5.57738;9.91;0.0;30.00;85.00;20.95;0.00;;30.0;30.0;30.0
C34;B02;X3;;1;5.58333;10.39;0.0;30.00;85.00;20.95;0.00;;30.0;30.0;30.0
C34;B03;X3;;1;5.58929;11.42;0.0;30.00;85.00;20.95;0.00;;30.0;30.0;30.0
C34;B04;X4;;1;5.59524;11.08;0.0;30.00;85.00;20.95;0.00;;30.0;30.0;30.0
C34;B05;X4;;1;5.60119;11.89;0.0;30.00;85.00;20.95;0.00;;30.0;30.0;30.0
C34;B06;X4;;1;5.60714;11.09;0.0;30.00;85.00;20.95;0.00;;30.0;30.0;30.0
C34;B07;X4;;1;5.61310;11.14;0.0;30.00;85.00;20.95;0.00;;30.0;30.0;30.0
C34;B08;X4;;1;5.61905;10.60;0.0;30.00;85.00;20.95;0.00;;30.0;30.0;30.0
C34;B09;B1;;1;5.62500;8.24;0.0;30.00;85.00;20.95;0.00;;30.0;30.0;30.0
C34;B10;B1;;1;5.63095;8.58;0.0;30.00;85.00;20.95;0.00;;30.0;30.0;30.0
C34;B11;B1;;1;5.63690;8.16;0.0;30.00;85.00;20.95;0.00;;30.0;30.0;30.0
R;;;;1;5.66667;176.29;0.0;30.00;85.00;20.95;0.00;test measure for referencing ;30.0;30.0;30.0
C35;A01;X1;;1;5.67262;12.25;0.0;30.00;85.00;20.95;0.00;;30.0;30.0;30.0
C35;A02;X1;;1;5.67857;12.14;0.0;30.00;85.00;20.95;0.00;;30.0;30.0;30.0
C35;A03;X1;;1;5.68452;12.67;0.0;30.00;85.00;20.95;0.00;;30.0;30.0;30.0
C35;A04;X1;;1;5.69048;11.35;0.0;30.00;85.00;20.95;0.00;;30.0;30.0;30.0
C35;A05;X1;;1;5.69643;13.48;0.0;30.00;85.00;20.95;0.00;;30.0;30.0;30.0
C35;A06;X2;;1;5.70238;11.17;0.0;30.00;85.00;20.95;0.00;;30.0;30.0;30.0
C35;A07;X2;;1;5.70833;10.14;0.0;30.00;85.00;20.95;0.00;;30.0;30.0;30.0
C35;A08;X2;;1;5.71429;10.63;0.0;30.00;85.00;20.95;0.00;;30.0;30.0;30.0
C35;A09;X2;;1;5.72024;10.40;0.0;30.00;85.00;20.95;0.00;;30.0;30.0;30.0
C35;A10;X2;;1;5.72619;9.59;0.0;30.00;85.00;20.95;0.00;;30.0;30.0;30.0
C35;A11;X3;;1;5.73214;10.69;0.0;30.00;85.00;20.95;0.00;;30.0;30.0;30.0
C35;A12;X3;;1;5.73810;10.15;0.0;30.00;85.00;20.95;0.00;;30.0;30.0;30.0
C35;B01;X3;;1;5.74405;10.31;0.0;30.00;85.00;20.95;0.00;;30.0;30.0;30.0
C35;B02;X3;;1;5.75000;9.48;0.0;30.00;85.00;20.95;0.00;;30.0;30.0;30.0
C35;B03;X3;;1;5.75595;10.10;0.0;30.00;85.00;20.95;0.00;;30.0;30.0;30.0
C35;B04;X4;;1;5.76190;11.33;0.0;30.00;85.00;20.95;0.00;;30.0;30.0;30.0
C35;B05;X4;;1;5.76786;11.44;0.0;30.00;85.00;20.95;0.00;;30.0;30.0;30.0
C35;B06;X4;;1;5.77381;11.24;0.0;30.00;85.00;20.95;0.00;;30.0;30.0;30.0
C35;B07;X4;;1;5.77976;10.91;0.0;30.00;85.00;20.95;0.00;;30.0;30.0;30.0
C35;B08;X4;;1;5.78571;10.77;0.0;30.00;85.00;20.95;0.00;;30.0;30.0;30.0
C35;B09;B1;;1;5.79167;7.61;0.0;30.00;85.00;20.95;0.00;;30.0;30.0;30.0
C35;B10;B1;;1;5.79762;8.00;0.0;30.00;85.00;20.95;0.00;;30.0;30.0;30.0
C35;B11;B1;;1;5.80357;7.69;0.0;30.00;85.00;20.95;0.00;;30.0;30.0;30.0
R;;;;1;5.83333;179.96;0.0;30.00;85.00;20.95;0.00;test measure for referencing ;30.0;30.0;30.0
C36;A01;X1;;1;5.83929;13.30;0.0;30.00;85.00;20.95;0.00;;30.0;30.0;30.0
C36;A02;X1;;1;5.84524;12.82;0.0;30.00;85.00;20.95;0.00;;30.0;30.0;30.0
C36;A03;X1;;1;5.85119;12.13;0.0;30.00;85.00;20.95;0.00;;30.0;30.0;30.0
C36;A04;X1;;1;5.85714;11.92;0.0;30.00;85.00;20.95;0.00;;30.0;30.0;30.0
C36;A05;X1;;1;5.86310;13.96;0.0;30.00;85.00;20.95;0.00;;30.0;30.0;30.0
C36;A06;X2;;1;5.86905;10.74;0.0;30.00;85.00;20.95;0.00;;30.0;30.0;30.0
C36;A07;X2;;1;5.87500;10.17;0.0;30.00;85.00;20.95;0.00;;30.0;30.0;30.0
C36;A08;X2;;1;5.88095;10.90;0.0;30.00;85.00;20.95;0.00;;30.0;30.0;30.0
C36;A09;X2;;1;5.88690;10.86;0.0;30.00;85.00;20.95;0.00;;30.0;30.0;30.0
C36;A10;X2;;1;5.89286;10.20;0.0;30.00;85.00;20.95;0.00;;30.0;30.0;30.0
C36;A11;X3;;1;5.89881;10.28;0.0;30.00;85.00;20.95;0.00;;30.0;30.0;30.0
C36;A12;X3;;1;5.90476;10.32;0.0;30.00;85.00;20.95;0.00;;30.0;30.0;30.0
C36;B01;X3;;1;5.91071;10.28;0.0;30.00;85.00;20.95;0.00;;30.0;30.0;30.0
C36;B02;X3;;1;5.91667;10.77;0.0;30.00;85.00;20.95;0.00;;30.0;30.0;30.0
C36;B03;X3;;1;5.92262;10.16;0.0;30.00;85.00;20.95;0.00;;30.0;30.0;30.0
C36;B04;X4;;1;5.92857;12.11;0.0;30.00;85.00;20.95;0.00;;30.0;30.0;30.0
C36;B05;X4;;1;5.93452;12.17;0.0;30.00;85.00;20.95;0.00;;30.0;30.0;30.0
C36;B06;X4;;1;5.94048;11.21;0.0;30.00;85.00;20.95;0.00;;30.0;30.0;30.0
C36;B07;X4;;1;5.94643;11.95;0.0;30.00;85.00;20.95;0.00;;30.0;30.0;30.0
C36;B08;X4;;1;5.95238;11.02;0.0;30.00;85.00;20.95;0.00;;30.0;30.0;30.0
C36;B09;B1;;1;5.95833;8.44;0.0;30.00;85.00;20.95;0.00;;30.0;30.0;30.0
C36;B10;B1;;1;5.96429;7.75;0.0;30.00;85.00;20.95;0.00;;30.0;30.0;30.0
C36;B11;B1;;1;5.97024;8.07;0.0;30.00;85.00;20.95;0.00;;30.0;30.0;30.0
R;;;;1;6.00000;177.18;0.0;30.00;85.00;20.95;0.00;test measure for referencing ;30.0;30.0;30.0
C37;A01;X1;;1;6.00595;12.47;0.0;30.00;85.00;20.95;0.00;;30.0;30.0;30.0
C37;A02;X1;;1;6.01190;12.50;0.0;30.00;85.00;20.95;0.00;;30.0;30.0;30.0
C37;A03;X1;;1;6.01786;12.44;0.0;30.00;85.00;20.95;0.00;;30.0;30.0;30.0
C37;A04;X1;;1;6.02381;11.77;0.0;30.00;85.00;20.95;0.00;;30.0;30.0;30.0
C37;A05;X1;;1;6.02976;14.17;0.0;30.00;85.00;20.95;0.00;;30.0;30.0;30.0
C37;A06;X2;;1;6.03571;10.85;0.0;30.00;85.00;20.95;0.00;;30.0;30.0;30.0
C37;A07;X2;;1;6.04167;10.31;0.0;30.00;85.00;20.95;0.00;;30.0;30.0;30.0
C37;A08;X2;;1;6.04762;10.80;0.0;30.00;85.00;20.95;0.00;;30.0;30.0;30.0
C37;A09;X2;;1;6.05357;10.04;0.0;30.00;85.00;20.95;0.00;;30.0;30.0;30.0
C37;A10;X2;;1;6.05952;10.27;0.0;30.00;85.00;20.95;0.00;;30.0;30.0;30.0
C37;A11;X3;;1;6.06548;10.61;0.0;30.00;85.00;20.95;0.00;;30.0;30.0;30.0
C37;A12;X3;;1;6.07143;10.06;0.0;30.00;85.00;20.95;0.00;;30.0;30.0;30.0
C37;B01;X3;;1;6.07738;9.74;0.0;30.00;85.00;20.95;0.00;;30.0;30.0;30.0
C37;B02;X3;;1;6.08333;9.29;0.0;30.00;85.00;20.95;0.00;;30.0;30.0;30.0
C37;B03;X3;;1;6.08929;10.31;0.0;30.00;85.00;20.95;0.00;;30.0;30.0;30.0
C37;B04;X4;;1;6.09524;11.32;0.0;30.00;85.00;20.95;0.00;;30.0;30.0;30.0
C37;B05;X4;;1;6.10119;11.92;0.0;30.00;85.00;20.95;0.00;;30.0;30.0;30.0
C37;B06;X4;;1;6.10714;11.34;0.0;30.00;85.00;20.95;0.00;;30.0;30.0;30.0
C37;B07;X4;;1;6.11310;11.77;0.0;30.00;85.00;20.95;0.00;;30.0;30.0;30.0
C37;B08;X4;;1;6.11905;10.99;0.0;30.00;85.00;20.95;0.00;;30.0;30.0;30.0
C37;B09;B1;;1;6.12500;8.38;0.0;30.00;85.00;20.95;0.00;;30.0;30.0;30.0
C37;B10;B1;;1;6.13095;7.84;0.0;30.00;85.00;20.95;0.00;;30.0;30.0;30.0
C37;B11;B1;;1;6.13690;8.17;0.0;30.00;85.00;20.95;0.00;;30.0;30.0;30.0
R;;;;1;6.16667;180.67;0.0;30.00;85.00;20.95;0.00;test measure for referencing ;30.0;30.0;30.0
C38;A01;X1;;1;6.17262;14.18;0.0;30.00;85.00;20.95;0.00;;30.0;30.0;30.0
C38;A02;X1;;1;6.17857;13.07;0.0;30.00;85.00;20.95;0.00;;30.0;30.0;30.0
C38;A03;X1;;1;6.18452;12.67;0.0;30.00;85.00;20.95;0.00;;30.0;30.0;30.0
C38;A04;X1;;1;6.19048;12.40;0.0;30.00;85.00;20.95;0.00;;30.0;30.0;30.0
C38;A05;X1;;1;6.19643;14.01;0.0;30.00;85.00;20.95;0.00;;30.0;30.0;30.0
C38;A06;X2;;1;6.20238;11.11;0.0;30.00;85.00;20.95;0.00;;30.0;30.0;30.0
C38;A07;X2;;1;6.20833;10.42;0.0;30.00;85.00;20.95;0.00;;30.0;30.0;30.0
C38;A08;X2;;1;6.21429;10.70;0.0;30.00;85.00;20.95;0.00;;30.0;30.0;30.0
C38;A09;X2;;1;6.22024;11.17;0.0;30.00;85.00;20.95;0.00;;30.0;30.0;30.0
C38;A10;X2;;1;6.22619;10.59;0.0;30.00;85.00;20.95;0.00;;30.0;30.0;30.0
C38;A11;X3;;1;6.23214;10.63;0.0;30.00;85.00;20.95;0.00;;30.0;30.0;30.0
C38;A12;X3;;1;6.23810;10.30;0.0;30.00;85.00;20.95;0.00;;30.0;30.0;30.0
C38;B01;X3;;1;6.24405;10.14;0.0;30.00;85.00;20.95;0.00;;30.0;30.0;30.0
C38;B02;X3;;1;6.25000;10.26;0.0;30.00;85.00;20.95;0.00;;30.0;30.0;30.0
C38;B03;X3;;1;6.25595;10.48;0.0;30.00;85.00;20.95;0.00;;30.0;30.0;30.0
C38;B04;X4;;1;6.26190;11.28;0.0;30.00;85.00;20.95;0.00;;30.0;30.0;30.0
C38;B05;X4;;1;6.26786;11.62;0.0;30.00;85.00;20.95;0.00;;30.0;30.0;30.0
C38;B06;X4;;1;6.27381;11.15;0.0;30.00;85.00;20.95;0.00;;30.0;30.0;30.0
C38;B07;X4;;1;6.27976;11.71;0.0;30.00;85.00;20.95;0.00;;30.0;30.0;30.0
C38;B08;X4;;1;6.28571;10.88;0.0;30.00;85.00;20.95;0.00;;30.0;30.0;30.0
C38;B09;B1;;1;6.29167;8.04;0.0;30.00;85.00;20.95;0.00;;30.0;30.0;30.0
C38;B10;B1;;1;6.29762;8.25;0.0;30.00;85.00;20.95;0.00;;30.0;30.0;30.0
C38;B11;B1;;1;6.30357;9.02;0.0;30.00;85.00;20.95;0.00;;30.0;30.0;30.0
R;;;;1;6.33333;180.53;0.0;30.00;85.00;20.95;0.00;test measure for referencing ;30.0;30.0;30.0
C39;A01;X1;;1;6.33929;12.63;0.0;30.00;85.00;20.95;0.00;;30.0;30.0;30.0
C39;A02;X1;;1;6.34524;13.01;0.0;30.00;85.00;20.95;0.00;;30.0;30.0;30.0
C39;A03;X1;;1;6.35119;13.11;0.0;30.00;85.00;20.95;0.00;;30.0;30.0;30.0
C39;A04;X1;;1;6.35714;12.24;0.0;30.00;85.00;20.95;0.00;;30.0;30.0;30.0
C39;A05;X1;;1;6.36310;14.91;0.0;30.00;85.00;20.95;0.00;;30.0;30.0;30.0
C39;A06;X2;;1;6.36905;11.37;0.0;30.00;85.00;20.95;0.00;;30.0;30.0;30.0
C39;A07;X2;;1;6.37500;9.82;0.0;30.00;85.00;20.95;0.00;;30.0;30.0;30.0
C39;A08;X2;;1;6.38095;11.08;0.0;30.00;85.00;20.95;0.00;;30.0;30.0;30.0
C39;A09;X2;;1;6.38690;10.81;0.0;30.00;85.00;20.95;0.00;;30.0;30.0;30.0
C39;A10;X2;;1;6.39286;10.55;0.0;30.00;85.00;20.95;0.00;;30.0;30.0;30.0
C39;A11;X3;;1;6.39881;11.21;0.0;30.00;85.00;20.95;0.00;;30.0;30.0;30.0
C39;A12;X3;;1;6.40476;9.94;0.0;30.00;85.00;20.95;0.00;;30.0;30.0;30.0
C39;B01;X3;;1;6.41071;10.59;0.0;30.00;85.00;20.95;0.00;;30.0;30.0;30.0
C39;B02;X3;;1;6.41667;9.57;0.0;30.00;85.00;20.95;0.00;;30.0;30.0;30.0
C39;B03;X3;;1;6.42262;10.60;0.0;30.00;85.00;20.95;0.00;;30.0;30.0;30.0
C39;B04;X4;;1;6.42857;11.69;0.0;30.00;85.00;20.95;0.00;;30.0;30.0;30.0
C39;B05;X4;;1;6.43452;12.56;0.0;30.00;85.00;20.95;0.00;;30.0;30.0;30.0
C39;B06;X4;;1;6.44048;11.13;0.0;30.00;85.00;20.95;0.00;;30.0;30.0;30.0
C39;B07;X4;;1;6.44643;11.17;0.0;30.00;85.00;20.95;0.00;;30.0;30.0;30.0
C39;B08;X4;;1;6.45238;11.42;0.0;30.00;85.00;20.95;0.00;;30.0;30.0;30.0
C39;B09;B1;;1;6.45833;7.80;0.0;30.00;85.00;20.95;0.00;;30.0;30.0;30.0
C39;B10;B1;;1;6.46429;8.70;0.0;30.00;85.00;20.95;0.00;;30.0;30.0;30.0
C39;B11;B1;;1;6.47024;7.78;0.0;30.00;85.00;20.95;0.00;;30.0;30.0;30.0
R;;;;1;6.50000;177.43;0.0;30.00;85.00;20.95;0.00;test measure for referencing ;30.0;30.0;30.0
C40;A01;X1;;1;6.50595;13.86;0.0;30.00;85.00;20.95;0.00;;30.0;30.0;30.0
C40;A02;X1;;1;6.51190;13.14;0.0;30.00;85.00;20.95;0.00;;30.0;30.0;30.0
C40;A03;X1;;1;6.51786;13.48;0.0;30.00;85.00;20.95;0.00;;30.0;30.0;30.0
C40;A04;X1;;1;6.52381;11.68;0.0;30.00;85.00;20.95;0.00;;30.0;30.0;30.0
C40;A05;X1;;1;6.52976;14.88;0.0;30.00;85.00;20.95;0.00;;30.0;30.0;30.0
C40;A06;X2;;1;6.53571;10.80;0.0;30.00;85.00;20.95;0.00;;30.0;30.0;30.0
C40;A07;X2;;1;6.54167;10.60;0.0;30.00;85.00;20.95;0.00;;30.0;30.0;30.0
C40;A08;X2;;1;6.54762;10.52;0.0;30.00;85.00;20.95;0.00;;30.0;30.0;30.0
C40;A09;X2;;1;6.55357;10.15;0.0;30.00;85.00;20.95;0.00;;30.0;30.0;30.0
C40;A10;X2;;1;6.55952;10.18;0.0;30.00;85.00;20.95;0.00;;30.0;30.0;30.0
C40;A11;X3;;1;6.56548;10.67;0.0;30.00;85.00;20.95;0.00;;30.0;30.0;30.0
C40;A12;X3;;1;6.57143;10.56;0.0;30.00;85.00;20.95;0.00;;30.0;30.0;30.0
C40;B01;X3;;1;6.57738;10.19;0.0;30.00;85.00;20.95;0.00;;30.0;30.0;30.0
C40;B02;X3;;1;6.58333;10.11;0.0;30.00;85.00;20.95;0.00;;30.0;30.0;30.0
C40;B03;X3;;1;6.58929;10.60;0.0;30.00;85.00;20.95;0.00;;30.0;30.0;30.0
C40;B04;X4;;1;6.59524;12.37;0.0;30.00;85.00;20.95;0.00;;30.0;30.0;30.0
C40;B05;X4;;1;6.60119;11.50;0.0;30.00;85.00;20.95;0.00;;30.0;30.0;30.0
C40;B06;X4;;1;6.60714;11.59;0.0;30.00;85.00;20.95;0.00;;30.0;30.0;30.0
C40;B07;X4;;1;6.61310;11.51;0.0;30.00;85.00;20.95;0.00;;30.0;30.0;30.0
C40;B08;X4;;1;6.61905;11.16;0.0;30.00;85.00;20.95;0.00;;30.0;30.0;30.0
C40;B09;B1;;1;6.62500;7.71;0.0;30.00;85.00;20.95;0.00;;30.0;30.0;30.0
C40;B10;B1;;1;6.63095;8.39;0.0;30.00;85.00;20.95;0.00;;30.0;30.0;30.0
C40;B11;B1;;1;6.63690;7.43;0.0;30.00;85.00;20.95;0.00;;30.0;30.0;30.0
R;;;;1;6.66667;176.63;0.0;30.00;85.00;20.95;0.00;test measure for referencing ;30.0;30.0;30.0
C41;A01;X1;;1;6.67262;13.57;0.0;30.00;85.00;20.95;0.00;;30.0;30.0;30.0
C41;A02;X1;;1;6.67857;12.91;0.0;30.00;85.00;20.95;0.00;;30.0;30.0;30.0
C41;A03;X1;;1;6.68452;13.53;0.0;30.00;85.00;20.95;0.00;;30.0;30.0;30.0
C41;A04;X1;;1;6.69048;12.50;0.0;30.00;85.00;20.95;0.00;;30.0;30.0;30.0
C41;A05;X1;;1;6.69643;14.31;0.0;30.00;85.00;20.95;0.00;;30.0;30.0;30.0
C41;A06;X2;;1;6.70238;11.17;0.0;30.00;85.00;20.95;0.00;;30.0;30.0;30.0
C41;A07;X2;;1;6.70833;10.13;0.0;30.00;85.00;20.95;0.00;;30.0;30.0;30.0
C41;A08;X2;;1;6.71429;10.77;0.0;30.00;85.00;20.95;0.00;;30.0;30.0;30.0
C41;A09;X2;;1;6.72024;10.58;0.0;30.00;85.00;20.95;0.00;;30.0;30.0;30.0
C41;A10;X2;;1;6.72619;10.79;0.0;30.00;85.00;20.95;0.00;;30.0;30.0;30.0
C41;A11;X3;;1;6.73214;10.57;0.0;30.00;85.00;20.95;0.00;;30.0;30.0;30.0
C41;A12;X3;;1;6.73810;9.78;0.0;30.00;85.00;20.95;0.00;;30.0;30.0;30.0
C41;B01;X3;;1;6.74405;9.77;0.0;30.00;85.00;20.95;0.00;;30.0;30.0;30.0
C41;B02;X3;;1;6.75000;10.20;0.0;30.00;85.00;20.95;0.00;;30.0;30.0;30.0
C41;B03;X3;;1;6.75595;9.86;0.0;30.00;85.00;20.95;0.00;;30.0;30.0;30.0
C41;B04;X4;;1;6.76190;11.32;0.0;30.00;85.00;20.95;0.00;;30.0;30.0;30.0
C41;B05;X4;;1;6.76786;11.65;0.0;30.00;85.00;20.95;0.00;;30.0;30.0;30.0
C41;B06;X4;;1;6.77381;10.51;0.0;30.00;85.00;20.95;0.00;;30.0;30.0;30.0
C41;B07;X4;;1;6.77976;11.43;0.0;30.00;85.00;20.95;0.00;;30.0;30.0;30.0
C41;B08;X4;;1;6.78571;11.40;0.0;30.00;85.00;20.95;0.00;;30.0;30.0;30.0
C41;B09;B1;;1;6.79167;7.99;0.0;30.00;85.00;20.95;0.00;;30.0;30.0;30.0
C41;B10;B1;;1;6.79762;7.54;0.0;30.00;85.00;20.95;0.00;;30.0;30.0;30.0
C41;B11;B1;;1;6.80357;8.17;0.0;30.00;85.00;20.95;0.00;;30.0;30.0;30.0
R;;;;1;6.83333;179.92;0.0;30.00;85.00;20.95;0.00;test measure for referencing ;30.0;30.0;30.0
C42;A01;X1;;1;6.83929;14.71;0.0;30.00;85.00;20.95;0.00;;30.0;30.0;30.0
C42;A02;X1;;1;6.84524;13.48;0.0;30.00;85.00;20.95;0.00;;30.0;30.0;30.0
C42;A03;X1;;1;6.85119;13.66;0.0;30.00;85.00;20.95;0.00;;30.0;30.0;30.0
C42;A04;X1;;1;6.85714;12.66;0.0;30.00;85.00;20.95;0.00;;30.0;30.0;30.0
C42;A05;X1;;1;6.86310;14.99;0.0;30.00;85.00;20.95;0.00;;30.0;30.0;30.0
C42;A06;X2;;1;6.86905;11.19;0.0;30.00;85.00;20.95;0.00;;30.0;30.0;30.0
C42;A07;X2;;1;6.87500;10.51;0.0;30.00;85.00;20.95;0.00;;30.0;30.0;30.0
C42;A08;X2;;1;6.88095;10.80;0.0;30.00;85.00;20.95;0.00;;30.0;30.0;30.0
C42;A09;X2;;1;6.88690;10.31;0.0;30.00;85.00;20.95;0.00;;30.0;30.0;30.0
C42;A10;X2;;1;6.89286;10.27;0.0;30.00;85.00;20.95;0.00;;30.0;30.0;30.0
C42;A11;X3;;1;6.89881;10.35;0.0;30.00;85.00;20.95;0.00;;30.0;30.0;30.0
C42;A12;X3;;1;6.90476;9.92;0.0;30.00;85.00;20.95;0.00;;30.0;30.0;30.0
C42;B01;X3;;1;6.91071;10.06;0.0;30.00;85.00;20.95;0.00;;30.0;30.0;30.0
C42;B02;X3;;1;6.91667;10.18;0.0;30.00;85.00;20.95;0.00;;30.0;30.0;30.0
C42;B03;X3;;1;6.92262;10.81;0.0;30.00;85.00;20.95;0.00;;30.0;30.0;30.0
C42;B04;X4;;1;6.92857;11.43;0.0;30.00;85.00;20.95;0.00;;30.0;30.0;30.0
C42;B05;X4;;1;6.93452;12.14;0.0;30.00;85.00;20.95;0.00;;30.0;30.0;30.0
C42;B06;X4;;1;6.94048;11.75;0.0;30.00;85.00;20.95;0.00;;30.0;30.0;30.0
C42;B07;X4;;1;6.94643;11.85;0.0;30.00;85.00;20.95;0.00;;30.0;30.0;30.0
C42;B08;X4;;1;6.95238;10.89;0.0;30.00;85.00;20.95;0.00;;30.0;30.0;30.0
C42;B09;B1;;1;6.95833;7.17;0.0;30.00;85.00;20.95;0.00;;30.0;30.0;30.0
C42;B10;B1;;1;6.96429;8.35;0.0;30.00;85.00;20.95;0.00;;30.0;30.0;30.0
C42;B11;B1;;1;6.97024;8.40;0.0;30.00;85.00;20.95;0.00;;30.0;30.0;30.0
R;;;;1;7.00000;179.46;0.0;30.00;85.00;20.95;0.00;test measure for referencing ;30.0;30.0;30.0
C43;A01;X1;;1;7.00595;13.96;0.0;30.00;85.00;20.95;0.00;;30.0;30.0;30.0
C43;A02;X1;;1;7.01190;14.32;0.0;30.00;85.00;20.95;0.00;;30.0;30.0;30.0
C43;A03;X1;;1;7.01786;14.31;0.0;30.00;85.00;20.95;0.00;;30.0;30.0;30.0
C43;A04;X1;;1;7.02381;12.79;0.0;30.00;85.00;20.95;0.00;;30.0;30.0;30.0
C43;A05;X1;;1;7.02976;15.16;0.0;30.00;85.00;20.95;0.00;;30.0;30.0;30.0
C43;A06;X2;;1;7.03571;10.56;0.0;30.00;85.00;20.95;0.00;;30.0;30.0;30.0
C43;A07;X2;;1;7.04167;10.75;0.0;30.00;85.00;20.95;0.00;;30.0;30.0;30.0
C43;A08;X2;;1;7.04762;10.51;0.0;30.00;85.00;20.95;0.00;;30.0;30.0;30.0
C43;A09;X2;;1;7.05357;10.99;0.0;30.00;85.00;20.95;0.00;;30.0;30.0;30.0
C43;A10;X2;;1;7.05952;10.65;0.0;30.00;85.00;20.95;0.00;;30.0;30.0;30.0
C43;A11;X3;;1;7.06548;10.76;0.0;30.00;85.00;20.95;0.00;;30.0;30.0;30.0
C43;A12;X3;;1;7.07143;10.67;0.0;30.00;85.00;20.95;0.00;;30.0;30.0;30.0
C43;B01;X3;;1;7.07738;10.09;0.0;30.00;85.00;20.95;0.00;;30.0;30.0;30.0
C43;B02;X3;;1;7.08333;10.18;0.0;30.00;85.00;20.95;0.00;;30.0;30.0;30.0
C43;B03;X3;;1;7.08929;10.75;0.0;30.00;85.00;20.95;0.00;;30.0;30.0;30.0
C43;B04;X4;;1;7.09524;11.86;0.0;30.00;85.00;20.95;0.00;;30.0;30.0;30.0
C43;B05;X4;;1;7.10119;11.97;0.0;30.00;85.00;20.95;0.00;;30.0;30.0;30.0
C43;B06;X4;;1;7.10714;11.92;0.0;30.00;85.00;20.95;0.00;;30.0;30.0;30.0
C43;B07;X4;;1;7.11310;12.03;0.0;30.00;85.00;20.95;0.00;;30.0;30.0;30.0
C43;B08;X4;;1;7.11905;11.37;0.0;30.00;85.00;20.95;0.00;;30.0;30.0;30.0
C43;B09;B1;;1;7.12500;7.94;0.0;30.00;85.00;20.95;0.00;;30.0;30.0;30.0
C43;B10;B1;;1;7.13095;8.06;0.0;30.00;85.00;20.95;0.00;;30.0;30.0;30.0
C43;B11;B1;;1;7.13690;8.93;0.0;30.00;85.00;20.95;0.00;;30.0;30.0;30.0
R;;;;1;7.16667;179.15;0.0;30.00;85.00;20.95;0.00;test measure for referencing ;30.0;30.0;30.0
C44;A01;X1;;1;7.17262;14.41;0.0;30.00;85.00;20.95;0.00;;30.0;30.0;30.0
C44;A02;X1;;1;7.17857;13.76;0.0;30.00;85.00;20.95;0.00;;30.0;30.0;30.0
C44;A03;X1;;1;7.18452;13.79;0.0;30.00;85.00;20.95;0.00;;30.0;30.0;30.0
C44;A04;X1;;1;7.19048;12.42;0.0;30.00;85.00;20.95;0.00;;30.0;30.0;30.0
C44;A05;X1;;1;7.19643;15.52;0.0;30.00;85.00;20.95;0.00;;30.0;30.0;30.0
C44;A06;X2;;1;7.20238;11.16;0.0;30.00;85.00;20.95;0.00;;30.0;30.0;30.0
C44;A07;X2;;1;7.20833;10.22;0.0;30.00;85.00;20.95;0.00;;30.0;30.0;30.0
C44;A08;X2;;1;7.21429;10.55;0.0;30.00;85.00;20.95;0.00;;30.0;30.0;30.0
C44;A09;X2;;1;7.22024;10.69;0.0;30.00;85.00;20.95;0.00;;30.0;30.0;30.0
C44;A10;X2;;1;7.22619;10.27;0.0;30.00;85.00;20.95;0.00;;30.0;30.0;30.0
C44;A11;X3;;1;7.23214;10.31;0.0;30.00;85.00;20.95;0.00;;30.0;30.0;30.0
C44;A12;X3;;1;7.23810;10.27;0.0;30.00;85.00;20.95;0.00;;30.0;30.0;30.0
C44;B01;X3;;1;7.24405;10.22;0.0;30.00;85.00;20.95;0.00;;30.0;30.0;30.0
C44;B02;X3;;1;7.25000;9.97;0.0;30.00;85.00;20.95;0.00;;30.0;30.0;30.0
C44;B03;X3;;1;7.25595;10.73;0.0;30.00;85.00;20.95;0.00;;30.0;30.0;30.0
C44;B04;X4;;1;7.26190;11.65;0.0;30.00;85.00;20.95;0.00;;30.0;30.0;30.0
C44;B05;X4;;1;7.26786;12.57;0.0;30.00;85.00;20.95;0.00;;30.0;30.0;30.0
C44;B06;X4;;1;7.27381;11.31;0.0;30.00;85.00;20.95;0.00;;30.0;30.0;30.0
C44;B07;X4;;1;7.27976;12.12;0.0;30.00;85.00;20.95;0.00;;30.0;30.0;30.0
C44;B08;X4;;1;7.28571;11.67;0.0;30.00;85.00;20.95;0.00;;30.0;30.0;30.0
C44;B09;B1;;1;7.29167;7.89;0.0;30.00;85.00;20.95;0.00;;30.0;30.0;30.0
C44;B10;B1;;1;7.29762;8.14;0.0;30.00;85.00;20.95;0.00;;30.0;30.0;30.0
C44;B11;B1;;1;7.30357;7.48;0.0;30.00;85.00;20.95;0.00;;30.0;30.0;30.0
R;;;;1;7.33333;176.25;0.0;30.00;85.00;20.95;0.00;test measure for referencing ;30.0;30.0;30.0
C45;A01;X1;;1;7.33929;14.43;0.0;30.00;85.00;20.95;0.00;;30.0;30.0;30.0
C45;A02;X1;;1;7.34524;13.87;0.0;30.00;85.00;20.95;0.00;;30.0;30.0;30.0
C45;A03;X1;;1;7.35119;14.33;0.0;30.00;85.00;20.95;0.00;;30.0;30.0;30.0
C45;A04;X1;;1;7.35714;13.00;0.0;30.00;85.00;20.95;0.00;;30.0;30.0;30.0
C45;A05;X1;;1;7.36310;15.63;0.0;30.00;85.00;20.95;0.00;;30.0;30.0;30.0
C45;A06;X2;;1;7.36905;11.09;0.0;30.00;85.00;20.95;0.00;;30.0;30.0;30.0
C45;A07;X2;;1;7.37500;10.43;0.0;30.00;85.00;20.95;0.00;;30.0;30.0;30.0
C45;A08;X2;;1;7.38095;10.86;0.0;30.00;85.00;20.95;0.00;;30.0;30.0;30.0
C45;A09;X2;;1;7.38690;10.52;0.0;30.00;85.00;20.95;0.00;;30.0;30.0;30.0
C45;A10;X2;;1;7.39286;10.14;0.0;30.00;85.00;20.95;0.00;;30.0;30.0;30.0
C45;A11;X3;;1;7.39881;11.14;0.0;30.00;85.00;20.95;0.00;;30.0;30.0;30.0
C45;A12;X3;;1;7.40476;9.49;0.0;30.00;85.00;20.95;0.00;;30.0;30.0;30.0
C45;B01;X3;;1;7.41071;9.95;0.0;30.00;85.00;20.95;0.00;;30.0;30.0;30.0
C45;B02;X3;;1;7.41667;10.12;0.0;30.00;85.00;20.95;0.00;;30.0;30.0;30.0
C45;B03;X3;;1;7.42262;10.45;0.0;30.00;85.00;20.95;0.00;;30.0;30.0;30.0
C45;B04;X4;;1;7.42857;12.15;0.0;30.00;85.00;20.95;0.00;;30.0;30.0;30.0
C45;B05;X4;;1;7.43452;12.21;0.0;30.00;85.00;20.95;0.00;;30.0;30.0;30.0
C45;B06;X4;;1;7.44048;11.13;0.0;30.00;85.00;20.95;0.00;;30.0;30.0;30.0
C45;B07;X4;;1;7.44643;11.76;0.0;30.00;85.00;20.95;0.00;;30.0;30.0;30.0
C45;B08;X4;;1;7.45238;10.96;0.0;30.00;85.00;20.95;0.00;;30.0;30.0;30.0
C45;B09;B1;;1;7.45833;8.25;0.0;30.00;85.00;20.95;0.00;;30.0;30.0;30.0
C45;B10;B1;;1;7.46429;8.43;0.0;30.00;85.00;20.95;0.00;;30.0;30.0;30.0
C45;B11;B1;;1;7.47024;7.69;0.0;30.00;85.00;20.95;0.00;;30.0;30.0;30.0
R;;;;1;7.50000;179.91;0.0;30.00;85.00;20.95;0.00;test measure for referencing ;30.0;30.0;30.0
C46;A01;X1;;1;7.50595;14.92;0.0;30.00;85.00;20.95;0.00;;30.0;30.0;30.0
C46;A02;X1;;1;7.51190;14.19;0.0;30.00;85.00;20.95;0.00;;30.0;30.0;30.0
C46;A03;X1;;1;7.51786;14.56;0.0;30.00;85.00;20.95;0.00;;30.0;30.0;30.0
C46;A04;X1;;1;7.52381;13.02;0.0;30.00;85.00;20.95;0.00;;30.0;30.0;30.0
C46;A05;X1;;1;7.52976;15.87;0.0;30.00;85.00;20.95;0.00;;30.0;30.0;30.0
C46;A06;X2;;1;7.53571;11.30;0.0;30.00;85.00;20.95;0.00;;30.0;30.0;30.0
C46;A07;X2;;1;7.54167;10.83;0.0;30.00;85.00;20.95;0.00;;30.0;30.0;30.0
C46;A08;X2;;1;7.54762;11.47;0.0;30.00;85.00;20.95;0.00;;30.0;30.0;30.0
C46;A09;X2;;1;7.55357;10.77;0.0;30.00;85.00;20.95;0.00;;30.0;30.0;30.0
C46;A10;X2;;1;7.55952;10.58;0.0;30.00;85.00;20.95;0.00;;30.0;30.0;30.0
C46;A11;X3;;1;7.56548;10.88;0.0;30.00;85.00;20.95;0.00;;30.0;30.0;30.0
C46;A12;X3;;1;7.57143;10.39;0.0;30.00;85.00;20.95;0.00;;30.0;30.0;30.0
C46;B01;X3;;1;7.57738;9.35;0.0;30.00;85.00;20.95;0.00;;30.0;30.0;30.0
C46;B02;X3;;1;7.58333;9.78;0.0;30.00;85.00;20.95;0.00;;30.0;30.0;30.0
C46;B03;X3;;1;7.58929;10.77;0.0;30.00;85.00;20.95;0.00;;30.0;30.0;30.0
C46;B04;X4;;1;7.59524;11.73;0.0;30.00;85.00;20.95;0.00;;30.0;30.0;30.0
C46;B05;X4;;1;7.60119;12.46;0.0;30.00;85.00;20.95;0.00;;30.0;30.0;30.0
C46;B06;X4;;1;7.60714;12.08;0.0;30.00;85.00;20.95;0.00;;30.0;30.0;30.0
C46;B07;X4;;1;7.61310;11.61;0.0;30.00;85.00;20.95;0.00;;30.0;30.0;30.0
C46;B08;X4;;1;7.61905;11.63;0.0;30.00;85.00;20.95;0.00;;30.0;30.0;30.0
C46;B09;B1;;1;7.62500;8.12;0.0;30.00;85.00;20.95;0.00;;30.0;30.0;30.0
C46;B10;B1;;1;7.63095;8.02;0.0;30.00;85.00;20.95;0.00;;30.0;30.0;30.0
C46;B11;B1;;1;7.63690;7.40;0.0;30.00;85.00;20.95;0.00;;30.0;30.0;30.0
R;;;;1;7.66667;179.53;0.0;30.00;85.00;20.95;0.00;test measure for referencing ;30.0;30.0;30.0
C47;A01;X1;;1;7.67262;15.10;0.0;30.00;85.00;20.95;0.00;;30.0;30.0;30.0
C47;A02;X1;;1;7.67857;15.10;0.0;30.00;85.00;20.95;0.00;;30.0;30.0;30.0
C47;A03;X1;;1;7.68452;15.06;0.0;30.00;85.00;20.95;0.00;;30.0;30.0;30.0
C47;A04;X1;;1;7.69048;13.54;0.0;30.00;85.00;20.95;0.00;;30.0;30.0;30.0
C47;A05;X1;;1;7.69643;16.34;0.0;30.00;85.00;20.95;0.00;;30.0;30.0;30.0
C47;A06;X2;;1;7.70238;11.03;0.0;30.00;85.00;20.95;0.00;;30.0;30.0;30.0
C47;A07;X2;;1;7.70833;10.39;0.0;30.00;85.00;20.95;0.00;;30.0;30.0;30.0
C47;A08;X2;;1;7.71429;10.60;0.0;30.00;85.00;20.95;0.00;;30.0;30.0;30.0
C47;A09;X2;;1;7.72024;10.79;0.0;30.00;85.00;20.95;0.00;;30.0;30.0;30.0
C47;A10;X2;;1;7.72619;10.75;0.0;30.00;85.00;20.95;0.00;;30.0;30.0;30.0
C47;A11;X3;;1;7.73214;10.76;0.0;30.00;85.00;20.95;0.00;;30.0;30.0;30.0
C47;A12;X3;;1;7.73810;10.18;0.0;30.00;85.00;20.95;0.00;;30.0;30.0;30.0
C47;B01;X3;;1;7.74405;9.99;0.0;30.00;85.00;20.95;0.00;;30.0;30.0;30.0
C47;B02;X3;;1;7.75000;9.83;0.0;30.00;85.00;20.95;0.00;;30.0;30.0;30.0
C47;B03;X3;;1;7.75595;10.73;0.0;30.00;85.00;20.95;0.00;;30.0;30.0;30.0
C47;B04;X4;;1;7.76190;11.67;0.0;30.00;85.00;20.95;0.00;;30.0;30.0;30.0
C47;B05;X4;;1;7.76786;13.06;0.0;30.00;85.00;20.95;0.00;;30.0;30.0;30.0
C47;B06;X4;;1;7.77381;11.86;0.0;30.00;85.00;20.95;0.00;;30.0;30.0;30.0
C47;B07;X4;;1;7.77976;12.89;0.0;30.00;85.00;20.95;0.00;;30.0;30.0;30.0
C47;B08;X4;;1;7.78571;12.10;0.0;30.00;85.00;20.95;0.00;;30.0;30.0;30.0
C47;B09;B1;;1;7.79167;7.82;0.0;30.00;85.00;20.95;0.00;;30.0;30.0;30.0
C47;B10;B1;;1;7.79762;8.28;0.0;30.00;85.00;20.95;0.00;;30.0;30.0;30.0
C47;B11;B1;;1;7.80357;8.09;0.0;30.00;85.00;20.95;0.00;;30.0;30.0;30.0
R;;;;1;7.83333;179.65;0.0;30.00;85.00;20.95;0.00;test measure for referencing ;30.0;30.0;30.0
C48;A01;X1;;1;7.83929;15.79;0.0;30.00;85.00;20.95;0.00;;30.0;30.0;30.0
C48;A02;X1;;1;7.84524;14.96;0.0;30.00;85.00;20.95;0.00;;30.0;30.0;30.0
C48;A03;X1;;1;7.85119;15.01;0.0;30.00;85.00;20.95;0.00;;30.0;30.0;30.0
C48;A04;X1;;1;7.85714;13.82;0.0;30.00;85.00;20.95;0.00;;30.0;30.0;30.0
C48;A05;X1;;1;7.86310;16.18;0.0;30.00;85.00;20.95;0.00;;30.0;30.0;30.0
C48;A06;X2;;1;7.86905;11.17;0.0;30.00;85.00;20.95;0.00;;30.0;30.0;30.0
C48;A07;X2;;1;7.87500;10.69;0.0;30.00;85.00;20.95;0.00;;30.0;30.0;30.0
C48;A08;X2;;1;7.88095;11.17;0.0;30.00;85.00;20.95;0.00;;30.0;30.0;30.0
C48;A09;X2;;1;7.88690;10.94;0.0;30.00;85.00;20.95;0.00;;30.0;30.0;30.0
C48;A10;X2;;1;7.89286;10.40;0.0;30.00;85.00;20.95;0.00;;30.0;30.0;30.0
C48;A11;X3;;1;7.89881;10.95;0.0;30.00;85.00;20.95;0.00;;30.0;30.0;30.0
C48;A12;X3;;1;7.90476;9.56;0.0;30.00;85.00;20.95;0.00;;30.0;30.0;30.0
C48;B01;X3;;1;7.91071;10.05;0.0;30.00;85.00;20.95;0.00;;30.0;30.0;30.0
C48;B02;X3;;1;7.91667;9.88;0.0;30.00;85.00;20.95;0.00;;30.0;30.0;30.0
C48;B03;X3;;1;7.92262;10.77;0.0;30.00;85.00;20.95;0.00;;30.0;30.0;30.0
C48;B04;X4;;1;7.92857;12.41;0.0;30.00;85.00;20.95;0.00;;30.0;30.0;30.0
C48;B05;X4;;1;7.93452;12.77;0.0;30.00;85.00;20.95;0.00;;30.0;30.0;30.0
C48;B06;X4;;1;7.94048;11.97;0.0;30.00;85.00;20.95;0.00;;30.0;30.0;30.0
C48;B07;X4;;1;7.94643;12.62;0.0;30.00;85.00;20.95;0.00;;30.0;30.0;30.0
C48;B08;X4;;1;7.95238;11.53;0.0;30.00;85.00;20.95;0.00;;30.0;30.0;30.0
C48;B09;B1;;1;7.95833;8.00;0.0;30.00;85.00;20.95;0.00;;30.0;30.0;30.0
C48;B10;B1;;1;7.96429;7.12;0.0;30.00;85.00;20.95;0.00;;30.0;30.0;30.0
C48;B11;B1;;1;7.97024;8.66;0.0;30.00;85.00;20.95;0.00;;30.0;30.0;30.0
R;;;;1;8.00000;181.59;0.0;30.00;85.00;20.95;0.00;test measure for referencing ;30.0;30.0;30.0
C49;A01;X1;;1;8.00595;15.82;0.0;30.00;85.00;20.95;0.00;;30.0;30.0;30.0
C49;A02;X1;;1;8.01190;15.30;0.0;30.00;85.00;20.95;0.00;;30.0;30.0;30.0
C49;A03;X1;;1;8.01786;15.00;0.0;30.00;85.00;20.95;0.00;;30.0;30.0;30.0
C49;A04;X1;;1;8.02381;13.89;0.0;30.00;85.00;20.95;0.00;;30.0;30.0;30.0
C49;A05;X1;;1;8.02976;17.11;0.0;30.00;85.00;20.95;0.00;;30.0;30.0;30.0
C49;A06;X2;;1;8.03571;11.34;0.0;30.00;85.00;20.95;0.00;;30.0;30.0;30.0
C49;A07;X2;;1;8.04167;10.29;0.0;30.00;85.00;20.95;0.00;;30.0;30.0;30.0
C49;A08;X2;;1;8.04762;11.07;0.0;30.00;85.00;20.95;0.00;;30.0;30.0;30.0
C49;A09;X2;;1;8.05357;10.81;0.0;30.00;85.00;20.95;0.00;;30.0;30.0;30.0
C49;A10;X2;;1;8.05952;10.79;0.0;30.00;85.00;20.95;0.00;;30.0;30.0;30.0
C49;A11;X3;;1;8.06548;11.04;0.0;30.00;85.00;20.95;0.00;;30.0;30.0;30.0
C49;A12;X3;;1;8.07143;10.21;0.0;30.00;85.00;20.95;0.00;;30.0;30.0;30.0
C49;B01;X3;;1;8.07738;10.31;0.0;30.00;85.00;20.95;0.00;;30.0;30.0;30.0
C49;B02;X3;;1;8.08333;10.08;0.0;30.00;85.00;20.95;0.00;;30.0;30.0;30.0
C49;B03;X3;;1;8.08929;9.97;0.0;30.00;85.00;20.95;0.00;;30.0;30.0;30.0
C49;B04;X4;;1;8.09524;12.49;0.0;30.00;85.00;20.95;0.00;;30.0;30.0;30.0
C49;B05;X4;;1;8.10119;12.74;0.0;30.00;85.00;20.95;0.00;;30.0;30.0;30.0
C49;B06;X4;;1;8.10714;12.42;0.0;30.00;85.00;20.95;0.00;;30.0;30.0;30.0
C49;B07;X4;;1;8.11310;12.00;0.0;30.00;85.00;20.95;0.00;;30.0;30.0;30.0
C49;B08;X4;;1;8.11905;12.29;0.0;30.00;85.00;20.95;0.00;;30.0;30.0;30.0
C49;B09;B1;;1;8.12500;7.80;0.0;30.00;85.00;20.95;0.00;;30.0;30.0;30.0
C49;B10;B1;;1;8.13095;8.17;0.0;30.00;85.00;20.95;0.00;;30.0;30.0;30.0
C49;B11;B1;;1;8.13690;8.55;0.0;30.00;85.00;20.95;0.00;;30.0;30.0;30.0
R;;;;1;8.16667;176.10;0.0;30.00;85.00;20.95;0.00;test measure for referencing ;30.0;30.0;30.0
C50;A01;X1;;1;8.17262;15.43;0.0;30.00;85.00;20.95;0.00;;30.0;30.0;30.0
C50;A02;X1;;1;8.17857;15.68;0.0;30.00;85.00;20.95;0.00;;30.0;30.0;30.0
C50;A03;X1;;1;8.18452;15.13;0.0;30.00;85.00;20.95;0.00;;30.0;30.0;30.0
C50;A04;X1;;1;8.19048;13.91;0.0;30.00;85.00;20.95;0.00;;30.0;30.0;30.0
C50;A05;X1;;1;8.19643;17.06;0.0;30.00;85.00;20.95;0.00;;30.0;30.0;30.0
C50;A06;X2;;1;8.20238;11.01;0.0;30.00;85.00;20.95;0.00;;30.0;30.0;30.0
C50;A07;X2;;1;8.20833;10.67;0.0;30.00;85.00;20.95;0.00;;30.0;30.0;30.0
C50;A08;X2;;1;8.21429;11.00;0.0;30.00;85.00;20.95;0.00;;30.0;30.0;30.0
C50;A09;X2;;1;8.22024;10.70;0.0;30.00;85.00;20.95;0.00;;30.0;30.0;30.0
C50;A10;X2;;1;8.22619;10.64;0.0;30.00;85.00;20.95;0.00;;30.0;30.0;30.0
C50;A11;X3;;1;8.23214;11.14;0.0;30.00;85.00;20.95;0.00;;30.0;30.0;30.0
C50;A12;X3;;1;8.23810;9.94;0.0;30.00;85.00;20.95;0.00;;30.0;30.0;30.0
C50;B01;X3;;1;8.24405;10.40;0.0;30.00;85.00;20.95;0.00;;30.0;30.0;30.0
C50;B02;X3;;1;8.25000;10.11;0.0;30.00;85.00;20.95;0.00;;30.0;30.0;30.0
C50;B03;X3;;1;8.25595;10.32;0.0;30.00;85.00;20.95;0.00;;30.0;30.0;30.0
C50;B04;X4;;1;8.26190;12.30;0.0;30.00;85.00;20.95;0.00;;30.0;30.0;30.0
C50;B05;X4;;1;8.26786;12.21;0.0;30.00;85.00;20.95;0.00;;30.0;30.0;30.0
C50;B06;X4;;1;8.27381;11.74;0.0;30.00;85.00;20.95;0.00;;30.0;30.0;30.0
C50;B07;X4;;1;8.27976;12.37;0.0;30.00;85.00;20.95;0.00;;30.0;30.0;30.0
C50;B08;X4;;1;8.28571;11.78;0.0;30.00;85.00;20.95;0.00;;30.0;30.0;30.0
C50;B09;B1;;1;8.29167;8.33;0.0;30.00;85.00;20.95;0.00;;30.0;30.0;30.0
C50;B10;B1;;1;8.29762;7.31;0.0;30.00;85.00;20.95;0.00;;30.0;30.0;30.0
C50;B11;B1;;1;8.30357;7.70;0.0;30.00;85.00;20.95;0.00;;30.0;30.0;30.0
R;;;;1;8.33333;177.61;0.0;30.00;85.00;20.95;0.00;test measure for referencing ;30.0;30.0;30.0
C51;A01;X1;;1;8.33929;16.23;0.0;30.00;85.00;20.95;0.00;;30.0;30.0;30.0
C51;A02;X1;;1;8.34524;16.17;0.0;30.00;85.00;20.95;0.00;;30.0;30.0;30.0
C51;A03;X1;;1;8.35119;15.55;0.0;30.00;85.00;20.95;0.00;;30.0;30.0;30.0
C51;A04;X1;;1;8.35714;14.86;0.0;30.00;85.00;20.95;0.00;;30.0;30.0;30.0
C51;A05;X1;;1;8.36310;17.20;0.0;30.00;85.00;20.95;0.00;;30.0;30.0;30.0
C51;A06;X2;;1;8.36905;11.10;0.0;30.00;85.00;20.95;0.00;;30.0;30.0;30.0
C51;A07;X2;;1;8.37500;10.86;0.0;30.00;85.00;20.95;0.00;;30.0;30.0;30.0
C51;A08;X2;;1;8.38095;10.95;0.0;30.00;85.00;20.95;0.00;;30.0;30.0;30.0
C51;A09;X2;;1;8.38690;11.02;0.0;30.00;85.00;20.95;0.00;;30.0;30.0;30.0
C51;A10;X2;;1;8.39286;10.50;0.0;30.00;85.00;20.95;0.00;;30.0;30.0;30.0
C51;A11;X3;;1;8.39881;10.54;0.0;30.00;85.00;20.95;0.00;;30.0;30.0;30.0
C51;A12;X3;;1;8.40476;9.95;0.0;30.00;85.00;20.95;0.00;;30.0;30.0;30.0
C51;B01;X3;;1;8.41071;9.54;0.0;30.00;85.00;20.95;0.00;;30.0;30.0;30.0
C51;B02;X3;;1;8.41667;9.64;0.0;30.00;85.00;20.95;0.00;;30.0;30.0;30.0
C51;B03;X3;;1;8.42262;10.43;0.0;30.00;85.00;20.95;0.00;;30.0;30.0;30.0
C51;B04;X4;;1;8.42857;12.44;0.0;30.00;85.00;20.95;0.00;;30.0;30.0;30.0
C51;B05;X4;;1;8.43452;12.26;0.0;30.00;85.00;20.95;0.00;;30.0;30.0;30.0
C51;B06;X4;;1;8.44048;12.43;0.0;30.00;85.00;20.95;0.00;;30.0;30.0;30.0
C51;B07;X4;;1;8.44643;12.67;0.0;30.00;85.00;20.95;0.00;;30.0;30.0;30.0
C51;B08;X4;;1;8.45238;11.61;0.0;30.00;85.00;20.95;0.00;;30.0;30.0;30.0
C51;B09;B1;;1;8.45833;7.47;0.0;30.00;85.00;20.95;0.00;;30.0;30.0;30.0
C51;B10;B1;;1;8.46429;8.09;0.0;30.00;85.00;20.95;0.00;;30.0;30.0;30.0
C51;B11;B1;;1;8.47024;7.19;0.0;30.00;85.00;20.95;0.00;;30.0;30.0;30.0
R;;;;1;8.50000;177.45;0.0;30.00;85.00;20.95;0.00;test measure for referencing ;30.0;30.0;30.0
C52;A01;X1;;1;8.50595;16.58;0.0;30.00;85.00;20.95;0.00;;30.0;30.0;30.0
C52;A02;X1;;1;8.51190;16.10;0.0;30.00;85.00;20.95;0.00;;30.0;30.0;30.0
C52;A03;X1;;1;8.51786;16.21;0.0;30.00;85.00;20.95;0.00;;30.0;30.0;30.0
C52;A04;X1;;1;8.52381;15.01;0.0;30.00;85.00;20.95;0.00;;30.0;30.0;30.0
C52;A05;X1;;1;8.52976;17.48;0.0;30.00;85.00;20.95;0.00;;30.0;30.0;30.0
C52;A06;X2;;1;8.53571;11.07;0.0;30.00;85.00;20.95;0.00;;30.0;30.0;30.0
C52;A07;X2;;1;8.54167;11.19;0.0;30.00;85.00;20.95;0.00;;30.0;30.0;30.0
C52;A08;X2;;1;8.54762;10.64;0.0;30.00;85.00;20.95;0.00;;30.0;30.0;30.0
C52;A09;X2;;1;8.55357;10.71;0.0;30.00;85.00;20.95;0.00;;30.0;30.0;30.0
C52;A10;X2;;1;8.55952;10.52;0.0;30.00;85.00;20.95;0.00;;30.0;30.0;30.0
C52;A11;X3;;1;8.56548;10.39;0.0;30.00;85.00;20.95;0.00;;30.0;30.0;30.0
C52;A12;X3;;1;8.57143;10.42;0.0;30.00;85.00;20.95;0.00;;30.0;30.0;30.0
C52;B01;X3;;1;8.57738;10.07;0.0;30.00;85.00;20.95;0.00;;30.0;30.0;30.0
C52;B02;X3;;1;8.58333;10.09;0.0;30.00;85.00;20.95;0.00;;30.0;30.0;30.0
C52;B03;X3;;1;8.58929;9.59;0.0;30.00;85.00;20.95;0.00;;30.0;30.0;30.0
C52;B04;X4;;1;8.59524;12.84;0.0;30.00;85.00;20.95;0.00;;30.0;30.0;30.0
C52;B05;X4;;1;8.60119;13.15;0.0;30.00;85.00;20.95;0.00;;30.0;30.0;30.0
C52;B06;X4;;1;8.60714;12.01;0.0;30.00;85.00;20.95;0.00;;30.0;30.0;30.0
C52;B07;X4;;1;8.61310;13.00;0.0;30.00;85.00;20.95;0.00;;30.0;30.0;30.0
C52;B08;X4;;1;8.61905;12.18;0.0;30.00;85.00;20.95;0.00;;30.0;30.0;30.0
C52;B09;B1;;1;8.62500;8.26;0.0;30.00;85.00;20.95;0.00;;30.0;30.0;30.0
C52;B10;B1;;1;8.63095;8.61;0.0;30.00;85.00;20.95;0.00;;30.0;30.0;30.0
C52;B11;B1;;1;8.63690;7.93;0.0;30.00;85.00;20.95;0.00;;30.0;30.0;30.0
R;;;;1;8.66667;177.01;0.0;30.00;85.00;20.95;0.00;test measure for referencing ;30.0;30.0;30.0
C53;A01;X1;;1;8.67262;16.90;0.0;30.00;85.00;20.95;0.00;;30.0;30.0;30.0
C53;A02;X1;;1;8.67857;16.06;0.0;30.00;85.00;20.95;0.00;;30.0;30.0;30.0
C53;A03;X1;;1;8.68452;16.29;0.0;30.00;85.00;20.95;0.00;;30.0;30.0;30.0
C53;A04;X1;;1;8.69048;14.95;0.0;30.00;85.00;20.95;0.00;;30.0;30.0;30.0
C53;A05;X1;;1;8.69643;17.83;0.0;30.00;85.00;20.95;0.00;;30.0;30.0;30.0
C53;A06;X2;;1;8.70238;11.57;0.0;30.00;85.00;20.95;0.00;;30.0;30.0;30.0
C53;A07;X2;;1;8.70833;10.84;0.0;30.00;85.00;20.95;0.00;;30.0;30.0;30.0
C53;A08;X2;;1;8.71429;10.80;0.0;30.00;85.00;20.95;0.00;;30.0;30.0;30.0
C53;A09;X2;;1;8.72024;11.19;0.0;30.00;85.00;20.95;0.00;;30.0;30.0;30.0
C53;A10;X2;;1;8.72619;10.00;0.0;30.00;85.00;20.95;0.00;;30.0;30.0;30.0
C53;A11;X3;;1;8.73214;10.37;0.0;30.00;85.00;20.95;0.00;;30.0;30.0;30.0
C53;A12;X3;;1;8.73810;10.00;0.0;30.00;85.00;20.95;0.00;;30.0;30.0;30.0
C53;B01;X3;;1;8.74405;10.39;0.0;30.00;85.00;20.95;0.00;;30.0;30.0;30.0
C53;B02;X3;;1;8.75000;10.06;0.0;30.00;85.00;20.95;0.00;;30.0;30.0;30.0
C53;B03;X3;;1;8.75595;10.49;0.0;30.00;85.00;20.95;0.00;;30.0;30.0;30.0
C53;B04;X4;;1;8.76190;12.96;0.0;30.00;85.00;20.95;0.00;;30.0;30.0;30.0
C53;B05;X4;;1;8.76786;13.12;0.0;30.00;85.00;20.95;0.00;;30.0;30.0;30.0
C53;B06;X4;;1;8.77381;12.73;0.0;30.00;85.00;20.95;0.00;;30.0;30.0;30.0
C53;B07;X4;;1;8.77976;12.47;0.0;30.00;85.00;20.95;0.00;;30.0;30.0;30.0
C53;B08;X4;;1;8.78571;11.69;0.0;30.00;85.00;20.95;0.00;;30.0;30.0;30.0
C53;B09;B1;;1;8.79167;7.72;0.0;30.00;85.00;20.95;0.00;;30.0;30.0;30.0
C53;B10;B1;;1;8.79762;8.21;0.0;30.00;85.00;20.95;0.00;;30.0;30.0;30.0
C53;B11;B1;;1;8.80357;7.99;0.0;30.00;85.00;20.95;0.00;;30.0;30.0;30.0
R;;;;1;8.83333;180.47;0.0;30.00;85.00;20.95;0.00;test measure for referencing ;30.0;30.0;30.0
C54;A01;X1;;1;8.83929;17.83;0.0;30.00;85.00;20.95;0.00;;30.0;30.0;30.0
C54;A02;X1;;1;8.84524;17.29;0.0;30.00;85.00;20.95;0.00;;30.0;30.0;30.0
C54;A03;X1;;1;8.85119;17.47;0.0;30.00;85.00;20.95;0.00;;30.0;30.0;30.0
C54;A04;X1;;1;8.85714;15.59;0.0;30.00;85.00;20.95;0.00;;30.0;30.0;30.0
C54;A05;X1;;1;8.86310;19.13;0.0;30.00;85.00;20.95;0.00;;30.0;30.0;30.0
C54;A06;X2;;1;8.86905;11.17;0.0;30.00;85.00;20.95;0.00;;30.0;30.0;30.0
C54;A07;X2;;1;8.87500;10.80;0.0;30.00;85.00;20.95;0.00;;30.0;30.0;30.0
C54;A08;X2;;1;8.88095;10.89;0.0;30.00;85.00;20.95;0.00;;30.0;30.0;30.0
C54;A09;X2;;1;8.88690;11.25;0.0;30.00;85.00;20.95;0.00;;30.0;30.0;30.0
C54;A10;X2;;1;8.89286;10.27;0.0;30.00;85.00;20.95;0.00;;30.0;30.0;30.0
C54;A11;X3;;1;8.89881;11.20;0.0;30.00;85.00;20.95;0.00;;30.0;30.0;30.0
C54;A12;X3;;1;8.90476;9.84;0.0;30.00;85.00;20.95;0.00;;30.0;30.0;30.0
C54;B01;X3;;1;8.91071;10.31;0.0;30.00;85.00;20.95;0.00;;30.0;30.0;30.0
C54;B02;X3;;1;8.91667;10.00;0.0;30.00;85.00;20.95;0.00;;30.0;30.0;30.0
C54;B03;X3;;1;8.92262;10.30;0.0;30.00;85.00;20.95;0.00;;30.0;30.0;30.0
C54;B04;X4;;1;8.92857;13.33;0.0;30.00;85.00;20.95;0.00;;30.0;30.0;30.0
C54;B05;X4;;1;8.93452;13.16;0.0;30.00;85.00;20.95;0.00;;30.0;30.0;30.0
C54;B06;X4;;1;8.94048;13.14;0.0;30.00;85.00;20.95;0.00;;30.0;30.0;30.0
C54;B07;X4;;1;8.94643;12.77;0.0;30.00;85.00;20.95;0.00;;30.0;30.0;30.0
C54;B08;X4;;1;8.95238;12.31;0.0;30.00;85.00;20.95;0.00;;30.0;30.0;30.0
C54;B09;B1;;1;8.95833;7.23;0.0;30.00;85.00;20.95;0.00;;30.0;30.0;30.0
C54;B10;B1;;1;8.96429;8.26;0.0;30.00;85.00;20.95;0.00;;30.0;30.0;30.0
C54;B11;B1;;1;8.97024;8.41;0.0;30.00;85.00;20.95;0.00;;30.0;30.0;30.0
R;;;;1;9.00000;179.29;0.0;30.00;85.00;20.95;0.00;test measure for referencing ;30.0;30.0;30.0
C55;A01;X1;;1;9.00595;17.83;0.0;30.00;85.00;20.95;0.00;;30.0;30.0;30.0
C55;A02;X1;;1;9.01190;17.11;0.0;30.00;85.00;20.95;0.00;;30.0;30.0;30.0
C55;A03;X1;;1;9.01786;18.19;0.0;30.00;85.00;20.95;0.00;;30.0;30.0;30.0
C55;A04;X1;;1;9.02381;16.27;0.0;30.00;85.00;20.95;0.00;;30.0;30.0;30.0
C55;A05;X1;;1;9.02976;18.53;0.0;30.00;85.00;20.95;0.00;;30.0;30.0;30.0
C55;A06;X2;;1;9.03571;11.34;0.0;30.00;85.00;20.95;0.00;;30.0;30.0;30.0
C55;A07;X2;;1;9.04167;10.01;0.0;30.00;85.00;20.95;0.00;;30.0;30.0;30.0
C55;A08;X2;;1;9.04762;11.75;0.0;30.00;85.00;20.95;0.00;;30.0;30.0;30.0
C55;A09;X2;;1;9.05357;11.65;0.0;30.00;85.00;20.95;0.00;;30.0;30.0;30.0
C55;A10;X2;;1;9.05952;11.13;0.0;30.00;85.00;20.95;0.00;;30.0;30.0;30.0
C55;A11;X3;;1;9.06548;10.70;0.0;30.00;85.00;20.95;0.00;;30.0;30.0;30.0
C55;A12;X3;;1;9.07143;10.00;0.0;30.00;85.00;20.95;0.00;;30.0;30.0;30.0
C55;B01;X3;;1;9.07738;9.75;0.0;30.00;85.00;20.95;0.00;;30.0;30.0;30.0
C55;B02;X3;;1;9.08333;10.14;0.0;30.00;85.00;20.95;0.00;;30.0;30.0;30.0
C55;B03;X3;;1;9.08929;10.27;0.0;30.00;85.00;20.95;0.00;;30.0;30.0;30.0
C55;B04;X4;;1;9.09524;12.88;0.0;30.00;85.00;20.95;0.00;;30.0;30.0;30.0
C55;B05;X4;;1;9.10119;13.14;0.0;30.00;85.00;20.95;0.00;;30.0;30.0;30.0
C55;B06;X4;;1;9.10714;12.64;0.0;30.00;85.00;20.95;0.00;;30.0;30.0;30.0
C55;B07;X4;;1;9.11310;13.39;0.0;30.00;85.00;20.95;0.00;;30.0;30.0;30.0
C55;B08;X4;;1;9.11905;13.10;0.0;30.00;85.00;20.95;0.00;;30.0;30.0;30.0
C55;B09;B1;;1;9.12500;8.05;0.0;30.00;85.00;20.95;0.00;;30.0;30.0;30.0
C55;B10;B1;;1;9.13095;8.00;0.0;30.00;85.00;20.95;0.00;;30.0;30.0;30.0
C55;B11;B1;;1;9.13690;7.54;0.0;30.00;85.00;20.95;0.00;;30.0;30.0;30.0
R;;;;1;9.16667;176.69;0.0;30.00;85.00;20.95;0.00;test measure for referencing ;30.0;30.0;30.0
C56;A01;X1;;1;9.17262;17.69;0.0;30.00;85.00;20.95;0.00;;30.0;30.0;30.0
C56;A02;X1;;1;9.17857;17.78;0.0;30.00;85.00;20.95;0.00;;30.0;30.0;30.0
C56;A03;X1;;1;9.18452;17.68;0.0;30.00;85.00;20.95;0.00;;30.0;30.0;30.0
C56;A04;X1;;1;9.19048;16.45;0.0;30.00;85.00;20.95;0.00;;30.0;30.0;30.0
C56;A05;X1;;1;9.19643;19.35;0.0;30.00;85.00;20.95;0.00;;30.0;30.0;30.0
C56;A06;X2;;1;9.20238;11.18;0.0;30.00;85.00;20.95;0.00;;30.0;30.0;30.0
C56;A07;X2;;1;9.20833;10.30;0.0;30.00;85.00;20.95;0.00;;30.0;30.0;30.0
C56;A08;X2;;1;9.21429;11.03;0.0;30.00;85.00;20.95;0.00;;30.0;30.0;30.0
C56;A09;X2;;1;9.22024;10.51;0.0;30.00;85.00;20.95;0.00;;30.0;30.0;30.0
C56;A10;X2;;1;9.22619;11.17;0.0;30.00;85.00;20.95;0.00;;30.0;30.0;30.0
C56;A11;X3;;1;9.23214;10.65;0.0;30.00;85.00;20.95;0.00;;30.0;30.0;30.0
C56;A12;X3;;1;9.23810;9.93;0.0;30.00;85.00;20.95;0.00;;30.0;30.0;30.0
C56;B01;X3;;1;9.24405;10.63;0.0;30.00;85.00;20.95;0.00;;30.0;30.0;30.0
C56;B02;X3;;1;9.25000;9.73;0.0;30.00;85.00;20.95;0.00;;30.0;30.0;30.0
C56;B03;X3;;1;9.25595;10.52;0.0;30.00;85.00;20.95;0.00;;30.0;30.0;30.0
C56;B04;X4;;1;9.26190;12.88;0.0;30.00;85.00;20.95;0.00;;30.0;30.0;30.0
C56;B05;X4;;1;9.26786;13.38;0.0;30.00;85.00;20.95;0.00;;30.0;30.0;30.0
C56;B06;X4;;1;9.27381;12.57;0.0;30.00;85.00;20.95;0.00;;30.0;30.0;30.0
C56;B07;X4;;1;9.27976;13.21;0.0;30.00;85.00;20.95;0.00;;30.0;30.0;30.0
C56;B08;X4;;1;9.28571;12.96;0.0;30.00;85.00;20.95;0.00;;30.0;30.0;30.0
C56;B09;B1;;1;9.29167;7.38;0.0;30.00;85.00;20.95;0.00;;30.0;30.0;30.0
C56;B10;B1;;1;9.29762;7.00;0.0;30.00;85.00;20.95;0.00;;30.0;30.0;30.0
C56;B11;B1;;1;9.30357;8.42;0.0;30.00;85.00;20.95;0.00;;30.0;30.0;30.0
R;;;;1;9.33333;179.22;0.0;30.00;85.00;20.95;0.00;test measure for referencing ;30.0;30.0;30.0
C57;A01;X1;;1;9.33929;18.94;0.0;30.00;85.00;20.95;0.00;;30.0;30.0;30.0
C57;A02;X1;;1;9.34524;18.08;0.0;30.00;85.00;20.95;0.00;;30.0;30.0;30.0
C57;A03;X1;;1;9.35119;18.73;0.0;30.00;85.00;20.95;0.00;;30.0;30.0;30.0
C57;A04;X1;;1;9.35714;17.32;0.0;30.00;85.00;20.95;0.00;;30.0;30.0;30.0
C57;A05;X1;;1;9.36310;19.58;0.0;30.00;85.00;20.95;0.00;;30.0;30.0;30.0
C57;A06;X2;;1;9.36905;11.70;0.0;30.00;85.00;20.95;0.00;;30.0;30.0;30.0
C57;A07;X2;;1;9.37500;10.67;0.0;30.00;85.00;20.95;0.00;;30.0;30.0;30.0
C57;A08;X2;;1;9.38095;10.85;0.0;30.00;85.00;20.95;0.00;;30.0;30.0;30.0
C57;A09;X2;;1;9.38690;11.03;0.0;30.00;85.00;20.95;0.00;;30.0;30.0;30.0
C57;A10;X2;;1;9.39286;10.92;0.0;30.00;85.00;20.95;0.00;;30.0;30.0;30.0
C57;A11;X3;;1;9.39881;10.31;0.0;30.00;85.00;20.95;0.00;;30.0;30.0;30.0
C57;A12;X3;;1;9.40476;9.80;0.0;30.00;85.00;20.95;0.00;;30.0;30.0;30.0
C57;B01;X3;;1;9.41071;10.56;0.0;30.00;85.00;20.95;0.00;;30.0;30.0;30.0
C57;B02;X3;;1;9.41667;10.00;0.0;30.00;85.00;20.95;0.00;;30.0;30.0;30.0
C57;B03;X3;;1;9.42262;10.63;0.0;30.00;85.00;20.95;0.00;;30.0;30.0;30.0
C57;B04;X4;;1;9.42857;12.90;0.0;30.00;85.00;20.95;0.00;;30.0;30.0;30.0
C57;B05;X4;;1;9.43452;13.40;0.0;30.00;85.00;20.95;0.00;;30.0;30.0;30.0
C57;B06;X4;;1;9.44048;13.02;0.0;30.00;85.00;20.95;0.00;;30.0;30.0;30.0
C57;B07;X4;;1;9.44643;13.44;0.0;30.00;85.00;20.95;0.00;;30.0;30.0;30.0
C57;B08;X4;;1;9.45238;12.88;0.0;30.00;85.00;20.95;0.00;;30.0;30.0;30.0
C57;B09;B1;;1;9.45833;8.62;0.0;30.00;85.00;20.95;0.00;;30.0;30.0;30.0
C57;B10;B1;;1;9.46429;8.04;0.0;30.00;85.00;20.95;0.00;;30.0;30.0;30.0
C57;B11;B1;;1;9.47024;7.36;0.0;30.00;85.00;20.95;0.00;;30.0;30.0;30.0
R;;;;1;9.50000;177.26;0.0;30.00;85.00;20.95;0.00;test measure for referencing ;30.0;30.0;30.0
C58;A01;X1;;1;9.50595;18.86;0.0;30.00;85.00;20.95;0.00;;30.0;30.0;30.0
C58;A02;X1;;1;9.51190;18.74;0.0;30.00;85.00;20.95;0.00;;30.0;30.0;30.0
C58;A03;X1;;1;9.51786;18.25;0.0;30.00;85.00;20.95;0.00;;30.0;30.0;30.0
C58;A04;X1;;1;9.52381;16.83;0.0;30.00;85.00;20.95;0.00;;30.0;30.0;30.0
C58;A05;X1;;1;9.52976;20.14;0.0;30.00;85.00;20.95;0.00;;30.0;30.0;30.0
C58;A06;X2;;1;9.53571;11.17;0.0;30.00;85.00;20.95;0.00;;30.0;30.0;30.0
C58;A07;X2;;1;9.54167;10.50;0.0;30.00;85.00;20.95;0.00;;30.0;30.0;30.0
C58;A08;X2;;1;9.54762;11.15;0.0;30.00;85.00;20.95;0.00;;30.0;30.0;30.0
C58;A09;X2;;1;9.55357;11.31;0.0;30.00;85.00;20.95;0.00;;30.0;30.0;30.0
C58;A10;X2;;1;9.55952;10.79;0.0;30.00;85.00;20.95;0.00;;30.0;30.0;30.0
C58;A11;X3;;1;9.56548;10.51;0.0;30.00;85.00;20.95;0.00;;30.0;30.0;30.0
C58;A12;X3;;1;9.57143;10.19;0.0;30.00;85.00;20.95;0.00;;30.0;30.0;30.0
C58;B01;X3;;1;9.57738;9.67;0.0;30.00;85.00;20.95;0.00;;30.0;30.0;30.0
C58;B02;X3;;1;9.58333;10.17;0.0;30.00;85.00;20.95;0.00;;30.0;30.0;30.0
C58;B03;X3;;1;9.58929;10.60;0.0;30.00;85.00;20.95;0.00;;30.0;30.0;30.0
C58;B04;X4;;1;9.59524;13.31;0.0;30.00;85.00;20.95;0.00;;30.0;30.0;30.0
C58;B05;X4;;1;9.60119;13.08;0.0;30.00;85.00;20.95;0.00;;30.0;30.0;30.0
C58;B06;X4;;1;9.60714;13.57;0.0;30.00;85.00;20.95;0.00;;30.0;30.0;30.0
C58;B07;X4;;1;9.61310;12.48;0.0;30.00;85.00;20.95;0.00;;30.0;30.0;30.0
C58;B08;X4;;1;9.61905;12.52;0.0;30.00;85.00;20.95;0.00;;30.0;30.0;30.0
C58;B09;B1;;1;9.62500;7.50;0.0;30.00;85.00;20.95;0.00;;30.0;30.0;30.0
C58;B10;B1;;1;9.63095;8.15;0.0;30.00;85.00;20.95;0.00;;30.0;30.0;30.0
C58;B11;B1;;1;9.63690;7.27;0.0;30.00;85.00;20.95;0.00;;30.0;30.0;30.0
R;;;;1;9.66667;179.20;0.0;30.00;85.00;20.95;0.00;test measure for referencing ;30.0;30.0;30.0
C59;A01;X1;;1;9.67262;19.47;0.0;30.00;85.00;20.95;0.00;;30.0;30.0;30.0
C59;A02;X1;;1;9.67857;18.89;0.0;30.00;85.00;20.95;0.00;;30.0;30.0;30.0
C59;A03;X1;;1;9.68452;19.34;0.0;30.00;85.00;20.95;0.00;;30.0;30.0;30.0
C59;A04;X1;;1;9.69048;17.95;0.0;30.00;85.00;20.95;0.00;;30.0;30.0;30.0
C59;A05;X1;;1;9.69643;20.95;0.0;30.00;85.00;20.95;0.00;;30.0;30.0;30.0
C59;A06;X2;;1;9.70238;11.45;0.0;30.00;85.00;20.95;0.00;;30.0;30.0;30.0
C59;A07;X2;;1;9.70833;10.19;0.0;30.00;85.00;20.95;0.00;;30.0;30.0;30.0
C59;A08;X2;;1;9.71429;11.82;0.0;30.00;85.00;20.95;0.00;;30.0;30.0;30.0
C59;A09;X2;;1;9.72024;11.07;0.0;30.00;85.00;20.95;0.00;;30.0;30.0;30.0
C59;A10;X2;;1;9.72619;10.23;0.0;30.00;85.00;20.95;0.00;;30.0;30.0;30.0
C59;A11;X3;;1;9.73214;10.76;0.0;30.00;85.00;20.95;0.00;;30.0;30.0;30.0
C59;A12;X3;;1;9.73810;10.62;0.0;30.00;85.00;20.95;0.00;;30.0;30.0;30.0
C59;B01;X3;;1;9.74405;10.13;0.0;30.00;85.00;20.95;0.00;;30.0;30.0;30.0
C59;B02;X3;;1;9.75000;9.63;0.0;30.00;85.00;20.95;0.00;;30.0;30.0;30.0
C59;B03;X3;;1;9.75595;11.18;0.0;30.00;85.00;20.95;0.00;;30.0;30.0;30.0
C59;B04;X4;;1;9.76190;13.70;0.0;30.00;85.00;20.95;0.00;;30.0;30.0;30.0
C59;B05;X4;;1;9.76786;13.97;0.0;30.00;85.00;20.95;0.00;;30.0;30.0;30.0
C59;B06;X4;;1;9.77381;13.56;0.0;30.00;85.00;20.95;0.00;;30.0;30.0;30.0
C59;B07;X4;;1;9.77976;12.99;0.0;30.00;85.00;20.95;0.00;;30.0;30.0;30.0
C59;B08;X4;;1;9.78571;13.08;0.0;30.00;85.00;20.95;0.00;;30.0;30.0;30.0
C59;B09;B1;;1;9.79167;7.90;0.0;30.00;85.00;20.95;0.00;;30.0;30.0;30.0
C59;B10;B1;;1;9.79762;8.88;0.0;30.00;85.00;20.95;0.00;;30.0;30.0;30.0
C59;B11;B1;;1;9.80357;7.74;0.0;30.00;85.00;20.95;0.00;;30.0;30.0;30.0
R;;;;1;9.83333;177.81;0.0;30.00;85.00;20.95;0.00;test measure for referencing ;30.0;30.0;30.0
C60;A01;X1;;1;9.83929;19.40;0.0;30.00;85.00;20.95;0.00;;30.0;30.0;30.0
C60;A02;X1;;1;9.84524;19.03;0.0;30.00;85.00;20.95;0.00;;30.0;30.0;30.0
C60;A03;X1;;1;9.85119;19.32;0.0;30.00;85.00;20.95;0.00;;30.0;30.0;30.0
C60;A04;X1;;1;9.85714;17.87;0.0;30.00;85.00;20.95;0.00;;30.0;30.0;30.0
C60;A05;X1;;1;9.86310;21.10;0.0;30.00;85.00;20.95;0.00;;30.0;30.0;30.0
C60;A06;X2;;1;9.86905;12.09;0.0;30.00;85.00;20.95;0.00;;30.0;30.0;30.0
C60;A07;X2;;1;9.87500;10.99;0.0;30.00;85.00;20.95;0.00;;30.0;30.0;30.0
C60;A08;X2;;1;9.88095;11.52;0.0;30.00;85.00;20.95;0.00;;30.0;30.0;30.0
C60;A09;X2;;1;9.88690;11.52;0.0;30.00;85.00;20.95;0.00;;30.0;30.0;30.0
C60;A10;X2;;1;9.89286;10.94;0.0;30.00;85.00;20.95;0.00;;30.0;30.0;30.0
C60;A11;X3;;1;9.89881;10.49;0.0;30.00;85.00;20.95;0.00;;30.0;30.0;30.0
C60;A12;X3;;1;9.90476;9.65;0.0;30.00;85.00;20.95;0.00;;30.0;30.0;30.0
C60;B01;X3;;1;9.91071;10.22;0.0;30.00;85.00;20.95;0.00;;30.0;30.0;30.0
C60;B02;X3;;1;9.91667;9.67;0.0;30.00;85.00;20.95;0.00;;30.0;30.0;30.0
C60;B03;X3;;1;9.92262;10.83;0.0;30.00;85.00;20.95;0.00;;30.0;30.0;30.0
C60;B04;X4;;1;9.92857;13.33;0.0;30.00;85.00;20.95;0.00;;30.0;30.0;30.0
C60;B05;X4;;1;9.93452;13.25;0.0;30.00;85.00;20.95;0.00;;30.0;30.0;30.0
C60;B06;X4;;1;9.94048;13.31;0.0;30.00;85.00;20.95;0.00;;30.0;30.0;30.0
C60;B07;X4;;1;9.94643;14.03;0.0;30.00;85.00;20.95;0.00;;30.0;30.0;30.0
C60;B08;X4;;1;9.95238;13.09;0.0;30.00;85.00;20.95;0.00;;30.0;30.0;30.0
C60;B09;B1;;1;9.95833;7.98;0.0;30.00;85.00;20.95;0.00;;30.0;30.0;30.0
C60;B10;B1;;1;9.96429;7.97;0.0;30.00;85.00;20.95;0.00;;30.0;30.0;30.0
C60;B11;B1;;1;9.97024;8.60;0.0;30.00;85.00;20.95;0.00;;30.0;30.0;30.0
R;;;;1;10.00000;179.37;0.0;30.00;85.00;20.95;0.00;test measure for referencing ;30.0;30.0;30.0
C61;A01;X1;;1;10.00595;20.46;0.0;30.00;85.00;20.95;0.00;;30.0;30.0;30.0
C61;A02;X1;;1;10.01190;19.72;0.0;30.00;85.00;20.95;0.00;;30.0;30.0;30.0
C61;A03;X1;;1;10.01786;19.51;0.0;30.00;85.00;20.95;0.00;;30.0;30.0;30.0
C61;A04;X1;;1;10.02381;18.80;0.0;30.00;85.00;20.95;0.00;;30.0;30.0;30.0
C61;A05;X1;;1;10.02976;22.20;0.0;30.00;85.00;20.95;0.00;;30.0;30.0;30.0
C61;A06;X2;;1;10.03571;11.33;0.0;30.00;85.00;20.95;0.00;;30.0;30.0;30.0
C61;A07;X2;;1;10.04167;11.16;0.0;30.00;85.00;20.95;0.00;;30.0;30.0;30.0
C61;A08;X2;;1;10.04762;11.56;0.0;30.00;85.00;20.95;0.00;;30.0;30.0;30.0
C61;A09;X2;;1;10.05357;11.13;0.0;30.00;85.00;20.95;0.00;;30.0;30.0;30.0
C61;A10;X2;;1;10.05952;10.78;0.0;30.00;85.00;20.95;0.00;;30.0;30.0;30.0
C61;A11;X3;;1;10.06548;10.97;0.0;30.00;85.00;20.95;0.00;;30.0;30.0;30.0
C61;A12;X3;;1;10.07143;9.84;0.0;30.00;85.00;20.95;0.00;;30.0;30.0;30.0
C61;B01;X3;;1;10.07738;10.04;0.0;30.00;85.00;20.95;0.00;;30.0;30.0;30.0
C61;B02;X3;;1;10.08333;9.99;0.0;30.00;85.00;20.95;0.00;;30.0;30.0;30.0
C61;B03;X3;;1;10.08929;10.53;0.0;30.00;85.00;20.95;0.00;;30.0;30.0;30.0
C61;B04;X4;;1;10.09524;13.77;0.0;30.00;85.00;20.95;0.00;;30.0;30.0;30.0
C61;B05;X4;;1;10.10119;14.27;0.0;30.00;85.00;20.95;0.00;;30.0;30.0;30.0
C61;B06;X4;;1;10.10714;13.73;0.0;30.00;85.00;20.95;0.00;;30.0;30.0;30.0
C61;B07;X4;;1;10.11310;13.71;0.0;30.00;85.00;20.95;0.00;;30.0;30.0;30.0
C61;B08;X4;;1;10.11905;13.44;0.0;30.00;85.00;20.95;0.00;;30.0;30.0;30.0
C61;B09;B1;;1;10.12500;7.76;0.0;30.00;85.00;20.95;0.00;;30.0;30.0;30.0
C61;B10;B1;;1;10.13095;8.59;0.0;30.00;85.00;20.95;0.00;;30.0;30.0;30.0
C61;B11;B1;;1;10.13690;7.40;0.0;30.00;85.00;20.95;0.00;;30.0;30.0;30.0
R;;;;1;10.16667;178.39;0.0;30.00;85.00;20.95;0.00;test measure for referencing ;30.0;30.0;30.0
C62;A01;X1;;1;10.17262;21.05;0.0;30.00;85.00;20.95;0.00;;30.0;30.0;30.0
C62;A02;X1;;1;10.17857;20.18;0.0;30.00;85.00;20.95;0.00;;30.0;30.0;30.0
C62;A03;X1;;1;10.18452;20.27;0.0;30.00;85.00;20.95;0.00;;30.0;30.0;30.0
C62;A04;X1;;1;10.19048;18.54;0.0;30.00;85.00;20.95;0.00;;30.0;30.0;30.0
C62;A05;X1;;1;10.19643;22.34;0.0;30.00;85.00;20.95;0.00;;30.0;30.0;30.0
C62;A06;X2;;1;10.20238;11.24;0.0;30.00;85.00;20.95;0.00;;30.0;30.0;30.0
C62;A07;X2;;1;10.20833;10.92;0.0;30.00;85.00;20.95;0.00;;30.0;30.0;30.0
C62;A08;X2;;1;10.21429;11.41;0.0;30.00;85.00;20.95;0.00;;30.0;30.0;30.0
C62;A09;X2;;1;10.22024;10.77;0.0;30.00;85.00;20.95;0.00;;30.0;30.0;30.0
C62;A10;X2;;1;10.22619;10.93;0.0;30.00;85.00;20.95;0.00;;30.0;30.0;30.0
C62;A11;X3;;1;10.23214;10.55;0.0;30.00;85.00;20.95;0.00;;30.0;30.0;30.0
C62;A12;X3;;1;10.23810;10.26;0.0;30.00;85.00;20.95;0.00;;30.0;30.0;30.0
C62;B01;X3;;1;10.24405;10.42;0.0;30.00;85.00;20.95;0.00;;30.0;30.0;30.0
C62;B02;X3;;1;10.25000;10.07;0.0;30.00;85.00;20.95;0.00;;30.0;30.0;30.0
C62;B03;X3;;1;10.25595;10.12;0.0;30.00;85.00;20.95;0.00;;30.0;30.0;30.0
C62;B04;X4;;1;10.26190;14.02;0.0;30.00;85.00;20.95;0.00;;30.0;30.0;30.0
C62;B05;X4;;1;10.26786;13.81;0.0;30.00;85.00;20.95;0.00;;30.0;30.0;30.0
C62;B06;X4;;1;10.27381;13.42;0.0;30.00;85.00;20.95;0.00;;30.0;30.0;30.0
C62;B07;X4;;1;10.27976;14.58;0.0;30.00;85.00;20.95;0.00;;30.0;30.0;30.0
C62;B08;X4;;1;10.28571;13.51;0.0;30.00;85.00;20.95;0.00;;30.0;30.0;30.0
C62;B09;B1;;1;10.29167;8.57;0.0;30.00;85.00;20.95;0.00;;30.0;30.0;30.0
C62;B10;B1;;1;10.29762;7.87;0.0;30.00;85.00;20.95;0.00;;30.0;30.0;30.0
C62;B11;B1;;1;10.30357;7.95;0.0;30.00;85.00;20.95;0.00;;30.0;30.0;30.0
R;;;;1;10.33333;176.85;0.0;30.00;85.00;20.95;0.00;test measure for referencing ;30.0;30.0;30.0
C63;A01;X1;;1;10.33929;21.44;0.0;30.00;85.00;20.95;0.00;;30.0;30.0;30.0
C63;A02;X1;;1;10.34524;20.52;0.0;30.00;85.00;20.95;0.00;;30.0;30.0;30.0
C63;A03;X1;;1;10.35119;20.88;0.0;30.00;85.00;20.95;0.00;;30.0;30.0;30.0
C63;A04;X1;;1;10.35714;19.13;0.0;30.00;85.00;20.95;0.00;;30.0;30.0;30.0
C63;A05;X1;;1;10.36310;22.76;0.0;30.00;85.00;20.95;0.00;;30.0;30.0;30.0
C63;A06;X2;;1;10.36905;11.64;0.0;30.00;85.00;20.95;0.00;;30.0;30.0;30.0
C63;A07;X2;;1;10.37500;10.89;0.0;30.00;85.00;20.95;0.00;;30.0;30.0;30.0
C63;A08;X2;;1;10.38095;11.39;0.0;30.00;85.00;20.95;0.00;;30.0;30.0;30.0
C63;A09;X2;;1;10.38690;10.96;0.0;30.00;85.00;20.95;0.00;;30.0;30.0;30.0
C63;A10;X2;;1;10.39286;10.16;0.0;30.00;85.00;20.95;0.00;;30.0;30.0;30.0
C63;A11;X3;;1;10.39881;10.77;0.0;30.00;85.00;20.95;0.00;;30.0;30.0;30.0
C63;A12;X3;;1;10.40476;10.72;0.0;30.00;85.00;20.95;0.00;;30.0;30.0;30.0
C63;B01;X3;;1;10.41071;10.41;0.0;30.00;85.00;20.95;0.00;;30.0;30.0;30.0
C63;B02;X3;;1;10.41667;10.60;0.0;30.00;85.00;20.95;0.00;;30.0;30.0;30.0
C63;B03;X3;;1;10.42262;10.56;0.0;30.00;85.00;20.95;0.00;;30.0;30.0;30.0
C63;B04;X4;;1;10.42857;13.70;0.0;30.00;85.00;20.95;0.00;;30.0;30.0;30.0
C63;B05;X4;;1;10.43452;14.06;0.0;30.00;85.00;20.95;0.00;;30.0;30.0;30.0
C63;B06;X4;;1;10.44048;13.94;0.0;30.00;85.00;20.95;0.00;;30.0;30.0;30.0
C63;B07;X4;;1;10.44643;14.24;0.0;30.00;85.00;20.95;0.00;;30.0;30.0;30.0
C63;B08;X4;;1;10.45238;13.52;0.0;30.00;85.00;20.95;0.00;;30.0;30.0;30.0
C63;B09;B1;;1;10.45833;8.19;0.0;30.00;85.00;20.95;0.00;;30.0;30.0;30.0
C63;B10;B1;;1;10.46429;7.55;0.0;30.00;85.00;20.95;0.00;;30.0;30.0;30.0
C63;B11;B1;;1;10.47024;8.11;0.0;30.00;85.00;20.95;0.00;;30.0;30.0;30.0
R;;;;1;10.50000;178.47;0.0;30.00;85.00;20.95;0.00;test measure for referencing ;30.0;30.0;30.0
C64;A01;X1;;1;10.50595;21.93;0.0;30.00;85.00;20.95;0.00;;30.0;30.0;30.0
C64;A02;X1;;1;10.51190;21.65;0.0;30.00;85.00;20.95;0.00;;30.0;30.0;30.0
C64;A03;X1;;1;10.51786;21.36;0.0;30.00;85.00;20.95;0.00;;30.0;30.0;30.0
C64;A04;X1;;1;10.52381;20.07;0.0;30.00;85.00;20.95;0.00;;30.0;30.0;30.0
C64;A05;X1;;1;10.52976;23.77;0.0;30.00;85.00;20.95;0.00;;30.0;30.0;30.0
C64;A06;X2;;1;10.53571;11.48;0.0;30.00;85.00;20.95;0.00;;30.0;30.0;30.0
C64;A07;X2;;1;10.54167;11.75;0.0;30.00;85.00;20.95;0.00;;30.0;30.0;30.0
C64;A08;X2;;1;10.54762;11.17;0.0;30.00;85.00;20.95;0.00;;30.0;30.0;30.0
C64;A09;X2;;1;10.55357;11.30;0.0;30.00;85.00;20.95;0.00;;30.0;30.0;30.0
C64;A10;X2;;1;10.55952;11.18;0.0;30.00;85.00;20.95;0.00;;30.0;30.0;30.0
C64;A11;X3;;1;10.56548;10.05;0.0;30.00;85.00;20.95;0.00;;30.0;30.0;30.0
C64;A12;X3;;1;10.57143;10.52;0.0;30.00;85.00;20.95;0.00;;30.0;30.0;30.0
C64;B01;X3;;1;10.57738;10.55;0.0;30.00;85.00;20.95;0.00;;30.0;30.0;30.0
C64;B02;X3;;1;10.58333;9.98;0.0;30.00;85.00;20.95;0.00;;30.0;30.0;30.0
C64;B03;X3;;1;10.58929;10.61;0.0;30.00;85.00;20.95;0.00;;30.0;30.0;30.0
C64;B04;X4;;1;10.59524;14.36;0.0;30.00;85.00;20.95;0.00;;30.0;30.0;30.0
C64;B05;X4;;1;10.60119;14.61;0.0;30.00;85.00;20.95;0.00;;30.0;30.0;30.0
C64;B06;X4;;1;10.60714;14.34;0.0;30.00;85.00;20.95;0.00;;30.0;30.0;30.0
C64;B07;X4;;1;10.61310;14.33;0.0;30.00;85.00;20.95;0.00;;30.0;30.0;30.0
C64;B08;X4;;1;10.61905;13.85;0.0;30.00;85.00;20.95;0.00;;30.0;30.0;30.0
C64;B09;B1;;1;10.62500;8.13;0.0;30.00;85.00;20.95;0.00;;30.0;30.0;30.0
C64;B10;B1;;1;10.63095;8.32;0.0;30.00;85.00;20.95;0.00;;30.0;30.0;30.0
C64;B11;B1;;1;10.63690;8.43;0.0;30.00;85.00;20.95;0.00;;30.0;30.0;30.0
R;;;;1;10.66667;176.34;0.0;30.00;85.00;20.95;0.00;test measure for referencing ;30.0;30.0;30.0
C65;A01;X1;;1;10.67262;21.54;0.0;30.00;85.00;20.95;0.00;;30.0;30.0;30.0
C65;A02;X1;;1;10.67857;21.50;0.0;30.00;85.00;20.95;0.00;;30.0;30.0;30.0
C65;A03;X1;;1;10.68452;21.64;0.0;30.00;85.00;20.95;0.00;;30.0;30.0;30.0
C65;A04;X1;;1;10.69048;19.57;0.0;30.00;85.00;20.95;0.00;;30.0;30.0;30.0
C65;A05;X1;;1;10.69643;23.74;0.0;30.00;85.00;20.95;0.00;;30.0;30.0;30.0
C65;A06;X2;;1;10.70238;11.80;0.0;30.00;85.00;20.95;0.00;;30.0;30.0;30.0
C65;A07;X2;;1;10.70833;11.07;0.0;30.00;85.00;20.95;0.00;;30.0;30.0;30.0
C65;A08;X2;;1;10.71429;11.94;0.0;30.00;85.00;20.95;0.00;;30.0;30.0;30.0
C65;A09;X2;;1;10.72024;10.92;0.0;30.00;85.00;20.95;0.00;;30.0;30.0;30.0
C65;A10;X2;;1;10.72619;10.87;0.0;30.00;85.00;20.95;0.00;;30.0;30.0;30.0
C65;A11;X3;;1;10.73214;11.20;0.0;30.00;85.00;20.95;0.00;;30.0;30.0;30.0
C65;A12;X3;;1;10.73810;10.30;0.0;30.00;85.00;20.95;0.00;;30.0;30.0;30.0
C65;B01;X3;;1;10.74405;9.75;0.0;30.00;85.00;20.95;0.00;;30.0;30.0;30.0
C65;B02;X3;;1;10.75000;9.96;0.0;30.00;85.00;20.95;0.00;;30.0;30.0;30.0
C65;B03;X3;;1;10.75595;10.76;0.0;30.00;85.00;20.95;0.00;;30.0;30.0;30.0
C65;B04;X4;;1;10.76190;14.93;0.0;30.00;85.00;20.95;0.00;;30.0;30.0;30.0
C65;B05;X4;;1;10.76786;14.88;0.0;30.00;85.00;20.95;0.00;;30.0;30.0;30.0
C65;B06;X4;;1;10.77381;14.37;0.0;30.00;85.00;20.95;0.00;;30.0;30.0;30.0
C65;B07;X4;;1;10.77976;14.12;0.0;30.00;85.00;20.95;0.00;;30.0;30.0;30.0
C65;B08;X4;;1;10.78571;13.80;0.0;30.00;85.00;20.95;0.00;;30.0;30.0;30.0
C65;B09;B1;;1;10.79167;8.36;0.0;30.00;85.00;20.95;0.00;;30.0;30.0;30.0
C65;B10;B1;;1;10.79762;7.50;0.0;30.00;85.00;20.95;0.00;;30.0;30.0;30.0
C65;B11;B1;;1;10.80357;7.86;0.0;30.00;85.00;20.95;0.00;;30.0;30.0;30.0
R;;;;1;10.83333;175.61;0.0;30.00;85.00;20.95;0.00;test measure for referencing ;30.0;30.0;30.0
C66;A01;X1;;1;10.83929;23.03;0.0;30.00;85.00;20.95;0.00;;30.0;30.0;30.0
C66;A02;X1;;1;10.84524;21.93;0.0;30.00;85.00;20.95;0.00;;30.0;30.0;30.0
C66;A03;X1;;1;10.85119;22.26;0.0;30.00;85.00;20.95;0.00;;30.0;30.0;30.0
C66;A04;X1;;1;10.85714;19.84;0.0;30.00;85.00;20.95;0.00;;30.0;30.0;30.0
C66;A05;X1;;1;10.86310;23.73;0.0;30.00;85.00;20.95;0.00;;30.0;30.0;30.0
C66;A06;X2;;1;10.86905;12.14;0.0;30.00;85.00;20.95;0.00;;30.0;30.0;30.0
C66;A07;X2;;1;10.87500;10.84;0.0;30.00;85.00;20.95;0.00;;30.0;30.0;30.0
C66;A08;X2;;1;10.88095;11.27;0.0;30.00;85.00;20.95;0.00;;30.0;30.0;30.0
C66;A09;X2;;1;10.88690;11.37;0.0;30.00;85.00;20.95;0.00;;30.0;30.0;30.0
C66;A10;X2;;1;10.89286;11.02;0.0;30.00;85.00;20.95;0.00;;30.0;30.0;30.0
C66;A11;X3;;1;10.89881;10.00;0.0;30.00;85.00;20.95;0.00;;30.0;30.0;30.0
C66;A12;X3;;1;10.90476;9.77;0.0;30.00;85.00;20.95;0.00;;30.0;30.0;30.0
C66;B01;X3;;1;10.91071;10.07;0.0;30.00;85.00;20.95;0.00;;30.0;30.0;30.0
C66;B02;X3;;1;10.91667;9.87;0.0;30.00;85.00;20.95;0.00;;30.0;30.0;30.0
C66;B03;X3;;1;10.92262;10.48;0.0;30.00;85.00;20.95;0.00;;30.0;30.0;30.0
C66;B04;X4;;1;10.92857;14.29;0.0;30.00;85.00;20.95;0.00;;30.0;30.0;30.0
C66;B05;X4;;1;10.93452;14.72;0.0;30.00;85.00;20.95;0.00;;30.0;30.0;30.0
C66;B06;X4;;1;10.94048;14.20;0.0;30.00;85.00;20.95;0.00;;30.0;30.0;30.0
C66;B07;X4;;1;10.94643;14.37;0.0;30.00;85.00;20.95;0.00;;30.0;30.0;30.0
C66;B08;X4;;1;10.95238;13.74;0.0;30.00;85.00;20.95;0.00;;30.0;30.0;30.0
C66;B09;B1;;1;10.95833;7.63;0.0;30.00;85.00;20.95;0.00;;30.0;30.0;30.0
C66;B10;B1;;1;10.96429;7.85;0.0;30.00;85.00;20.95;0.00;;30.0;30.0;30.0
C66;B11;B1;;1;10.97024;7.79;0.0;30.00;85.00;20.95;0.00;;30.0;30.0;30.0
R;;;;1;11.00000;178.13;0.0;30.00;85.00;20.95;0.00;test measure for referencing ;30.0;30.0;30.0
C67;A01;X1;;1;11.00595;23.39;0.0;30.00;85.00;20.95;0.00;;30.0;30.0;30.0
C67;A02;X1;;1;11.01190;22.81;0.0;30.00;85.00;20.95;0.00;;30.0;30.0;30.0
C67;A03;X1;;1;11.01786;23.04;0.0;30.00;85.00;20.95;0.00;;30.0;30.0;30.0
C67;A04;X1;;1;11.02381;21.18;0.0;30.00;85.00;20.95;0.00;;30.0;30.0;30.0
C67;A05;X1;;1;11.02976;24.66;0.0;30.00;85.00;20.95;0.00;;30.0;30.0;30.0
C67;A06;X2;;1;11.03571;12.10;0.0;30.00;85.00;20.95;0.00;;30.0;30.0;30.0
C67;A07;X2;;1;11.04167;10.66;0.0;30.00;85.00;20.95;0.00;;30.0;30.0;30.0
C67;A08;X2;;1;11.04762;11.80;0.0;30.00;85.00;20.95;0.00;;30.0;30.0;30.0
C67;A09;X2;;1;11.05357;11.20;0.0;30.00;85.00;20.95;0.00;;30.0;30.0;30.0
C67;A10;X2;;1;11.05952;11.22;0.0;30.00;85.00;20.95;0.00;;30.0;30.0;30.0
C67;A11;X3;;1;11.06548;11.06;0.0;30.00;85.00;20.95;0.00;;30.0;30.0;30.0
C67;A12;X3;;1;11.07143;9.64;0.0;30.00;85.00;20.95;0.00;;30.0;30.0;30.0
C67;B01;X3;;1;11.07738;10.38;0.0;30.00;85.00;20.95;0.00;;30.0;30.0;30.0
C67;B02;X3;;1;11.08333;10.09;0.0;30.00;85.00;20.95;0.00;;30.0;30.0;30.0
C67;B03;X3;;1;11.08929;10.38;0.0;30.00;85.00;20.95;0.00;;30.0;30.0;30.0
C67;B04;X4;;1;11.09524;14.93;0.0;30.00;85.00;20.95;0.00;;30.0;30.0;30.0
C67;B05;X4;;1;11.10119;15.05;0.0;30.00;85.00;20.95;0.00;;30.0;30.0;30.0
C67;B06;X4;;1;11.10714;14.56;0.0;30.00;85.00;20.95;0.00;;30.0;30.0;30.0
C67;B07;X4;;1;11.11310;14.65;0.0;30.00;85.00;20.95;0.00;;30.0;30.0;30.0
C67;B08;X4;;1;11.11905;14.60;0.0;30.00;85.00;20.95;0.00;;30.0;30.0;30.0
C67;B09;B1;;1;11.12500;8.19;0.0;30.00;85.00;20.95;0.00;;30.0;30.0;30.0
C67;B10;B1;;1;11.13095;8.25;0.0;30.00;85.00;20.95;0.00;;30.0;30.0;30.0
C67;B11;B1;;1;11.13690;7.69;0.0;30.00;85.00;20.95;0.00;;30.0;30.0;30.0
R;;;;1;11.16667;182.30;0.0;30.00;85.00;20.95;0.00;test measure for referencing ;30.0;30.0;30.0
C68;A01;X1;;1;11.17262;25.20;0.0;30.00;85.00;20.95;0.00;;30.0;30.0;30.0
C68;A02;X1;;1;11.17857;23.89;0.0;30.00;85.00;20.95;0.00;;30.0;30.0;30.0
C68;A03;X1;;1;11.18452;23.92;0.0;30.00;85.00;20.95;0.00;;30.0;30.0;30.0
C68;A04;X1;;1;11.19048;21.96;0.0;30.00;85.00;20.95;0.00;;30.0;30.0;30.0
C68;A05;X1;;1;11.19643;26.47;0.0;30.00;85.00;20.95;0.00;;30.0;30.0;30.0
C68;A06;X2;;1;11.20238;12.44;0.0;30.00;85.00;20.95;0.00;;30.0;30.0;30.0
C68;A07;X2;;1;11.20833;11.21;0.0;30.00;85.00;20.95;0.00;;30.0;30.0;30.0
C68;A08;X2;;1;11.21429;11.33;0.0;30.00;85.00;20.95;0.00;;30.0;30.0;30.0
C68;A09;X2;;1;11.22024;11.86;0.0;30.00;85.00;20.95;0.00;;30.0;30.0;30.0
C68;A10;X2;;1;11.22619;11.33;0.0;30.00;85.00;20.95;0.00;;30.0;30.0;30.0
C68;A11;X3;;1;11.23214;11.05;0.0;30.00;85.00;20.95;0.00;;30.0;30.0;30.0
C68;A12;X3;;1;11.23810;10.61;0.0;30.00;85.00;20.95;0.00;;30.0;30.0;30.0
C68;B01;X3;;1;11.24405;10.10;0.0;30.00;85.00;20.95;0.00;;30.0;30.0;30.0
C68;B02;X3;;1;11.25000;10.27;0.0;30.00;85.00;20.95;0.00;;30.0;30.0;30.0
C68;B03;X3;;1;11.25595;10.68;0.0;30.00;85.00;20.95;0.00;;30.0;30.0;30.0
C68;B04;X4;;1;11.26190;15.47;0.0;30.00;85.00;20.95;0.00;;30.0;30.0;30.0
C68;B05;X4;;1;11.26786;16.14;0.0;30.00;85.00;20.95;0.00;;30.0;30.0;30.0
C68;B06;X4;;1;11.27381;15.06;0.0;30.00;85.00;20.95;0.00;;30.0;30.0;30.0
C68;B07;X4;;1;11.27976;15.25;0.0;30.00;85.00;20.95;0.00;;30.0;30.0;30.0
C68;B08;X4;;1;11.28571;15.28;0.0;30.00;85.00;20.95;0.00;;30.0;30.0;30.0
C68;B09;B1;;1;11.29167;8.43;0.0;30.00;85.00;20.95;0.00;;30.0;30.0;30.0
C68;B10;B1;;1;11.29762;8.05;0.0;30.00;85.00;20.95;0.00;;30.0;30.0;30.0
C68;B11;B1;;1;11.30357;7.40;0.0;30.00;85.00;20.95;0.00;;30.0;30.0;30.0
R;;;;1;11.33333;177.37;0.0;30.00;85.00;20.95;0.00;test measure for referencing ;30.0;30.0;30.0
C69;A01;X1;;1;11.33929;24.54;0.0;30.00;85.00;20.95;0.00;;30.0;30.0;30.0
C69;A02;X1;;1;11.34524;23.99;0.0;30.00;85.00;20.95;0.00;;30.0;30.0;30.0
C69;A03;X1;;1;11.35119;23.80;0.0;30.00;85.00;20.95;0.00;;30.0;30.0;30.0
C69;A04;X1;;1;11.35714;22.13;0.0;30.00;85.00;20.95;0.00;;30.0;30.0;30.0
C69;A05;X1;;1;11.36310;25.96;0.0;30.00;85.00;20.95;0.00;;30.0;30.0;30.0
C69;A06;X2;;1;11.36905;11.70;0.0;30.00;85.00;20.95;0.00;;30.0;30.0;30.0
C69;A07;X2;;1;11.37500;11.32;0.0;30.00;85.00;20.95;0.00;;30.0;30.0;30.0
C69;A08;X2;;1;11.38095;11.58;0.0;30.00;85.00;20.95;0.00;;30.0;30.0;30.0
C69;A09;X2;;1;11.38690;11.48;0.0;30.00;85.00;20.95;0.00;;30.0;30.0;30.0
C69;A10;X2;;1;11.39286;11.33;0.0;30.00;85.00;20.95;0.00;;30.0;30.0;30.0
C69;A11;X3;;1;11.39881;11.04;0.0;30.00;85.00;20.95;0.00;;30.0;30.0;30.0
C69;A12;X3;;1;11.40476;9.99;0.0;30.00;85.00;20.95;0.00;;30.0;30.0;30.0
C69;B01;X3;;1;11.41071;10.08;0.0;30.00;85.00;20.95;0.00;;30.0;30.0;30.0
C69;B02;X3;;1;11.41667;9.57;0.0;30.00;85.00;20.95;0.00;;30.0;30.0;30.0
C69;B03;X3;;1;11.42262;10.09;0.0;30.00;85.00;20.95;0.00;;30.0;30.0;30.0
C69;B04;X4;;1;11.42857;15.22;0.0;30.00;85.00;20.95;0.00;;30.0;30.0;30.0
C69;B05;X4;;1;11.43452;15.38;0.0;30.00;85.00;20.95;0.00;;30.0;30.0;30.0
C69;B06;X4;;1;11.44048;14.28;0.0;30.00;85.00;20.95;0.00;;30.0;30.0;30.0
C69;B07;X4;;1;11.44643;15.45;0.0;30.00;85.00;20.95;0.00;;30.0;30.0;30.0
C69;B08;X4;;1;11.45238;14.43;0.0;30.00;85.00;20.95;0.00;;30.0;30.0;30.0
C69;B09;B1;;1;11.45833;7.78;0.0;30.00;85.00;20.95;0.00;;30.0;30.0;30.0
C69;B10;B1;;1;11.46429;8.07;0.0;30.00;85.00;20.95;0.00;;30.0;30.0;30.0
C69;B11;B1;;1;11.47024;8.06;0.0;30.00;85.00;20.95;0.00;;30.0;30.0;30.0
R;;;;1;11.50000;178.80;0.0;30.00;85.00;20.95;0.00;test measure for referencing ;30.0;30.0;30.0
C70;A01;X1;;1;11.50595;24.69;0.0;30.00;85.00;20.95;0.00;;30.0;30.0;30.0
C70;A02;X1;;1;11.51190;24.76;0.0;30.00;85.00;20.95;0.00;;30.0;30.0;30.0
C70;A03;X1;;1;11.51786;24.54;0.0;30.00;85.00;20.95;0.00;;30.0;30.0;30.0
C70;A04;X1;;1;11.52381;22.27;0.0;30.00;85.00;20.95;0.00;;30.0;30.0;30.0
C70;A05;X1;;1;11.52976;26.33;0.0;30.00;85.00;20.95;0.00;;30.0;30.0;30.0
C70;A06;X2;;1;11.53571;12.36;0.0;30.00;85.00;20.95;0.00;;30.0;30.0;30.0
C70;A07;X2;;1;11.54167;11.33;0.0;30.00;85.00;20.95;0.00;;30.0;30.0;30.0
C70;A08;X2;;1;11.54762;11.83;0.0;30.00;85.00;20.95;0.00;;30.0;30.0;30.0
C70;A09;X2;;1;11.55357;11.76;0.0;30.00;85.00;20.95;0.00;;30.0;30.0;30.0
C70;A10;X2;;1;11.55952;11.17;0.0;30.00;85.00;20.95;0.00;;30.0;30.0;30.0
C70;A11;X3;;1;11.56548;10.35;0.0;30.00;85.00;20.95;0.00;;30.0;30.0;30.0
C70;A12;X3;;1;11.57143;10.46;0.0;30.00;85.00;20.95;0.00;;30.0;30.0;30.0
C70;B01;X3;;1;11.57738;10.55;0.0;30.00;85.00;20.95;0.00;;30.0;30.0;30.0
C70;B02;X3;;1;11.58333;10.21;0.0;30.00;85.00;20.95;0.00;;30.0;30.0;30.0
C70;B03;X3;;1;11.58929;11.04;0.0;30.00;85.00;20.95;0.00;;30.0;30.0;30.0
C70;B04;X4;;1;11.59524;16.03;0.0;30.00;85.00;20.95;0.00;;30.0;30.0;30.0
C70;B05;X4;;1;11.60119;15.63;0.0;30.00;85.00;20.95;0.00;;30.0;30.0;30.0
C70;B06;X4;;1;11.60714;15.03;0.0;30.00;85.00;20.95;0.00;;30.0;30.0;30.0
C70;B07;X4;;1;11.61310;15.89;0.0;30.00;85.00;20.95;0.00;;30.0;30.0;30.0
C70;B08;X4;;1;11.61905;15.05;0.0;30.00;85.00;20.95;0.00;;30.0;30.0;30.0
C70;B09;B1;;1;11.62500;8.06;0.0;30.00;85.00;20.95;0.00;;30.0;30.0;30.0
C70;B10;B1;;1;11.63095;8.35;0.0;30.00;85.00;20.95;0.00;;30.0;30.0;30.0
C70;B11;B1;;1;11.63690;8.27;0.0;30.00;85.00;20.95;0.00;;30.0;30.0;30.0
R;;;;1;11.66667;178.12;0.0;30.00;85.00;20.95;0.00;test measure for referencing ;30.0;30.0;30.0
C71;A01;X1;;1;11.67262;25.83;0.0;30.00;85.00;20.95;0.00;;30.0;30.0;30.0
C71;A02;X1;;1;11.67857;24.87;0.0;30.00;85.00;20.95;0.00;;30.0;30.0;30.0
C71;A03;X1;;1;11.68452;25.16;0.0;30.00;85.00;20.95;0.00;;30.0;30.0;30.0
C71;A04;X1;;1;11.69048;22.83;0.0;30.00;85.00;20.95;0.00;;30.0;30.0;30.0
C71;A05;X1;;1;11.69643;26.95;0.0;30.00;85.00;20.95;0.00;;30.0;30.0;30.0
C71;A06;X2;;1;11.70238;11.82;0.0;30.00;85.00;20.95;0.00;;30.0;30.0;30.0
C71;A07;X2;;1;11.70833;11.12;0.0;30.00;85.00;20.95;0.00;;30.0;30.0;30.0
C71;A08;X2;;1;11.71429;12.07;0.0;30.00;85.00;20.95;0.00;;30.0;30.0;30.0
C71;A09;X2;;1;11.72024;12.05;0.0;30.00;85.00;20.95;0.00;;30.0;30.0;30.0
C71;A10;X2;;1;11.72619;11.20;0.0;30.00;85.00;20.95;0.00;;30.0;30.0;30.0
C71;A11;X3;;1;11.73214;10.90;0.0;30.00;85.00;20.95;0.00;;30.0;30.0;30.0
C71;A12;X3;;1;11.73810;10.04;0.0;30.00;85.00;20.95;0.00;;30.0;30.0;30.0
C71;B01;X3;;1;11.74405;9.94;0.0;30.00;85.00;20.95;0.00;;30.0;30.0;30.0
C71;B02;X3;;1;11.75000;9.94;0.0;30.00;85.00;20.95;0.00;;30.0;30.0;30.0
C71;B03;X3;;1;11.75595;10.46;0.0;30.00;85.00;20.95;0.00;;30.0;30.0;30.0
C71;B04;X4;;1;11.76190;15.71;0.0;30.00;85.00;20.95;0.00;;30.0;30.0;30.0
C71;B05;X4;;1;11.76786;16.07;0.0;30.00;85.00;20.95;0.00;;30.0;30.0;30.0
C71;B06;X4;;1;11.77381;15.81;0.0;30.00;85.00;20.95;0.00;;30.0;30.0;30.0
C71;B07;X4;;1;11.77976;15.72;0.0;30.00;85.00;20.95;0.00;;30.0;30.0;30.0
C71;B08;X4;;1;11.78571;14.66;0.0;30.00;85.00;20.95;0.00;;30.0;30.0;30.0
C71;B09;B1;;1;11.79167;8.00;0.0;30.00;85.00;20.95;0.00;;30.0;30.0;30.0
C71;B10;B1;;1;11.79762;7.69;0.0;30.00;85.00;20.95;0.00;;30.0;30.0;30.0
C71;B11;B1;;1;11.80357;8.03;0.0;30.00;85.00;20.95;0.00;;30.0;30.0;30.0
R;;;;1;11.83333;180.96;0.0;30.00;85.00;20.95;0.00;test measure for referencing ;30.0;30.0;30.0
C72;A01;X1;;1;11.83929;26.64;0.0;30.00;85.00;20.95;0.00;;30.0;30.0;30.0
C72;A02;X1;;1;11.84524;26.07;0.0;30.00;85.00;20.95;0.00;;30.0;30.0;30.0
C72;A03;X1;;1;11.85119;26.39;0.0;30.00;85.00;20.95;0.00;;30.0;30.0;30.0
C72;A04;X1;;1;11.85714;23.80;0.0;30.00;85.00;20.95;0.00;;30.0;30.0;30.0
C72;A05;X1;;1;11.86310;28.71;0.0;30.00;85.00;20.95;0.00;;30.0;30.0;30.0
C72;A06;X2;;1;11.86905;12.37;0.0;30.00;85.00;20.95;0.00;;30.0;30.0;30.0
C72;A07;X2;;1;11.87500;11.77;0.0;30.00;85.00;20.95;0.00;;30.0;30.0;30.0
C72;A08;X2;;1;11.88095;12.37;0.0;30.00;85.00;20.95;0.00;;30.0;30.0;30.0
C72;A09;X2;;1;11.88690;11.98;0.0;30.00;85.00;20.95;0.00;;30.0;30.0;30.0
C72;A10;X2;;1;11.89286;11.54;0.0;30.00;85.00;20.95;0.00;;30.0;30.0;30.0
C72;A11;X3;;1;11.89881;10.52;0.0;30.00;85.00;20.95;0.00;;30.0;30.0;30.0
C72;A12;X3;;1;11.90476;9.59;0.0;30.00;85.00;20.95;0.00;;30.0;30.0;30.0
C72;B01;X3;;1;11.91071;10.10;0.0;30.00;85.00;20.95;0.00;;30.0;30.0;30.0
C72;B02;X3;;1;11.91667;10.63;0.0;30.00;85.00;20.95;0.00;;30.0;30.0;30.0
C72;B03;X3;;1;11.92262;10.76;0.0;30.00;85.00;20.95;0.00;;30.0;30.0;30.0
C72;B04;X4;;1;11.92857;15.41;0.0;30.00;85.00;20.95;0.00;;30.0;30.0;30.0
C72;B05;X4;;1;11.93452;16.39;0.0;30.00;85.00;20.95;0.00;;30.0;30.0;30.0
C72;B06;X4;;1;11.94048;15.89;0.0;30.00;85.00;20.95;0.00;;30.0;30.0;30.0
C72;B07;X4;;1;11.94643;15.71;0.0;30.00;85.00;20.95;0.00;;30.0;30.0;30.0
C72;B08;X4;;1;11.95238;15.79;0.0;30.00;85.00;20.95;0.00;;30.0;30.0;30.0
C72;B09;B1;;1;11.95833;7.62;0.0;30.00;85.00;20.95;0.00;;30.0;30.0;30.0
C72;B10;B1;;1;11.96429;8.50;0.0;30.00;85.00;20.95;0.00;;30.0;30.0;30.0
C72;B11;B1;;1;11.97024;8.09;0.0;30.00;85.00;20.95;0.00;;30.0;30.0;30.0
R;;;;1;12.00000;184.51;0.0;30.00;85.00;20.95;0.00;test measure for referencing ;30.0;30.0;30.0
C73;A01;X1;;1;12.00595;27.60;0.0;30.00;85.00;20.95;0.00;;30.0;30.0;30.0
C73;A02;X1;;1;12.01190;27.33;0.0;30.00;85.00;20.95;0.00;;30.0;30.0;30.0
C73;A03;X1;;1;12.01786;26.93;0.0;30.00;85.00;20.95;0.00;;30.0;30.0;30.0
C73;A04;X1;;1;12.02381;25.50;0.0;30.00;85.00;20.95;0.00;;30.0;30.0;30.0
C73;A05;X1;;1;12.02976;29.94;0.0;30.00;85.00;20.95;0.00;;30.0;30.0;30.0
C73;A06;X2;;1;12.03571;12.79;0.0;30.00;85.00;20.95;0.00;;30.0;30.0;30.0
C73;A07;X2;;1;12.04167;11.83;0.0;30.00;85.00;20.95;0.00;;30.0;30.0;30.0
C73;A08;X2;;1;12.04762;11.97;0.0;30.00;85.00;20.95;0.00;;30.0;30.0;30.0
C73;A09;X2;;1;12.05357;11.90;0.0;30.00;85.00;20.95;0.00;;30.0;30.0;30.0
C73;A10;X2;;1;12.05952;11.32;0.0;30.00;85.00;20.95;0.00;;30.0;30.0;30.0
C73;A11;X3;;1;12.06548;10.85;0.0;30.00;85.00;20.95;0.00;;30.0;30.0;30.0
C73;A12;X3;;1;12.07143;10.67;0.0;30.00;85.00;20.95;0.00;;30.0;30.0;30.0
C73;B01;X3;;1;12.07738;10.94;0.0;30.00;85.00;20.95;0.00;;30.0;30.0;30.0
C73;B02;X3;;1;12.08333;10.68;0.0;30.00;85.00;20.95;0.00;;30.0;30.0;30.0
C73;B03;X3;;1;12.08929;11.11;0.0;30.00;85.00;20.95;0.00;;30.0;30.0;30.0
C73;B04;X4;;1;12.09524;16.48;0.0;30.00;85.00;20.95;0.00;;30.0;30.0;30.0
C73;B05;X4;;1;12.10119;17.25;0.0;30.00;85.00;20.95;0.00;;30.0;30.0;30.0
C73;B06;X4;;1;12.10714;16.06;0.0;30.00;85.00;20.95;0.00;;30.0;30.0;30.0
C73;B07;X4;;1;12.11310;16.89;0.0;30.00;85.00;20.95;0.00;;30.0;30.0;30.0
C73;B08;X4;;1;12.11905;16.41;0.0;30.00;85.00;20.95;0.00;;30.0;30.0;30.0
C73;B09;B1;;1;12.12500;8.17;0.0;30.00;85.00;20.95;0.00;;30.0;30.0;30.0
C73;B10;B1;;1;12.13095;8.05;0.0;30.00;85.00;20.95;0.00;;30.0;30.0;30.0
C73;B11;B1;;1;12.13690;8.07;0.0;30.00;85.00;20.95;0.00;;30.0;30.0;30.0
R;;;;1;12.16667;180.09;0.0;30.00;85.00;20.95;0.00;test measure for referencing ;30.0;30.0;30.0
C74;A01;X1;;1;12.17262;27.89;0.0;30.00;85.00;20.95;0.00;;30.0;30.0;30.0
C74;A02;X1;;1;12.17857;26.78;0.0;30.00;85.00;20.95;0.00;;30.0;30.0;30.0
C74;A03;X1;;1;12.18452;27.23;0.0;30.00;85.00;20.95;0.00;;30.0;30.0;30.0
C74;A04;X1;;1;12.19048;24.80;0.0;30.00;85.00;20.95;0.00;;30.0;30.0;30.0
C74;A05;X1;;1;12.19643;30.32;0.0;30.00;85.00;20.95;0.00;;30.0;30.0;30.0
C74;A06;X2;;1;12.20238;12.26;0.0;30.00;85.00;20.95;0.00;;30.0;30.0;30.0
C74;A07;X2;;1;12.20833;11.12;0.0;30.00;85.00;20.95;0.00;;30.0;30.0;30.0
C74;A08;X2;;1;12.21429;12.16;0.0;30.00;85.00;20.95;0.00;;30.0;30.0;30.0
C74;A09;X2;;1;12.22024;12.07;0.0;30.00;85.00;20.95;0.00;;30.0;30.0;30.0
C74;A10;X2;;1;12.22619;11.58;0.0;30.00;85.00;20.95;0.00;;30.0;30.0;30.0
C74;A11;X3;;1;12.23214;10.81;0.0;30.00;85.00;20.95;0.00;;30.0;30.0;30.0
C74;A12;X3;;1;12.23810;10.42;0.0;30.00;85.00;20.95;0.00;;30.0;30.0;30.0
C74;B01;X3;;1;12.24405;10.45;0.0;30.00;85.00;20.95;0.00;;30.0;30.0;30.0
C74;B02;X3;;1;12.25000;10.47;0.0;30.00;85.00;20.95;0.00;;30.0;30.0;30.0
C74;B03;X3;;1;12.25595;10.81;0.0;30.00;85.00;20.95;0.00;;30.0;30.0;30.0
C74;B04;X4;;1;12.26190;17.17;0.0;30.00;85.00;20.95;0.00;;30.0;30.0;30.0
C74;B05;X4;;1;12.26786;16.86;0.0;30.00;85.00;20.95;0.00;;30.0;30.0;30.0
C74;B06;X4;;1;12.27381;16.63;0.0;30.00;85.00;20.95;0.00;;30.0;30.0;30.0
C74;B07;X4;;1;12.27976;16.67;0.0;30.00;85.00;20.95;0.00;;30.0;30.0;30.0
C74;B08;X4;;1;12.28571;15.48;0.0;30.00;85.00;20.95;0.00;;30.0;30.0;30.0
C74;B09;B1;;1;12.29167;7.58;0.0;30.00;85.00;20.95;0.00;;30.0;30.0;30.0
C74;B10;B1;;1;12.29762;7.32;0.0;30.00;85.00;20.95;0.00;;30.0;30.0;30.0
C74;B11;B1;;1;12.30357;7.36;0.0;30.00;85.00;20.95;0.00;;30.0;30.0;30.0
R;;;;1;12.33333;181.14;0.0;30.00;85.00;20.95;0.00;test measure for referencing ;30.0;30.0;30.0
C75;A01;X1;;1;12.33929;28.59;0.0;30.00;85.00;20.95;0.00;;30.0;30.0;30.0
C75;A02;X1;;1;12.34524;28.18;0.0;30.00;85.00;20.95;0.00;;30.0;30.0;30.0
C75;A03;X1;;1;12.35119;27.88;0.0;30.00;85.00;20.95;0.00;;30.0;30.0;30.0
C75;A04;X1;;1;12.35714;25.85;0.0;30.00;85.00;20.95;0.00;;30.0;30.0;30.0
C75;A05;X1;;1;12.36310;30.42;0.0;30.00;85.00;20.95;0.00;;30.0;30.0;30.0
C75;A06;X2;;1;12.36905;12.64;0.0;30.00;85.00;20.95;0.00;;30.0;30.0;30.0
C75;A07;X2;;1;12.37500;11.61;0.0;30.00;85.00;20.95;0.00;;30.0;30.0;30.0
C75;A08;X2;;1;12.38095;12.07;0.0;30.00;85.00;20.95;0.00;;30.0;30.0;30.0
C75;A09;X2;;1;12.38690;11.93;0.0;30.00;85.00;20.95;0.00;;30.0;30.0;30.0
C75;A10;X2;;1;12.39286;12.24;0.0;30.00;85.00;20.95;0.00;;30.0;30.0;30.0
C75;A11;X3;;1;12.39881;11.12;0.0;30.00;85.00;20.95;0.00;;30.0;30.0;30.0
C75;A12;X3;;1;12.40476;10.70;0.0;30.00;85.00;20.95;0.00;;30.0;30.0;30.0
C75;B01;X3;;1;12.41071;10.06;0.0;30.00;85.00;20.95;0.00;;30.0;30.0;30.0
C75;B02;X3;;1;12.41667;10.04;0.0;30.00;85.00;20.95;0.00;;30.0;30.0;30.0
C75;B03;X3;;1;12.42262;10.86;0.0;30.00;85.00;20.95;0.00;;30.0;30.0;30.0
C75;B04;X4;;1;12.42857;16.27;0.0;30.00;85.00;20.95;0.00;;30.0;30.0;30.0
C75;B05;X4;;1;12.43452;17.67;0.0;30.00;85.00;20.95;0.00;;30.0;30.0;30.0
C75;B06;X4;;1;12.44048;16.58;0.0;30.00;85.00;20.95;0.00;;30.0;30.0;30.0
C75;B07;X4;;1;12.44643;17.00;0.0;30.00;85.00;20.95;0.00;;30.0;30.0;30.0
C75;B08;X4;;1;12.45238;16.26;0.0;30.00;85.00;20.95;0.00;;30.0;30.0;30.0
C75;B09;B1;;1;12.45833;8.00;0.0;30.00;85.00;20.95;0.00;;30.0;30.0;30.0
C75;B10;B1;;1;12.46429;7.89;0.0;30.00;85.00;20.95;0.00;;30.0;30.0;30.0
C75;B11;B1;;1;12.47024;8.65;0.0;30.00;85.00;20.95;0.00;;30.0;30.0;30.0
R;;;;1;12.50000;180.22;0.0;30.00;85.00;20.95;0.00;test measure for referencing ;30.0;30.0;30.0
C76;A01;X1;;1;12.50595;29.67;0.0;30.00;85.00;20.95;0.00;;30.0;30.0;30.0
C76;A02;X1;;1;12.51190;28.40;0.0;30.00;85.00;20.95;0.00;;30.0;30.0;30.0
C76;A03;X1;;1;12.51786;28.38;0.0;30.00;85.00;20.95;0.00;;30.0;30.0;30.0
C76;A04;X1;;1;12.52381;26.71;0.0;30.00;85.00;20.95;0.00;;30.0;30.0;30.0
C76;A05;X1;;1;12.52976;30.91;0.0;30.00;85.00;20.95;0.00;;30.0;30.0;30.0
C76;A06;X2;;1;12.53571;12.18;0.0;30.00;85.00;20.95;0.00;;30.0;30.0;30.0
C76;A07;X2;;1;12.54167;11.89;0.0;30.00;85.00;20.95;0.00;;30.0;30.0;30.0
C76;A08;X2;;1;12.54762;12.52;0.0;30.00;85.00;20.95;0.00;;30.0;30.0;30.0
C76;A09;X2;;1;12.55357;11.57;0.0;30.00;85.00;20.95;0.00;;30.0;30.0;30.0
C76;A10;X2;;1;12.55952;11.49;0.0;30.00;85.00;20.95;0.00;;30.0;30.0;30.0
C76;A11;X3;;1;12.56548;10.95;0.0;30.00;85.00;20.95;0.00;;30.0;30.0;30.0
C76;A12;X3;;1;12.57143;10.36;0.0;30.00;85.00;20.95;0.00;;30.0;30.0;30.0
C76;B01;X3;;1;12.57738;10.13;0.0;30.00;85.00;20.95;0.00;;30.0;30.0;30.0
C76;B02;X3;;1;12.58333;10.40;0.0;30.00;85.00;20.95;0.00;;30.0;30.0;30.0
C76;B03;X3;;1;12.58929;10.56;0.0;30.00;85.00;20.95;0.00;;30.0;30.0;30.0
C76;B04;X4;;1;12.59524;16.92;0.0;30.00;85.00;20.95;0.00;;30.0;30.0;30.0
C76;B05;X4;;1;12.60119;16.76;0.0;30.00;85.00;20.95;0.00;;30.0;30.0;30.0
C76;B06;X4;;1;12.60714;16.63;0.0;30.00;85.00;20.95;0.00;;30.0;30.0;30.0
C76;B07;X4;;1;12.61310;16.59;0.0;30.00;85.00;20.95;0.00;;30.0;30.0;30.0
C76;B08;X4;;1;12.61905;16.69;0.0;30.00;85.00;20.95;0.00;;30.0;30.0;30.0
C76;B09;B1;;1;12.62500;8.25;0.0;30.00;85.00;20.95;0.00;;30.0;30.0;30.0
C76;B10;B1;;1;12.63095;7.85;0.0;30.00;85.00;20.95;0.00;;30.0;30.0;30.0
C76;B11;B1;;1;12.63690;8.12;0.0;30.00;85.00;20.95;0.00;;30.0;30.0;30.0
R;;;;1;12.66667;179.18;0.0;30.00;85.00;20.95;0.00;test measure for referencing ;30.0;30.0;30.0
C77;A01;X1;;1;12.67262;29.74;0.0;30.00;85.00;20.95;0.00;;30.0;30.0;30.0
C77;A02;X1;;1;12.67857;29.08;0.0;30.00;85.00;20.95;0.00;;30.0;30.0;30.0
C77;A03;X1;;1;12.68452;29.08;0.0;30.00;85.00;20.95;0.00;;30.0;30.0;30.0
C77;A04;X1;;1;12.69048;26.60;0.0;30.00;85.00;20.95;0.00;;30.0;30.0;30.0
C77;A05;X1;;1;12.69643;31.55;0.0;30.00;85.00;20.95;0.00;;30.0;30.0;30.0
C77;A06;X2;;1;12.70238;12.85;0.0;30.00;85.00;20.95;0.00;;30.0;30.0;30.0
C77;A07;X2;;1;12.70833;11.71;0.0;30.00;85.00;20.95;0.00;;30.0;30.0;30.0
C77;A08;X2;;1;12.71429;12.17;0.0;30.00;85.00;20.95;0.00;;30.0;30.0;30.0
C77;A09;X2;;1;12.72024;12.16;0.0;30.00;85.00;20.95;0.00;;30.0;30.0;30.0
C77;A10;X2;;1;12.72619;11.44;0.0;30.00;85.00;20.95;0.00;;30.0;30.0;30.0
C77;A11;X3;;1;12.73214;10.77;0.0;30.00;85.00;20.95;0.00;;30.0;30.0;30.0
C77;A12;X3;;1;12.73810;10.55;0.0;30.00;85.00;20.95;0.00;;30.0;30.0;30.0
C77;B01;X3;;1;12.74405;10.65;0.0;30.00;85.00;20.95;0.00;;30.0;30.0;30.0
C77;B02;X3;;1;12.75000;10.35;0.0;30.00;85.00;20.95;0.00;;30.0;30.0;30.0
C77;B03;X3;;1;12.75595;10.23;0.0;30.00;85.00;20.95;0.00;;30.0;30.0;30.0
C77;B04;X4;;1;12.76190;17.16;0.0;30.00;85.00;20.95;0.00;;30.0;30.0;30.0
C77;B05;X4;;1;12.76786;17.59;0.0;30.00;85.00;20.95;0.00;;30.0;30.0;30.0
C77;B06;X4;;1;12.77381;16.95;0.0;30.00;85.00;20.95;0.00;;30.0;30.0;30.0
C77;B07;X4;;1;12.77976;17.06;0.0;30.00;85.00;20.95;0.00;;30.0;30.0;30.0
C77;B08;X4;;1;12.78571;16.32;0.0;30.00;85.00;20.95;0.00;;30.0;30.0;30.0
C77;B09;B1;;1;12.79167;7.96;0.0;30.00;85.00;20.95;0.00;;30.0;30.0;30.0
C77;B10;B1;;1;12.79762;7.65;0.0;30.00;85.00;20.95;0.00;;30.0;30.0;30.0
C77;B11;B1;;1;12.80357;7.58;0.0;30.00;85.00;20.95;0.00;;30.0;30.0;30.0
R;;;;1;12.83333;178.86;0.0;30.00;85.00;20.95;0.00;test measure for referencing ;30.0;30.0;30.0
C78;A01;X1;;1;12.83929;30.67;0.0;30.00;85.00;20.95;0.00;;30.0;30.0;30.0
C78;A02;X1;;1;12.84524;29.60;0.0;30.00;85.00;20.95;0.00;;30.0;30.0;30.0
C78;A03;X1;;1;12.85119;30.04;0.0;30.00;85.00;20.95;0.00;;30.0;30.0;30.0
C78;A04;X1;;1;12.85714;26.98;0.0;30.00;85.00;20.95;0.00;;30.0;30.0;30.0
C78;A05;X1;;1;12.86310;32.64;0.0;30.00;85.00;20.95;0.00;;30.0;30.0;30.0
C78;A06;X2;;1;12.86905;12.38;0.0;30.00;85.00;20.95;0.00;;30.0;30.0;30.0
C78;A07;X2;;1;12.87500;11.43;0.0;30.00;85.00;20.95;0.00;;30.0;30.0;30.0
C78;A08;X2;;1;12.88095;12.08;0.0;30.00;85.00;20.95;0.00;;30.0;30.0;30.0
C78;A09;X2;;1;12.88690;11.72;0.0;30.00;85.00;20.95;0.00;;30.0;30.0;30.0
C78;A10;X2;;1;12.89286;11.52;0.0;30.00;85.00;20.95;0.00;;30.0;30.0;30.0
C78;A11;X3;;1;12.89881;10.65;0.0;30.00;85.00;20.95;0.00;;30.0;30.0;30.0
C78;A12;X3;;1;12.90476;10.71;0.0;30.00;85.00;20.95;0.00;;30.0;30.0;30.0
C78;B01;X3;;1;12.91071;10.22;0.0;30.00;85.00;20.95;0.00;;30.0;30.0;30.0
C78;B02;X3;;1;12.91667;9.71;0.0;30.00;85.00;20.95;0.00;;30.0;30.0;30.0
C78;B03;X3;;1;12.92262;10.60;0.0;30.00;85.00;20.95;0.00;;30.0;30.0;30.0
C78;B04;X4;;1;12.92857;17.48;0.0;30.00;85.00;20.95;0.00;;30.0;30.0;30.0
C78;B05;X4;;1;12.93452;17.74;0.0;30.00;85.00;20.95;0.00;;30.0;30.0;30.0
C78;B06;X4;;1;12.94048;17.29;0.0;30.00;85.00;20.95;0.00;;30.0;30.0;30.0
C78;B07;X4;;1;12.94643;17.29;0.0;30.00;85.00;20.95;0.00;;30.0;30.0;30.0
C78;B08;X4;;1;12.95238;16.60;0.0;30.00;85.00;20.95;0.00;;30.0;30.0;30.0
C78;B09;B1;;1;12.95833;8.63;0.0;30.00;85.00;20.95;0.00;;30.0;30.0;30.0
C78;B10;B1;;1;12.96429;7.99;0.0;30.00;85.00;20.95;0.00;;30.0;30.0;30.0
C78;B11;B1;;1;12.97024;8.20;0.0;30.00;85.00;20.95;0.00;;30.0;30.0;30.0
R;;;;1;13.00000;179.86;0.0;30.00;85.00;20.95;0.00;test measure for referencing ;30.0;30.0;30.0
C79;A01;X1;;1;13.00595;31.40;0.0;30.00;85.00;20.95;0.00;;30.0;30.0;30.0
C79;A02;X1;;1;13.01190;30.38;0.0;30.00;85.00;20.95;0.00;;30.0;30.0;30.0
C79;A03;X1;;1;13.01786;30.47;0.0;30.00;85.00;20.95;0.00;;30.0;30.0;30.0
C79;A04;X1;;1;13.02381;28.35;0.0;30.00;85.00;20.95;0.00;;30.0;30.0;30.0
C79;A05;X1;;1;13.02976;33.18;0.0;30.00;85.00;20.95;0.00;;30.0;30.0;30.0
C79;A06;X2;;1;13.03571;12.54;0.0;30.00;85.00;20.95;0.00;;30.0;30.0;30.0
C79;A07;X2;;1;13.04167;12.01;0.0;30.00;85.00;20.95;0.00;;30.0;30.0;30.0
C79;A08;X2;;1;13.04762;12.21;0.0;30.00;85.00;20.95;0.00;;30.0;30.0;30.0
C79;A09;X2;;1;13.05357;11.64;0.0;30.00;85.00;20.95;0.00;;30.0;30.0;30.0
C79;A10;X2;;1;13.05952;11.84;0.0;30.00;85.00;20.95;0.00;;30.0;30.0;30.0
C79;A11;X3;;1;13.06548;11.27;0.0;30.00;85.00;20.95;0.00;;30.0;30.0;30.0
C79;A12;X3;;1;13.07143;10.48;0.0;30.00;85.00;20.95;0.00;;30.0;30.0;30.0
C79;B01;X3;;1;13.07738;9.90;0.0;30.00;85.00;20.95;0.00;;30.0;30.0;30.0
C79;B02;X3;;1;13.08333;10.39;0.0;30.00;85.00;20.95;0.00;;30.0;30.0;30.0
C79;B03;X3;;1;13.08929;11.31;0.0;30.00;85.00;20.95;0.00;;30.0;30.0;30.0
C79;B04;X4;;1;13.09524;17.28;0.0;30.00;85.00;20.95;0.00;;30.0;30.0;30.0
C79;B05;X4;;1;13.10119;17.40;0.0;30.00;85.00;20.95;0.00;;30.0;30.0;30.0
C79;B06;X4;;1;13.10714;17.32;0.0;30.00;85.00;20.95;0.00;;30.0;30.0;30.0
C79;B07;X4;;1;13.11310;17.95;0.0;30.00;85.00;20.95;0.00;;30.0;30.0;30.0
C79;B08;X4;;1;13.11905;17.44;0.0;30.00;85.00;20.95;0.00;;30.0;30.0;30.0
C79;B09;B1;;1;13.12500;8.36;0.0;30.00;85.00;20.95;0.00;;30.0;30.0;30.0
C79;B10;B1;;1;13.13095;8.07;0.0;30.00;85.00;20.95;0.00;;30.0;30.0;30.0
C79;B11;B1;;1;13.13690;8.25;0.0;30.00;85.00;20.95;0.00;;30.0;30.0;30.0
R;;;;1;13.16667;179.59;0.0;30.00;85.00;20.95;0.00;test measure for referencing ;30.0;30.0;30.0
C80;A01;X1;;1;13.17262;31.88;0.0;30.00;85.00;20.95;0.00;;30.0;30.0;30.0
C80;A02;X1;;1;13.17857;30.95;0.0;30.00;85.00;20.95;0.00;;30.0;30.0;30.0
C80;A03;X1;;1;13.18452;31.09;0.0;30.00;85.00;20.95;0.00;;30.0;30.0;30.0
C80;A04;X1;;1;13.19048;28.79;0.0;30.00;85.00;20.95;0.00;;30.0;30.0;30.0
C80;A05;X1;;1;13.19643;34.10;0.0;30.00;85.00;20.95;0.00;;30.0;30.0;30.0
C80;A06;X2;;1;13.20238;12.42;0.0;30.00;85.00;20.95;0.00;;30.0;30.0;30.0
C80;A07;X2;;1;13.20833;12.16;0.0;30.00;85.00;20.95;0.00;;30.0;30.0;30.0
C80;A08;X2;;1;13.21429;12.16;0.0;30.00;85.00;20.95;0.00;;30.0;30.0;30.0
C80;A09;X2;;1;13.22024;12.07;0.0;30.00;85.00;20.95;0.00;;30.0;30.0;30.0
C80;A10;X2;;1;13.22619;11.78;0.0;30.00;85.00;20.95;0.00;;30.0;30.0;30.0
C80;A11;X3;;1;13.23214;10.38;0.0;30.00;85.00;20.95;0.00;;30.0;30.0;30.0
C80;A12;X3;;1;13.23810;10.29;0.0;30.00;85.00;20.95;0.00;;30.0;30.0;30.0
C80;B01;X3;;1;13.24405;10.64;0.0;30.00;85.00;20.95;0.00;;30.0;30.0;30.0
C80;B02;X3;;1;13.25000;10.44;0.0;30.00;85.00;20.95;0.00;;30.0;30.0;30.0
C80;B03;X3;;1;13.25595;10.37;0.0;30.00;85.00;20.95;0.00;;30.0;30.0;30.0
C80;B04;X4;;1;13.26190;17.74;0.0;30.00;85.00;20.95;0.00;;30.0;30.0;30.0
C80;B05;X4;;1;13.26786;18.14;0.0;30.00;85.00;20.95;0.00;;30.0;30.0;30.0
C80;B06;X4;;1;13.27381;17.56;0.0;30.00;85.00;20.95;0.00;;30.0;30.0;30.0
C80;B07;X4;;1;13.27976;18.16;0.0;30.00;85.00;20.95;0.00;;30.0;30.0;30.0
C80;B08;X4;;1;13.28571;16.98;0.0;30.00;85.00;20.95;0.00;;30.0;30.0;30.0
C80;B09;B1;;1;13.29167;8.15;0.0;30.00;85.00;20.95;0.00;;30.0;30.0;30.0
C80;B10;B1;;1;13.29762;8.05;0.0;30.00;85.00;20.95;0.00;;30.0;30.0;30.0
C80;B11;B1;;1;13.30357;8.00;0.0;30.00;85.00;20.95;0.00;;30.0;30.0;30.0
R;;;;1;13.33333;177.82;0.0;30.00;85.00;20.95;0.00;test measure for referencing ;30.0;30.0;30.0
C81;A01;X1;;1;13.33929;32.14;0.0;30.00;85.00;20.95;0.00;;30.0;30.0;30.0
C81;A02;X1;;1;13.34524;30.79;0.0;30.00;85.00;20.95;0.00;;30.0;30.0;30.0
C81;A03;X1;;1;13.35119;31.54;0.0;30.00;85.00;20.95;0.00;;30.0;30.0;30.0
C81;A04;X1;;1;13.35714;28.96;0.0;30.00;85.00;20.95;0.00;;30.0;30.0;30.0
C81;A05;X1;;1;13.36310;34.32;0.0;30.00;85.00;20.95;0.00;;30.0;30.0;30.0
C81;A06;X2;;1;13.36905;12.14;0.0;30.00;85.00;20.95;0.00;;30.0;30.0;30.0
C81;A07;X2;;1;13.37500;12.15;0.0;30.00;85.00;20.95;0.00;;30.0;30.0;30.0
C81;A08;X2;;1;13.38095;12.64;0.0;30.00;85.00;20.95;0.00;;30.0;30.0;30.0
C81;A09;X2;;1;13.38690;11.53;0.0;30.00;85.00;20.95;0.00;;30.0;30.0;30.0
C81;A10;X2;;1;13.39286;11.80;0.0;30.00;85.00;20.95;0.00;;30.0;30.0;30.0
C81;A11;X3;;1;13.39881;10.89;0.0;30.00;85.00;20.95;0.00;;30.0;30.0;30.0
C81;A12;X3;;1;13.40476;9.56;0.0;30.00;85.00;20.95;0.00;;30.0;30.0;30.0
C81;B01;X3;;1;13.41071;10.45;0.0;30.00;85.00;20.95;0.00;;30.0;30.0;30.0
C81;B02;X3;;1;13.41667;10.30;0.0;30.00;85.00;20.95;0.00;;30.0;30.0;30.0
C81;B03;X3;;1;13.42262;10.84;0.0;30.00;85.00;20.95;0.00;;30.0;30.0;30.0
C81;B04;X4;;1;13.42857;18.13;0.0;30.00;85.00;20.95;0.00;;30.0;30.0;30.0
C81;B05;X4;;1;13.43452;18.37;0.0;30.00;85.00;20.95;0.00;;30.0;30.0;30.0
C81;B06;X4;;1;13.44048;17.58;0.0;30.00;85.00;20.95;0.00;;30.0;30.0;30.0
C81;B07;X4;;1;13.44643;18.42;0.0;30.00;85.00;20.95;0.00;;30.0;30.0;30.0
C81;B08;X4;;1;13.45238;17.88;0.0;30.00;85.00;20.95;0.00;;30.0;30.0;30.0
C81;B09;B1;;1;13.45833;7.76;0.0;30.00;85.00;20.95;0.00;;30.0;30.0;30.0
C81;B10;B1;;1;13.46429;7.84;0.0;30.00;85.00;20.95;0.00;;30.0;30.0;30.0
C81;B11;B1;;1;13.47024;8.22;0.0;30.00;85.00;20.95;0.00;;30.0;30.0;30.0
R;;;;1;13.50000;175.25;0.0;30.00;85.00;20.95;0.00;test measure for referencing ;30.0;30.0;30.0
C82;A01;X1;;1;13.50595;32.51;0.0;30.00;85.00;20.95;0.00;;30.0;30.0;30.0
C82;A02;X1;;1;13.51190;31.42;0.0;30.00;85.00;20.95;0.00;;30.0;30.0;30.0
C82;A03;X1;;1;13.51786;31.02;0.0;30.00;85.00;20.95;0.00;;30.0;30.0;30.0
C82;A04;X1;;1;13.52381;29.28;0.0;30.00;85.00;20.95;0.00;;30.0;30.0;30.0
C82;A05;X1;;1;13.52976;34.29;0.0;30.00;85.00;20.95;0.00;;30.0;30.0;30.0
C82;A06;X2;;1;13.53571;12.59;0.0;30.00;85.00;20.95;0.00;;30.0;30.0;30.0
C82;A07;X2;;1;13.54167;12.06;0.0;30.00;85.00;20.95;0.00;;30.0;30.0;30.0
C82;A08;X2;;1;13.54762;11.83;0.0;30.00;85.00;20.95;0.00;;30.0;30.0;30.0
C82;A09;X2;;1;13.55357;11.62;0.0;30.00;85.00;20.95;0.00;;30.0;30.0;30.0
C82;A10;X2;;1;13.55952;11.56;0.0;30.00;85.00;20.95;0.00;;30.0;30.0;30.0
C82;A11;X3;;1;13.56548;10.20;0.0;30.00;85.00;20.95;0.00;;30.0;30.0;30.0
C82;A12;X3;;1;13.57143;10.38;0.0;30.00;85.00;20.95;0.00;;30.0;30.0;30.0
C82;B01;X3;;1;13.57738;10.21;0.0;30.00;85.00;20.95;0.00;;30.0;30.0;30.0
C82;B02;X3;;1;13.58333;10.25;0.0;30.00;85.00;20.95;0.00;;30.0;30.0;30.0
C82;B03;X3;;1;13.58929;9.96;0.0;30.00;85.00;20.95;0.00;;30.0;30.0;30.0
C82;B04;X4;;1;13.59524;18.16;0.0;30.00;85.00;20.95;0.00;;30.0;30.0;30.0
C82;B05;X4;;1;13.60119;18.71;0.0;30.00;85.00;20.95;0.00;;30.0;30.0;30.0
C82;B06;X4;;1;13.60714;17.24;0.0;30.00;85.00;20.95;0.00;;30.0;30.0;30.0
C82;B07;X4;;1;13.61310;18.55;0.0;30.00;85.00;20.95;0.00;;30.0;30.0;30.0
C82;B08;X4;;1;13.61905;17.17;0.0;30.00;85.00;20.95;0.00;;30.0;30.0;30.0
C82;B09;B1;;1;13.62500;7.91;0.0;30.00;85.00;20.95;0.00;;30.0;30.0;30.0
C82;B10;B1;;1;13.63095;7.34;0.0;30.00;85.00;20.95;0.00;;30.0;30.0;30.0
C82;B11;B1;;1;13.63690;8.14;0.0;30.00;85.00;20.95;0.00;;30.0;30.0;30.0
R;;;;1;13.66667;182.00;0.0;30.00;85.00;20.95;0.00;test measure for referencing ;30.0;30.0;30.0
C83;A01;X1;;1;13.67262;34.32;0.0;30.00;85.00;20.95;0.00;;30.0;30.0;30.0
C83;A02;X1;;1;13.67857;33.37;0.0;30.00;85.00;20.95;0.00;;30.0;30.0;30.0
C83;A03;X1;;1;13.68452;33.92;0.0;30.00;85.00;20.95;0.00;;30.0;30.0;30.0
C83;A04;X1;;1;13.69048;30.66;0.0;30.00;85.00;20.95;0.00;;30.0;30.0;30.0
C83;A05;X1;;1;13.69643;36.62;0.0;30.00;85.00;20.95;0.00;;30.0;30.0;30.0
C83;A06;X2;;1;13.70238;13.15;0.0;30.00;85.00;20.95;0.00;;30.0;30.0;30.0
C83;A07;X2;;1;13.70833;12.31;0.0;30.00;85.00;20.95;0.00;;30.0;30.0;30.0
C83;A08;X2;;1;13.71429;13.20;0.0;30.00;85.00;20.95;0.00;;30.0;30.0;30.0
C83;A09;X2;;1;13.72024;12.84;0.0;30.00;85.00;20.95;0.00;;30.0;30.0;30.0
C83;A10;X2;;1;13.72619;12.65;0.0;30.00;85.00;20.95;0.00;;30.0;30.0;30.0
C83;A11;X3;;1;13.73214;11.13;0.0;30.00;85.00;20.95;0.00;;30.0;30.0;30.0
C83;A12;X3;;1;13.73810;10.92;0.0;30.00;85.00;20.95;0.00;;30.0;30.0;30.0
C83;B01;X3;;1;13.74405;10.33;0.0;30.00;85.00;20.95;0.00;;30.0;30.0;30.0
C83;B02;X3;;1;13.75000;10.65;0.0;30.00;85.00;20.95;0.00;;30.0;30.0;30.0
C83;B03;X3;;1;13.75595;11.44;0.0;30.00;85.00;20.95;0.00;;30.0;30.0;30.0
C83;B04;X4;;1;13.76190;19.81;0.0;30.00;85.00;20.95;0.00;;30.0;30.0;30.0
C83;B05;X4;;1;13.76786;19.24;0.0;30.00;85.00;20.95;0.00;;30.0;30.0;30.0
C83;B06;X4;;1;13.77381;18.69;0.0;30.00;85.00;20.95;0.00;;30.0;30.0;30.0
C83;B07;X4;;1;13.77976;19.53;0.0;30.00;85.00;20.95;0.00;;30.0;30.0;30.0
C83;B08;X4;;1;13.78571;18.28;0.0;30.00;85.00;20.95;0.00;;30.0;30.0;30.0
C83;B09;B1;;1;13.79167;8.39;0.0;30.00;85.00;20.95;0.00;;30.0;30.0;30.0
C83;B10;B1;;1;13.79762;8.38;0.0;30.00;85.00;20.95;0.00;;30.0;30.0;30.0
C83;B11;B1;;1;13.80357;7.98;0.0;30.00;85.00;20.95;0.00;;30.0;30.0;30.0
R;;;;1;13.83333;178.22;0.0;30.00;85.00;20.95;0.00;test measure for referencing ;30.0;30.0;30.0
C84;A01;X1;;1;13.83929;34.00;0.0;30.00;85.00;20.95;0.00;;30.0;30.0;30.0
C84;A02;X1;;1;13.84524;33.42;0.0;30.00;85.00;20.95;0.00;;30.0;30.0;30.0
C84;A03;X1;;1;13.85119;33.87;0.0;30.00;85.00;20.95;0.00;;30.0;30.0;30.0
C84;A04;X1;;1;13.85714;30.85;0.0;30.00;85.00;20.95;0.00;;30.0;30.0;30.0
C84;A05;X1;;1;13.86310;37.37;0.0;30.00;85.00;20.95;0.00;;30.0;30.0;30.0
C84;A06;X2;;1;13.86905;12.29;0.0;30.00;85.00;20.95;0.00;;30.0;30.0;30.0
C84;A07;X2;;1;13.87500;11.84;0.0;30.00;85.00;20.95;0.00;;30.0;30.0;30.0
C84;A08;X2;;1;13.88095;12.74;0.0;30.00;85.00;20.95;0.00;;30.0;30.0;30.0
C84;A09;X2;;1;13.88690;11.97;0.0;30.00;85.00;20.95;0.00;;30.0;30.0;30.0
C84;A10;X2;;1;13.89286;12.00;0.0;30.00;85.00;20.95;0.00;;30.0;30.0;30.0
C84;A11;X3;;1;13.89881;11.16;0.0;30.00;85.00;20.95;0.00;;30.0;30.0;30.0
C84;A12;X3;;1;13.90476;10.44;0.0;30.00;85.00;20.95;0.00;;30.0;30.0;30.0
C84;B01;X3;;1;13.91071;10.31;0.0;30.00;85.00;20.95;0.00;;30.0;30.0;30.0
C84;B02;X3;;1;13.91667;10.46;0.0;30.00;85.00;20.95;0.00;;30.0;30.0;30.0
C84;B03;X3;;1;13.92262;10.83;0.0;30.00;85.00;20.95;0.00;;30.0;30.0;30.0
C84;B04;X4;;1;13.92857;19.22;0.0;30.00;85.00;20.95;0.00;;30.0;30.0;30.0
C84;B05;X4;;1;13.93452;19.67;0.0;30.00;85.00;20.95;0.00;;30.0;30.0;30.0
C84;B06;X4;;1;13.94048;18.45;0.0;30.00;85.00;20.95;0.00;;30.0;30.0;30.0
C84;B07;X4;;1;13.94643;18.89;0.0;30.00;85.00;20.95;0.00;;30.0;30.0;30.0
C84;B08;X4;;1;13.95238;18.34;0.0;30.00;85.00;20.95;0.00;;30.0;30.0;30.0
C84;B09;B1;;1;13.95833;8.07;0.0;30.00;85.00;20.95;0.00;;30.0;30.0;30.0
C84;B10;B1;;1;13.96429;7.93;0.0;30.00;85.00;20.95;0.00;;30.0;30.0;30.0
C84;B11;B1;;1;13.97024;8.37;0.0;30.00;85.00;20.95;0.00;;30.0;30.0;30.0
R;;;;1;14.00000;179.61;0.0;30.00;85.00;20.95;0.00;test measure for referencing ;30.0;30.0;30.0
C85;A01;X1;;1;14.00595;35.49;0.0;30.00;85.00;20.95;0.00;;30.0;30.0;30.0
C85;A02;X1;;1;14.01190;34.26;0.0;30.00;85.00;20.95;0.00;;30.0;30.0;30.0
C85;A03;X1;;1;14.01786;34.19;0.0;30.00;85.00;20.95;0.00;;30.0;30.0;30.0
C85;A04;X1;;1;14.02381;31.84;0.0;30.00;85.00;20.95;0.00;;30.0;30.0;30.0
C85;A05;X1;;1;14.02976;37.69;0.0;30.00;85.00;20.95;0.00;;30.0;30.0;30.0
C85;A06;X2;;1;14.03571;12.63;0.0;30.00;85.00;20.95;0.00;;30.0;30.0;30.0
C85;A07;X2;;1;14.04167;12.04;0.0;30.00;85.00;20.95;0.00;;30.0;30.0;30.0
C85;A08;X2;;1;14.04762;13.53;0.0;30.00;85.00;20.95;0.00;;30.0;30.0;30.0
C85;A09;X2;;1;14.05357;11.46;0.0;30.00;85.00;20.95;0.00;;30.0;30.0;30.0
C85;A10;X2;;1;14.05952;12.38;0.0;30.00;85.00;20.95;0.00;;30.0;30.0;30.0
C85;A11;X3;;1;14.06548;11.03;0.0;30.00;85.00;20.95;0.00;;30.0;30.0;30.0
C85;A12;X3;;1;14.07143;10.45;0.0;30.00;85.00;20.95;0.00;;30.0;30.0;30.0
C85;B01;X3;;1;14.07738;10.37;0.0;30.00;85.00;20.95;0.00;;30.0;30.0;30.0
C85;B02;X3;;1;14.08333;10.11;0.0;30.00;85.00;20.95;0.00;;30.0;30.0;30.0
C85;B03;X3;;1;14.08929;11.49;0.0;30.00;85.00;20.95;0.00;;30.0;30.0;30.0
C85;B04;X4;;1;14.09524;19.32;0.0;30.00;85.00;20.95;0.00;;30.0;30.0;30.0
C85;B05;X4;;1;14.10119;19.88;0.0;30.00;85.00;20.95;0.00;;30.0;30.0;30.0
C85;B06;X4;;1;14.10714;19.31;0.0;30.00;85.00;20.95;0.00;;30.0;30.0;30.0
C85;B07;X4;;1;14.11310;19.77;0.0;30.00;85.00;20.95;0.00;;30.0;30.0;30.0
C85;B08;X4;;1;14.11905;18.82;0.0;30.00;85.00;20.95;0.00;;30.0;30.0;30.0
C85;B09;B1;;1;14.12500;7.94;0.0;30.00;85.00;20.95;0.00;;30.0;30.0;30.0
C85;B10;B1;;1;14.13095;7.52;0.0;30.00;85.00;20.95;0.00;;30.0;30.0;30.0
C85;B11;B1;;1;14.13690;8.48;0.0;30.00;85.00;20.95;0.00;;30.0;30.0;30.0
R;;;;1;14.16667;177.22;0.0;30.00;85.00;20.95;0.00;test measure for referencing ;30.0;30.0;30.0
C86;A01;X1;;1;14.17262;34.65;0.0;30.00;85.00;20.95;0.00;;30.0;30.0;30.0
C86;A02;X1;;1;14.17857;34.69;0.0;30.00;85.00;20.95;0.00;;30.0;30.0;30.0
C86;A03;X1;;1;14.18452;34.78;0.0;30.00;85.00;20.95;0.00;;30.0;30.0;30.0
C86;A04;X1;;1;14.19048;31.83;0.0;30.00;85.00;20.95;0.00;;30.0;30.0;30.0
C86;A05;X1;;1;14.19643;37.57;0.0;30.00;85.00;20.95;0.00;;30.0;30.0;30.0
C86;A06;X2;;1;14.20238;13.11;0.0;30.00;85.00;20.95;0.00;;30.0;30.0;30.0
C86;A07;X2;;1;14.20833;11.73;0.0;30.00;85.00;20.95;0.00;;30.0;30.0;30.0
C86;A08;X2;;1;14.21429;11.94;0.0;30.00;85.00;20.95;0.00;;30.0;30.0;30.0
C86;A09;X2;;1;14.22024;12.39;0.0;30.00;85.00;20.95;0.00;;30.0;30.0;30.0
C86;A10;X2;;1;14.22619;12.17;0.0;30.00;85.00;20.95;0.00;;30.0;30.0;30.0
C86;A11;X3;;1;14.23214;11.05;0.0;30.00;85.00;20.95;0.00;;30.0;30.0;30.0
C86;A12;X3;;1;14.23810;10.94;0.0;30.00;85.00;20.95;0.00;;30.0;30.0;30.0
C86;B01;X3;;1;14.24405;10.57;0.0;30.00;85.00;20.95;0.00;;30.0;30.0;30.0
C86;B02;X3;;1;14.25000;10.06;0.0;30.00;85.00;20.95;0.00;;30.0;30.0;30.0
C86;B03;X3;;1;14.25595;10.59;0.0;30.00;85.00;20.95;0.00;;30.0;30.0;30.0
C86;B04;X4;;1;14.26190;19.75;0.0;30.00;85.00;20.95;0.00;;30.0;30.0;30.0
C86;B05;X4;;1;14.26786;19.98;0.0;30.00;85.00;20.95;0.00;;30.0;30.0;30.0
C86;B06;X4;;1;14.27381;19.07;0.0;30.00;85.00;20.95;0.00;;30.0;30.0;30.0
C86;B07;X4;;1;14.27976;19.18;0.0;30.00;85.00;20.95;0.00;;30.0;30.0;30.0
C86;B08;X4;;1;14.28571;18.82;0.0;30.00;85.00;20.95;0.00;;30.0;30.0;30.0
C86;B09;B1;;1;14.29167;7.42;0.0;30.00;85.00;20.95;0.00;;30.0;30.0;30.0
C86;B10;B1;;1;14.29762;8.02;0.0;30.00;85.00;20.95;0.00;;30.0;30.0;30.0
C86;B11;B1;;1;14.30357;7.98;0.0;30.00;85.00;20.95;0.00;;30.0;30.0;30.0
R;;;;1;14.33333;180.31;0.0;30.00;85.00;20.95;0.00;test measure for referencing ;30.0;30.0;30.0
C87;A01;X1;;1;14.33929;37.16;0.0;30.00;85.00;20.95;0.00;;30.0;30.0;30.0
C87;A02;X1;;1;14.34524;35.56;0.0;30.00;85.00;20.95;0.00;;30.0;30.0;30.0
C87;A03;X1;;1;14.35119;36.22;0.0;30.00;85.00;20.95;0.00;;30.0;30.0;30.0
C87;A04;X1;;1;14.35714;32.52;0.0;30.00;85.00;20.95;0.00;;30.0;30.0;30.0
C87;A05;X1;;1;14.36310;39.11;0.0;30.00;85.00;20.95;0.00;;30.0;30.0;30.0
C87;A06;X2;;1;14.36905;13.33;0.0;30.00;85.00;20.95;0.00;;30.0;30.0;30.0
C87;A07;X2;;1;14.37500;12.90;0.0;30.00;85.00;20.95;0.00;;30.0;30.0;30.0
C87;A08;X2;;1;14.38095;12.53;0.0;30.00;85.00;20.95;0.00;;30.0;30.0;30.0
C87;A09;X2;;1;14.38690;12.54;0.0;30.00;85.00;20.95;0.00;;30.0;30.0;30.0
C87;A10;X2;;1;14.39286;12.25;0.0;30.00;85.00;20.95;0.00;;30.0;30.0;30.0
C87;A11;X3;;1;14.39881;11.03;0.0;30.00;85.00;20.95;0.00;;30.0;30.0;30.0
C87;A12;X3;;1;14.40476;10.23;0.0;30.00;85.00;20.95;0.00;;30.0;30.0;30.0
C87;B01;X3;;1;14.41071;10.02;0.0;30.00;85.00;20.95;0.00;;30.0;30.0;30.0
C87;B02;X3;;1;14.41667;9.94;0.0;30.00;85.00;20.95;0.00;;30.0;30.0;30.0
C87;B03;X3;;1;14.42262;10.82;0.0;30.00;85.00;20.95;0.00;;30.0;30.0;30.0
C87;B04;X4;;1;14.42857;19.73;0.0;30.00;85.00;20.95;0.00;;30.0;30.0;30.0
C87;B05;X4;;1;14.43452;21.20;0.0;30.00;85.00;20.95;0.00;;30.0;30.0;30.0
C87;B06;X4;;1;14.44048;20.12;0.0;30.00;85.00;20.95;0.00;;30.0;30.0;30.0
C87;B07;X4;;1;14.44643;19.78;0.0;30.00;85.00;20.95;0.00;;30.0;30.0;30.0
C87;B08;X4;;1;14.45238;19.39;0.0;30.00;85.00;20.95;0.00;;30.0;30.0;30.0
C87;B09;B1;;1;14.45833;8.60;0.0;30.00;85.00;20.95;0.00;;30.0;30.0;30.0
C87;B10;B1;;1;14.46429;8.65;0.0;30.00;85.00;20.95;0.00;;30.0;30.0;30.0
C87;B11;B1;;1;14.47024;8.51;0.0;30.00;85.00;20.95;0.00;;30.0;30.0;30.0
R;;;;1;14.50000;176.48;0.0;30.00;85.00;20.95;0.00;test measure for referencing ;30.0;30.0;30.0
C88;A01;X1;;1;14.50595;36.36;0.0;30.00;85.00;20.95;0.00;;30.0;30.0;30.0
C88;A02;X1;;1;14.51190;35.84;0.0;30.00;85.00;20.95;0.00;;30.0;30.0;30.0
C88;A03;X1;;1;14.51786;35.67;0.0;30.00;85.00;20.95;0.00;;30.0;30.0;30.0
C88;A04;X1;;1;14.52381;32.59;0.0;30.00;85.00;20.95;0.00;;30.0;30.0;30.0
C88;A05;X1;;1;14.52976;39.05;0.0;30.00;85.00;20.95;0.00;;30.0;30.0;30.0
C88;A06;X2;;1;14.53571;13.12;0.0;30.00;85.00;20.95;0.00;;30.0;30.0;30.0
C88;A07;X2;;1;14.54167;12.15;0.0;30.00;85.00;20.95;0.00;;30.0;30.0;30.0
C88;A08;X2;;1;14.54762;12.73;0.0;30.00;85.00;20.95;0.00;;30.0;30.0;30.0
C88;A09;X2;;1;14.55357;12.73;0.0;30.00;85.00;20.95;0.00;;30.0;30.0;30.0
C88;A10;X2;;1;14.55952;11.84;0.0;30.00;85.00;20.95;0.00;;30.0;30.0;30.0
C88;A11;X3;;1;14.56548;10.57;0.0;30.00;85.00;20.95;0.00;;30.0;30.0;30.0
C88;A12;X3;;1;14.57143;10.53;0.0;30.00;85.00;20.95;0.00;;30.0;30.0;30.0
C88;B01;X3;;1;14.57738;9.94;0.0;30.00;85.00;20.95;0.00;;30.0;30.0;30.0
C88;B02;X3;;1;14.58333;10.25;0.0;30.00;85.00;20.95;0.00;;30.0;30.0;30.0
C88;B03;X3;;1;14.58929;10.40;0.0;30.00;85.00;20.95;0.00;;30.0;30.0;30.0
C88;B04;X4;;1;14.59524;20.27;0.0;30.00;85.00;20.95;0.00;;30.0;30.0;30.0
C88;B05;X4;;1;14.60119;20.20;0.0;30.00;85.00;20.95;0.00;;30.0;30.0;30.0
C88;B06;X4;;1;14.60714;19.97;0.0;30.00;85.00;20.95;0.00;;30.0;30.0;30.0
C88;B07;X4;;1;14.61310;20.32;0.0;30.00;85.00;20.95;0.00;;30.0;30.0;30.0
C88;B08;X4;;1;14.61905;19.33;0.0;30.00;85.00;20.95;0.00;;30.0;30.0;30.0
C88;B09;B1;;1;14.62500;7.55;0.0;30.00;85.00;20.95;0.00;;30.0;30.0;30.0
C88;B10;B1;;1;14.63095;7.83;0.0;30.00;85.00;20.95;0.00;;30.0;30.0;30.0
C88;B11;B1;;1;14.63690;7.53;0.0;30.00;85.00;20.95;0.00;;30.0;30.0;30.0
R;;;;1;14.66667;176.88;0.0;30.00;85.00;20.95;0.00;test measure for referencing ;30.0;30.0;30.0
C89;A01;X1;;1;14.67262;37.49;0.0;30.00;85.00;20.95;0.00;;30.0;30.0;30.0
C89;A02;X1;;1;14.67857;36.32;0.0;30.00;85.00;20.95;0.00;;30.0;30.0;30.0
C89;A03;X1;;1;14.68452;36.69;0.0;30.00;85.00;20.95;0.00;;30.0;30.0;30.0
C89;A04;X1;;1;14.69048;32.95;0.0;30.00;85.00;20.95;0.00;;30.0;30.0;30.0
C89;A05;X1;;1;14.69643;39.07;0.0;30.00;85.00;20.95;0.00;;30.0;30.0;30.0
C89;A06;X2;;1;14.70238;12.46;0.0;30.00;85.00;20.95;0.00;;30.0;30.0;30.0
C89;A07;X2;;1;14.70833;12.39;0.0;30.00;85.00;20.95;0.00;;30.0;30.0;30.0
C89;A08;X2;;1;14.71429;12.99;0.0;30.00;85.00;20.95;0.00;;30.0;30.0;30.0
C89;A09;X2;;1;14.72024;11.96;0.0;30.00;85.00;20.95;0.00;;30.0;30.0;30.0
C89;A10;X2;;1;14.72619;12.40;0.0;30.00;85.00;20.95;0.00;;30.0;30.0;30.0
C89;A11;X3;;1;14.73214;10.74;0.0;30.00;85.00;20.95;0.00;;30.0;30.0;30.0
C89;A12;X3;;1;14.73810;9.98;0.0;30.00;85.00;20.95;0.00;;30.0;30.0;30.0
C89;B01;X3;;1;14.74405;10.30;0.0;30.00;85.00;20.95;0.00;;30.0;30.0;30.0
C89;B02;X3;;1;14.75000;10.30;0.0;30.00;85.00;20.95;0.00;;30.0;30.0;30.0
C89;B03;X3;;1;14.75595;10.59;0.0;30.00;85.00;20.95;0.00;;30.0;30.0;30.0
C89;B04;X4;;1;14.76190;20.32;0.0;30.00;85.00;20.95;0.00;;30.0;30.0;30.0
C89;B05;X4;;1;14.76786;20.67;0.0;30.00;85.00;20.95;0.00;;30.0;30.0;30.0
C89;B06;X4;;1;14.77381;19.56;0.0;30.00;85.00;20.95;0.00;;30.0;30.0;30.0
C89;B07;X4;;1;14.77976;20.48;0.0;30.00;85.00;20.95;0.00;;30.0;30.0;30.0
C89;B08;X4;;1;14.78571;19.29;0.0;30.00;85.00;20.95;0.00;;30.0;30.0;30.0
C89;B09;B1;;1;14.79167;8.14;0.0;30.00;85.00;20.95;0.00;;30.0;30.0;30.0
C89;B10;B1;;1;14.79762;7.57;0.0;30.00;85.00;20.95;0.00;;30.0;30.0;30.0
C89;B11;B1;;1;14.80357;8.42;0.0;30.00;85.00;20.95;0.00;;30.0;30.0;30.0
R;;;;1;14.83333;176.15;0.0;30.00;85.00;20.95;0.00;test measure for referencing ;30.0;30.0;30.0
C90;A01;X1;;1;14.83929;38.05;0.0;30.00;85.00;20.95;0.00;;30.0;30.0;30.0
C90;A02;X1;;1;14.84524;36.33;0.0;30.00;85.00;20.95;0.00;;30.0;30.0;30.0
C90;A03;X1;;1;14.85119;36.51;0.0;30.00;85.00;20.95;0.00;;30.0;30.0;30.0
C90;A04;X1;;1;14.85714;33.85;0.0;30.00;85.00;20.95;0.00;;30.0;30.0;30.0
C90;A05;X1;;1;14.86310;40.40;0.0;30.00;85.00;20.95;0.00;;30.0;30.0;30.0
C90;A06;X2;;1;14.86905;12.93;0.0;30.00;85.00;20.95;0.00;;30.0;30.0;30.0
C90;A07;X2;;1;14.87500;12.11;0.0;30.00;85.00;20.95;0.00;;30.0;30.0;30.0
C90;A08;X2;;1;14.88095;13.35;0.0;30.00;85.00;20.95;0.00;;30.0;30.0;30.0
C90;A09;X2;;1;14.88690;12.67;0.0;30.00;85.00;20.95;0.00;;30.0;30.0;30.0
C90;A10;X2;;1;14.89286;11.75;0.0;30.00;85.00;20.95;0.00;;30.0;30.0;30.0
C90;A11;X3;;1;14.89881;10.76;0.0;30.00;85.00;20.95;0.00;;30.0;30.0;30.0
C90;A12;X3;;1;14.90476;10.80;0.0;30.00;85.00;20.95;0.00;;30.0;30.0;30.0
C90;B01;X3;;1;14.91071;10.39;0.0;30.00;85.00;20.95;0.00;;30.0;30.0;30.0
C90;B02;X3;;1;14.91667;10.34;0.0;30.00;85.00;20.95;0.00;;30.0;30.0;30.0
C90;B03;X3;;1;14.92262;11.22;0.0;30.00;85.00;20.95;0.00;;30.0;30.0;30.0
C90;B04;X4;;1;14.92857;20.44;0.0;30.00;85.00;20.95;0.00;;30.0;30.0;30.0
C90;B05;X4;;1;14.93452;21.27;0.0;30.00;85.00;20.95;0.00;;30.0;30.0;30.0
C90;B06;X4;;1;14.94048;20.02;0.0;30.00;85.00;20.95;0.00;;30.0;30.0;30.0
C90;B07;X4;;1;14.94643;20.83;0.0;30.00;85.00;20.95;0.00;;30.0;30.0;30.0
C90;B08;X4;;1;14.95238;20.16;0.0;30.00;85.00;20.95;0.00;;30.0;30.0;30.0
C90;B09;B1;;1;14.95833;7.35;0.0;30.00;85.00;20.95;0.00;;30.0;30.0;30.0
C90;B10;B1;;1;14.96429;7.93;0.0;30.00;85.00;20.95;0.00;;30.0;30.0;30.0
C90;B11;B1;;1;14.97024;7.93;0.0;30.00;85.00;20.95;0.00;;30.0;30.0;30.0
R;;;;1;15.00000;180.89;0.0;30.00;85.00;20.95;0.00;test measure for referencing ;30.0;30.0;30.0
C91;A01;X1;;1;15.00595;39.08;0.0;30.00;85.00;20.95;0.00;;30.0;30.0;30.0
C91;A02;X1;;1;15.01190;37.78;0.0;30.00;85.00;20.95;0.00;;30.0;30.0;30.0
C91;A03;X1;;1;15.01786;38.48;0.0;30.00;85.00;20.95;0.00;;30.0;30.0;30.0
C91;A04;X1;;1;15.02381;34.88;0.0;30.00;85.00;20.95;0.00;;30.0;30.0;30.0
C91;A05;X1;;1;15.02976;41.92;0.0;30.00;85.00;20.95;0.00;;30.0;30.0;30.0
C91;A06;X2;;1;15.03571;13.53;0.0;30.00;85.00;20.95;0.00;;30.0;30.0;30.0
C91;A07;X2;;1;15.04167;12.34;0.0;30.00;85.00;20.95;0.00;;30.0;30.0;30.0
C91;A08;X2;;1;15.04762;13.14;0.0;30.00;85.00;20.95;0.00;;30.0;30.0;30.0
C91;A09;X2;;1;15.05357;12.61;0.0;30.00;85.00;20.95;0.00;;30.0;30.0;30.0
C91;A10;X2;;1;15.05952;11.64;0.0;30.00;85.00;20.95;0.00;;30.0;30.0;30.0
C91;A11;X3;;1;15.06548;10.69;0.0;30.00;85.00;20.95;0.00;;30.0;30.0;30.0
C91;A12;X3;;1;15.07143;9.95;0.0;30.00;85.00;20.95;0.00;;30.0;30.0;30.0
C91;B01;X3;;1;15.07738;10.58;0.0;30.00;85.00;20.95;0.00;;30.0;30.0;30.0
C91;B02;X3;;1;15.08333;10.05;0.0;30.00;85.00;20.95;0.00;;30.0;30.0;30.0
C91;B03;X3;;1;15.08929;10.87;0.0;30.00;85.00;20.95;0.00;;30.0;30.0;30.0
C91;B04;X4;;1;15.09524;21.48;0.0;30.00;85.00;20.95;0.00;;30.0;30.0;30.0
C91;B05;X4;;1;15.10119;22.39;0.0;30.00;85.00;20.95;0.00;;30.0;30.0;30.0
C91;B06;X4;;1;15.10714;20.97;0.0;30.00;85.00;20.95;0.00;;30.0;30.0;30.0
C91;B07;X4;;1;15.11310;21.60;0.0;30.00;85.00;20.95;0.00;;30.0;30.0;30.0
C91;B08;X4;;1;15.11905;21.01;0.0;30.00;85.00;20.95;0.00;;30.0;30.0;30.0
C91;B09;B1;;1;15.12500;8.73;0.0;30.00;85.00;20.95;0.00;;30.0;30.0;30.0
C91;B10;B1;;1;15.13095;8.05;0.0;30.00;85.00;20.95;0.00;;30.0;30.0;30.0
C91;B11;B1;;1;15.13690;8.22;0.0;30.00;85.00;20.95;0.00;;30.0;30.0;30.0
R;;;;1;15.16667;178.63;0.0;30.00;85.00;20.95;0.00;test measure for referencing ;30.0;30.0;30.0
C92;A01;X1;;1;15.17262;39.15;0.0;30.00;85.00;20.95;0.00;;30.0;30.0;30.0
C92;A02;X1;;1;15.17857;37.81;0.0;30.00;85.00;20.95;0.00;;30.0;30.0;30.0
C92;A03;X1;;1;15.18452;38.44;0.0;30.00;85.00;20.95;0.00;;30.0;30.0;30.0
C92;A04;X1;;1;15.19048;35.23;0.0;30.00;85.00;20.95;0.00;;30.0;30.0;30.0
C92;A05;X1;;1;15.19643;41.90;0.0;30.00;85.00;20.95;0.00;;30.0;30.0;30.0
C92;A06;X2;;1;15.20238;13.86;0.0;30.00;85.00;20.95;0.00;;30.0;30.0;30.0
C92;A07;X2;;1;15.20833;12.42;0.0;30.00;85.00;20.95;0.00;;30.0;30.0;30.0
C92;A08;X2;;1;15.21429;13.18;0.0;30.00;85.00;20.95;0.00;;30.0;30.0;30.0
C92;A09;X2;;1;15.22024;12.73;0.0;30.00;85.00;20.95;0.00;;30.0;30.0;30.0
C92;A10;X2;;1;15.22619;12.76;0.0;30.00;85.00;20.95;0.00;;30.0;30.0;30.0
C92;A11;X3;;1;15.23214;10.92;0.0;30.00;85.00;20.95;0.00;;30.0;30.0;30.0
C92;A12;X3;;1;15.23810;11.02;0.0;30.00;85.00;20.95;0.00;;30.0;30.0;30.0
C92;B01;X3;;1;15.24405;10.37;0.0;30.00;85.00;20.95;0.00;;30.0;30.0;30.0
C92;B02;X3;;1;15.25000;10.49;0.0;30.00;85.00;20.95;0.00;;30.0;30.0;30.0
C92;B03;X3;;1;15.25595;11.09;0.0;30.00;85.00;20.95;0.00;;30.0;30.0;30.0
C92;B04;X4;;1;15.26190;21.49;0.0;30.00;85.00;20.95;0.00;;30.0;30.0;30.0
C92;B05;X4;;1;15.26786;22.39;0.0;30.00;85.00;20.95;0.00;;30.0;30.0;30.0
C92;B06;X4;;1;15.27381;21.16;0.0;30.00;85.00;20.95;0.00;;30.0;30.0;30.0
C92;B07;X4;;1;15.27976;21.56;0.0;30.00;85.00;20.95;0.00;;30.0;30.0;30.0
C92;B08;X4;;1;15.28571;20.72;0.0;30.00;85.00;20.95;0.00;;30.0;30.0;30.0
C92;B09;B1;;1;15.29167;8.11;0.0;30.00;85.00;20.95;0.00;;30.0;30.0;30.0
C92;B10;B1;;1;15.29762;8.69;0.0;30.00;85.00;20.95;0.00;;30.0;30.0;30.0
C92;B11;B1;;1;15.30357;7.78;0.0;30.00;85.00;20.95;0.00;;30.0;30.0;30.0
R;;;;1;15.33333;179.96;0.0;30.00;85.00;20.95;0.00;test measure for referencing ;30.0;30.0;30.0
C93;A01;X1;;1;15.33929;40.01;0.0;30.00;85.00;20.95;0.00;;30.0;30.0;30.0
C93;A02;X1;;1;15.34524;39.21;0.0;30.00;85.00;20.95;0.00;;30.0;30.0;30.0
C93;A03;X1;;1;15.35119;38.94;0.0;30.00;85.00;20.95;0.00;;30.0;30.0;30.0
C93;A04;X1;;1;15.35714;35.87;0.0;30.00;85.00;20.95;0.00;;30.0;30.0;30.0
C93;A05;X1;;1;15.36310;42.91;0.0;30.00;85.00;20.95;0.00;;30.0;30.0;30.0
C93;A06;X2;;1;15.36905;13.21;0.0;30.00;85.00;20.95;0.00;;30.0;30.0;30.0
C93;A07;X2;;1;15.37500;12.60;0.0;30.00;85.00;20.95;0.00;;30.0;30.0;30.0
C93;A08;X2;;1;15.38095;13.56;0.0;30.00;85.00;20.95;0.00;;30.0;30.0;30.0
C93;A09;X2;;1;15.38690;12.96;0.0;30.00;85.00;20.95;0.00;;30.0;30.0;30.0
C93;A10;X2;;1;15.39286;12.36;0.0;30.00;85.00;20.95;0.00;;30.0;30.0;30.0
C93;A11;X3;;1;15.39881;10.73;0.0;30.00;85.00;20.95;0.00;;30.0;30.0;30.0
C93;A12;X3;;1;15.40476;10.39;0.0;30.00;85.00;20.95;0.00;;30.0;30.0;30.0
C93;B01;X3;;1;15.41071;10.89;0.0;30.00;85.00;20.95;0.00;;30.0;30.0;30.0
C93;B02;X3;;1;15.41667;10.32;0.0;30.00;85.00;20.95;0.00;;30.0;30.0;30.0
C93;B03;X3;;1;15.42262;10.83;0.0;30.00;85.00;20.95;0.00;;30.0;30.0;30.0
C93;B04;X4;;1;15.42857;22.28;0.0;30.00;85.00;20.95;0.00;;30.0;30.0;30.0
C93;B05;X4;;1;15.43452;22.90;0.0;30.00;85.00;20.95;0.00;;30.0;30.0;30.0
C93;B06;X4;;1;15.44048;21.94;0.0;30.00;85.00;20.95;0.00;;30.0;30.0;30.0
C93;B07;X4;;1;15.44643;22.19;0.0;30.00;85.00;20.95;0.00;;30.0;30.0;30.0
C93;B08;X4;;1;15.45238;21.13;0.0;30.00;85.00;20.95;0.00;;30.0;30.0;30.0
C93;B09;B1;;1;15.45833;7.37;0.0;30.00;85.00;20.95;0.00;;30.0;30.0;30.0
C93;B10;B1;;1;15.46429;7.76;0.0;30.00;85.00;20.95;0.00;;30.0;30.0;30.0
C93;B11;B1;;1;15.47024;7.89;0.0;30.00;85.00;20.95;0.00;;30.0;30.0;30.0
R;;;;1;15.50000;180.30;0.0;30.00;85.00;20.95;0.00;test measure for referencing ;30.0;30.0;30.0
C94;A01;X1;;1;15.50595;41.00;0.0;30.00;85.00;20.95;0.00;;30.0;30.0;30.0
C94;A02;X1;;1;15.51190;39.60;0.0;30.00;85.00;20.95;0.00;;30.0;30.0;30.0
C94;A03;X1;;1;15.51786;40.24;0.0;30.00;85.00;20.95;0.00;;30.0;30.0;30.0
C94;A04;X1;;1;15.52381;36.31;0.0;30.00;85.00;20.95;0.00;;30.0;30.0;30.0
C94;A05;X1;;1;15.52976;43.29;0.0;30.00;85.00;20.95;0.00;;30.0;30.0;30.0
C94;A06;X2;;1;15.53571;13.18;0.0;30.00;85.00;20.95;0.00;;30.0;30.0;30.0
C94;A07;X2;;1;15.54167;12.45;0.0;30.00;85.00;20.95;0.00;;30.0;30.0;30.0
C94;A08;X2;;1;15.54762;13.28;0.0;30.00;85.00;20.95;0.00;;30.0;30.0;30.0
C94;A09;X2;;1;15.55357;12.84;0.0;30.00;85.00;20.95;0.00;;30.0;30.0;30.0
C94;A10;X2;;1;15.55952;12.44;0.0;30.00;85.00;20.95;0.00;;30.0;30.0;30.0
C94;A11;X3;;1;15.56548;11.54;0.0;30.00;85.00;20.95;0.00;;30.0;30.0;30.0
C94;A12;X3;;1;15.57143;10.14;0.0;30.00;85.00;20.95;0.00;;30.0;30.0;30.0
C94;B01;X3;;1;15.57738;10.26;0.0;30.00;85.00;20.95;0.00;;30.0;30.0;30.0
C94;B02;X3;;1;15.58333;10.30;0.0;30.00;85.00;20.95;0.00;;30.0;30.0;30.0
C94;B03;X3;;1;15.58929;11.04;0.0;30.00;85.00;20.95;0.00;;30.0;30.0;30.0
C94;B04;X4;;1;15.59524;22.59;0.0;30.00;85.00;20.95;0.00;;30.0;30.0;30.0
C94;B05;X4;;1;15.60119;22.96;0.0;30.00;85.00;20.95;0.00;;30.0;30.0;30.0
C94;B06;X4;;1;15.60714;21.90;0.0;30.00;85.00;20.95;0.00;;30.0;30.0;30.0
C94;B07;X4;;1;15.61310;22.60;0.0;30.00;85.00;20.95;0.00;;30.0;30.0;30.0
C94;B08;X4;;1;15.61905;22.00;0.0;30.00;85.00;20.95;0.00;;30.0;30.0;30.0
C94;B09;B1;;1;15.62500;7.68;0.0;30.00;85.00;20.95;0.00;;30.0;30.0;30.0
C94;B10;B1;;1;15.63095;7.11;0.0;30.00;85.00;20.95;0.00;;30.0;30.0;30.0
C94;B11;B1;;1;15.63690;8.13;0.0;30.00;85.00;20.95;0.00;;30.0;30.0;30.0
R;;;;1;15.66667;176.89;0.0;30.00;85.00;20.95;0.00;test measure for referencing ;30.0;30.0;30.0
C95;A01;X1;;1;15.67262;40.67;0.0;30.00;85.00;20.95;0.00;;30.0;30.0;30.0
C95;A02;X1;;1;15.67857;39.97;0.0;30.00;85.00;20.95;0.00;;30.0;30.0;30.0
C95;A03;X1;;1;15.68452;39.78;0.0;30.00;85.00;20.95;0.00;;30.0;30.0;30.0
C95;A04;X1;;1;15.69048;37.04;0.0;30.00;85.00;20.95;0.00;;30.0;30.0;30.0
C95;A05;X1;;1;15.69643;42.90;0.0;30.00;85.00;20.95;0.00;;30.0;30.0;30.0
C95;A06;X2;;1;15.70238;13.43;0.0;30.00;85.00;20.95;0.00;;30.0;30.0;30.0
C95;A07;X2;;1;15.70833;12.73;0.0;30.00;85.00;20.95;0.00;;30.0;30.0;30.0
C95;A08;X2;;1;15.71429;13.42;0.0;30.00;85.00;20.95;0.00;;30.0;30.0;30.0
C95;A09;X2;;1;15.72024;12.71;0.0;30.00;85.00;20.95;0.00;;30.0;30.0;30.0
C95;A10;X2;;1;15.72619;12.55;0.0;30.00;85.00;20.95;0.00;;30.0;30.0;30.0
C95;A11;X3;;1;15.73214;10.97;0.0;30.00;85.00;20.95;0.00;;30.0;30.0;30.0
C95;A12;X3;;1;15.73810;10.42;0.0;30.00;85.00;20.95;0.00;;30.0;30.0;30.0
C95;B01;X3;;1;15.74405;9.98;0.0;30.00;85.00;20.95;0.00;;30.0;30.0;30.0
C95;B02;X3;;1;15.75000;9.68;0.0;30.00;85.00;20.95;0.00;;30.0;30.0;30.0
C95;B03;X3;;1;15.75595;10.88;0.0;30.00;85.00;20.95;0.00;;30.0;30.0;30.0
C95;B04;X4;;1;15.76190;22.46;0.0;30.00;85.00;20.95;0.00;;30.0;30.0;30.0
C95;B05;X4;;1;15.76786;22.96;0.0;30.00;85.00;20.95;0.00;;30.0;30.0;30.0
C95;B06;X4;;1;15.77381;22.12;0.0;30.00;85.00;20.95;0.00;;30.0;30.0;30.0
C95;B07;X4;;1;15.77976;22.92;0.0;30.00;85.00;20.95;0.00;;30.0;30.0;30.0
C95;B08;X4;;1;15.78571;21.35;0.0;30.00;85.00;20.95;0.00;;30.0;30.0;30.0
C95;B09;B1;;1;15.79167;8.21;0.0;30.00;85.00;20.95;0.00;;30.0;30.0;30.0
C95;B10;B1;;1;15.79762;8.50;0.0;30.00;85.00;20.95;0.00;;30.0;30.0;30.0
C95;B11;B1;;1;15.80357;8.31;0.0;30.00;85.00;20.95;0.00;;30.0;30.0;30.0
R;;;;1;15.83333;180.07;0.0;30.00;85.00;20.95;0.00;test measure for referencing ;30.0;30.0;30.0
C96;A01;X1;;1;15.83929;42.19;0.0;30.00;85.00;20.95;0.00;;30.0;30.0;30.0
C96;A02;X1;;1;15.84524;40.38;0.0;30.00;85.00;20.95;0.00;;30.0;30.0;30.0
C96;A03;X1;;1;15.85119;40.87;0.0;30.00;85.00;20.95;0.00;;30.0;30.0;30.0
C96;A04;X1;;1;15.85714;37.96;0.0;30.00;85.00;20.95;0.00;;30.0;30.0;30.0
C96;A05;X1;;1;15.86310;45.20;0.0;30.00;85.00;20.95;0.00;;30.0;30.0;30.0
C96;A06;X2;;1;15.86905;13.83;0.0;30.00;85.00;20.95;0.00;;30.0;30.0;30.0
C96;A07;X2;;1;15.87500;12.78;0.0;30.00;85.00;20.95;0.00;;30.0;30.0;30.0
C96;A08;X2;;1;15.88095;13.46;0.0;30.00;85.00;20.95;0.00;;30.0;30.0;30.0
C96;A09;X2;;1;15.88690;13.50;0.0;30.00;85.00;20.95;0.00;;30.0;30.0;30.0
C96;A10;X2;;1;15.89286;13.42;0.0;30.00;85.00;20.95;0.00;;30.0;30.0;30.0
C96;A11;X3;;1;15.89881;11.39;0.0;30.00;85.00;20.95;0.00;;30.0;30.0;30.0
C96;A12;X3;;1;15.90476;10.45;0.0;30.00;85.00;20.95;0.00;;30.0;30.0;30.0
C96;B01;X3;;1;15.91071;10.78;0.0;30.00;85.00;20.95;0.00;;30.0;30.0;30.0
C96;B02;X3;;1;15.91667;10.53;0.0;30.00;85.00;20.95;0.00;;30.0;30.0;30.0
C96;B03;X3;;1;15.92262;11.66;0.0;30.00;85.00;20.95;0.00;;30.0;30.0;30.0
C96;B04;X4;;1;15.92857;23.30;0.0;30.00;85.00;20.95;0.00;;30.0;30.0;30.0
C96;B05;X4;;1;15.93452;23.75;0.0;30.00;85.00;20.95;0.00;;30.0;30.0;30.0
C96;B06;X4;;1;15.94048;22.65;0.0;30.00;85.00;20.95;0.00;;30.0;30.0;30.0
C96;B07;X4;;1;15.94643;23.00;0.0;30.00;85.00;20.95;0.00;;30.0;30.0;30.0
C96;B08;X4;;1;15.95238;22.12;0.0;30.00;85.00;20.95;0.00;;30.0;30.0;30.0
C96;B09;B1;;1;15.95833;7.87;0.0;30.00;85.00;20.95;0.00;;30.0;30.0;30.0
C96;B10;B1;;1;15.96429;7.74;0.0;30.00;85.00;20.95;0.00;;30.0;30.0;30.0
C96;B11;B1;;1;15.97024;8.14;0.0;30.00;85.00;20.95;0.00;;30.0;30.0;30.0
R;;;;1;16.00000;179.26;0.0;30.00;85.00;20.95;0.00;test measure for referencing ;30.0;30.0;30.0
C97;A01;X1;;1;16.00595;42.62;0.0;30.00;85.00;20.95;0.00;;30.0;30.0;30.0
C97;A02;X1;;1;16.01190;41.62;0.0;30.00;85.00;20.95;0.00;;30.0;30.0;30.0
C97;A03;X1;;1;16.01786;41.41;0.0;30.00;85.00;20.95;0.00;;30.0;30.0;30.0
C97;A04;X1;;1;16.02381;37.91;0.0;30.00;85.00;20.95;0.00;;30.0;30.0;30.0
C97;A05;X1;;1;16.02976;44.57;0.0;30.00;85.00;20.95;0.00;;30.0;30.0;30.0
C97;A06;X2;;1;16.03571;13.83;0.0;30.00;85.00;20.95;0.00;;30.0;30.0;30.0
C97;A07;X2;;1;16.04167;13.15;0.0;30.00;85.00;20.95;0.00;;30.0;30.0;30.0
C97;A08;X2;;1;16.04762;13.29;0.0;30.00;85.00;20.95;0.00;;30.0;30.0;30.0
C97;A09;X2;;1;16.05357;13.15;0.0;30.00;85.00;20.95;0.00;;30.0;30.0;30.0
C97;A10;X2;;1;16.05952;12.63;0.0;30.00;85.00;20.95;0.00;;30.0;30.0;30.0
C97;A11;X3;;1;16.06548;11.44;0.0;30.00;85.00;20.95;0.00;;30.0;30.0;30.0
C97;A12;X3;;1;16.07143;10.76;0.0;30.00;85.00;20.95;0.00;;30.0;30.0;30.0
C97;B01;X3;;1;16.07738;10.93;0.0;30.00;85.00;20.95;0.00;;30.0;30.0;30.0
C97;B02;X3;;1;16.08333;10.00;0.0;30.00;85.00;20.95;0.00;;30.0;30.0;30.0
C97;B03;X3;;1;16.08929;11.70;0.0;30.00;85.00;20.95;0.00;;30.0;30.0;30.0
C97;B04;X4;;1;16.09524;23.11;0.0;30.00;85.00;20.95;0.00;;30.0;30.0;30.0
C97;B05;X4;;1;16.10119;23.68;0.0;30.00;85.00;20.95;0.00;;30.0;30.0;30.0
C97;B06;X4;;1;16.10714;22.97;0.0;30.00;85.00;20.95;0.00;;30.0;30.0;30.0
C97;B07;X4;;1;16.11310;23.45;0.0;30.00;85.00;20.95;0.00;;30.0;30.0;30.0
C97;B08;X4;;1;16.11905;23.22;0.0;30.00;85.00;20.95;0.00;;30.0;30.0;30.0
C97;B09;B1;;1;16.12500;7.86;0.0;30.00;85.00;20.95;0.00;;30.0;30.0;30.0
C97;B10;B1;;1;16.13095;7.75;0.0;30.00;85.00;20.95;0.00;;30.0;30.0;30.0
C97;B11;B1;;1;16.13690;8.42;0.0;30.00;85.00;20.95;0.00;;30.0;30.0;30.0
R;;;;1;16.16667;181.25;0.0;30.00;85.00;20.95;0.00;test measure for referencing ;30.0;30.0;30.0
C98;A01;X1;;1;16.17262;43.08;0.0;30.00;85.00;20.95;0.00;;30.0;30.0;30.0
C98;A02;X1;;1;16.17857;41.98;0.0;30.00;85.00;20.95;0.00;;30.0;30.0;30.0
C98;A03;X1;;1;16.18452;42.23;0.0;30.00;85.00;20.95;0.00;;30.0;30.0;30.0
C98;A04;X1;;1;16.19048;38.81;0.0;30.00;85.00;20.95;0.00;;30.0;30.0;30.0
C98;A05;X1;;1;16.19643;46.70;0.0;30.00;85.00;20.95;0.00;;30.0;30.0;30.0
C98;A06;X2;;1;16.20238;14.33;0.0;30.00;85.00;20.95;0.00;;30.0;30.0;30.0
C98;A07;X2;;1;16.20833;13.49;0.0;30.00;85.00;20.95;0.00;;30.0;30.0;30.0
C98;A08;X2;;1;16.21429;14.14;0.0;30.00;85.00;20.95;0.00;;30.0;30.0;30.0
C98;A09;X2;;1;16.22024;13.50;0.0;30.00;85.00;20.95;0.00;;30.0;30.0;30.0
C98;A10;X2;;1;16.22619;13.31;0.0;30.00;85.00;20.95;0.00;;30.0;30.0;30.0
C98;A11;X3;;1;16.23214;11.23;0.0;30.00;85.00;20.95;0.00;;30.0;30.0;30.0
C98;A12;X3;;1;16.23810;10.47;0.0;30.00;85.00;20.95;0.00;;30.0;30.0;30.0
C98;B01;X3;;1;16.24405;11.19;0.0;30.00;85.00;20.95;0.00;;30.0;30.0;30.0
C98;B02;X3;;1;16.25000;9.95;0.0;30.00;85.00;20.95;0.00;;30.0;30.0;30.0
C98;B03;X3;;1;16.25595;11.03;0.0;30.00;85.00;20.95;0.00;;30.0;30.0;30.0
C98;B04;X4;;1;16.26190;23.80;0.0;30.00;85.00;20.95;0.00;;30.0;30.0;30.0
C98;B05;X4;;1;16.26786;24.10;0.0;30.00;85.00;20.95;0.00;;30.0;30.0;30.0
C98;B06;X4;;1;16.27381;23.40;0.0;30.00;85.00;20.95;0.00;;30.0;30.0;30.0
C98;B07;X4;;1;16.27976;24.25;0.0;30.00;85.00;20.95;0.00;;30.0;30.0;30.0
C98;B08;X4;;1;16.28571;23.40;0.0;30.00;85.00;20.95;0.00;;30.0;30.0;30.0
C98;B09;B1;;1;16.29167;7.77;0.0;30.00;85.00;20.95;0.00;;30.0;30.0;30.0
C98;B10;B1;;1;16.29762;8.41;0.0;30.00;85.00;20.95;0.00;;30.0;30.0;30.0
C98;B11;B1;;1;16.30357;8.23;0.0;30.00;85.00;20.95;0.00;;30.0;30.0;30.0
R;;;;1;16.33333;180.47;0.0;30.00;85.00;20.95;0.00;test measure for referencing ;30.0;30.0;30.0
C99;A01;X1;;1;16.33929;43.07;0.0;30.00;85.00;20.95;0.00;;30.0;30.0;30.0
C99;A02;X1;;1;16.34524;42.30;0.0;30.00;85.00;20.95;0.00;;30.0;30.0;30.0
C99;A03;X1;;1;16.35119;42.46;0.0;30.00;85.00;20.95;0.00;;30.0;30.0;30.0
C99;A04;X1;;1;16.35714;39.31;0.0;30.00;85.00;20.95;0.00;;30.0;30.0;30.0
C99;A05;X1;;1;16.36310;46.29;0.0;30.00;85.00;20.95;0.00;;30.0;30.0;30.0
C99;A06;X2;;1;16.36905;13.80;0.0;30.00;85.00;20.95;0.00;;30.0;30.0;30.0
C99;A07;X2;;1;16.37500;12.83;0.0;30.00;85.00;20.95;0.00;;30.0;30.0;30.0
C99;A08;X2;;1;16.38095;13.41;0.0;30.00;85.00;20.95;0.00;;30.0;30.0;30.0
C99;A09;X2;;1;16.38690;13.22;0.0;30.00;85.00;20.95;0.00;;30.0;30.0;30.0
C99;A10;X2;;1;16.39286;13.35;0.0;30.00;85.00;20.95;0.00;;30.0;30.0;30.0
C99;A11;X3;;1;16.39881;10.89;0.0;30.00;85.00;20.95;0.00;;30.0;30.0;30.0
C99;A12;X3;;1;16.40476;9.91;0.0;30.00;85.00;20.95;0.00;;30.0;30.0;30.0
C99;B01;X3;;1;16.41071;10.73;0.0;30.00;85.00;20.95;0.00;;30.0;30.0;30.0
C99;B02;X3;;1;16.41667;10.31;0.0;30.00;85.00;20.95;0.00;;30.0;30.0;30.0
C99;B03;X3;;1;16.42262;11.15;0.0;30.00;85.00;20.95;0.00;;30.0;30.0;30.0
C99;B04;X4;;1;16.42857;24.38;0.0;30.00;85.00;20.95;0.00;;30.0;30.0;30.0
C99;B05;X4;;1;16.43452;24.76;0.0;30.00;85.00;20.95;0.00;;30.0;30.0;30.0
C99;B06;X4;;1;16.44048;23.62;0.0;30.00;85.00;20.95;0.00;;30.0;30.0;30.0
C99;B07;X4;;1;16.44643;24.31;0.0;30.00;85.00;20.95;0.00;;30.0;30.0;30.0
C99;B08;X4;;1;16.45238;23.49;0.0;30.00;85.00;20.95;0.00;;30.0;30.0;30.0
C99;B09;B1;;1;16.45833;7.75;0.0;30.00;85.00;20.95;0.00;;30.0;30.0;30.0
C99;B10;B1;;1;16.46429;8.14;0.0;30.00;85.00;20.95;0.00;;30.0;30.0;30.0
C99;B11;B1;;1;16.47024;8.62;0.0;30.00;85.00;20.95;0.00;;30.0;30.0;30.0
R;;;;1;16.50000;177.78;0.0;30.00;85.00;20.95;0.00;test measure for referencing ;30.0;30.0;30.0
C100;A01;X1;;1;16.50595;43.30;0.0;30.00;85.00;20.95;0.00;;30.0;30.0;30.0
C100;A02;X1;;1;16.51190;42.08;0.0;30.00;85.00;20.95;0.00;;30.0;30.0;30.0
C100;A03;X1;;1;16.51786;42.66;0.0;30.00;85.00;20.95;0.00;;30.0;30.0;30.0
C100;A04;X1;;1;16.52381;39.18;0.0;30.00;85.00;20.95;0.00;;30.0;30.0;30.0
C100;A05;X1;;1;16.52976;46.76;0.0;30.00;85.00;20.95;0.00;;30.0;30.0;30.0
C100;A06;X2;;1;16.53571;14.04;0.0;30.00;85.00;20.95;0.00;;30.0;30.0;30.0
C100;A07;X2;;1;16.54167;13.09;0.0;30.00;85.00;20.95;0.00;;30.0;30.0;30.0
C100;A08;X2;;1;16.54762;13.78;0.0;30.00;85.00;20.95;0.00;;30.0;30.0;30.0
C100;A09;X2;;1;16.55357;12.99;0.0;30.00;85.00;20.95;0.00;;30.0;30.0;30.0
C100;A10;X2;;1;16.55952;13.11;0.0;30.00;85.00;20.95;0.00;;30.0;30.0;30.0
C100;A11;X3;;1;16.56548;11.10;0.0;30.00;85.00;20.95;0.00;;30.0;30.0;30.0
C100;A12;X3;;1;16.57143;11.12;0.0;30.00;85.00;20.95;0.00;;30.0;30.0;30.0
C100;B01;X3;;1;16.57738;10.91;0.0;30.00;85.00;20.95;0.00;;30.0;30.0;30.0
C100;B02;X3;;1;16.58333;10.06;0.0;30.00;85.00;20.95;0.00;;30.0;30.0;30.0
C100;B03;X3;;1;16.58929;10.66;0.0;30.00;85.00;20.95;0.00;;30.0;30.0;30.0
C100;B04;X4;;1;16.59524;24.47;0.0;30.00;85.00;20.95;0.00;;30.0;30.0;30.0
C100;B05;X4;;1;16.60119;24.23;0.0;30.00;85.00;20.95;0.00;;30.0;30.0;30.0
C100;B06;X4;;1;16.60714;23.47;0.0;30.00;85.00;20.95;0.00;;30.0;30.0;30.0
C100;B07;X4;;1;16.61310;24.58;0.0;30.00;85.00;20.95;0.00;;30.0;30.0;30.0
C100;B08;X4;;1;16.61905;23.68;0.0;30.00;85.00;20.95;0.00;;30.0;30.0;30.0
C100;B09;B1;;1;16.62500;8.02;0.0;30.00;85.00;20.95;0.00;;30.0;30.0;30.0
C100;B10;B1;;1;16.63095;8.41;0.0;30.00;85.00;20.95;0.00;;30.0;30.0;30.0
C100;B11;B1;;1;16.63690;7.84;0.0;30.00;85.00;20.95;0.00;;30.0;30.0;30.0
R;;;;1;16.66667;179.17;0.0;30.00;85.00;20.95;0.00;test measure for referencing ;30.0;30.0;30.0
C101;A01;X1;;1;16.67262;44.25;0.0;30.00;85.00;20.95;0.00;;30.0;30.0;30.0
C101;A02;X1;;1;16.67857;42.74;0.0;30.00;85.00;20.95;0.00;;30.0;30.0;30.0
C101;A03;X1;;1;16.68452;43.29;0.0;30.00;85.00;20.95;0.00;;30.0;30.0;30.0
C101;A04;X1;;1;16.69048;39.56;0.0;30.00;85.00;20.95;0.00;;30.0;30.0;30.0
C101;A05;X1;;1;16.69643;47.23;0.0;30.00;85.00;20.95;0.00;;30.0;30.0;30.0
C101;A06;X2;;1;16.70238;13.24;0.0;30.00;85.00;20.95;0.00;;30.0;30.0;30.0
C101;A07;X2;;1;16.70833;13.27;0.0;30.00;85.00;20.95;0.00;;30.0;30.0;30.0
C101;A08;X2;;1;16.71429;13.67;0.0;30.00;85.00;20.95;0.00;;30.0;30.0;30.0
C101;A09;X2;;1;16.72024;13.39;0.0;30.00;85.00;20.95;0.00;;30.0;30.0;30.0
C101;A10;X2;;1;16.72619;13.14;0.0;30.00;85.00;20.95;0.00;;30.0;30.0;30.0
C101;A11;X3;;1;16.73214;11.01;0.0;30.00;85.00;20.95;0.00;;30.0;30.0;30.0
C101;A12;X3;;1;16.73810;10.88;0.0;30.00;85.00;20.95;0.00;;30.0;30.0;30.0
C101;B01;X3;;1;16.74405;10.97;0.0;30.00;85.00;20.95;0.00;;30.0;30.0;30.0
C101;B02;X3;;1;16.75000;10.66;0.0;30.00;85.00;20.95;0.00;;30.0;30.0;30.0
C101;B03;X3;;1;16.75595;11.22;0.0;30.00;85.00;20.95;0.00;;30.0;30.0;30.0
C101;B04;X4;;1;16.76190;24.86;0.0;30.00;85.00;20.95;0.00;;30.0;30.0;30.0
C101;B05;X4;;1;16.76786;25.42;0.0;30.00;85.00;20.95;0.00;;30.0;30.0;30.0
C101;B06;X4;;1;16.77381;23.89;0.0;30.00;85.00;20.95;0.00;;30.0;30.0;30.0
C101;B07;X4;;1;16.77976;24.91;0.0;30.00;85.00;20.95;0.00;;30.0;30.0;30.0
C101;B08;X4;;1;16.78571;24.38;0.0;30.00;85.00;20.95;0.00;;30.0;30.0;30.0
C101;B09;B1;;1;16.79167;8.31;0.0;30.00;85.00;20.95;0.00;;30.0;30.0;30.0
C101;B10;B1;;1;16.79762;7.81;0.0;30.00;85.00;20.95;0.00;;30.0;30.0;30.0
C101;B11;B1;;1;16.80357;8.05;0.0;30.00;85.00;20.95;0.00;;30.0;30.0;30.0
R;;;;1;16.83333;180.89;0.0;30.00;85.00;20.95;0.00;test measure for referencing ;30.0;30.0;30.0
C102;A01;X1;;1;16.83929;45.15;0.0;30.00;85.00;20.95;0.00;;30.0;30.0;30.0
C102;A02;X1;;1;16.84524;44.43;0.0;30.00;85.00;20.95;0.00;;30.0;30.0;30.0
C102;A03;X1;;1;16.85119;43.92;0.0;30.00;85.00;20.95;0.00;;30.0;30.0;30.0
C102;A04;X1;;1;16.85714;40.76;0.0;30.00;85.00;20.95;0.00;;30.0;30.0;30.0
C102;A05;X1;;1;16.86310;48.37;0.0;30.00;85.00;20.95;0.00;;30.0;30.0;30.0
C102;A06;X2;;1;16.86905;14.30;0.0;30.00;85.00;20.95;0.00;;30.0;30.0;30.0
C102;A07;X2;;1;16.87500;13.55;0.0;30.00;85.00;20.95;0.00;;30.0;30.0;30.0
C102;A08;X2;;1;16.88095;14.22;0.0;30.00;85.00;20.95;0.00;;30.0;30.0;30.0
C102;A09;X2;;1;16.88690;13.10;0.0;30.00;85.00;20.95;0.00;;30.0;30.0;30.0
C102;A10;X2;;1;16.89286;13.48;0.0;30.00;85.00;20.95;0.00;;30.0;30.0;30.0
C102;A11;X3;;1;16.89881;11.62;0.0;30.00;85.00;20.95;0.00;;30.0;30.0;30.0
C102;A12;X3;;1;16.90476;10.84;0.0;30.00;85.00;20.95;0.00;;30.0;30.0;30.0
C102;B01;X3;;1;16.91071;11.05;0.0;30.00;85.00;20.95;0.00;;30.0;30.0;30.0
C102;B02;X3;;1;16.91667;10.15;0.0;30.00;85.00;20.95;0.00;;30.0;30.0;30.0
C102;B03;X3;;1;16.92262;11.03;0.0;30.00;85.00;20.95;0.00;;30.0;30.0;30.0
C102;B04;X4;;1;16.92857;25.45;0.0;30.00;85.00;20.95;0.00;;30.0;30.0;30.0
C102;B05;X4;;1;16.93452;25.94;0.0;30.00;85.00;20.95;0.00;;30.0;30.0;30.0
C102;B06;X4;;1;16.94048;25.22;0.0;30.00;85.00;20.95;0.00;;30.0;30.0;30.0
C102;B07;X4;;1;16.94643;25.77;0.0;30.00;85.00;20.95;0.00;;30.0;30.0;30.0
C102;B08;X4;;1;16.95238;24.44;0.0;30.00;85.00;20.95;0.00;;30.0;30.0;30.0
C102;B09;B1;;1;16.95833;8.42;0.0;30.00;85.00;20.95;0.00;;30.0;30.0;30.0
C102;B10;B1;;1;16.96429;8.42;0.0;30.00;85.00;20.95;0.00;;30.0;30.0;30.0
C102;B11;B1;;1;16.97024;7.91;0.0;30.00;85.00;20.95;0.00;;30.0;30.0;30.0
R;;;;1;17.00000;180.13;0.0;30.00;85.00;20.95;0.00;test measure for referencing ;30.0;30.0;30.0
C103;A01;X1;;1;17.00595;45.57;0.0;30.00;85.00;20.95;0.00;;30.0;30.0;30.0
C103;A02;X1;;1;17.01190;44.30;0.0;30.00;85.00;20.95;0.00;;30.0;30.0;30.0
C103;A03;X1;;1;17.01786;44.03;0.0;30.00;85.00;20.95;0.00;;30.0;30.0;30.0
C103;A04;X1;;1;17.02381;41.14;0.0;30.00;85.00;20.95;0.00;;30.0;30.0;30.0
C103;A05;X1;;1;17.02976;48.63;0.0;30.00;85.00;20.95;0.00;;30.0;30.0;30.0
C103;A06;X2;;1;17.03571;14.27;0.0;30.00;85.00;20.95;0.00;;30.0;30.0;30.0
C103;A07;X2;;1;17.04167;13.59;0.0;30.00;85.00;20.95;0.00;;30.0;30.0;30.0
C103;A08;X2;;1;17.04762;14.19;0.0;30.00;85.00;20.95;0.00;;30.0;30.0;30.0
C103;A09;X2;;1;17.05357;13.73;0.0;30.00;85.00;20.95;0.00;;30.0;30.0;30.0
C103;A10;X2;;1;17.05952;13.19;0.0;30.00;85.00;20.95;0.00;;30.0;30.0;30.0
C103;A11;X3;;1;17.06548;11.27;0.0;30.00;85.00;20.95;0.00;;30.0;30.0;30.0
C103;A12;X3;;1;17.07143;10.51;0.0;30.00;85.00;20.95;0.00;;30.0;30.0;30.0
C103;B01;X3;;1;17.07738;10.53;0.0;30.00;85.00;20.95;0.00;;30.0;30.0;30.0
C103;B02;X3;;1;17.08333;10.13;0.0;30.00;85.00;20.95;0.00;;30.0;30.0;30.0
C103;B03;X3;;1;17.08929;10.93;0.0;30.00;85.00;20.95;0.00;;30.0;30.0;30.0
C103;B04;X4;;1;17.09524;25.90;0.0;30.00;85.00;20.95;0.00;;30.0;30.0;30.0
C103;B05;X4;;1;17.10119;26.34;0.0;30.00;85.00;20.95;0.00;;30.0;30.0;30.0
C103;B06;X4;;1;17.10714;25.12;0.0;30.00;85.00;20.95;0.00;;30.0;30.0;30.0
C103;B07;X4;;1;17.11310;25.78;0.0;30.00;85.00;20.95;0.00;;30.0;30.0;30.0
C103;B08;X4;;1;17.11905;24.71;0.0;30.00;85.00;20.95;0.00;;30.0;30.0;30.0
C103;B09;B1;;1;17.12500;7.45;0.0;30.00;85.00;20.95;0.00;;30.0;30.0;30.0
C103;B10;B1;;1;17.13095;8.72;0.0;30.00;85.00;20.95;0.00;;30.0;30.0;30.0
C103;B11;B1;;1;17.13690;7.76;0.0;30.00;85.00;20.95;0.00;;30.0;30.0;30.0
R;;;;1;17.16667;176.32;0.0;30.00;85.00;20.95;0.00;test measure for referencing ;30.0;30.0;30.0
C104;A01;X1;;1;17.17262;45.04;0.0;30.00;85.00;20.95;0.00;;30.0;30.0;30.0
C104;A02;X1;;1;17.17857;43.74;0.0;30.00;85.00;20.95;0.00;;30.0;30.0;30.0
C104;A03;X1;;1;17.18452;43.72;0.0;30.00;85.00;20.95;0.00;;30.0;30.0;30.0
C104;A04;X1;;1;17.19048;39.83;0.0;30.00;85.00;20.95;0.00;;30.0;30.0;30.0
C104;A05;X1;;1;17.19643;47.45;0.0;30.00;85.00;20.95;0.00;;30.0;30.0;30.0
C104;A06;X2;;1;17.20238;14.53;0.0;30.00;85.00;20.95;0.00;;30.0;30.0;30.0
C104;A07;X2;;1;17.20833;13.24;0.0;30.00;85.00;20.95;0.00;;30.0;30.0;30.0
C104;A08;X2;;1;17.21429;13.68;0.0;30.00;85.00;20.95;0.00;;30.0;30.0;30.0
C104;A09;X2;;1;17.22024;14.16;0.0;30.00;85.00;20.95;0.00;;30.0;30.0;30.0
C104;A10;X2;;1;17.22619;13.00;0.0;30.00;85.00;20.95;0.00;;30.0;30.0;30.0
C104;A11;X3;;1;17.23214;10.74;0.0;30.00;85.00;20.95;0.00;;30.0;30.0;30.0
C104;A12;X3;;1;17.23810;10.63;0.0;30.00;85.00;20.95;0.00;;30.0;30.0;30.0
C104;B01;X3;;1;17.24405;10.57;0.0;30.00;85.00;20.95;0.00;;30.0;30.0;30.0
C104;B02;X3;;1;17.25000;10.73;0.0;30.00;85.00;20.95;0.00;;30.0;30.0;30.0
C104;B03;X3;;1;17.25595;10.34;0.0;30.00;85.00;20.95;0.00;;30.0;30.0;30.0
C104;B04;X4;;1;17.26190;25.49;0.0;30.00;85.00;20.95;0.00;;30.0;30.0;30.0
C104;B05;X4;;1;17.26786;25.58;0.0;30.00;85.00;20.95;0.00;;30.0;30.0;30.0
C104;B06;X4;;1;17.27381;25.05;0.0;30.00;85.00;20.95;0.00;;30.0;30.0;30.0
C104;B07;X4;;1;17.27976;25.48;0.0;30.00;85.00;20.95;0.00;;30.0;30.0;30.0
C104;B08;X4;;1;17.28571;24.51;0.0;30.00;85.00;20.95;0.00;;30.0;30.0;30.0
C104;B09;B1;;1;17.29167;7.59;0.0;30.00;85.00;20.95;0.00;;30.0;30.0;30.0
C104;B10;B1;;1;17.29762;8.21;0.0;30.00;85.00;20.95;0.00;;30.0;30.0;30.0
C104;B11;B1;;1;17.30357;8.52;0.0;30.00;85.00;20.95;0.00;;30.0;30.0;30.0
R;;;;1;17.33333;178.84;0.0;30.00;85.00;20.95;0.00;test measure for referencing ;30.0;30.0;30.0
C105;A01;X1;;1;17.33929;45.90;0.0;30.00;85.00;20.95;0.00;;30.0;30.0;30.0
C105;A02;X1;;1;17.34524;44.54;0.0;30.00;85.00;20.95;0.00;;30.0;30.0;30.0
C105;A03;X1;;1;17.35119;45.06;0.0;30.00;85.00;20.95;0.00;;30.0;30.0;30.0
C105;A04;X1;;1;17.35714;40.91;0.0;30.00;85.00;20.95;0.00;;30.0;30.0;30.0
C105;A05;X1;;1;17.36310;50.04;0.0;30.00;85.00;20.95;0.00;;30.0;30.0;30.0
C105;A06;X2;;1;17.36905;14.29;0.0;30.00;85.00;20.95;0.00;;30.0;30.0;30.0
C105;A07;X2;;1;17.37500;14.07;0.0;30.00;85.00;20.95;0.00;;30.0;30.0;30.0
C105;A08;X2;;1;17.38095;14.21;0.0;30.00;85.00;20.95;0.00;;30.0;30.0;30.0
C105;A09;X2;;1;17.38690;13.48;0.0;30.00;85.00;20.95;0.00;;30.0;30.0;30.0
C105;A10;X2;;1;17.39286;12.97;0.0;30.00;85.00;20.95;0.00;;30.0;30.0;30.0
C105;A11;X3;;1;17.39881;11.06;0.0;30.00;85.00;20.95;0.00;;30.0;30.0;30.0
C105;A12;X3;;1;17.40476;10.42;0.0;30.00;85.00;20.95;0.00;;30.0;30.0;30.0
C105;B01;X3;;1;17.41071;10.55;0.0;30.00;85.00;20.95;0.00;;30.0;30.0;30.0
C105;B02;X3;;1;17.41667;10.08;0.0;30.00;85.00;20.95;0.00;;30.0;30.0;30.0
C105;B03;X3;;1;17.42262;11.67;0.0;30.00;85.00;20.95;0.00;;30.0;30.0;30.0
C105;B04;X4;;1;17.42857;26.76;0.0;30.00;85.00;20.95;0.00;;30.0;30.0;30.0
C105;B05;X4;;1;17.43452;26.27;0.0;30.00;85.00;20.95;0.00;;30.0;30.0;30.0
C105;B06;X4;;1;17.44048;25.76;0.0;30.00;85.00;20.95;0.00;;30.0;30.0;30.0
C105;B07;X4;;1;17.44643;26.76;0.0;30.00;85.00;20.95;0.00;;30.0;30.0;30.0
C105;B08;X4;;1;17.45238;25.24;0.0;30.00;85.00;20.95;0.00;;30.0;30.0;30.0
C105;B09;B1;;1;17.45833;7.90;0.0;30.00;85.00;20.95;0.00;;30.0;30.0;30.0
C105;B10;B1;;1;17.46429;8.42;0.0;30.00;85.00;20.95;0.00;;30.0;30.0;30.0
C105;B11;B1;;1;17.47024;8.20;0.0;30.00;85.00;20.95;0.00;;30.0;30.0;30.0
R;;;;1;17.50000;176.80;0.0;30.00;85.00;20.95;0.00;test measure for referencing ;30.0;30.0;30.0
C106;A01;X1;;1;17.50595;46.21;0.0;30.00;85.00;20.95;0.00;;30.0;30.0;30.0
C106;A02;X1;;1;17.51190;44.42;0.0;30.00;85.00;20.95;0.00;;30.0;30.0;30.0
C106;A03;X1;;1;17.51786;45.33;0.0;30.00;85.00;20.95;0.00;;30.0;30.0;30.0
C106;A04;X1;;1;17.52381;40.81;0.0;30.00;85.00;20.95;0.00;;30.0;30.0;30.0
C106;A05;X1;;1;17.52976;48.15;0.0;30.00;85.00;20.95;0.00;;30.0;30.0;30.0
C106;A06;X2;;1;17.53571;14.31;0.0;30.00;85.00;20.95;0.00;;30.0;30.0;30.0
C106;A07;X2;;1;17.54167;13.84;0.0;30.00;85.00;20.95;0.00;;30.0;30.0;30.0
C106;A08;X2;;1;17.54762;14.24;0.0;30.00;85.00;20.95;0.00;;30.0;30.0;30.0
C106;A09;X2;;1;17.55357;13.86;0.0;30.00;85.00;20.95;0.00;;30.0;30.0;30.0
C106;A10;X2;;1;17.55952;13.09;0.0;30.00;85.00;20.95;0.00;;30.0;30.0;30.0
C106;A11;X3;;1;17.56548;11.34;0.0;30.00;85.00;20.95;0.00;;30.0;30.0;30.0
C106;A12;X3;;1;17.57143;9.97;0.0;30.00;85.00;20.95;0.00;;30.0;30.0;30.0
C106;B01;X3;;1;17.57738;10.75;0.0;30.00;85.00;20.95;0.00;;30.0;30.0;30.0
C106;B02;X3;;1;17.58333;9.95;0.0;30.00;85.00;20.95;0.00;;30.0;30.0;30.0
C106;B03;X3;;1;17.58929;10.66;0.0;30.00;85.00;20.95;0.00;;30.0;30.0;30.0
C106;B04;X4;;1;17.59524;25.77;0.0;30.00;85.00;20.95;0.00;;30.0;30.0;30.0
C106;B05;X4;;1;17.60119;26.58;0.0;30.00;85.00;20.95;0.00;;30.0;30.0;30.0
C106;B06;X4;;1;17.60714;26.09;0.0;30.00;85.00;20.95;0.00;;30.0;30.0;30.0
C106;B07;X4;;1;17.61310;26.08;0.0;30.00;85.00;20.95;0.00;;30.0;30.0;30.0
C106;B08;X4;;1;17.61905;25.43;0.0;30.00;85.00;20.95;0.00;;30.0;30.0;30.0
C106;B09;B1;;1;17.62500;7.56;0.0;30.00;85.00;20.95;0.00;;30.0;30.0;30.0
C106;B10;B1;;1;17.63095;8.29;0.0;30.00;85.00;20.95;0.00;;30.0;30.0;30.0
C106;B11;B1;;1;17.63690;7.34;0.0;30.00;85.00;20.95;0.00;;30.0;30.0;30.0
R;;;;1;17.66667;178.91;0.0;30.00;85.00;20.95;0.00;test measure for referencing ;30.0;30.0;30.0
C107;A01;X1;;1;17.67262;47.04;0.0;30.00;85.00;20.95;0.00;;30.0;30.0;30.0
C107;A02;X1;;1;17.67857;46.14;0.0;30.00;85.00;20.95;0.00;;30.0;30.0;30.0
C107;A03;X1;;1;17.68452;45.31;0.0;30.00;85.00;20.95;0.00;;30.0;30.0;30.0
C107;A04;X1;;1;17.69048;41.65;0.0;30.00;85.00;20.95;0.00;;30.0;30.0;30.0
C107;A05;X1;;1;17.69643;49.80;0.0;30.00;85.00;20.95;0.00;;30.0;30.0;30.0
C107;A06;X2;;1;17.70238;14.98;0.0;30.00;85.00;20.95;0.00;;30.0;30.0;30.0
C107;A07;X2;;1;17.70833;13.41;0.0;30.00;85.00;20.95;0.00;;30.0;30.0;30.0
C107;A08;X2;;1;17.71429;14.58;0.0;30.00;85.00;20.95;0.00;;30.0;30.0;30.0
C107;A09;X2;;1;17.72024;13.87;0.0;30.00;85.00;20.95;0.00;;30.0;30.0;30.0
C107;A10;X2;;1;17.72619;13.28;0.0;30.00;85.00;20.95;0.00;;30.0;30.0;30.0
C107;A11;X3;;1;17.73214;10.72;0.0;30.00;85.00;20.95;0.00;;30.0;30.0;30.0
C107;A12;X3;;1;17.73810;10.69;0.0;30.00;85.00;20.95;0.00;;30.0;30.0;30.0
C107;B01;X3;;1;17.74405;10.94;0.0;30.00;85.00;20.95;0.00;;30.0;30.0;30.0
C107;B02;X3;;1;17.75000;10.41;0.0;30.00;85.00;20.95;0.00;;30.0;30.0;30.0
C107;B03;X3;;1;17.75595;10.33;0.0;30.00;85.00;20.95;0.00;;30.0;30.0;30.0
C107;B04;X4;;1;17.76190;26.65;0.0;30.00;85.00;20.95;0.00;;30.0;30.0;30.0
C107;B05;X4;;1;17.76786;27.82;0.0;30.00;85.00;20.95;0.00;;30.0;30.0;30.0
C107;B06;X4;;1;17.77381;26.56;0.0;30.00;85.00;20.95;0.00;;30.0;30.0;30.0
C107;B07;X4;;1;17.77976;27.18;0.0;30.00;85.00;20.95;0.00;;30.0;30.0;30.0
C107;B08;X4;;1;17.78571;26.46;0.0;30.00;85.00;20.95;0.00;;30.0;30.0;30.0
C107;B09;B1;;1;17.79167;7.45;0.0;30.00;85.00;20.95;0.00;;30.0;30.0;30.0
C107;B10;B1;;1;17.79762;7.47;0.0;30.00;85.00;20.95;0.00;;30.0;30.0;30.0
C107;B11;B1;;1;17.80357;8.93;0.0;30.00;85.00;20.95;0.00;;30.0;30.0;30.0
R;;;;1;17.83333;180.08;0.0;30.00;85.00;20.95;0.00;test measure for referencing ;30.0;30.0;30.0
C108;A01;X1;;1;17.83929;47.37;0.0;30.00;85.00;20.95;0.00;;30.0;30.0;30.0
C108;A02;X1;;1;17.84524;45.96;0.0;30.00;85.00;20.95;0.00;;30.0;30.0;30.0
C108;A03;X1;;1;17.85119;45.54;0.0;30.00;85.00;20.95;0.00;;30.0;30.0;30.0
C108;A04;X1;;1;17.85714;42.77;0.0;30.00;85.00;20.95;0.00;;30.0;30.0;30.0
C108;A05;X1;;1;17.86310;49.89;0.0;30.00;85.00;20.95;0.00;;30.0;30.0;30.0
C108;A06;X2;;1;17.86905;14.11;0.0;30.00;85.00;20.95;0.00;;30.0;30.0;30.0
C108;A07;X2;;1;17.87500;13.87;0.0;30.00;85.00;20.95;0.00;;30.0;30.0;30.0
C108;A08;X2;;1;17.88095;14.97;0.0;30.00;85.00;20.95;0.00;;30.0;30.0;30.0
C108;A09;X2;;1;17.88690;14.12;0.0;30.00;85.00;20.95;0.00;;30.0;30.0;30.0
C108;A10;X2;;1;17.89286;13.89;0.0;30.00;85.00;20.95;0.00;;30.0;30.0;30.0
C108;A11;X3;;1;17.89881;11.15;0.0;30.00;85.00;20.95;0.00;;30.0;30.0;30.0
C108;A12;X3;;1;17.90476;10.85;0.0;30.00;85.00;20.95;0.00;;30.0;30.0;30.0
C108;B01;X3;;1;17.91071;10.21;0.0;30.00;85.00;20.95;0.00;;30.0;30.0;30.0
C108;B02;X3;;1;17.91667;11.16;0.0;30.00;85.00;20.95;0.00;;30.0;30.0;30.0
C108;B03;X3;;1;17.92262;10.76;0.0;30.00;85.00;20.95;0.00;;30.0;30.0;30.0
C108;B04;X4;;1;17.92857;27.51;0.0;30.00;85.00;20.95;0.00;;30.0;30.0;30.0
C108;B05;X4;;1;17.93452;27.43;0.0;30.00;85.00;20.95;0.00;;30.0;30.0;30.0
C108;B06;X4;;1;17.94048;27.35;0.0;30.00;85.00;20.95;0.00;;30.0;30.0;30.0
C108;B07;X4;;1;17.94643;27.76;0.0;30.00;85.00;20.95;0.00;;30.0;30.0;30.0
C108;B08;X4;;1;17.95238;27.13;0.0;30.00;85.00;20.95;0.00;;30.0;30.0;30.0
C108;B09;B1;;1;17.95833;7.75;0.0;30.00;85.00;20.95;0.00;;30.0;30.0;30.0
C108;B10;B1;;1;17.96429;8.44;0.0;30.00;85.00;20.95;0.00;;30.0;30.0;30.0
C108;B11;B1;;1;17.97024;7.95;0.0;30.00;85.00;20.95;0.00;;30.0;30.0;30.0
R;;;;1;18.00000;178.79;0.0;30.00;85.00;20.95;0.00;test measure for referencing ;30.0;30.0;30.0
C109;A01;X1;;1;18.00595;47.85;0.0;30.00;85.00;20.95;0.00;;30.0;30.0;30.0
C109;A02;X1;;1;18.01190;45.85;0.0;30.00;85.00;20.95;0.00;;30.0;30.0;30.0
C109;A03;X1;;1;18.01786;46.57;0.0;30.00;85.00;20.95;0.00;;30.0;30.0;30.0
C109;A04;X1;;1;18.02381;43.13;0.0;30.00;85.00;20.95;0.00;;30.0;30.0;30.0
C109;A05;X1;;1;18.02976;51.08;0.0;30.00;85.00;20.95;0.00;;30.0;30.0;30.0
C109;A06;X2;;1;18.03571;15.03;0.0;30.00;85.00;20.95;0.00;;30.0;30.0;30.0
C109;A07;X2;;1;18.04167;13.99;0.0;30.00;85.00;20.95;0.00;;30.0;30.0;30.0
C109;A08;X2;;1;18.04762;14.21;0.0;30.00;85.00;20.95;0.00;;30.0;30.0;30.0
C109;A09;X2;;1;18.05357;14.67;0.0;30.00;85.00;20.95;0.00;;30.0;30.0;30.0
C109;A10;X2;;1;18.05952;13.56;0.0;30.00;85.00;20.95;0.00;;30.0;30.0;30.0
C109;A11;X3;;1;18.06548;11.59;0.0;30.00;85.00;20.95;0.00;;30.0;30.0;30.0
C109;A12;X3;;1;18.07143;10.57;0.0;30.00;85.00;20.95;0.00;;30.0;30.0;30.0
C109;B01;X3;;1;18.07738;10.67;0.0;30.00;85.00;20.95;0.00;;30.0;30.0;30.0
C109;B02;X3;;1;18.08333;10.46;0.0;30.00;85.00;20.95;0.00;;30.0;30.0;30.0
C109;B03;X3;;1;18.08929;11.19;0.0;30.00;85.00;20.95;0.00;;30.0;30.0;30.0
C109;B04;X4;;1;18.09524;27.37;0.0;30.00;85.00;20.95;0.00;;30.0;30.0;30.0
C109;B05;X4;;1;18.10119;28.28;0.0;30.00;85.00;20.95;0.00;;30.0;30.0;30.0
C109;B06;X4;;1;18.10714;26.80;0.0;30.00;85.00;20.95;0.00;;30.0;30.0;30.0
C109;B07;X4;;1;18.11310;27.95;0.0;30.00;85.00;20.95;0.00;;30.0;30.0;30.0
C109;B08;X4;;1;18.11905;26.76;0.0;30.00;85.00;20.95;0.00;;30.0;30.0;30.0
C109;B09;B1;;1;18.12500;8.15;0.0;30.00;85.00;20.95;0.00;;30.0;30.0;30.0
C109;B10;B1;;1;18.13095;7.63;0.0;30.00;85.00;20.95;0.00;;30.0;30.0;30.0
C109;B11;B1;;1;18.13690;8.11;0.0;30.00;85.00;20.95;0.00;;30.0;30.0;30.0
R;;;;1;18.16667;179.00;0.0;30.00;85.00;20.95;0.00;test measure for referencing ;30.0;30.0;30.0
C110;A01;X1;;1;18.17262;48.04;0.0;30.00;85.00;20.95;0.00;;30.0;30.0;30.0
C110;A02;X1;;1;18.17857;46.53;0.0;30.00;85.00;20.95;0.00;;30.0;30.0;30.0
C110;A03;X1;;1;18.18452;46.44;0.0;30.00;85.00;20.95;0.00;;30.0;30.0;30.0
C110;A04;X1;;1;18.19048;43.11;0.0;30.00;85.00;20.95;0.00;;30.0;30.0;30.0
C110;A05;X1;;1;18.19643;50.76;0.0;30.00;85.00;20.95;0.00;;30.0;30.0;30.0
C110;A06;X2;;1;18.20238;14.91;0.0;30.00;85.00;20.95;0.00;;30.0;30.0;30.0
C110;A07;X2;;1;18.20833;13.36;0.0;30.00;85.00;20.95;0.00;;30.0;30.0;30.0
C110;A08;X2;;1;18.21429;14.78;0.0;30.00;85.00;20.95;0.00;;30.0;30.0;30.0
C110;A09;X2;;1;18.22024;14.55;0.0;30.00;85.00;20.95;0.00;;30.0;30.0;30.0
C110;A10;X2;;1;18.22619;13.60;0.0;30.00;85.00;20.95;0.00;;30.0;30.0;30.0
C110;A11;X3;;1;18.23214;11.43;0.0;30.00;85.00;20.95;0.00;;30.0;30.0;30.0
C110;A12;X3;;1;18.23810;10.58;0.0;30.00;85.00;20.95;0.00;;30.0;30.0;30.0
C110;B01;X3;;1;18.24405;11.11;0.0;30.00;85.00;20.95;0.00;;30.0;30.0;30.0
C110;B02;X3;;1;18.25000;10.69;0.0;30.00;85.00;20.95;0.00;;30.0;30.0;30.0
C110;B03;X3;;1;18.25595;10.65;0.0;30.00;85.00;20.95;0.00;;30.0;30.0;30.0
C110;B04;X4;;1;18.26190;27.81;0.0;30.00;85.00;20.95;0.00;;30.0;30.0;30.0
C110;B05;X4;;1;18.26786;28.07;0.0;30.00;85.00;20.95;0.00;;30.0;30.0;30.0
C110;B06;X4;;1;18.27381;27.23;0.0;30.00;85.00;20.95;0.00;;30.0;30.0;30.0
C110;B07;X4;;1;18.27976;28.33;0.0;30.00;85.00;20.95;0.00;;30.0;30.0;30.0
C110;B08;X4;;1;18.28571;27.29;0.0;30.00;85.00;20.95;0.00;;30.0;30.0;30.0
C110;B09;B1;;1;18.29167;7.94;0.0;30.00;85.00;20.95;0.00;;30.0;30.0;30.0
C110;B10;B1;;1;18.29762;7.88;0.0;30.00;85.00;20.95;0.00;;30.0;30.0;30.0
C110;B11;B1;;1;18.30357;8.05;0.0;30.00;85.00;20.95;0.00;;30.0;30.0;30.0
R;;;;1;18.33333;177.82;0.0;30.00;85.00;20.95;0.00;test measure for referencing ;30.0;30.0;30.0
C111;A01;X1;;1;18.33929;47.97;0.0;30.00;85.00;20.95;0.00;;30.0;30.0;30.0
C111;A02;X1;;1;18.34524;46.86;0.0;30.00;85.00;20.95;0.00;;30.0;30.0;30.0
C111;A03;X1;;1;18.35119;46.80;0.0;30.00;85.00;20.95;0.00;;30.0;30.0;30.0
C111;A04;X1;;1;18.35714;43.16;0.0;30.00;85.00;20.95;0.00;;30.0;30.0;30.0
C111;A05;X1;;1;18.36310;50.74;0.0;30.00;85.00;20.95;0.00;;30.0;30.0;30.0
C111;A06;X2;;1;18.36905;14.68;0.0;30.00;85.00;20.95;0.00;;30.0;30.0;30.0
C111;A07;X2;;1;18.37500;14.10;0.0;30.00;85.00;20.95;0.00;;30.0;30.0;30.0
C111;A08;X2;;1;18.38095;15.24;0.0;30.00;85.00;20.95;0.00;;30.0;30.0;30.0
C111;A09;X2;;1;18.38690;14.66;0.0;30.00;85.00;20.95;0.00;;30.0;30.0;30.0
C111;A10;X2;;1;18.39286;14.40;0.0;30.00;85.00;20.95;0.00;;30.0;30.0;30.0
C111;A11;X3;;1;18.39881;11.22;0.0;30.00;85.00;20.95;0.00;;30.0;30.0;30.0
C111;A12;X3;;1;18.40476;11.02;0.0;30.00;85.00;20.95;0.00;;30.0;30.0;30.0
C111;B01;X3;;1;18.41071;10.13;0.0;30.00;85.00;20.95;0.00;;30.0;30.0;30.0
C111;B02;X3;;1;18.41667;10.60;0.0;30.00;85.00;20.95;0.00;;30.0;30.0;30.0
C111;B03;X3;;1;18.42262;10.35;0.0;30.00;85.00;20.95;0.00;;30.0;30.0;30.0
C111;B04;X4;;1;18.42857;28.41;0.0;30.00;85.00;20.95;0.00;;30.0;30.0;30.0
C111;B05;X4;;1;18.43452;28.93;0.0;30.00;85.00;20.95;0.00;;30.0;30.0;30.0
C111;B06;X4;;1;18.44048;27.85;0.0;30.00;85.00;20.95;0.00;;30.0;30.0;30.0
C111;B07;X4;;1;18.44643;28.46;0.0;30.00;85.00;20.95;0.00;;30.0;30.0;30.0
C111;B08;X4;;1;18.45238;27.05;0.0;30.00;85.00;20.95;0.00;;30.0;30.0;30.0
C111;B09;B1;;1;18.45833;7.65;0.0;30.00;85.00;20.95;0.00;;30.0;30.0;30.0
C111;B10;B1;;1;18.46429;8.02;0.0;30.00;85.00;20.95;0.00;;30.0;30.0;30.0
C111;B11;B1;;1;18.47024;8.55;0.0;30.00;85.00;20.95;0.00;;30.0;30.0;30.0
R;;;;1;18.50000;180.14;0.0;30.00;85.00;20.95;0.00;test measure for referencing ;30.0;30.0;30.0
C112;A01;X1;;1;18.50595;48.66;0.0;30.00;85.00;20.95;0.00;;30.0;30.0;30.0
C112;A02;X1;;1;18.51190;47.28;0.0;30.00;85.00;20.95;0.00;;30.0;30.0;30.0
C112;A03;X1;;1;18.51786;47.46;0.0;30.00;85.00;20.95;0.00;;30.0;30.0;30.0
C112;A04;X1;;1;18.52381;43.69;0.0;30.00;85.00;20.95;0.00;;30.0;30.0;30.0
C112;A05;X1;;1;18.52976;51.96;0.0;30.00;85.00;20.95;0.00;;30.0;30.0;30.0
C112;A06;X2;;1;18.53571;14.99;0.0;30.00;85.00;20.95;0.00;;30.0;30.0;30.0
C112;A07;X2;;1;18.54167;14.29;0.0;30.00;85.00;20.95;0.00;;30.0;30.0;30.0
C112;A08;X2;;1;18.54762;14.45;0.0;30.00;85.00;20.95;0.00;;30.0;30.0;30.0
C112;A09;X2;;1;18.55357;15.12;0.0;30.00;85.00;20.95;0.00;;30.0;30.0;30.0
C112;A10;X2;;1;18.55952;14.24;0.0;30.00;85.00;20.95;0.00;;30.0;30.0;30.0
C112;A11;X3;;1;18.56548;11.84;0.0;30.00;85.00;20.95;0.00;;30.0;30.0;30.0
C112;A12;X3;;1;18.57143;10.90;0.0;30.00;85.00;20.95;0.00;;30.0;30.0;30.0
C112;B01;X3;;1;18.57738;10.75;0.0;30.00;85.00;20.95;0.00;;30.0;30.0;30.0
C112;B02;X3;;1;18.58333;10.63;0.0;30.00;85.00;20.95;0.00;;30.0;30.0;30.0
C112;B03;X3;;1;18.58929;11.22;0.0;30.00;85.00;20.95;0.00;;30.0;30.0;30.0
C112;B04;X4;;1;18.59524;28.55;0.0;30.00;85.00;20.95;0.00;;30.0;30.0;30.0
C112;B05;X4;;1;18.60119;29.40;0.0;30.00;85.00;20.95;0.00;;30.0;30.0;30.0
C112;B06;X4;;1;18.60714;28.78;0.0;30.00;85.00;20.95;0.00;;30.0;30.0;30.0
C112;B07;X4;;1;18.61310;29.34;0.0;30.00;85.00;20.95;0.00;;30.0;30.0;30.0
C112;B08;X4;;1;18.61905;27.73;0.0;30.00;85.00;20.95;0.00;;30.0;30.0;30.0
C112;B09;B1;;1;18.62500;8.27;0.0;30.00;85.00;20.95;0.00;;30.0;30.0;30.0
C112;B10;B1;;1;18.63095;7.72;0.0;30.00;85.00;20.95;0.00;;30.0;30.0;30.0
C112;B11;B1;;1;18.63690;8.63;0.0;30.00;85.00;20.95;0.00;;30.0;30.0;30.0
R;;;;1;18.66667;177.21;0.0;30.00;85.00;20.95;0.00;test measure for referencing ;30.0;30.0;30.0
C113;A01;X1;;1;18.67262;48.60;0.0;30.00;85.00;20.95;0.00;;30.0;30.0;30.0
C113;A02;X1;;1;18.67857;46.98;0.0;30.00;85.00;20.95;0.00;;30.0;30.0;30.0
C113;A03;X1;;1;18.68452;47.21;0.0;30.00;85.00;20.95;0.00;;30.0;30.0;30.0
C113;A04;X1;;1;18.69048;43.07;0.0;30.00;85.00;20.95;0.00;;30.0;30.0;30.0
C113;A05;X1;;1;18.69643;51.39;0.0;30.00;85.00;20.95;0.00;;30.0;30.0;30.0
C113;A06;X2;;1;18.70238;14.77;0.0;30.00;85.00;20.95;0.00;;30.0;30.0;30.0
C113;A07;X2;;1;18.70833;13.90;0.0;30.00;85.00;20.95;0.00;;30.0;30.0;30.0
C113;A08;X2;;1;18.71429;14.93;0.0;30.00;85.00;20.95;0.00;;30.0;30.0;30.0
C113;A09;X2;;1;18.72024;15.26;0.0;30.00;85.00;20.95;0.00;;30.0;30.0;30.0
C113;A10;X2;;1;18.72619;13.93;0.0;30.00;85.00;20.95;0.00;;30.0;30.0;30.0
C113;A11;X3;;1;18.73214;11.51;0.0;30.00;85.00;20.95;0.00;;30.0;30.0;30.0
C113;A12;X3;;1;18.73810;10.65;0.0;30.00;85.00;20.95;0.00;;30.0;30.0;30.0
C113;B01;X3;;1;18.74405;10.44;0.0;30.00;85.00;20.95;0.00;;30.0;30.0;30.0
C113;B02;X3;;1;18.75000;10.85;0.0;30.00;85.00;20.95;0.00;;30.0;30.0;30.0
C113;B03;X3;;1;18.75595;11.18;0.0;30.00;85.00;20.95;0.00;;30.0;30.0;30.0
C113;B04;X4;;1;18.76190;28.96;0.0;30.00;85.00;20.95;0.00;;30.0;30.0;30.0
C113;B05;X4;;1;18.76786;29.41;0.0;30.00;85.00;20.95;0.00;;30.0;30.0;30.0
C113;B06;X4;;1;18.77381;28.11;0.0;30.00;85.00;20.95;0.00;;30.0;30.0;30.0
C113;B07;X4;;1;18.77976;28.67;0.0;30.00;85.00;20.95;0.00;;30.0;30.0;30.0
C113;B08;X4;;1;18.78571;27.68;0.0;30.00;85.00;20.95;0.00;;30.0;30.0;30.0
C113;B09;B1;;1;18.79167;8.60;0.0;30.00;85.00;20.95;0.00;;30.0;30.0;30.0
C113;B10;B1;;1;18.79762;7.02;0.0;30.00;85.00;20.95;0.00;;30.0;30.0;30.0
C113;B11;B1;;1;18.80357;8.09;0.0;30.00;85.00;20.95;0.00;;30.0;30.0;30.0
R;;;;1;18.83333;181.70;0.0;30.00;85.00;20.95;0.00;test measure for referencing ;30.0;30.0;30.0
C114;A01;X1;;1;18.83929;50.10;0.0;30.00;85.00;20.95;0.00;;30.0;30.0;30.0
C114;A02;X1;;1;18.84524;48.72;0.0;30.00;85.00;20.95;0.00;;30.0;30.0;30.0
C114;A03;X1;;1;18.85119;48.60;0.0;30.00;85.00;20.95;0.00;;30.0;30.0;30.0
C114;A04;X1;;1;18.85714;45.02;0.0;30.00;85.00;20.95;0.00;;30.0;30.0;30.0
C114;A05;X1;;1;18.86310;53.44;0.0;30.00;85.00;20.95;0.00;;30.0;30.0;30.0
C114;A06;X2;;1;18.86905;15.47;0.0;30.00;85.00;20.95;0.00;;30.0;30.0;30.0
C114;A07;X2;;1;18.87500;15.13;0.0;30.00;85.00;20.95;0.00;;30.0;30.0;30.0
C114;A08;X2;;1;18.88095;15.12;0.0;30.00;85.00;20.95;0.00;;30.0;30.0;30.0
C114;A09;X2;;1;18.88690;14.22;0.0;30.00;85.00;20.95;0.00;;30.0;30.0;30.0
C114;A10;X2;;1;18.89286;14.49;0.0;30.00;85.00;20.95;0.00;;30.0;30.0;30.0
C114;A11;X3;;1;18.89881;11.48;0.0;30.00;85.00;20.95;0.00;;30.0;30.0;30.0
C114;A12;X3;;1;18.90476;10.68;0.0;30.00;85.00;20.95;0.00;;30.0;30.0;30.0
C114;B01;X3;;1;18.91071;10.80;0.0;30.00;85.00;20.95;0.00;;30.0;30.0;30.0
C114;B02;X3;;1;18.91667;10.57;0.0;30.00;85.00;20.95;0.00;;30.0;30.0;30.0
C114;B03;X3;;1;18.92262;10.73;0.0;30.00;85.00;20.95;0.00;;30.0;30.0;30.0
C114;B04;X4;;1;18.92857;30.07;0.0;30.00;85.00;20.95;0.00;;30.0;30.0;30.0
C114;B05;X4;;1;18.93452;30.47;0.0;30.00;85.00;20.95;0.00;;30.0;30.0;30.0
C114;B06;X4;;1;18.94048;29.93;0.0;30.00;85.00;20.95;0.00;;30.0;30.0;30.0
C114;B07;X4;;1;18.94643;29.99;0.0;30.00;85.00;20.95;0.00;;30.0;30.0;30.0
C114;B08;X4;;1;18.95238;28.91;0.0;30.00;85.00;20.95;0.00;;30.0;30.0;30.0
C114;B09;B1;;1;18.95833;7.52;0.0;30.00;85.00;20.95;0.00;;30.0;30.0;30.0
C114;B10;B1;;1;18.96429;8.55;0.0;30.00;85.00;20.95;0.00;;30.0;30.0;30.0
C114;B11;B1;;1;18.97024;7.69;0.0;30.00;85.00;20.95;0.00;;30.0;30.0;30.0
R;;;;1;19.00000;180.03;0.0;30.00;85.00;20.95;0.00;test measure for referencing ;30.0;30.0;30.0
C115;A01;X1;;1;19.00595;49.95;0.0;30.00;85.00;20.95;0.00;;30.0;30.0;30.0
C115;A02;X1;;1;19.01190;48.51;0.0;30.00;85.00;20.95;0.00;;30.0;30.0;30.0
C115;A03;X1;;1;19.01786;48.25;0.0;30.00;85.00;20.95;0.00;;30.0;30.0;30.0
C115;A04;X1;;1;19.02381;44.26;0.0;30.00;85.00;20.95;0.00;;30.0;30.0;30.0
C115;A05;X1;;1;19.02976;53.11;0.0;30.00;85.00;20.95;0.00;;30.0;30.0;30.0
C115;A06;X2;;1;19.03571;15.80;0.0;30.00;85.00;20.95;0.00;;30.0;30.0;30.0
C115;A07;X2;;1;19.04167;15.01;0.0;30.00;85.00;20.95;0.00;;30.0;30.0;30.0
C115;A08;X2;;1;19.04762;15.22;0.0;30.00;85.00;20.95;0.00;;30.0;30.0;30.0
C115;A09;X2;;1;19.05357;14.91;0.0;30.00;85.00;20.95;0.00;;30.0;30.0;30.0
C115;A10;X2;;1;19.05952;14.99;0.0;30.00;85.00;20.95;0.00;;30.0;30.0;30.0
C115;A11;X3;;1;19.06548;11.24;0.0;30.00;85.00;20.95;0.00;;30.0;30.0;30.0
C115;A12;X3;;1;19.07143;11.09;0.0;30.00;85.00;20.95;0.00;;30.0;30.0;30.0
C115;B01;X3;;1;19.07738;10.76;0.0;30.00;85.00;20.95;0.00;;30.0;30.0;30.0
C115;B02;X3;;1;19.08333;10.22;0.0;30.00;85.00;20.95;0.00;;30.0;30.0;30.0
C115;B03;X3;;1;19.08929;10.86;0.0;30.00;85.00;20.95;0.00;;30.0;30.0;30.0
C115;B04;X4;;1;19.09524;29.88;0.0;30.00;85.00;20.95;0.00;;30.0;30.0;30.0
C115;B05;X4;;1;19.10119;30.59;0.0;30.00;85.00;20.95;0.00;;30.0;30.0;30.0
C115;B06;X4;;1;19.10714;29.31;0.0;30.00;85.00;20.95;0.00;;30.0;30.0;30.0
C115;B07;X4;;1;19.11310;29.94;0.0;30.00;85.00;20.95;0.00;;30.0;30.0;30.0
C115;B08;X4;;1;19.11905;28.69;0.0;30.00;85.00;20.95;0.00;;30.0;30.0;30.0
C115;B09;B1;;1;19.12500;8.17;0.0;30.00;85.00;20.95;0.00;;30.0;30.0;30.0
C115;B10;B1;;1;19.13095;7.98;0.0;30.00;85.00;20.95;0.00;;30.0;30.0;30.0
C115;B11;B1;;1;19.13690;7.41;0.0;30.00;85.00;20.95;0.00;;30.0;30.0;30.0
R;;;;1;19.16667;178.26;0.0;30.00;85.00;20.95;0.00;test measure for referencing ;30.0;30.0;30.0
C116;A01;X1;;1;19.17262;49.95;0.0;30.00;85.00;20.95;0.00;;30.0;30.0;30.0
C116;A02;X1;;1;19.17857;47.82;0.0;30.00;85.00;20.95;0.00;;30.0;30.0;30.0
C116;A03;X1;;1;19.18452;48.44;0.0;30.00;85.00;20.95;0.00;;30.0;30.0;30.0
C116;A04;X1;;1;19.19048;44.27;0.0;30.00;85.00;20.95;0.00;;30.0;30.0;30.0
C116;A05;X1;;1;19.19643;52.85;0.0;30.00;85.00;20.95;0.00;;30.0;30.0;30.0
C116;A06;X2;;1;19.20238;15.12;0.0;30.00;85.00;20.95;0.00;;30.0;30.0;30.0
C116;A07;X2;;1;19.20833;14.14;0.0;30.00;85.00;20.95;0.00;;30.0;30.0;30.0
C116;A08;X2;;1;19.21429;15.31;0.0;30.00;85.00;20.95;0.00;;30.0;30.0;30.0
C116;A09;X2;;1;19.22024;14.68;0.0;30.00;85.00;20.95;0.00;;30.0;30.0;30.0
C116;A10;X2;;1;19.22619;14.39;0.0;30.00;85.00;20.95;0.00;;30.0;30.0;30.0
C116;A11;X3;;1;19.23214;11.23;0.0;30.00;85.00;20.95;0.00;;30.0;30.0;30.0
C116;A12;X3;;1;19.23810;11.05;0.0;30.00;85.00;20.95;0.00;;30.0;30.0;30.0
C116;B01;X3;;1;19.24405;10.83;0.0;30.00;85.00;20.95;0.00;;30.0;30.0;30.0
C116;B02;X3;;1;19.25000;10.60;0.0;30.00;85.00;20.95;0.00;;30.0;30.0;30.0
C116;B03;X3;;1;19.25595;10.81;0.0;30.00;85.00;20.95;0.00;;30.0;30.0;30.0
C116;B04;X4;;1;19.26190;29.29;0.0;30.00;85.00;20.95;0.00;;30.0;30.0;30.0
C116;B05;X4;;1;19.26786;30.29;0.0;30.00;85.00;20.95;0.00;;30.0;30.0;30.0
C116;B06;X4;;1;19.27381;29.43;0.0;30.00;85.00;20.95;0.00;;30.0;30.0;30.0
C116;B07;X4;;1;19.27976;30.28;0.0;30.00;85.00;20.95;0.00;;30.0;30.0;30.0
C116;B08;X4;;1;19.28571;29.03;0.0;30.00;85.00;20.95;0.00;;30.0;30.0;30.0
C116;B09;B1;;1;19.29167;7.81;0.0;30.00;85.00;20.95;0.00;;30.0;30.0;30.0
C116;B10;B1;;1;19.29762;7.56;0.0;30.00;85.00;20.95;0.00;;30.0;30.0;30.0
C116;B11;B1;;1;19.30357;8.43;0.0;30.00;85.00;20.95;0.00;;30.0;30.0;30.0
R;;;;1;19.33333;179.34;0.0;30.00;85.00;20.95;0.00;test measure for referencing ;30.0;30.0;30.0
C117;A01;X1;;1;19.33929;50.14;0.0;30.00;85.00;20.95;0.00;;30.0;30.0;30.0
C117;A02;X1;;1;19.34524;48.29;0.0;30.00;85.00;20.95;0.00;;30.0;30.0;30.0
C117;A03;X1;;1;19.35119;48.60;0.0;30.00;85.00;20.95;0.00;;30.0;30.0;30.0
C117;A04;X1;;1;19.35714;44.98;0.0;30.00;85.00;20.95;0.00;;30.0;30.0;30.0
C117;A05;X1;;1;19.36310;53.44;0.0;30.00;85.00;20.95;0.00;;30.0;30.0;30.0
C117;A06;X2;;1;19.36905;15.28;0.0;30.00;85.00;20.95;0.00;;30.0;30.0;30.0
C117;A07;X2;;1;19.37500;14.79;0.0;30.00;85.00;20.95;0.00;;30.0;30.0;30.0
C117;A08;X2;;1;19.38095;15.01;0.0;30.00;85.00;20.95;0.00;;30.0;30.0;30.0
C117;A09;X2;;1;19.38690;15.44;0.0;30.00;85.00;20.95;0.00;;30.0;30.0;30.0
C117;A10;X2;;1;19.39286;14.78;0.0;30.00;85.00;20.95;0.00;;30.0;30.0;30.0
C117;A11;X3;;1;19.39881;12.09;0.0;30.00;85.00;20.95;0.00;;30.0;30.0;30.0
C117;A12;X3;;1;19.40476;11.29;0.0;30.00;85.00;20.95;0.00;;30.0;30.0;30.0
C117;B01;X3;;1;19.41071;10.63;0.0;30.00;85.00;20.95;0.00;;30.0;30.0;30.0
C117;B02;X3;;1;19.41667;10.69;0.0;30.00;85.00;20.95;0.00;;30.0;30.0;30.0
C117;B03;X3;;1;19.42262;11.04;0.0;30.00;85.00;20.95;0.00;;30.0;30.0;30.0
C117;B04;X4;;1;19.42857;30.30;0.0;30.00;85.00;20.95;0.00;;30.0;30.0;30.0
C117;B05;X4;;1;19.43452;31.29;0.0;30.00;85.00;20.95;0.00;;30.0;30.0;30.0
C117;B06;X4;;1;19.44048;29.66;0.0;30.00;85.00;20.95;0.00;;30.0;30.0;30.0
C117;B07;X4;;1;19.44643;30.59;0.0;30.00;85.00;20.95;0.00;;30.0;30.0;30.0
C117;B08;X4;;1;19.45238;28.94;0.0;30.00;85.00;20.95;0.00;;30.0;30.0;30.0
C117;B09;B1;;1;19.45833;8.25;0.0;30.00;85.00;20.95;0.00;;30.0;30.0;30.0
C117;B10;B1;;1;19.46429;8.01;0.0;30.00;85.00;20.95;0.00;;30.0;30.0;30.0
C117;B11;B1;;1;19.47024;8.27;0.0;30.00;85.00;20.95;0.00;;30.0;30.0;30.0
R;;;;1;19.50000;180.86;0.0;30.00;85.00;20.95;0.00;test measure for referencing ;30.0;30.0;30.0
C118;A01;X1;;1;19.50595;50.65;0.0;30.00;85.00;20.95;0.00;;30.0;30.0;30.0
C118;A02;X1;;1;19.51190;49.43;0.0;30.00;85.00;20.95;0.00;;30.0;30.0;30.0
C118;A03;X1;;1;19.51786;49.27;0.0;30.00;85.00;20.95;0.00;;30.0;30.0;30.0
C118;A04;X1;;1;19.52381;45.66;0.0;30.00;85.00;20.95;0.00;;30.0;30.0;30.0
C118;A05;X1;;1;19.52976;53.91;0.0;30.00;85.00;20.95;0.00;;30.0;30.0;30.0
C118;A06;X2;;1;19.53571;15.63;0.0;30.00;85.00;20.95;0.00;;30.0;30.0;30.0
C118;A07;X2;;1;19.54167;14.86;0.0;30.00;85.00;20.95;0.00;;30.0;30.0;30.0
C118;A08;X2;;1;19.54762;15.17;0.0;30.00;85.00;20.95;0.00;;30.0;30.0;30.0
C118;A09;X2;;1;19.55357;15.11;0.0;30.00;85.00;20.95;0.00;;30.0;30.0;30.0
C118;A10;X2;;1;19.55952;14.67;0.0;30.00;85.00;20.95;0.00;;30.0;30.0;30.0
C118;A11;X3;;1;19.56548;11.53;0.0;30.00;85.00;20.95;0.00;;30.0;30.0;30.0
C118;A12;X3;;1;19.57143;10.92;0.0;30.00;85.00;20.95;0.00;;30.0;30.0;30.0
C118;B01;X3;;1;19.57738;10.75;0.0;30.00;85.00;20.95;0.00;;30.0;30.0;30.0
C118;B02;X3;;1;19.58333;10.68;0.0;30.00;85.00;20.95;0.00;;30.0;30.0;30.0
C118;B03;X3;;1;19.58929;10.64;0.0;30.00;85.00;20.95;0.00;;30.0;30.0;30.0
C118;B04;X4;;1;19.59524;30.86;0.0;30.00;85.00;20.95;0.00;;30.0;30.0;30.0
C118;B05;X4;;1;19.60119;31.81;0.0;30.00;85.00;20.95;0.00;;30.0;30.0;30.0
C118;B06;X4;;1;19.60714;30.46;0.0;30.00;85.00;20.95;0.00;;30.0;30.0;30.0
C118;B07;X4;;1;19.61310;31.47;0.0;30.00;85.00;20.95;0.00;;30.0;30.0;30.0
C118;B08;X4;;1;19.61905;29.83;0.0;30.00;85.00;20.95;0.00;;30.0;30.0;30.0
C118;B09;B1;;1;19.62500;8.05;0.0;30.00;85.00;20.95;0.00;;30.0;30.0;30.0
C118;B10;B1;;1;19.63095;7.89;0.0;30.00;85.00;20.95;0.00;;30.0;30.0;30.0
C118;B11;B1;;1;19.63690;7.89;0.0;30.00;85.00;20.95;0.00;;30.0;30.0;30.0
R;;;;1;19.66667;179.21;0.0;30.00;85.00;20.95;0.00;test measure for referencing ;30.0;30.0;30.0
C119;A01;X1;;1;19.67262;50.81;0.0;30.00;85.00;20.95;0.00;;30.0;30.0;30.0
C119;A02;X1;;1;19.67857;48.48;0.0;30.00;85.00;20.95;0.00;;30.0;30.0;30.0
C119;A03;X1;;1;19.68452;49.07;0.0;30.00;85.00;20.95;0.00;;30.0;30.0;30.0
C119;A04;X1;;1;19.69048;45.24;0.0;30.00;85.00;20.95;0.00;;30.0;30.0;30.0
C119;A05;X1;;1;19.69643;53.36;0.0;30.00;85.00;20.95;0.00;;30.0;30.0;30.0
C119;A06;X2;;1;19.70238;15.89;0.0;30.00;85.00;20.95;0.00;;30.0;30.0;30.0
C119;A07;X2;;1;19.70833;14.48;0.0;30.00;85.00;20.95;0.00;;30.0;30.0;30.0
C119;A08;X2;;1;19.71429;15.45;0.0;30.00;85.00;20.95;0.00;;30.0;30.0;30.0
C119;A09;X2;;1;19.72024;14.76;0.0;30.00;85.00;20.95;0.00;;30.0;30.0;30.0
C119;A10;X2;;1;19.72619;14.84;0.0;30.00;85.00;20.95;0.00;;30.0;30.0;30.0
C119;A11;X3;;1;19.73214;11.19;0.0;30.00;85.00;20.95;0.00;;30.0;30.0;30.0
C119;A12;X3;;1;19.73810;11.05;0.0;30.00;85.00;20.95;0.00;;30.0;30.0;30.0
C119;B01;X3;;1;19.74405;10.76;0.0;30.00;85.00;20.95;0.00;;30.0;30.0;30.0
C119;B02;X3;;1;19.75000;10.36;0.0;30.00;85.00;20.95;0.00;;30.0;30.0;30.0
C119;B03;X3;;1;19.75595;11.07;0.0;30.00;85.00;20.95;0.00;;30.0;30.0;30.0
C119;B04;X4;;1;19.76190;30.89;0.0;30.00;85.00;20.95;0.00;;30.0;30.0;30.0
C119;B05;X4;;1;19.76786;31.66;0.0;30.00;85.00;20.95;0.00;;30.0;30.0;30.0
C119;B06;X4;;1;19.77381;30.16;0.0;30.00;85.00;20.95;0.00;;30.0;30.0;30.0
C119;B07;X4;;1;19.77976;31.06;0.0;30.00;85.00;20.95;0.00;;30.0;30.0;30.0
C119;B08;X4;;1;19.78571;29.91;0.0;30.00;85.00;20.95;0.00;;30.0;30.0;30.0
C119;B09;B1;;1;19.79167;8.33;0.0;30.00;85.00;20.95;0.00;;30.0;30.0;30.0
C119;B10;B1;;1;19.79762;7.77;0.0;30.00;85.00;20.95;0.00;;30.0;30.0;30.0
C119;B11;B1;;1;19.80357;8.17;0.0;30.00;85.00;20.95;0.00;;30.0;30.0;30.0
R;;;;1;19.83333;176.59;0.0;30.00;85.00;20.95;0.00;test measure for referencing ;30.0;30.0;30.0
C120;A01;X1;;1;19.83929;50.14;0.0;30.00;85.00;20.95;0.00;;30.0;30.0;30.0
C120;A02;X1;;1;19.84524;48.58;0.0;30.00;85.00;20.95;0.00;;30.0;30.0;30.0
C120;A03;X1;;1;19.85119;48.59;0.0;30.00;85.00;20.95;0.00;;30.0;30.0;30.0
C120;A04;X1;;1;19.85714;44.59;0.0;30.00;85.00;20.95;0.00;;30.0;30.0;30.0
C120;A05;X1;;1;19.86310;52.60;0.0;30.00;85.00;20.95;0.00;;30.0;30.0;30.0
C120;A06;X2;;1;19.86905;15.66;0.0;30.00;85.00;20.95;0.00;;30.0;30.0;30.0
C120;A07;X2;;1;19.87500;14.69;0.0;30.00;85.00;20.95;0.00;;30.0;30.0;30.0
C120;A08;X2;;1;19.88095;15.01;0.0;30.00;85.00;20.95;0.00;;30.0;30.0;30.0
C120;A09;X2;;1;19.88690;15.00;0.0;30.00;85.00;20.95;0.00;;30.0;30.0;30.0
C120;A10;X2;;1;19.89286;14.80;0.0;30.00;85.00;20.95;0.00;;30.0;30.0;30.0
C120;A11;X3;;1;19.89881;11.32;0.0;30.00;85.00;20.95;0.00;;30.0;30.0;30.0
C120;A12;X3;;1;19.90476;10.79;0.0;30.00;85.00;20.95;0.00;;30.0;30.0;30.0
C120;B01;X3;;1;19.91071;10.54;0.0;30.00;85.00;20.95;0.00;;30.0;30.0;30.0
C120;B02;X3;;1;19.91667;10.75;0.0;30.00;85.00;20.95;0.00;;30.0;30.0;30.0
C120;B03;X3;;1;19.92262;11.04;0.0;30.00;85.00;20.95;0.00;;30.0;30.0;30.0
C120;B04;X4;;1;19.92857;30.95;0.0;30.00;85.00;20.95;0.00;;30.0;30.0;30.0
C120;B05;X4;;1;19.93452;32.15;0.0;30.00;85.00;20.95;0.00;;30.0;30.0;30.0
C120;B06;X4;;1;19.94048;29.50;0.0;30.00;85.00;20.95;0.00;;30.0;30.0;30.0
C120;B07;X4;;1;19.94643;30.86;0.0;30.00;85.00;20.95;0.00;;30.0;30.0;30.0
C120;B08;X4;;1;19.95238;29.76;0.0;30.00;85.00;20.95;0.00;;30.0;30.0;30.0
C120;B09;B1;;1;19.95833;7.59;0.0;30.00;85.00;20.95;0.00;;30.0;30.0;30.0
C120;B10;B1;;1;19.96429;8.29;0.0;30.00;85.00;20.95;0.00;;30.0;30.0;30.0
C120;B11;B1;;1;19.97024;7.75;0.0;30.00;85.00;20.95;0.00;;30.0;30.0;30.0
