FILENAME;\Hard Disk2\Result\strain_D_E.csv
PROTOCOL;synthetic_test
FILE_VERSION;3.3;
DATE START;2026-09-01;08:00:00
DATE END;2026-09-02;04:00:00;;Last Reading;120;Timestamp;0
DEVICE;BL000-SYNTH
USER;test;COMMENT;synthetic data, not a real experiment
PLATETYPE;MTP-96-Round;LOT;UNKOWN
MTP ROWS;8
MTP COLUMNS;12
FILTERSETS;1;REFERENCE_MODE;2;MULTI_PMT;0;

FILTERSET;FILTERNAME;EX [nm];EM [nm];LAYOUT;FILTERNR;GAIN;PHASESTATISTICSSIGMA;SIGNALQUALITYTOLERANCE;REFERENCE VALUE;EM2 [nm];GAIN2;PROCESS PARAMETER
 1;Biomass;620;620;96MTP;1;20;1.00;100.00;179.00;;;SET TEMPERATURE [°C];30.00
;;;;;;;;;;;;SET HUMIDITY [rH];85.00
;;;;;;;;;;;;SET O2 [%];20.95
;;;;;;;;;;;;SET CO2 [%];0.00
;;;;;;;;;;;;SET SHAKER FREQUENCY [rpm];1000.00
;;;;;;;;;;;;SET CYCLE TIME [min];10
;;;;;;;;;;;;SET EXP TIME [h];0

READING;WELLNUM;CONTENT;DESCRIPTION;FILTERSET;TIME [h];AMPLITUDE;PHASE;ACT TEMP [°C];ACT HUMIDITY [rH];ACT O2 [%];ACT CO2 [%];COMMENTS;TEMP CHAMBER;TEMP TABLE;TEMP BOTTLE
K;;;;;0.00465;;;;;;;Close Cover, Open Cover, ;
R;;;;1;0.00000;177.91;0.0;30.00;85.00;20.95;0.00;test measure for referencing ;30.0;30.0;30.0
C1;A01;X1;;1;0.00347;10.23;0.0;30.00;85.00;20.95;0.00;;30.0;30.0;30.0
C1;A02;X1;;1;0.00694;10.50;0.0;30.00;85.00;20.95;0.00;;30.0;30.0;30.0
C1;A03;X1;;1;0.01042;11.40;0.0;30.00;85.00;20.95;0.00;;30.0;30.0;30.0
C1;A04;X1;;1;0.01389;11.00;0.0;30.00;85.00;20.95;0.00;;30.0;30.0;30.0
C1;A05;X1;;1;0.01736;10.66;0.0;30.00;85.00;20.95;0.00;;30.0;30.0;30.0
C1;A06;X2;;1;0.02083;10.12;0.0;30.00;85.00;20.95;0.00;;30.0;30.0;30.0
C1;A07;X2;;1;0.02431;9.93;0.0;30.00;85.00;20.95;0.00;;30.0;30.0;30.0
C1;A08;X2;;1;0.02778;10.47;0.0;30.00;85.00;20.95;0.00;;30.0;30.0;30.0
C1;A09;X2;;1;0.03125;9.33;0.0;30.00;85.00;20.95;0.00;;30.0;30.0;30.0
C1;A10;X2;;1;0.03472;10.26;0.0;30.00;85.00;20.95;0.00;;30.0;30.0;30.0
C1;A11;X3;;1;0.03819;10.27;0.0;30.00;85.00;20.95;0.00;;30.0;30.0;30.0
C1;A12;X3;;1;0.04167;11.04;0.0;30.00;85.00;20.95;0.00;;30.0;30.0;30.0
C1;B01;X3;;1;0.04514;9.90;0.0;30.00;85.00;20.95;0.00;;30.0;30.0;30.0
C1;B02;X3;;1;0.04861;10.78;0.0;30.00;85.00;20.95;0.00;;30.0;30.0;30.0
C1;B03;X3;;1;0.05208;9.46;0.0;30.00;85.00;20.95;0.00;;30.0;30.0;30.0
C1;B04;X4;;1;0.05556;11.55;0.0;30.00;85.00;20.95;0.00;;30.0;30.0;30.0
C1;B05;X4;;1;0.05903;9.99;0.0;30.00;85.00;20.95;0.00;;30.0;30.0;30.0
C1;B06;X4;;1;0.06250;11.21;0.0;30.00;85.00;20.95;0.00;;30.0;30.0;30.0
C1;B07;X4;;1;0.06597;10.72;0.0;30.00;85.00;20.95;0.00;;30.0;30.0;30.0
C1;B08;X4;;1;0.06944;10.23;0.0;30.00;85.00;20.95;0.00;;30.0;30.0;30.0
C1;B09;X5;;1;0.07292;11.03;0.0;30.00;85.00;20.95;0.00;;30.0;30.0;30.0
C1;B10;X5;;1;0.07639;11.13;0.0;30.00;85.00;20.95;0.00;;30.0;30.0;30.0
C1;B11;X5;;1;0.07986;11.21;0.0;30.00;85.00;20.95;0.00;;30.0;30.0;30.0
C1;B12;X5;;1;0.08333;11.65;0.0;30.00;85.00;20.95;0.00;;30.0;30.0;30.0
C1;C01;X5;;1;0.08681;11.78;0.0;30.00;85.00;20.95;0.00;;30.0;30.0;30.0
C1;C02;X6;;1;0.09028;9.37;0.0;30.00;85.00;20.95;0.00;;30.0;30.0;30.0
C1;C03;X6;;1;0.09375;11.13;0.0;30.00;85.00;20.95;0.00;;30.0;30.0;30.0
C1;C04;X6;;1;0.09722;10.10;0.0;30.00;85.00;20.95;0.00;;30.0;30.0;30.0
C1;C05;X6;;1;0.10069;10.49;0.0;30.00;85.00;20.95;0.00;;30.0;30.0;30.0
C1;C06;X6;;1;0.10417;10.18;0.0;30.00;85.00;20.95;0.00;;30.0;30.0;30.0
C1;C07;X7;;1;0.10764;10.11;0.0;30.00;85.00;20.95;0.00;;30.0;30.0;30.0
C1;C08;X7;;1;0.11111;10.76;0.0;30.00;85.00;20.95;0.00;;30.0;30.0;30.0
C1;C09;X7;;1;0.11458;9.49;0.0;30.00;85.00;20.95;0.00;;30.0;30.0;30.0
C1;C10;X7;;1;0.11806;10.69;0.0;30.00;85.00;20.95;0.00;;30.0;30.0;30.0
C1;C11;X7;;1;0.12153;9.92;0.0;30.00;85.00;20.95;0.00;;30.0;30.0;30.0
C1;C12;X8;;1;0.12500;10.86;0.0;30.00;85.00;20.95;0.00;;30.0;30.0;30.0
C1;D01;X8;;1;0.12847;11.12;0.0;30.00;85.00;20.95;0.00;;30.0;30.0;30.0
C1;D02;X8;;1;0.13194;10.53;0.0;30.00;85.00;20.95;0.00;;30.0;30.0;30.0
C1;D03;X8;;1;0.13542;10.87;0.0;30.00;85.00;20.95;0.00;;30.0;30.0;30.0
C1;D04;X8;;1;0.13889;11.62;0.0;30.00;85.00;20.95;0.00;;30.0;30.0;30.0
C1;D05;B1;;1;0.14236;7.54;0.0;30.00;85.00;20.95;0.00;;30.0;30.0;30.0
C1;D06;B1;;1;0.14583;8.35;0.0;30.00;85.00;20.95;0.00;;30.0;30.0;30.0
C1;D07;B1;;1;0.14931;7.71;0.0;30.00;85.00;20.95;0.00;;30.0;30.0;30.0
R;;;;1;0.16667;178.73;0.0;30.00;85.00;20.95;0.00;test measure for referencing ;30.0;30.0;30.0
C2;A01;X1;;1;0.17014;10.08;0.0;30.00;85.00;20.95;0.00;;30.0;30.0;30.0
C2;A02;X1;;1;0.17361;10.28;0.0;30.00;85.00;20.95;0.00;;30.0;30.0;30.0
C2;A03;X1;;1;0.17708;11.29;0.0;30.00;85.00;20.95;0.00;;30.0;30.0;30.0
C2;A04;X1;;1;0.18056;10.73;0.0;30.00;85.00;20.95;0.00;;30.0;30.0;30.0
C2;A05;X1;;1;0.18403;10.09;0.0;30.00;85.00;20.95;0.00;;30.0;30.0;30.0
C2;A06;X2;;1;0.18750;10.11;0.0;30.00;85.00;20.95;0.00;;30.0;30.0;30.0
C2;A07;X2;;1;0.19097;10.44;0.0;30.00;85.00;20.95;0.00;;30.0;30.0;30.0
C2;A08;X2;;1;0.19444;10.43;0.0;30.00;85.00;20.95;0.00;;30.0;30.0;30.0
C2;A09;X2;;1;0.19792;9.70;0.0;30.00;85.00;20.95;0.00;;30.0;30.0;30.0
C2;A10;X2;;1;0.20139;10.76;0.0;30.00;85.00;20.95;0.00;;30.0;30.0;30.0
C2;A11;X3;;1;0.20486;10.47;0.0;30.00;85.00;20.95;0.00;;30.0;30.0;30.0
C2;A12;X3;;1;0.20833;10.85;0.0;30.00;85.00;20.95;0.00;;30.0;30.0;30.0
C2;B01;X3;;1;0.21181;10.32;0.0;30.00;85.00;20.95;0.00;;30.0;30.0;30.0
C2;B02;X3;;1;0.21528;10.39;0.0;30.00;85.00;20.95;0.00;;30.0;30.0;30.0
C2;B03;X3;;1;0.21875;9.93;0.0;30.00;85.00;20.95;0.00;;30.0;30.0;30.0
C2;B04;X4;;1;0.22222;11.79;0.0;30.00;85.00;20.95;0.00;;30.0;30.0;30.0
C2;B05;X4;;1;0.22569;9.89;0.0;30.00;85.00;20.95;0.00;;30.0;30.0;30.0
C2;B06;X4;;1;0.22917;11.30;0.0;30.00;85.00;20.95;0.00;;30.0;30.0;30.0
C2;B07;X4;;1;0.23264;10.29;0.0;30.00;85.00;20.95;0.00;;30.0;30.0;30.0
C2;B08;X4;;1;0.23611;10.38;0.0;30.00;85.00;20.95;0.00;;30.0;30.0;30.0
C2;B09;X5;;1;0.23958;10.67;0.0;30.00;85.00;20.95;0.00;;30.0;30.0;30.0
C2;B10;X5;;1;0.24306;11.49;0.0;30.00;85.00;20.95;0.00;;30.0;30.0;30.0
C2;B11;X5;;1;0.24653;11.59;0.0;30.00;85.00;20.95;0.00;;30.0;30.0;30.0
C2;B12;X5;;1;0.25000;11.39;0.0;30.00;85.00;20.95;0.00;;30.0;30.0;30.0
C2;C01;X5;;1;0.25347;12.24;0.0;30.00;85.00;20.95;0.00;;30.0;30.0;30.0
C2;C02;X6;;1;0.25694;9.79;0.0;30.00;85.00;20.95;0.00;;30.0;30.0;30.0
C2;C03;X6;;1;0.26042;10.49;0.0;30.00;85.00;20.95;0.00;;30.0;30.0;30.0
C2;C04;X6;;1;0.26389;10.55;0.0;30.00;85.00;20.95;0.00;;30.0;30.0;30.0
C2;C05;X6;;1;0.26736;10.93;0.0;30.00;85.00;20.95;0.00;;30.0;30.0;30.0
C2;C06;X6;;1;0.27083;9.40;0.0;30.00;85.00;20.95;0.00;;30.0;30.0;30.0
C2;C07;X7;;1;0.27431;10.39;0.0;30.00;85.00;20.95;0.00;;30.0;30.0;30.0
C2;C08;X7;;1;0.27778;9.98;0.0;30.00;85.00;20.95;0.00;;30.0;30.0;30.0
C2;C09;X7;;1;0.28125;10.28;0.0;30.00;85.00;20.95;0.00;;30.0;30.0;30.0
C2;C10;X7;;1;0.28472;10.76;0.0;30.00;85.00;20.95;0.00;;30.0;30.0;30.0
C2;C11;X7;;1;0.28819;10.49;0.0;30.00;85.00;20.95;0.00;;30.0;30.0;30.0
C2;C12;X8;;1;0.29167;12.16;0.0;30.00;85.00;20.95;0.00;;30.0;30.0;30.0
C2;D01;X8;;1;0.29514;12.11;0.0;30.00;85.00;20.95;0.00;;30.0;30.0;30.0
C2;D02;X8;;1;0.29861;10.64;0.0;30.00;85.00;20.95;0.00;;30.0;30.0;30.0
C2;D03;X8;;1;0.30208;10.87;0.0;30.00;85.00;20.95;0.00;;30.0;30.0;30.0
C2;D04;X8;;1;0.30556;11.27;0.0;30.00;85.00;20.95;0.00;;30.0;30.0;30.0
C2;D05;B1;;1;0.30903;8.66;0.0;30.00;85.00;20.95;0.00;;30.0;30.0;30.0
C2;D06;B1;;1;0.31250;7.94;0.0;30.00;85.00;20.95;0.00;;30.0;30.0;30.0
C2;D07;B1;;1;0.31597;8.04;0.0;30.00;85.00;20.95;0.00;;30.0;30.0;30.0
R;;;;1;0.33333;181.19;0.0;30.00;85.00;20.95;0.00;test measure for referencing ;30.0;30.0;30.0
C3;A01;X1;;1;0.33681;10.75;0.0;30.00;85.00;20.95;0.00;;30.0;30.0;30.0
C3;A02;X1;;1;0.34028;11.10;0.0;30.00;85.00;20.95;0.00;;30.0;30.0;30.0
C3;A03;X1;;1;0.34375;11.86;0.0;30.00;85.00;20.95;0.00;;30.0;30.0;30.0
C3;A04;X1;;1;0.34722;10.90;0.0;30.00;85.00;20.95;0.00;;30.0;30.0;30.0
C3;A05;X1;;1;0.35069;9.97;0.0;30.00;85.00;20.95;0.00;;30.0;30.0;30.0
C3;A06;X2;;1;0.35417;9.66;0.0;30.00;85.00;20.95;0.00;;30.0;30.0;30.0
C3;A07;X2;;1;0.35764;10.12;0.0;30.00;85.00;20.95;0.00;;30.0;30.0;30.0
C3;A08;X2;;1;0.36111;10.93;0.0;30.00;85.00;20.95;0.00;;30.0;30.0;30.0
C3;A09;X2;;1;0.36458;9.45;0.0;30.00;85.00;20.95;0.00;;30.0;30.0;30.0
C3;A10;X2;;1;0.36806;10.94;0.0;30.00;85.00;20.95;0.00;;30.0;30.0;30.0
C3;A11;X3;;1;0.37153;10.76;0.0;30.00;85.00;20.95;0.00;;30.0;30.0;30.0
C3;A12;X3;;1;0.37500;10.99;0.0;30.00;85.00;20.95;0.00;;30.0;30.0;30.0
C3;B01;X3;;1;0.37847;10.48;0.0;30.00;85.00;20.95;0.00;;30.0;30.0;30.0
C3;B02;X3;;1;0.38194;10.59;0.0;30.00;85.00;20.95;0.00;;30.0;30.0;30.0
C3;B03;X3;;1;0.38542;9.48;0.0;30.00;85.00;20.95;0.00;;30.0;30.0;30.0
C3;B04;X4;;1;0.38889;11.62;0.0;30.00;85.00;20.95;0.00;;30.0;30.0;30.0
C3;B05;X4;;1;0.39236;9.90;0.0;30.00;85.00;20.95;0.00;;30.0;30.0;30.0
C3;B06;X4;;1;0.39583;11.40;0.0;30.00;85.00;20.95;0.00;;30.0;30.0;30.0
C3;B07;X4;;1;0.39931;10.84;0.0;30.00;85.00;20.95;0.00;;30.0;30.0;30.0
C3;B08;X4;;1;0.40278;10.14;0.0;30.00;85.00;20.95;0.00;;30.0;30.0;30.0
C3;B09;X5;;1;0.40625;11.49;0.0;30.00;85.00;20.95;0.00;;30.0;30.0;30.0
C3;B10;X5;;1;0.40972;11.00;0.0;30.00;85.00;20.95;0.00;;30.0;30.0;30.0
C3;B11;X5;;1;0.41319;11.67;0.0;30.00;85.00;20.95;0.00;;30.0;30.0;30.0
C3;B12;X5;;1;0.41667;11.61;0.0;30.00;85.00;20.95;0.00;;30.0;30.0;30.0
C3;C01;X5;;1;0.42014;12.22;0.0;30.00;85.00;20.95;0.00;;30.0;30.0;30.0
C3;C02;X6;;1;0.42361;9.89;0.0;30.00;85.00;20.95;0.00;;30.0;30.0;30.0
C3;C03;X6;;1;0.42708;10.79;0.0;30.00;85.00;20.95;0.00;;30.0;30.0;30.0
C3;C04;X6;;1;0.43056;10.16;0.0;30.00;85.00;20.95;0.00;;30.0;30.0;30.0
C3;C05;X6;;1;0.43403;10.85;0.0;30.00;85.00;20.95;0.00;;30.0;30.0;30.0
C3;C06;X6;;1;0.43750;9.74;0.0;30.00;85.00;20.95;0.00;;30.0;30.0;30.0
C3;C07;X7;;1;0.44097;10.69;0.0;30.00;85.00;20.95;0.00;;30.0;30.0;30.0
C3;C08;X7;;1;0.44444;10.60;0.0;30.00;85.00;20.95;0.00;;30.0;30.0;30.0
C3;C09;X7;;1;0.44792;10.50;0.0;30.00;85.00;20.95;0.00;;30.0;30.0;30.0
C3;C10;X7;;1;0.45139;11.02;0.0;30.00;85.00;20.95;0.00;;30.0;30.0;30.0
C3;C11;X7;;1;0.45486;9.72;0.0;30.00;85.00;20.95;0.00;;30.0;30.0;30.0
C3;C12;X8;;1;0.45833;11.51;0.0;30.00;85.00;20.95;0.00;;30.0;30.0;30.0
C3;D01;X8;;1;0.46181;12.12;0.0;30.00;85.00;20.95;0.00;;30.0;30.0;30.0
C3;D02;X8;;1;0.46528;10.75;0.0;30.00;85.00;20.95;0.00;;30.0;30.0;30.0
C3;D03;X8;;1;0.46875;10.70;0.0;30.00;85.00;20.95;0.00;;30.0;30.0;30.0
C3;D04;X8;;1;0.47222;10.83;0.0;30.00;85.00;20.95;0.00;;30.0;30.0;30.0
C3;D05;B1;;1;0.47569;8.63;0.0;30.00;85.00;20.95;0.00;;30.0;30.0;30.0
C3;D06;B1;;1;0.47917;8.50;0.0;30.00;85.00;20.95;0.00;;30.0;30.0;30.0
C3;D07;B1;;1;0.48264;8.37;0.0;30.00;85.00;20.95;0.00;;30.0;30.0;30.0
R;;;;1;0.50000;179.77;0.0;30.00;85.00;20.95;0.00;test measure for referencing ;30.0;30.0;30.0
C4;A01;X1;;1;0.50347;11.02;0.0;30.00;85.00;20.95;0.00;;30.0;30.0;30.0
C4;A02;X1;;1;0.50694;11.04;0.0;30.00;85.00;20.95;0.00;;30.0;30.0;30.0
C4;A03;X1;;1;0.51042;11.22;0.0;30.00;85.00;20.95;0.00;;30.0;30.0;30.0
C4;A04;X1;;1;0.51389;11.38;0.0;30.00;85.00;20.95;0.00;;30.0;30.0;30.0
C4;A05;X1;;1;0.51736;10.20;0.0;30.00;85.00;20.95;0.00;;30.0;30.0;30.0
C4;A06;X2;;1;0.52083;10.34;0.0;30.00;85.00;20.95;0.00;;30.0;30.0;30.0
C4;A07;X2;;1;0.52431;10.35;0.0;30.00;85.00;20.95;0.00;;30.0;30.0;30.0
C4;A08;X2;;1;0.52778;10.45;0.0;30.00;85.00;20.95;0.00;;30.0;30.0;30.0
C4;A09;X2;;1;0.53125;8.83;0.0;30.00;85.00;20.95;0.00;;30.0;30.0;30.0
C4;A10;X2;;1;0.53472;10.95;0.0;30.00;85.00;20.95;0.00;;30.0;30.0;30.0
C4;A11;X3;;1;0.53819;10.68;0.0;30.00;85.00;20.95;0.00;;30.0;30.0;30.0
C4;A12;X3;;1;0.54167;10.88;0.0;30.00;85.00;20.95;0.00;;30.0;30.0;30.0
C4;B01;X3;;1;0.54514;10.29;0.0;30.00;85.00;20.95;0.00;;30.0;30.0;30.0
C4;B02;X3;;1;0.54861;10.55;0.0;30.00;85.00;20.95;0.00;;30.0;30.0;30.0
C4;B03;X3;;1;0.55208;9.27;0.0;30.00;85.00;20.95;0.00;;30.0;30.0;30.0
C4;B04;X4;;1;0.55556;11.71;0.0;30.00;85.00;20.95;0.00;;30.0;30.0;30.0
C4;B05;X4;;1;0.55903;9.77;0.0;30.00;85.00;20.95;0.00;;30.0;30.0;30.0
C4;B06;X4;;1;0.56250;11.02;0.0;30.00;85.00;20.95;0.00;;30.0;30.0;30.0
C4;B07;X4;;1;0.56597;10.24;0.0;30.00;85.00;20.95;0.00;;30.0;30.0;30.0
C4;B08;X4;;1;0.56944;10.08;0.0;30.00;85.00;20.95;0.00;;30.0;30.0;30.0
C4;B09;X5;;1;0.57292;11.49;0.0;30.00;85.00;20.95;0.00;;30.0;30.0;30.0
C4;B10;X5;;1;0.57639;11.55;0.0;30.00;85.00;20.95;0.00;;30.0;30.0;30.0
C4;B11;X5;;1;0.57986;11.78;0.0;30.00;85.00;20.95;0.00;;30.0;30.0;30.0
C4;B12;X5;;1;0.58333;11.39;0.0;30.00;85.00;20.95;0.00;;30.0;30.0;30.0
C4;C01;X5;;1;0.58681;11.87;0.0;30.00;85.00;20.95;0.00;;30.0;30.0;30.0
C4;C02;X6;;1;0.59028;10.07;0.0;30.00;85.00;20.95;0.00;;30.0;30.0;30.0
C4;C03;X6;;1;0.59375;11.11;0.0;30.00;85.00;20.95;0.00;;30.0;30.0;30.0
C4;C04;X6;;1;0.59722;9.76;0.0;30.00;85.00;20.95;0.00;;30.0;30.0;30.0
C4;C05;X6;;1;0.60069;11.31;0.0;30.00;85.00;20.95;0.00;;30.0;30.0;30.0
C4;C06;X6;;1;0.60417;9.07;0.0;30.00;85.00;20.95;0.00;;30.0;30.0;30.0
C4;C07;X7;;1;0.60764;10.21;0.0;30.00;85.00;20.95;0.00;;30.0;30.0;30.0
C4;C08;X7;;1;0.61111;10.66;0.0;30.00;85.00;20.95;0.00;;30.0;30.0;30.0
C4;C09;X7;;1;0.61458;9.43;0.0;30.00;85.00;20.95;0.00;;30.0;30.0;30.0
C4;C10;X7;;1;0.61806;10.42;0.0;30.00;85.00;20.95;0.00;;30.0;30.0;30.0
C4;C11;X7;;1;0.62153;10.59;0.0;30.00;85.00;20.95;0.00;;30.0;30.0;30.0
C4;C12;X8;;1;0.62500;11.81;0.0;30.00;85.00;20.95;0.00;;30.0;30.0;30.0
C4;D01;X8;;1;0.62847;11.38;0.0;30.00;85.00;20.95;0.00;;30.0;30.0;30.0
C4;D02;X8;;1;0.63194;11.07;0.0;30.00;85.00;20.95;0.00;;30.0;30.0;30.0
C4;D03;X8;;1;0.63542;10.51;0.0;30.00;85.00;20.95;0.00;;30.0;30.0;30.0
C4;D04;X8;;1;0.63889;11.54;0.0;30.00;85.00;20.95;0.00;;30.0;30.0;30.0
C4;D05;B1;;1;0.64236;8.08;0.0;30.00;85.00;20.95;0.00;;30.0;30.0;30.0
C4;D06;B1;;1;0.64583;8.13;0.0;30.00;85.00;20.95;0.00;;30.0;30.0;30.0
C4;D07;B1;;1;0.64931;8.28;0.0;30.00;85.00;20.95;0.00;;30.0;30.0;30.0
R;;;;1;0.66667;179.57;0.0;30.00;85.00;20.95;0.00;test measure for referencing ;30.0;30.0;30.0
C5;A01;X1;;1;0.67014;11.13;0.0;30.00;85.00;20.95;0.00;;30.0;30.0;30.0
C5;A02;X1;;1;0.67361;11.44;0.0;30.00;85.00;20.95;0.00;;30.0;30.0;30.0
C5;A03;X1;;1;0.67708;11.74;0.0;30.00;85.00;20.95;0.00;;30.0;30.0;30.0
C5;A04;X1;;1;0.68056;11.09;0.0;30.00;85.00;20.95;0.00;;30.0;30.0;30.0
C5;A05;X1;;1;0.68403;9.79;0.0;30.00;85.00;20.95;0.00;;30.0;30.0;30.0
C5;A06;X2;;1;0.68750;10.14;0.0;30.00;85.00;20.95;0.00;;30.0;30.0;30.0
C5;A07;X2;;1;0.69097;10.11;0.0;30.00;85.00;20.95;0.00;;30.0;30.0;30.0
C5;A08;X2;;1;0.69444;10.40;0.0;30.00;85.00;20.95;0.00;;30.0;30.0;30.0
C5;A09;X2;;1;0.69792;9.69;0.0;30.00;85.00;20.95;0.00;;30.0;30.0;30.0
C5;A10;X2;;1;0.70139;10.47;0.0;30.00;85.00;20.95;0.00;;30.0;30.0;30.0
C5;A11;X3;;1;0.70486;10.51;0.0;30.00;85.00;20.95;0.00;;30.0;30.0;30.0
C5;A12;X3;;1;0.70833;10.50;0.0;30.00;85.00;20.95;0.00;;30.0;30.0;30.0
C5;B01;X3;;1;0.71181;10.08;0.0;30.00;85.00;20.95;0.00;;30.0;30.0;30.0
C5;B02;X3;;1;0.71528;10.81;0.0;30.00;85.00;20.95;0.00;;30.0;30.0;30.0
C5;B03;X3;;1;0.71875;9.90;0.0;30.00;85.00;20.95;0.00;;30.0;30.0;30.0
C5;B04;X4;;1;0.72222;11.44;0.0;30.00;85.00;20.95;0.00;;30.0;30.0;30.0
C5;B05;X4;;1;0.72569;10.22;0.0;30.00;85.00;20.95;0.00;;30.0;30.0;30.0
C5;B06;X4;;1;0.72917;10.91;0.0;30.00;85.00;20.95;0.00;;30.0;30.0;30.0
C5;B07;X4;;1;0.73264;10.43;0.0;30.00;85.00;20.95;0.00;;30.0;30.0;30.0
C5;B08;X4;;1;0.73611;9.72;0.0;30.00;85.00;20.95;0.00;;30.0;30.0;30.0
C5;B09;X5;;1;0.73958;11.40;0.0;30.00;85.00;20.95;0.00;;30.0;30.0;30.0
C5;B10;X5;;1;0.74306;11.13;0.0;30.00;85.00;20.95;0.00;;30.0;30.0;30.0
C5;B11;X5;;1;0.74653;11.94;0.0;30.00;85.00;20.95;0.00;;30.0;30.0;30.0
C5;B12;X5;;1;0.75000;11.61;0.0;30.00;85.00;20.95;0.00;;30.0;30.0;30.0
C5;C01;X5;;1;0.75347;12.15;0.0;30.00;85.00;20.95;0.00;;30.0;30.0;30.0
C5;C02;X6;;1;0.75694;9.89;0.0;30.00;85.00;20.95;0.00;;30.0;30.0;30.0
C5;C03;X6;;1;0.76042;10.98;0.0;30.00;85.00;20.95;0.00;;30.0;30.0;30.0
C5;C04;X6;;1;0.76389;10.19;0.0;30.00;85.00;20.95;0.00;;30.0;30.0;30.0
C5;C05;X6;;1;0.76736;10.90;0.0;30.00;85.00;20.95;0.00;;30.0;30.0;30.0
C5;C06;X6;;1;0.77083;9.74;0.0;30.00;85.00;20.95;0.00;;30.0;30.0;30.0
C5;C07;X7;;1;0.77431;10.55;0.0;30.00;85.00;20.95;0.00;;30.0;30.0;30.0
C5;C08;X7;;1;0.77778;10.82;0.0;30.00;85.00;20.95;0.00;;30.0;30.0;30.0
C5;C09;X7;;1;0.78125;10.41;0.0;30.00;85.00;20.95;0.00;;30.0;30.0;30.0
C5;C10;X7;;1;0.78472;10.84;0.0;30.00;85.00;20.95;0.00;;30.0;30.0;30.0
C5;C11;X7;;1;0.78819;10.91;0.0;30.00;85.00;20.95;0.00;;30.0;30.0;30.0
C5;C12;X8;;1;0.79167;11.35;0.0;30.00;85.00;20.95;0.00;;30.0;30.0;30.0
C5;D01;X8;;1;0.79514;11.71;0.0;30.00;85.00;20.95;0.00;;30.0;30.0;30.0
C5;D02;X8;;1;0.79861;10.70;0.0;30.00;85.00;20.95;0.00;;30.0;30.0;30.0
C5;D03;X8;;1;0.80208;11.27;0.0;30.00;85.00;20.95;0.00;;30.0;30.0;30.0
C5;D04;X8;;1;0.80556;11.19;0.0;30.00;85.00;20.95;0.00;;30.0;30.0;30.0
C5;D05;B1;;1;0.80903;7.86;0.0;30.00;85.00;20.95;0.00;;30.0;30.0;30.0
C5;D06;B1;;1;0.81250;8.27;0.0;30.00;85.00;20.95;0.00;;30.0;30.0;30.0
C5;D07;B1;;1;0.81597;8.18;0.0;30.00;85.00;20.95;0.00;;30.0;30.0;30.0
R;;;;1;0.83333;178.51;0.0;30.00;85.00;20.95;0.00;test measure for referencing ;30.0;30.0;30.0
C6;A01;X1;;1;0.83681;10.43;0.0;30.00;85.00;20.95;0.00;;30.0;30.0;30.0
C6;A02;X1;;1;0.84028;10.45;0.0;30.00;85.00;20.95;0.00;;30.0;30.0;30.0
C6;A03;X1;;1;0.84375;12.35;0.0;30.00;85.00;20.95;0.00;;30.0;30.0;30.0
C6;A04;X1;;1;0.84722;11.13;0.0;30.00;85.00;20.95;0.00;;30.0;30.0;30.0
C6;A05;X1;;1;0.85069;10.39;0.0;30.00;85.00;20.95;0.00;;30.0;30.0;30.0
C6;A06;X2;;1;0.85417;9.97;0.0;30.00;85.00;20.95;0.00;;30.0;30.0;30.0
C6;A07;X2;;1;0.85764;9.74;0.0;30.00;85.00;20.95;0.00;;30.0;30.0;30.0
C6;A08;X2;;1;0.86111;10.34;0.0;30.00;85.00;20.95;0.00;;30.0;30.0;30.0
C6;A09;X2;;1;0.86458;9.61;0.0;30.00;85.00;20.95;0.00;;30.0;30.0;30.0
C6;A10;X2;;1;0.86806;10.66;0.0;30.00;85.00;20.95;0.00;;30.0;30.0;30.0
C6;A11;X3;;1;0.87153;10.01;0.0;30.00;85.00;20.95;0.00;;30.0;30.0;30.0
C6;A12;X3;;1;0.87500;11.02;0.0;30.00;85.00;20.95;0.00;;30.0;30.0;30.0
C6;B01;X3;;1;0.87847;10.80;0.0;30.00;85.00;20.95;0.00;;30.0;30.0;30.0
C6;B02;X3;;1;0.88194;10.15;0.0;30.00;85.00;20.95;0.00;;30.0;30.0;30.0
C6;B03;X3;;1;0.88542;9.88;0.0;30.00;85.00;20.95;0.00;;30.0;30.0;30.0
C6;B04;X4;;1;0.88889;11.26;0.0;30.00;85.00;20.95;0.00;;30.0;30.0;30.0
C6;B05;X4;;1;0.89236;9.89;0.0;30.00;85.00;20.95;0.00;;30.0;30.0;30.0
C6;B06;X4;;1;0.89583;11.17;0.0;30.00;85.00;20.95;0.00;;30.0;30.0;30.0
C6;B07;X4;;1;0.89931;10.98;0.0;30.00;85.00;20.95;0.00;;30.0;30.0;30.0
C6;B08;X4;;1;0.90278;10.02;0.0;30.00;85.00;20.95;0.00;;30.0;30.0;30.0
C6;B09;X5;;1;0.90625;11.14;0.0;30.00;85.00;20.95;0.00;;30.0;30.0;30.0
C6;B10;X5;;1;0.90972;11.40;0.0;30.00;85.00;20.95;0.00;;30.0;30.0;30.0
C6;B11;X5;;1;0.91319;11.21;0.0;30.00;85.00;20.95;0.00;;30.0;30.0;30.0
C6;B12;X5;;1;0.91667;11.34;0.0;30.00;85.00;20.95;0.00;;30.0;30.0;30.0
C6;C01;X5;;1;0.92014;11.81;0.0;30.00;85.00;20.95;0.00;;30.0;30.0;30.0
C6;C02;X6;;1;0.92361;9.59;0.0;30.00;85.00;20.95;0.00;;30.0;30.0;30.0
C6;C03;X6;;1;0.92708;10.77;0.0;30.00;85.00;20.95;0.00;;30.0;30.0;30.0
C6;C04;X6;;1;0.93056;10.40;0.0;30.00;85.00;20.95;0.00;;30.0;30.0;30.0
C6;C05;X6;;1;0.93403;11.67;0.0;30.00;85.00;20.95;0.00;;30.0;30.0;30.0
C6;C06;X6;;1;0.93750;10.09;0.0;30.00;85.00;20.95;0.00;;30.0;30.0;30.0
C6;C07;X7;;1;0.94097;10.65;0.0;30.00;85.00;20.95;0.00;;30.0;30.0;30.0
C6;C08;X7;;1;0.94444;10.44;0.0;30.00;85.00;20.95;0.00;;30.0;30.0;30.0
C6;C09;X7;;1;0.94792;9.70;0.0;30.00;85.00;20.95;0.00;;30.0;30.0;30.0
C6;C10;X7;;1;0.95139;10.85;0.0;30.00;85.00;20.95;0.00;;30.0;30.0;30.0
C6;C11;X7;;1;0.95486;9.80;0.0;30.00;85.00;20.95;0.00;;30.0;30.0;30.0
C6;C12;X8;;1;0.95833;11.98;0.0;30.00;85.00;20.95;0.00;;30.0;30.0;30.0
C6;D01;X8;;1;0.96181;11.26;0.0;30.00;85.00;20.95;0.00;;30.0;30.0;30.0
C6;D02;X8;;1;0.96528;10.29;0.0;30.00;85.00;20.95;0.00;;30.0;30.0;30.0
C6;D03;X8;;1;0.96875;10.55;0.0;30.00;85.00;20.95;0.00;;30.0;30.0;30.0
C6;D04;X8;;1;0.97222;11.21;0.0;30.00;85.00;20.95;0.00;;30.0;30.0;30.0
C6;D05;B1;;1;0.97569;8.49;0.0;30.00;85.00;20.95;0.00;;30.0;30.0;30.0
C6;D06;B1;;1;0.97917;7.84;0.0;30.00;85.00;20.95;0.00;;30.0;30.0;30.0
C6;D07;B1;;1;0.98264;8.17;0.0;30.00;85.00;20.95;0.00;;30.0;30.0;30.0
R;;;;1;1.00000;178.96;0.0;30.00;85.00;20.95;0.00;test measure for referencing ;30.0;30.0;30.0
C7;A01;X1;;1;1.00347;10.25;0.0;30.00;85.00;20.95;0.00;;30.0;30.0;30.0
C7;A02;X1;;1;1.00694;10.80;0.0;30.00;85.00;20.95;0.00;;30.0;30.0;30.0
C7;A03;X1;;1;1.01042;11.55;0.0;30.00;85.00;20.95;0.00;;30.0;30.0;30.0
C7;A04;X1;;1;1.01389;10.65;0.0;30.00;85.00;20.95;0.00;;30.0;30.0;30.0
C7;A05;X1;;1;1.01736;10.44;0.0;30.00;85.00;20.95;0.00;;30.0;30.0;30.0
C7;A06;X2;;1;1.02083;9.87;0.0;30.00;85.00;20.95;0.00;;30.0;30.0;30.0
C7;A07;X2;;1;1.02431;10.15;0.0;30.00;85.00;20.95;0.00;;30.0;30.0;30.0
C7;A08;X2;;1;1.02778;10.09;0.0;30.00;85.00;20.95;0.00;;30.0;30.0;30.0
C7;A09;X2;;1;1.03125;9.43;0.0;30.00;85.00;20.95;0.00;;30.0;30.0;30.0
C7;A10;X2;;1;1.03472;10.23;0.0;30.00;85.00;20.95;0.00;;30.0;30.0;30.0
C7;A11;X3;;1;1.03819;10.54;0.0;30.00;85.00;20.95;0.00;;30.0;30.0;30.0
C7;A12;X3;;1;1.04167;10.50;0.0;30.00;85.00;20.95;0.00;;30.0;30.0;30.0
C7;B01;X3;;1;1.04514;10.31;0.0;30.00;85.00;20.95;0.00;;30.0;30.0;30.0
C7;B02;X3;;1;1.04861;10.91;0.0;30.00;85.00;20.95;0.00;;30.0;30.0;30.0
C7;B03;X3;;1;1.05208;9.41;0.0;30.00;85.00;20.95;0.00;;30.0;30.0;30.0
C7;B04;X4;;1;1.05556;11.56;0.0;30.00;85.00;20.95;0.00;;30.0;30.0;30.0
C7;B05;X4;;1;1.05903;10.00;0.0;30.00;85.00;20.95;0.00;;30.0;30.0;30.0
C7;B06;X4;;1;1.06250;10.91;0.0;30.00;85.00;20.95;0.00;;30.0;30.0;30.0
C7;B07;X4;;1;1.06597;10.62;0.0;30.00;85.00;20.95;0.00;;30.0;30.0;30.0
C7;B08;X4;;1;1.06944;10.04;0.0;30.00;85.00;20.95;0.00;;30.0;30.0;30.0
C7;B09;X5;;1;1.07292;11.32;0.0;30.00;85.00;20.95;0.00;;30.0;30.0;30.0
C7;B10;X5;;1;1.07639;11.12;0.0;30.00;85.00;20.95;0.00;;30.0;30.0;30.0
C7;B11;X5;;1;1.07986;11.30;0.0;30.00;85.00;20.95;0.00;;30.0;30.0;30.0
C7;B12;X5;;1;1.08333;11.78;0.0;30.00;85.00;20.95;0.00;;30.0;30.0;30.0
C7;C01;X5;;1;1.08681;12.06;0.0;30.00;85.00;20.95;0.00;;30.0;30.0;30.0
C7;C02;X6;;1;1.09028;9.73;0.0;30.00;85.00;20.95;0.00;;30.0;30.0;30.0
C7;C03;X6;;1;1.09375;10.31;0.0;30.00;85.00;20.95;0.00;;30.0;30.0;30.0
C7;C04;X6;;1;1.09722;10.07;0.0;30.00;85.00;20.95;0.00;;30.0;30.0;30.0
C7;C05;X6;;1;1.10069;10.88;0.0;30.00;85.00;20.95;0.00;;30.0;30.0;30.0
C7;C06;X6;;1;1.10417;9.74;0.0;30.00;85.00;20.95;0.00;;30.0;30.0;30.0
C7;C07;X7;;1;1.10764;10.61;0.0;30.00;85.00;20.95;0.00;;30.0;30.0;30.0
C7;C08;X7;;1;1.11111;10.11;0.0;30.00;85.00;20.95;0.00;;30.0;30.0;30.0
C7;C09;X7;;1;1.11458;9.70;0.0;30.00;85.00;20.95;0.00;;30.0;30.0;30.0
C7;C10;X7;;1;1.11806;11.19;0.0;30.00;85.00;20.95;0.00;;30.0;30.0;30.0
C7;C11;X7;;1;1.12153;10.55;0.0;30.00;85.00;20.95;0.00;;30.0;30.0;30.0
C7;C12;X8;;1;1.12500;11.62;0.0;30.00;85.00;20.95;0.00;;30.0;30.0;30.0
C7;D01;X8;;1;1.12847;11.96;0.0;30.00;85.00;20.95;0.00;;30.0;30.0;30.0
C7;D02;X8;;1;1.13194;10.72;0.0;30.00;85.00;20.95;0.00;;30.0;30.0;30.0
C7;D03;X8;;1;1.13542;10.84;0.0;30.00;85.00;20.95;0.00;;30.0;30.0;30.0
C7;D04;X8;;1;1.13889;10.95;0.0;30.00;85.00;20.95;0.00;;30.0;30.0;30.0
C7;D05;B1;;1;1.14236;8.71;0.0;30.00;85.00;20.95;0.00;;30.0;30.0;30.0
C7;D06;B1;;1;1.14583;8.42;0.0;30.00;85.00;20.95;0.00;;30.0;30.0;30.0
C7;D07;B1;;1;1.14931;7.71;0.0;30.00;85.00;20.95;0.00;;30.0;30.0;30.0
R;;;;1;1.16667;180.00;0.0;30.00;85.00;20.95;0.00;test measure for referencing ;30.0;30.0;30.0
C8;A01;X1;;1;1.17014;10.25;0.0;30.00;85.00;20.95;0.00;;30.0;30.0;30.0
C8;A02;X1;;1;1.17361;11.13;0.0;30.00;85.00;20.95;0.00;;30.0;30.0;30.0
C8;A03;X1;;1;1.17708;11.81;0.0;30.00;85.00;20.95;0.00;;30.0;30.0;30.0
C8;A04;X1;;1;1.18056;11.12;0.0;30.00;85.00;20.95;0.00;;30.0;30.0;30.0
C8;A05;X1;;1;1.18403;10.05;0.0;30.00;85.00;20.95;0.00;;30.0;30.0;30.0
C8;A06;X2;;1;1.18750;9.85;0.0;30.00;85.00;20.95;0.00;;30.0;30.0;30.0
C8;A07;X2;;1;1.19097;10.37;0.0;30.00;85.00;20.95;0.00;;30.0;30.0;30.0
C8;A08;X2;;1;1.19444;10.42;0.0;30.00;85.00;20.95;0.00;;30.0;30.0;30.0
C8;A09;X2;;1;1.19792;9.63;0.0;30.00;85.00;20.95;0.00;;30.0;30.0;30.0
C8;A10;X2;;1;1.20139;10.71;0.0;30.00;85.00;20.95;0.00;;30.0;30.0;30.0
C8;A11;X3;;1;1.20486;10.18;0.0;30.00;85.00;20.95;0.00;;30.0;30.0;30.0
C8;A12;X3;;1;1.20833;10.76;0.0;30.00;85.00;20.95;0.00;;30.0;30.0;30.0
C8;B01;X3;;1;1.21181;10.21;0.0;30.00;85.00;20.95;0.00;;30.0;30.0;30.0
C8;B02;X3;;1;1.21528;10.09;0.0;30.00;85.00;20.95;0.00;;30.0;30.0;30.0
C8;B03;X3;;1;1.21875;10.40;0.0;30.00;85.00;20.95;0.00;;30.0;30.0;30.0
C8;B04;X4;;1;1.22222;11.57;0.0;30.00;85.00;20.95;0.00;;30.0;30.0;30.0
C8;B05;X4;;1;1.22569;9.75;0.0;30.00;85.00;20.95;0.00;;30.0;30.0;30.0
C8;B06;X4;;1;1.22917;11.41;0.0;30.00;85.00;20.95;0.00;;30.0;30.0;30.0
C8;B07;X4;;1;1.23264;9.58;0.0;30.00;85.00;20.95;0.00;;30.0;30.0;30.0
C8;B08;X4;;1;1.23611;10.29;0.0;30.00;85.00;20.95;0.00;;30.0;30.0;30.0
C8;B09;X5;;1;1.23958;11.17;0.0;30.00;85.00;20.95;0.00;;30.0;30.0;30.0
C8;B10;X5;;1;1.24306;10.87;0.0;30.00;85.00;20.95;0.00;;30.0;30.0;30.0
C8;B11;X5;;1;1.24653;11.78;0.0;30.00;85.00;20.95;0.00;;30.0;30.0;30.0
C8;B12;X5;;1;1.25000;10.81;0.0;30.00;85.00;20.95;0.00;;30.0;30.0;30.0
C8;C01;X5;;1;1.25347;12.15;0.0;30.00;85.00;20.95;0.00;;30.0;30.0;30.0
C8;C02;X6;;1;1.25694;10.12;0.0;30.00;85.00;20.95;0.00;;30.0;30.0;30.0
C8;C03;X6;;1;1.26042;9.96;0.0;30.00;85.00;20.95;0.00;;30.0;30.0;30.0
C8;C04;X6;;1;1.26389;9.81;0.0;30.00;85.00;20.95;0.00;;30.0;30.0;30.0
C8;C05;X6;;1;1.26736;10.91;0.0;30.00;85.00;20.95;0.00;;30.0;30.0;30.0
C8;C06;X6;;1;1.27083;9.71;0.0;30.00;85.00;20.95;0.00;;30.0;30.0;30.0
C8;C07;X7;;1;1.27431;10.11;0.0;30.00;85.00;20.95;0.00;;30.0;30.0;30.0
C8;C08;X7;;1;1.27778;10.64;0.0;30.00;85.00;20.95;0.00;;30.0;30.0;30.0
C8;C09;X7;;1;1.28125;9.89;0.0;30.00;85.00;20.95;0.00;;30.0;30.0;30.0
C8;C10;X7;;1;1.28472;10.45;0.0;30.00;85.00;20.95;0.00;;30.0;30.0;30.0
C8;C11;X7;;1;1.28819;10.48;0.0;30.00;85.00;20.95;0.00;;30.0;30.0;30.0
C8;C12;X8;;1;1.29167;11.14;0.0;30.00;85.00;20.95;0.00;;30.0;30.0;30.0
C8;D01;X8;;1;1.29514;10.87;0.0;30.00;85.00;20.95;0.00;;30.0;30.0;30.0
C8;D02;X8;;1;1.29861;9.91;0.0;30.00;85.00;20.95;0.00;;30.0;30.0;30.0
C8;D03;X8;;1;1.30208;11.02;0.0;30.00;85.00;20.95;0.00;;30.0;30.0;30.0
C8;D04;X8;;1;1.30556;10.94;0.0;30.00;85.00;20.95;0.00;;30.0;30.0;30.0
C8;D05;B1;;1;1.30903;8.77;0.0;30.00;85.00;20.95;0.00;;30.0;30.0;30.0
C8;D06;B1;;1;1.31250;7.39;0.0;30.00;85.00;20.95;0.00;;30.0;30.0;30.0
C8;D07;B1;;1;1.31597;7.83;0.0;30.00;85.00;20.95;0.00;;30.0;30.0;30.0
R;;;;1;1.33333;179.30;0.0;30.00;85.00;20.95;0.00;test measure for referencing ;30.0;30.0;30.0
C9;A01;X1;;1;1.33681;10.46;0.0;30.00;85.00;20.95;0.00;;30.0;30.0;30.0
C9;A02;X1;;1;1.34028;10.86;0.0;30.00;85.00;20.95;0.00;;30.0;30.0;30.0
C9;A03;X1;;1;1.34375;11.55;0.0;30.00;85.00;20.95;0.00;;30.0;30.0;30.0
C9;A04;X1;;1;1.34722;10.89;0.0;30.00;85.00;20.95;0.00;;30.0;30.0;30.0
C9;A05;X1;;1;1.35069;9.37;0.0;30.00;85.00;20.95;0.00;;30.0;30.0;30.0
C9;A06;X2;;1;1.35417;10.01;0.0;30.00;85.00;20.95;0.00;;30.0;30.0;30.0
C9;A07;X2;;1;1.35764;10.56;0.0;30.00;85.00;20.95;0.00;;30.0;30.0;30.0
C9;A08;X2;;1;1.36111;10.60;0.0;30.00;85.00;20.95;0.00;;30.0;30.0;30.0
C9;A09;X2;;1;1.36458;10.05;0.0;30.00;85.00;20.95;0.00;;30.0;30.0;30.0
C9;A10;X2;;1;1.36806;10.23;0.0;30.00;85.00;20.95;0.00;;30.0;30.0;30.0
C9;A11;X3;;1;1.37153;10.24;0.0;30.00;85.00;20.95;0.00;;30.0;30.0;30.0
C9;A12;X3;;1;1.37500;10.59;0.0;30.00;85.00;20.95;0.00;;30.0;30.0;30.0
C9;B01;X3;;1;1.37847;10.45;0.0;30.00;85.00;20.95;0.00;;30.0;30.0;30.0
C9;B02;X3;;1;1.38194;10.43;0.0;30.00;85.00;20.95;0.00;;30.0;30.0;30.0
C9;B03;X3;;1;1.38542;9.73;0.0;30.00;85.00;20.95;0.00;;30.0;30.0;30.0
C9;B04;X4;;1;1.38889;12.08;0.0;30.00;85.00;20.95;0.00;;30.0;30.0;30.0
C9;B05;X4;;1;1.39236;9.53;0.0;30.00;85.00;20.95;0.00;;30.0;30.0;30.0
C9;B06;X4;;1;1.39583;11.28;0.0;30.00;85.00;20.95;0.00;;30.0;30.0;30.0
C9;B07;X4;;1;1.39931;10.03;0.0;30.00;85.00;20.95;0.00;;30.0;30.0;30.0
C9;B08;X4;;1;1.40278;10.55;0.0;30.00;85.00;20.95;0.00;;30.0;30.0;30.0
C9;B09;X5;;1;1.40625;10.96;0.0;30.00;85.00;20.95;0.00;;30.0;30.0;30.0
C9;B10;X5;;1;1.40972;11.06;0.0;30.00;85.00;20.95;0.00;;30.0;30.0;30.0
C9;B11;X5;;1;1.41319;11.60;0.0;30.00;85.00;20.95;0.00;;30.0;30.0;30.0
C9;B12;X5;;1;1.41667;11.83;0.0;30.00;85.00;20.95;0.00;;30.0;30.0;30.0
C9;C01;X5;;1;1.42014;12.06;0.0;30.00;85.00;20.95;0.00;;30.0;30.0;30.0
C9;C02;X6;;1;1.42361;9.64;0.0;30.00;85.00;20.95;0.00;;30.0;30.0;30.0
C9;C03;X6;;1;1.42708;10.21;0.0;30.00;85.00;20.95;0.00;;30.0;30.0;30.0
C9;C04;X6;;1;1.43056;10.27;0.0;30.00;85.00;20.95;0.00;;30.0;30.0;30.0
C9;C05;X6;;1;1.43403;10.64;0.0;30.00;85.00;20.95;0.00;;30.0;30.0;30.0
C9;C06;X6;;1;1.43750;9.51;0.0;30.00;85.00;20.95;0.00;;30.0;30.0;30.0
C9;C07;X7;;1;1.44097;10.25;0.0;30.00;85.00;20.95;0.00;;30.0;30.0;30.0
C9;C08;X7;;1;1.44444;10.69;0.0;30.00;85.00;20.95;0.00;;30.0;30.0;30.0
C9;C09;X7;;1;1.44792;9.56;0.0;30.00;85.00;20.95;0.00;;30.0;30.0;30.0
C9;C10;X7;;1;1.45139;11.01;0.0;30.00;85.00;20.95;0.00;;30.0;30.0;30.0
C9;C11;X7;;1;1.45486;11.00;0.0;30.00;85.00;20.95;0.00;;30.0;30.0;30.0
C9;C12;X8;;1;1.45833;11.03;0.0;30.00;85.00;20.95;0.00;;30.0;30.0;30.0
C9;D01;X8;;1;1.46181;11.87;0.0;30.00;85.00;20.95;0.00;;30.0;30.0;30.0
C9;D02;X8;;1;1.46528;11.25;0.0;30.00;85.00;20.95;0.00;;30.0;30.0;30.0
C9;D03;X8;;1;1.46875;10.51;0.0;30.00;85.00;20.95;0.00;;30.0;30.0;30.0
C9;D04;X8;;1;1.47222;11.13;0.0;30.00;85.00;20.95;0.00;;30.0;30.0;30.0
C9;D05;B1;;1;1.47569;7.41;0.0;30.00;85.00;20.95;0.00;;30.0;30.0;30.0
C9;D06;B1;;1;1.47917;8.10;0.0;30.00;85.00;20.95;0.00;;30.0;30.0;30.0
C9;D07;B1;;1;1.48264;7.83;0.0;30.00;85.00;20.95;0.00;;30.0;30.0;30.0
R;;;;1;1.50000;179.33;0.0;30.00;85.00;20.95;0.00;test measure for referencing ;30.0;30.0;30.0
C10;A01;X1;;1;1.50347;10.24;0.0;30.00;85.00;20.95;0.00;;30.0;30.0;30.0
C10;A02;X1;;1;1.50694;10.48;0.0;30.00;85.00;20.95;0.00;;30.0;30.0;30.0
C10;A03;X1;;1;1.51042;11.39;0.0;30.00;85.00;20.95;0.00;;30.0;30.0;30.0
C10;A04;X1;;1;1.51389;10.87;0.0;30.00;85.00;20.95;0.00;;30.0;30.0;30.0
C10;A05;X1;;1;1.51736;9.90;0.0;30.00;85.00;20.95;0.00;;30.0;30.0;30.0
C10;A06;X2;;1;1.52083;10.25;0.0;30.00;85.00;20.95;0.00;;30.0;30.0;30.0
C10;A07;X2;;1;1.52431;9.72;0.0;30.00;85.00;20.95;0.00;;30.0;30.0;30.0
C10;A08;X2;;1;1.52778;10.33;0.0;30.00;85.00;20.95;0.00;;30.0;30.0;30.0
C10;A09;X2;;1;1.53125;9.79;0.0;30.00;85.00;20.95;0.00;;30.0;30.0;30.0
C10;A10;X2;;1;1.53472;9.72;0.0;30.00;85.00;20.95;0.00;;30.0;30.0;30.0
C10;A11;X3;;1;1.53819;10.36;0.0;30.00;85.00;20.95;0.00;;30.0;30.0;30.0
C10;A12;X3;;1;1.54167;10.63;0.0;30.00;85.00;20.95;0.00;;30.0;30.0;30.0
C10;B01;X3;;1;1.54514;10.00;0.0;30.00;85.00;20.95;0.00;;30.0;30.0;30.0
C10;B02;X3;;1;1.54861;10.01;0.0;30.00;85.00;20.95;0.00;;30.0;30.0;30.0
C10;B03;X3;;1;1.55208;9.33;0.0;30.00;85.00;20.95;0.00;;30.0;30.0;30.0
C10;B04;X4;;1;1.55556;11.32;0.0;30.00;85.00;20.95;0.00;;30.0;30.0;30.0
C10;B05;X4;;1;1.55903;9.87;0.0;30.00;85.00;20.95;0.00;;30.0;30.0;30.0
C10;B06;X4;;1;1.56250;10.67;0.0;30.00;85.00;20.95;0.00;;30.0;30.0;30.0
C10;B07;X4;;1;1.56597;10.76;0.0;30.00;85.00;20.95;0.00;;30.0;30.0;30.0
C10;B08;X4;;1;1.56944;9.96;0.0;30.00;85.00;20.95;0.00;;30.0;30.0;30.0
C10;B09;X5;;1;1.57292;11.29;0.0;30.00;85.00;20.95;0.00;;30.0;30.0;30.0
C10;B10;X5;;1;1.57639;11.40;0.0;30.00;85.00;20.95;0.00;;30.0;30.0;30.0
C10;B11;X5;;1;1.57986;11.19;0.0;30.00;85.00;20.95;0.00;;30.0;30.0;30.0
C10;B12;X5;;1;1.58333;11.65;0.0;30.00;85.00;20.95;0.00;;30.0;30.0;30.0
C10;C01;X5;;1;1.58681;12.72;0.0;30.00;85.00;20.95;0.00;;30.0;30.0;30.0
C10;C02;X6;;1;1.59028;9.65;0.0;30.00;85.00;20.95;0.00;;30.0;30.0;30.0
C10;C03;X6;;1;1.59375;10.74;0.0;30.00;85.00;20.95;0.00;;30.0;30.0;30.0
C10;C04;X6;;1;1.59722;10.15;0.0;30.00;85.00;20.95;0.00;;30.0;30.0;30.0
C10;C05;X6;;1;1.60069;10.93;0.0;30.00;85.00;20.95;0.00;;30.0;30.0;30.0
C10;C06;X6;;1;1.60417;9.62;0.0;30.00;85.00;20.95;0.00;;30.0;30.0;30.0
C10;C07;X7;;1;1.60764;10.12;0.0;30.00;85.00;20.95;0.00;;30.0;30.0;30.0
C10;C08;X7;;1;1.61111;10.72;0.0;30.00;85.00;20.95;0.00;;30.0;30.0;30.0
C10;C09;X7;;1;1.61458;10.06;0.0;30.00;85.00;20.95;0.00;;30.0;30.0;30.0
C10;C10;X7;;1;1.61806;10.83;0.0;30.00;85.00;20.95;0.00;;30.0;30.0;30.0
C10;C11;X7;;1;1.62153;10.95;0.0;30.00;85.00;20.95;0.00;;30.0;30.0;30.0
C10;C12;X8;;1;1.62500;11.83;0.0;30.00;85.00;20.95;0.00;;30.0;30.0;30.0
C10;D01;X8;;1;1.62847;11.70;0.0;30.00;85.00;20.95;0.00;;30.0;30.0;30.0
C10;D02;X8;;1;1.63194;10.41;0.0;30.00;85.00;20.95;0.00;;30.0;30.0;30.0
C10;D03;X8;;1;1.63542;11.28;0.0;30.00;85.00;20.95;0.00;;30.0;30.0;30.0
C10;D04;X8;;1;1.63889;11.37;0.0;30.00;85.00;20.95;0.00;;30.0;30.0;30.0
C10;D05;B1;;1;1.64236;7.14;0.0;30.00;85.00;20.95;0.00;;30.0;30.0;30.0
C10;D06;B1;;1;1.64583;7.56;0.0;30.00;85.00;20.95;0.00;;30.0;30.0;30.0
C10;D07;B1;;1;1.64931;7.82;0.0;30.00;85.00;20.95;0.00;;30.0;30.0;30.0
R;;;;1;1.66667;180.65;0.0;30.00;85.00;20.95;0.00;test measure for referencing ;30.0;30.0;30.0
C11;A01;X1;;1;1.67014;11.01;0.0;30.00;85.00;20.95;0.00;;30.0;30.0;30.0
C11;A02;X1;;1;1.67361;10.75;0.0;30.00;85.00;20.95;0.00;;30.0;30.0;30.0
C11;A03;X1;;1;1.67708;11.72;0.0;30.00;85.00;20.95;0.00;;30.0;30.0;30.0
C11;A04;X1;;1;1.68056;11.41;0.0;30.00;85.00;20.95;0.00;;30.0;30.0;30.0
C11;A05;X1;;1;1.68403;9.81;0.0;30.00;85.00;20.95;0.00;;30.0;30.0;30.0
C11;A06;X2;;1;1.68750;10.60;0.0;30.00;85.00;20.95;0.00;;30.0;30.0;30.0
C11;A07;X2;;1;1.69097;10.07;0.0;30.00;85.00;20.95;0.00;;30.0;30.0;30.0
C11;A08;X2;;1;1.69444;10.55;0.0;30.00;85.00;20.95;0.00;;30.0;30.0;30.0
C11;A09;X2;;1;1.69792;9.74;0.0;30.00;85.00;20.95;0.00;;30.0;30.0;30.0
C11;A10;X2;;1;1.70139;10.17;0.0;30.00;85.00;20.95;0.00;;30.0;30.0;30.0
C11;A11;X3;;1;1.70486;10.12;0.0;30.00;85.00;20.95;0.00;;30.0;30.0;30.0
C11;A12;X3;;1;1.70833;10.99;0.0;30.00;85.00;20.95;0.00;;30.0;30.0;30.0
C11;B01;X3;;1;1.71181;10.49;0.0;30.00;85.00;20.95;0.00;;30.0;30.0;30.0
C11;B02;X3;;1;1.71528;10.45;0.0;30.00;85.00;20.95;0.00;;30.0;30.0;30.0
C11;B03;X3;;1;1.71875;10.03;0.0;30.00;85.00;20.95;0.00;;30.0;30.0;30.0
C11;B04;X4;;1;1.72222;11.57;0.0;30.00;85.00;20.95;0.00;;30.0;30.0;30.0
C11;B05;X4;;1;1.72569;9.52;0.0;30.00;85.00;20.95;0.00;;30.0;30.0;30.0
C11;B06;X4;;1;1.72917;11.08;0.0;30.00;85.00;20.95;0.00;;30.0;30.0;30.0
C11;B07;X4;;1;1.73264;10.52;0.0;30.00;85.00;20.95;0.00;;30.0;30.0;30.0
C11;B08;X4;;1;1.73611;10.29;0.0;30.00;85.00;20.95;0.00;;30.0;30.0;30.0
C11;B09;X5;;1;1.73958;11.56;0.0;30.00;85.00;20.95;0.00;;30.0;30.0;30.0
C11;B10;X5;;1;1.74306;11.36;0.0;30.00;85.00;20.95;0.00;;30.0;30.0;30.0
C11;B11;X5;;1;1.74653;12.01;0.0;30.00;85.00;20.95;0.00;;30.0;30.0;30.0
C11;B12;X5;;1;1.75000;11.65;0.0;30.00;85.00;20.95;0.00;;30.0;30.0;30.0
C11;C01;X5;;1;1.75347;12.15;0.0;30.00;85.00;20.95;0.00;;30.0;30.0;30.0
C11;C02;X6;;1;1.75694;10.21;0.0;30.00;85.00;20.95;0.00;;30.0;30.0;30.0
C11;C03;X6;;1;1.76042;10.60;0.0;30.00;85.00;20.95;0.00;;30.0;30.0;30.0
C11;C04;X6;;1;1.76389;10.37;0.0;30.00;85.00;20.95;0.00;;30.0;30.0;30.0
C11;C05;X6;;1;1.76736;10.71;0.0;30.00;85.00;20.95;0.00;;30.0;30.0;30.0
C11;C06;X6;;1;1.77083;9.81;0.0;30.00;85.00;20.95;0.00;;30.0;30.0;30.0
C11;C07;X7;;1;1.77431;10.27;0.0;30.00;85.00;20.95;0.00;;30.0;30.0;30.0
C11;C08;X7;;1;1.77778;10.71;0.0;30.00;85.00;20.95;0.00;;30.0;30.0;30.0
C11;C09;X7;;1;1.78125;10.44;0.0;30.00;85.00;20.95;0.00;;30.0;30.0;30.0
C11;C10;X7;;1;1.78472;11.65;0.0;30.00;85.00;20.95;0.00;;30.0;30.0;30.0
C11;C11;X7;;1;1.78819;10.90;0.0;30.00;85.00;20.95;0.00;;30.0;30.0;30.0
C11;C12;X8;;1;1.79167;11.60;0.0;30.00;85.00;20.95;0.00;;30.0;30.0;30.0
C11;D01;X8;;1;1.79514;11.84;0.0;30.00;85.00;20.95;0.00;;30.0;30.0;30.0
C11;D02;X8;;1;1.79861;10.79;0.0;30.00;85.00;20.95;0.00;;30.0;30.0;30.0
C11;D03;X8;;1;1.80208;10.62;0.0;30.00;85.00;20.95;0.00;;30.0;30.0;30.0
C11;D04;X8;;1;1.80556;11.05;0.0;30.00;85.00;20.95;0.00;;30.0;30.0;30.0
C11;D05;B1;;1;1.80903;7.98;0.0;30.00;85.00;20.95;0.00;;30.0;30.0;30.0
C11;D06;B1;;1;1.81250;7.83;0.0;30.00;85.00;20.95;0.00;;30.0;30.0;30.0
C11;D07;B1;;1;1.81597;8.63;0.0;30.00;85.00;20.95;0.00;;30.0;30.0;30.0
R;;;;1;1.83333;178.05;0.0;30.00;85.00;20.95;0.00;test measure for referencing ;30.0;30.0;30.0
C12;A01;X1;;1;1.83681;10.33;0.0;30.00;85.00;20.95;0.00;;30.0;30.0;30.0
C12;A02;X1;;1;1.84028;10.90;0.0;30.00;85.00;20.95;0.00;;30.0;30.0;30.0
C12;A03;X1;;1;1.84375;11.27;0.0;30.00;85.00;20.95;0.00;;30.0;30.0;30.0
C12;A04;X1;;1;1.84722;10.70;0.0;30.00;85.00;20.95;0.00;;30.0;30.0;30.0
C12;A05;X1;;1;1.85069;9.80;0.0;30.00;85.00;20.95;0.00;;30.0;30.0;30.0
C12;A06;X2;;1;1.85417;10.42;0.0;30.00;85.00;20.95;0.00;;30.0;30.0;30.0
C12;A07;X2;;1;1.85764;10.14;0.0;30.00;85.00;20.95;0.00;;30.0;30.0;30.0
C12;A08;X2;;1;1.86111;10.43;0.0;30.00;85.00;20.95;0.00;;30.0;30.0;30.0
C12;A09;X2;;1;1.86458;9.48;0.0;30.00;85.00;20.95;0.00;;30.0;30.0;30.0
C12;A10;X2;;1;1.86806;10.11;0.0;30.00;85.00;20.95;0.00;;30.0;30.0;30.0
C12;A11;X3;;1;1.87153;10.55;0.0;30.00;85.00;20.95;0.00;;30.0;30.0;30.0
C12;A12;X3;;1;1.87500;10.39;0.0;30.00;85.00;20.95;0.00;;30.0;30.0;30.0
C12;B01;X3;;1;1.87847;10.24;0.0;30.00;85.00;20.95;0.00;;30.0;30.0;30.0
C12;B02;X3;;1;1.88194;9.99;0.0;30.00;85.00;20.95;0.00;;30.0;30.0;30.0
C12;B03;X3;;1;1.88542;9.45;0.0;30.00;85.00;20.95;0.00;;30.0;30.0;30.0
C12;B04;X4;;1;1.88889;11.47;0.0;30.00;85.00;20.95;0.00;;30.0;30.0;30.0
C12;B05;X4;;1;1.89236;10.12;0.0;30.00;85.00;20.95;0.00;;30.0;30.0;30.0
C12;B06;X4;;1;1.89583;10.17;0.0;30.00;85.00;20.95;0.00;;30.0;30.0;30.0
C12;B07;X4;;1;1.89931;10.83;0.0;30.00;85.00;20.95;0.00;;30.0;30.0;30.0
C12;B08;X4;;1;1.90278;9.92;0.0;30.00;85.00;20.95;0.00;;30.0;30.0;30.0
C12;B09;X5;;1;1.90625;11.14;0.0;30.00;85.00;20.95;0.00;;30.0;30.0;30.0
C12;B10;X5;;1;1.90972;11.29;0.0;30.00;85.00;20.95;0.00;;30.0;30.0;30.0
C12;B11;X5;;1;1.91319;11.30;0.0;30.00;85.00;20.95;0.00;;30.0;30.0;30.0
C12;B12;X5;;1;1.91667;11.28;0.0;30.00;85.00;20.95;0.00;;30.0;30.0;30.0
C12;C01;X5;;1;1.92014;12.17;0.0;30.00;85.00;20.95;0.00;;30.0;30.0;30.0
C12;C02;X6;;1;1.92361;9.73;0.0;30.00;85.00;20.95;0.00;;30.0;30.0;30.0
C12;C03;X6;;1;1.92708;10.31;0.0;30.00;85.00;20.95;0.00;;30.0;30.0;30.0
C12;C04;X6;;1;1.93056;10.21;0.0;30.00;85.00;20.95;0.00;;30.0;30.0;30.0
C12;C05;X6;;1;1.93403;10.89;0.0;30.00;85.00;20.95;0.00;;30.0;30.0;30.0
C12;C06;X6;;1;1.93750;9.19;0.0;30.00;85.00;20.95;0.00;;30.0;30.0;30.0
C12;C07;X7;;1;1.94097;10.63;0.0;30.00;85.00;20.95;0.00;;30.0;30.0;30.0
C12;C08;X7;;1;1.94444;10.52;0.0;30.00;85.00;20.95;0.00;;30.0;30.0;30.0
C12;C09;X7;;1;1.94792;9.03;0.0;30.00;85.00;20.95;0.00;;30.0;30.0;30.0
C12;C10;X7;;1;1.95139;10.53;0.0;30.00;85.00;20.95;0.00;;30.0;30.0;30.0
C12;C11;X7;;1;1.95486;10.96;0.0;30.00;85.00;20.95;0.00;;30.0;30.0;30.0
C12;C12;X8;;1;1.95833;11.92;0.0;30.00;85.00;20.95;0.00;;30.0;30.0;30.0
C12;D01;X8;;1;1.96181;11.51;0.0;30.00;85.00;20.95;0.00;;30.0;30.0;30.0
C12;D02;X8;;1;1.96528;10.07;0.0;30.00;85.00;20.95;0.00;;30.0;30.0;30.0
C12;D03;X8;;1;1.96875;10.58;0.0;30.00;85.00;20.95;0.00;;30.0;30.0;30.0
C12;D04;X8;;1;1.97222;11.23;0.0;30.00;85.00;20.95;0.00;;30.0;30.0;30.0
C12;D05;B1;;1;1.97569;8.13;0.0;30.00;85.00;20.95;0.00;;30.0;30.0;30.0
C12;D06;B1;;1;1.97917;7.84;0.0;30.00;85.00;20.95;0.00;;30.0;30.0;30.0
C12;D07;B1;;1;1.98264;7.68;0.0;30.00;85.00;20.95;0.00;;30.0;30.0;30.0
R;;;;1;2.00000;180.55;0.0;30.00;85.00;20.95;0.00;test measure for referencing ;30.0;30.0;30.0
C13;A01;X1;;1;2.00347;10.57;0.0;30.00;85.00;20.95;0.00;;30.0;30.0;30.0
C13;A02;X1;;1;2.00694;10.95;0.0;30.00;85.00;20.95;0.00;;30.0;30.0;30.0
C13;A03;X1;;1;2.01042;11.80;0.0;30.00;85.00;20.95;0.00;;30.0;30.0;30.0
C13;A04;X1;;1;2.01389;11.71;0.0;30.00;85.00;20.95;0.00;;30.0;30.0;30.0
C13;A05;X1;;1;2.01736;10.26;0.0;30.00;85.00;20.95;0.00;;30.0;30.0;30.0
C13;A06;X2;;1;2.02083;10.51;0.0;30.00;85.00;20.95;0.00;;30.0;30.0;30.0
C13;A07;X2;;1;2.02431;9.64;0.0;30.00;85.00;20.95;0.00;;30.0;30.0;30.0
C13;A08;X2;;1;2.02778;10.83;0.0;30.00;85.00;20.95;0.00;;30.0;30.0;30.0
C13;A09;X2;;1;2.03125;10.03;0.0;30.00;85.00;20.95;0.00;;30.0;30.0;30.0
C13;A10;X2;;1;2.03472;10.53;0.0;30.00;85.00;20.95;0.00;;30.0;30.0;30.0
C13;A11;X3;;1;2.03819;9.74;0.0;30.00;85.00;20.95;0.00;;30.0;30.0;30.0
C13;A12;X3;;1;2.04167;10.81;0.0;30.00;85.00;20.95;0.00;;30.0;30.0;30.0
C13;B01;X3;;1;2.04514;10.48;0.0;30.00;85.00;20.95;0.00;;30.0;30.0;30.0
C13;B02;X3;;1;2.04861;11.18;0.0;30.00;85.00;20.95;0.00;;30.0;30.0;30.0
C13;B03;X3;;1;2.05208;9.89;0.0;30.00;85.00;20.95;0.00;;30.0;30.0;30.0
C13;B04;X4;;1;2.05556;11.92;0.0;30.00;85.00;20.95;0.00;;30.0;30.0;30.0
C13;B05;X4;;1;2.05903;10.14;0.0;30.00;85.00;20.95;0.00;;30.0;30.0;30.0
C13;B06;X4;;1;2.06250;11.59;0.0;30.00;85.00;20.95;0.00;;30.0;30.0;30.0
C13;B07;X4;;1;2.06597;10.23;0.0;30.00;85.00;20.95;0.00;;30.0;30.0;30.0
C13;B08;X4;;1;2.06944;10.08;0.0;30.00;85.00;20.95;0.00;;30.0;30.0;30.0
C13;B09;X5;;1;2.07292;10.86;0.0;30.00;85.00;20.95;0.00;;30.0;30.0;30.0
C13;B10;X5;;1;2.07639;11.12;0.0;30.00;85.00;20.95;0.00;;30.0;30.0;30.0
C13;B11;X5;;1;2.07986;11.58;0.0;30.00;85.00;20.95;0.00;;30.0;30.0;30.0
C13;B12;X5;;1;2.08333;11.50;0.0;30.00;85.00;20.95;0.00;;30.0;30.0;30.0
C13;C01;X5;;1;2.08681;11.89;0.0;30.00;85.00;20.95;0.00;;30.0;30.0;30.0
C13;C02;X6;;1;2.09028;9.93;0.0;30.00;85.00;20.95;0.00;;30.0;30.0;30.0
C13;C03;X6;;1;2.09375;10.42;0.0;30.00;85.00;20.95;0.00;;30.0;30.0;30.0
C13;C04;X6;;1;2.09722;10.94;0.0;30.00;85.00;20.95;0.00;;30.0;30.0;30.0
C13;C05;X6;;1;2.10069;10.85;0.0;30.00;85.00;20.95;0.00;;30.0;30.0;30.0
C13;C06;X6;;1;2.10417;10.55;0.0;30.00;85.00;20.95;0.00;;30.0;30.0;30.0
C13;C07;X7;;1;2.10764;10.87;0.0;30.00;85.00;20.95;0.00;;30.0;30.0;30.0
C13;C08;X7;;1;2.11111;10.24;0.0;30.00;85.00;20.95;0.00;;30.0;30.0;30.0
C13;C09;X7;;1;2.11458;10.18;0.0;30.00;85.00;20.95;0.00;;30.0;30.0;30.0
C13;C10;X7;;1;2.11806;11.11;0.0;30.00;85.00;20.95;0.00;;30.0;30.0;30.0
C13;C11;X7;;1;2.12153;10.13;0.0;30.00;85.00;20.95;0.00;;30.0;30.0;30.0
C13;C12;X8;;1;2.12500;11.79;0.0;30.00;85.00;20.95;0.00;;30.0;30.0;30.0
C13;D01;X8;;1;2.12847;11.56;0.0;30.00;85.00;20.95;0.00;;30.0;30.0;30.0
C13;D02;X8;;1;2.13194;10.83;0.0;30.00;85.00;20.95;0.00;;30.0;30.0;30.0
C13;D03;X8;;1;2.13542;10.54;0.0;30.00;85.00;20.95;0.00;;30.0;30.0;30.0
C13;D04;X8;;1;2.13889;11.05;0.0;30.00;85.00;20.95;0.00;;30.0;30.0;30.0
C13;D05;B1;;1;2.14236;8.25;0.0;30.00;85.00;20.95;0.00;;30.0;30.0;30.0
C13;D06;B1;;1;2.14583;8.01;0.0;30.00;85.00;20.95;0.00;;30.0;30.0;30.0
C13;D07;B1;;1;2.14931;7.83;0.0;30.00;85.00;20.95;0.00;;30.0;30.0;30.0
R;;;;1;2.16667;178.77;0.0;30.00;85.00;20.95;0.00;test measure for referencing ;30.0;30.0;30.0
C14;A01;X1;;1;2.17014;10.24;0.0;30.00;85.00;20.95;0.00;;30.0;30.0;30.0
C14;A02;X1;;1;2.17361;10.84;0.0;30.00;85.00;20.95;0.00;;30.0;30.0;30.0
C14;A03;X1;;1;2.17708;10.76;0.0;30.00;85.00;20.95;0.00;;30.0;30.0;30.0
C14;A04;X1;;1;2.18056;11.55;0.0;30.00;85.00;20.95;0.00;;30.0;30.0;30.0
C14;A05;X1;;1;2.18403;10.12;0.0;30.00;85.00;20.95;0.00;;30.0;30.0;30.0
C14;A06;X2;;1;2.18750;10.47;0.0;30.00;85.00;20.95;0.00;;30.0;30.0;30.0
C14;A07;X2;;1;2.19097;10.33;0.0;30.00;85.00;20.95;0.00;;30.0;30.0;30.0
C14;A08;X2;;1;2.19444;10.02;0.0;30.00;85.00;20.95;0.00;;30.0;30.0;30.0
C14;A09;X2;;1;2.19792;10.35;0.0;30.00;85.00;20.95;0.00;;30.0;30.0;30.0
C14;A10;X2;;1;2.20139;10.09;0.0;30.00;85.00;20.95;0.00;;30.0;30.0;30.0
C14;A11;X3;;1;2.20486;10.46;0.0;30.00;85.00;20.95;0.00;;30.0;30.0;30.0
C14;A12;X3;;1;2.20833;10.97;0.0;30.00;85.00;20.95;0.00;;30.0;30.0;30.0
C14;B01;X3;;1;2.21181;10.75;0.0;30.00;85.00;20.95;0.00;;30.0;30.0;30.0
C14;B02;X3;;1;2.21528;10.43;0.0;30.00;85.00;20.95;0.00;;30.0;30.0;30.0
C14;B03;X3;;1;2.21875;9.19;0.0;30.00;85.00;20.95;0.00;;30.0;30.0;30.0
C14;B04;X4;;1;2.22222;11.66;0.0;30.00;85.00;20.95;0.00;;30.0;30.0;30.0
C14;B05;X4;;1;2.22569;9.05;0.0;30.00;85.00;20.95;0.00;;30.0;30.0;30.0
C14;B06;X4;;1;2.22917;11.01;0.0;30.00;85.00;20.95;0.00;;30.0;30.0;30.0
C14;B07;X4;;1;2.23264;10.33;0.0;30.00;85.00;20.95;0.00;;30.0;30.0;30.0
C14;B08;X4;;1;2.23611;10.70;0.0;30.00;85.00;20.95;0.00;;30.0;30.0;30.0
C14;B09;X5;;1;2.23958;11.02;0.0;30.00;85.00;20.95;0.00;;30.0;30.0;30.0
C14;B10;X5;;1;2.24306;10.96;0.0;30.00;85.00;20.95;0.00;;30.0;30.0;30.0
C14;B11;X5;;1;2.24653;11.34;0.0;30.00;85.00;20.95;0.00;;30.0;30.0;30.0
C14;B12;X5;;1;2.25000;11.09;0.0;30.00;85.00;20.95;0.00;;30.0;30.0;30.0
C14;C01;X5;;1;2.25347;11.91;0.0;30.00;85.00;20.95;0.00;;30.0;30.0;30.0
C14;C02;X6;;1;2.25694;9.98;0.0;30.00;85.00;20.95;0.00;;30.0;30.0;30.0
C14;C03;X6;;1;2.26042;10.18;0.0;30.00;85.00;20.95;0.00;;30.0;30.0;30.0
C14;C04;X6;;1;2.26389;10.13;0.0;30.00;85.00;20.95;0.00;;30.0;30.0;30.0
C14;C05;X6;;1;2.26736;10.46;0.0;30.00;85.00;20.95;0.00;;30.0;30.0;30.0
C14;C06;X6;;1;2.27083;9.63;0.0;30.00;85.00;20.95;0.00;;30.0;30.0;30.0
C14;C07;X7;;1;2.27431;10.31;0.0;30.00;85.00;20.95;0.00;;30.0;30.0;30.0
C14;C08;X7;;1;2.27778;10.12;0.0;30.00;85.00;20.95;0.00;;30.0;30.0;30.0
C14;C09;X7;;1;2.28125;9.62;0.0;30.00;85.00;20.95;0.00;;30.0;30.0;30.0
C14;C10;X7;;1;2.28472;10.85;0.0;30.00;85.00;20.95;0.00;;30.0;30.0;30.0
C14;C11;X7;;1;2.28819;10.71;0.0;30.00;85.00;20.95;0.00;;30.0;30.0;30.0
C14;C12;X8;;1;2.29167;11.77;0.0;30.00;85.00;20.95;0.00;;30.0;30.0;30.0
C14;D01;X8;;1;2.29514;11.43;0.0;30.00;85.00;20.95;0.00;;30.0;30.0;30.0
C14;D02;X8;;1;2.29861;10.31;0.0;30.00;85.00;20.95;0.00;;30.0;30.0;30.0
C14;D03;X8;;1;2.30208;10.20;0.0;30.00;85.00;20.95;0.00;;30.0;30.0;30.0
C14;D04;X8;;1;2.30556;11.18;0.0;30.00;85.00;20.95;0.00;;30.0;30.0;30.0
C14;D05;B1;;1;2.30903;8.55;0.0;30.00;85.00;20.95;0.00;;30.0;30.0;30.0
C14;D06;B1;;1;2.31250;8.14;0.0;30.00;85.00;20.95;0.00;;30.0;30.0;30.0
C14;D07;B1;;1;2.31597;8.62;0.0;30.00;85.00;20.95;0.00;;30.0;30.0;30.0
R;;;;1;2.33333;178.19;0.0;30.00;85.00;20.95;0.00;test measure for referencing ;30.0;30.0;30.0
C15;A01;X1;;1;2.33681;10.37;0.0;30.00;85.00;20.95;0.00;;30.0;30.0;30.0
C15;A02;X1;;1;2.34028;11.16;0.0;30.00;85.00;20.95;0.00;;30.0;30.0;30.0
C15;A03;X1;;1;2.34375;11.18;0.0;30.00;85.00;20.95;0.00;;30.0;30.0;30.0
C15;A04;X1;;1;2.34722;11.23;0.0;30.00;85.00;20.95;0.00;;30.0;30.0;30.0
C15;A05;X1;;1;2.35069;10.18;0.0;30.00;85.00;20.95;0.00;;30.0;30.0;30.0
C15;A06;X2;;1;2.35417;10.33;0.0;30.00;85.00;20.95;0.00;;30.0;30.0;30.0
C15;A07;X2;;1;2.35764;10.55;0.0;30.00;85.00;20.95;0.00;;30.0;30.0;30.0
C15;A08;X2;;1;2.36111;10.08;0.0;30.00;85.00;20.95;0.00;;30.0;30.0;30.0
C15;A09;X2;;1;2.36458;9.50;0.0;30.00;85.00;20.95;0.00;;30.0;30.0;30.0
C15;A10;X2;;1;2.36806;9.76;0.0;30.00;85.00;20.95;0.00;;30.0;30.0;30.0
C15;A11;X3;;1;2.37153;9.96;0.0;30.00;85.00;20.95;0.00;;30.0;30.0;30.0
C15;A12;X3;;1;2.37500;10.67;0.0;30.00;85.00;20.95;0.00;;30.0;30.0;30.0
C15;B01;X3;;1;2.37847;10.20;0.0;30.00;85.00;20.95;0.00;;30.0;30.0;30.0
C15;B02;X3;;1;2.38194;10.33;0.0;30.00;85.00;20.95;0.00;;30.0;30.0;30.0
C15;B03;X3;;1;2.38542;9.66;0.0;30.00;85.00;20.95;0.00;;30.0;30.0;30.0
C15;B04;X4;;1;2.38889;11.32;0.0;30.00;85.00;20.95;0.00;;30.0;30.0;30.0
C15;B05;X4;;1;2.39236;9.16;0.0;30.00;85.00;20.95;0.00;;30.0;30.0;30.0
C15;B06;X4;;1;2.39583;11.07;0.0;30.00;85.00;20.95;0.00;;30.0;30.0;30.0
C15;B07;X4;;1;2.39931;10.55;0.0;30.00;85.00;20.95;0.00;;30.0;30.0;30.0
C15;B08;X4;;1;2.40278;9.84;0.0;30.00;85.00;20.95;0.00;;30.0;30.0;30.0
C15;B09;X5;;1;2.40625;10.82;0.0;30.00;85.00;20.95;0.00;;30.0;30.0;30.0
C15;B10;X5;;1;2.40972;11.58;0.0;30.00;85.00;20.95;0.00;;30.0;30.0;30.0
C15;B11;X5;;1;2.41319;11.84;0.0;30.00;85.00;20.95;0.00;;30.0;30.0;30.0
C15;B12;X5;;1;2.41667;11.63;0.0;30.00;85.00;20.95;0.00;;30.0;30.0;30.0
C15;C01;X5;;1;2.42014;12.23;0.0;30.00;85.00;20.95;0.00;;30.0;30.0;30.0
C15;C02;X6;;1;2.42361;9.81;0.0;30.00;85.00;20.95;0.00;;30.0;30.0;30.0
C15;C03;X6;;1;2.42708;10.38;0.0;30.00;85.00;20.95;0.00;;30.0;30.0;30.0
C15;C04;X6;;1;2.43056;10.33;0.0;30.00;85.00;20.95;0.00;;30.0;30.0;30.0
C15;C05;X6;;1;2.43403;10.80;0.0;30.00;85.00;20.95;0.00;;30.0;30.0;30.0
C15;C06;X6;;1;2.43750;9.51;0.0;30.00;85.00;20.95;0.00;;30.0;30.0;30.0
C15;C07;X7;;1;2.44097;10.22;0.0;30.00;85.00;20.95;0.00;;30.0;30.0;30.0
C15;C08;X7;;1;2.44444;10.43;0.0;30.00;85.00;20.95;0.00;;30.0;30.0;30.0
C15;C09;X7;;1;2.44792;10.02;0.0;30.00;85.00;20.95;0.00;;30.0;30.0;30.0
C15;C10;X7;;1;2.45139;10.49;0.0;30.00;85.00;20.95;0.00;;30.0;30.0;30.0
C15;C11;X7;;1;2.45486;11.19;0.0;30.00;85.00;20.95;0.00;;30.0;30.0;30.0
C15;C12;X8;;1;2.45833;11.14;0.0;30.00;85.00;20.95;0.00;;30.0;30.0;30.0
C15;D01;X8;;1;2.46181;11.30;0.0;30.00;85.00;20.95;0.00;;30.0;30.0;30.0
C15;D02;X8;;1;2.46528;10.86;0.0;30.00;85.00;20.95;0.00;;30.0;30.0;30.0
C15;D03;X8;;1;2.46875;10.40;0.0;30.00;85.00;20.95;0.00;;30.0;30.0;30.0
C15;D04;X8;;1;2.47222;10.77;0.0;30.00;85.00;20.95;0.00;;30.0;30.0;30.0
C15;D05;B1;;1;2.47569;7.97;0.0;30.00;85.00;20.95;0.00;;30.0;30.0;30.0
C15;D06;B1;;1;2.47917;6.77;0.0;30.00;85.00;20.95;0.00;;30.0;30.0;30.0
C15;D07;B1;;1;2.48264;7.76;0.0;30.00;85.00;20.95;0.00;;30.0;30.0;30.0
R;;;;1;2.50000;177.26;0.0;30.00;85.00;20.95;0.00;test measure for referencing ;30.0;30.0;30.0
C16;A01;X1;;1;2.50347;10.36;0.0;30.00;85.00;20.95;0.00;;30.0;30.0;30.0
C16;A02;X1;;1;2.50694;10.79;0.0;30.00;85.00;20.95;0.00;;30.0;30.0;30.0
C16;A03;X1;;1;2.51042;11.62;0.0;30.00;85.00;20.95;0.00;;30.0;30.0;30.0
C16;A04;X1;;1;2.51389;11.44;0.0;30.00;85.00;20.95;0.00;;30.0;30.0;30.0
C16;A05;X1;;1;2.51736;10.44;0.0;30.00;85.00;20.95;0.00;;30.0;30.0;30.0
C16;A06;X2;;1;2.52083;10.54;0.0;30.00;85.00;20.95;0.00;;30.0;30.0;30.0
C16;A07;X2;;1;2.52431;9.97;0.0;30.00;85.00;20.95;0.00;;30.0;30.0;30.0
C16;A08;X2;;1;2.52778;10.61;0.0;30.00;85.00;20.95;0.00;;30.0;30.0;30.0
C16;A09;X2;;1;2.53125;9.28;0.0;30.00;85.00;20.95;0.00;;30.0;30.0;30.0
C16;A10;X2;;1;2.53472;10.30;0.0;30.00;85.00;20.95;0.00;;30.0;30.0;30.0
C16;A11;X3;;1;2.53819;10.66;0.0;30.00;85.00;20.95;0.00;;30.0;30.0;30.0
C16;A12;X3;;1;2.54167;11.01;0.0;30.00;85.00;20.95;0.00;;30.0;30.0;30.0
C16;B01;X3;;1;2.54514;9.84;0.0;30.00;85.00;20.95;0.00;;30.0;30.0;30.0
C16;B02;X3;;1;2.54861;10.16;0.0;30.00;85.00;20.95;0.00;;30.0;30.0;30.0
C16;B03;X3;;1;2.55208;9.80;0.0;30.00;85.00;20.95;0.00;;30.0;30.0;30.0
C16;B04;X4;;1;2.55556;11.64;0.0;30.00;85.00;20.95;0.00;;30.0;30.0;30.0
C16;B05;X4;;1;2.55903;10.03;0.0;30.00;85.00;20.95;0.00;;30.0;30.0;30.0
C16;B06;X4;;1;2.56250;10.44;0.0;30.00;85.00;20.95;0.00;;30.0;30.0;30.0
C16;B07;X4;;1;2.56597;9.99;0.0;30.00;85.00;20.95;0.00;;30.0;30.0;30.0
C16;B08;X4;;1;2.56944;10.07;0.0;30.00;85.00;20.95;0.00;;30.0;30.0;30.0
C16;B09;X5;;1;2.57292;10.76;0.0;30.00;85.00;20.95;0.00;;30.0;30.0;30.0
C16;B10;X5;;1;2.57639;11.04;0.0;30.00;85.00;20.95;0.00;;30.0;30.0;30.0
C16;B11;X5;;1;2.57986;11.53;0.0;30.00;85.00;20.95;0.00;;30.0;30.0;30.0
C16;B12;X5;;1;2.58333;11.41;0.0;30.00;85.00;20.95;0.00;;30.0;30.0;30.0
C16;C01;X5;;1;2.58681;11.99;0.0;30.00;85.00;20.95;0.00;;30.0;30.0;30.0
C16;C02;X6;;1;2.59028;9.89;0.0;30.00;85.00;20.95;0.00;;30.0;30.0;30.0
C16;C03;X6;;1;2.59375;10.72;0.0;30.00;85.00;20.95;0.00;;30.0;30.0;30.0
C16;C04;X6;;1;2.59722;10.16;0.0;30.00;85.00;20.95;0.00;;30.0;30.0;30.0
C16;C05;X6;;1;2.60069;10.44;0.0;30.00;85.00;20.95;0.00;;30.0;30.0;30.0
C16;C06;X6;;1;2.60417;9.98;0.0;30.00;85.00;20.95;0.00;;30.0;30.0;30.0
C16;C07;X7;;1;2.60764;10.24;0.0;30.00;85.00;20.95;0.00;;30.0;30.0;30.0
C16;C08;X7;;1;2.61111;10.53;0.0;30.00;85.00;20.95;0.00;;30.0;30.0;30.0
C16;C09;X7;;1;2.61458;9.76;0.0;30.00;85.00;20.95;0.00;;30.0;30.0;30.0
C16;C10;X7;;1;2.61806;10.25;0.0;30.00;85.00;20.95;0.00;;30.0;30.0;30.0
C16;C11;X7;;1;2.62153;10.57;0.0;30.00;85.00;20.95;0.00;;30.0;30.0;30.0
C16;C12;X8;;1;2.62500;11.20;0.0;30.00;85.00;20.95;0.00;;30.0;30.0;30.0
C16;D01;X8;;1;2.62847;11.01;0.0;30.00;85.00;20.95;0.00;;30.0;30.0;30.0
C16;D02;X8;;1;2.63194;10.91;0.0;30.00;85.00;20.95;0.00;;30.0;30.0;30.0
C16;D03;X8;;1;2.63542;10.51;0.0;30.00;85.00;20.95;0.00;;30.0;30.0;30.0
C16;D04;X8;;1;2.63889;10.95;0.0;30.00;85.00;20.95;0.00;;30.0;30.0;30.0
C16;D05;B1;;1;2.64236;8.29;0.0;30.00;85.00;20.95;0.00;;30.0;30.0;30.0
C16;D06;B1;;1;2.64583;8.58;0.0;30.00;85.00;20.95;0.00;;30.0;30.0;30.0
C16;D07;B1;;1;2.64931;7.21;0.0;30.00;85.00;20.95;0.00;;30.0;30.0;30.0
R;;;;1;2.66667;177.69;0.0;30.00;85.00;20.95;0.00;test measure for referencing ;30.0;30.0;30.0
C17;A01;X1;;1;2.67014;10.67;0.0;30.00;85.00;20.95;0.00;;30.0;30.0;30.0
C17;A02;X1;;1;2.67361;10.47;0.0;30.00;85.00;20.95;0.00;;30.0;30.0;30.0
C17;A03;X1;;1;2.67708;10.48;0.0;30.00;85.00;20.95;0.00;;30.0;30.0;30.0
C17;A04;X1;;1;2.68056;11.07;0.0;30.00;85.00;20.95;0.00;;30.0;30.0;30.0
C17;A05;X1;;1;2.68403;10.11;0.0;30.00;85.00;20.95;0.00;;30.0;30.0;30.0
C17;A06;X2;;1;2.68750;10.50;0.0;30.00;85.00;20.95;0.00;;30.0;30.0;30.0
C17;A07;X2;;1;2.69097;10.08;0.0;30.00;85.00;20.95;0.00;;30.0;30.0;30.0
C17;A08;X2;;1;2.69444;10.19;0.0;30.00;85.00;20.95;0.00;;30.0;30.0;30.0
C17;A09;X2;;1;2.69792;9.67;0.0;30.00;85.00;20.95;0.00;;30.0;30.0;30.0
C17;A10;X2;;1;2.70139;10.35;0.0;30.00;85.00;20.95;0.00;;30.0;30.0;30.0
C17;A11;X3;;1;2.70486;10.10;0.0;30.00;85.00;20.95;0.00;;30.0;30.0;30.0
C17;A12;X3;;1;2.70833;10.88;0.0;30.00;85.00;20.95;0.00;;30.0;30.0;30.0
C17;B01;X3;;1;2.71181;10.40;0.0;30.00;85.00;20.95;0.00;;30.0;30.0;30.0
C17;B02;X3;;1;2.71528;10.06;0.0;30.00;85.00;20.95;0.00;;30.0;30.0;30.0
C17;B03;X3;;1;2.71875;9.86;0.0;30.00;85.00;20.95;0.00;;30.0;30.0;30.0
C17;B04;X4;;1;2.72222;11.74;0.0;30.00;85.00;20.95;0.00;;30.0;30.0;30.0
C17;B05;X4;;1;2.72569;9.97;0.0;30.00;85.00;20.95;0.00;;30.0;30.0;30.0
C17;B06;X4;;1;2.72917;10.18;0.0;30.00;85.00;20.95;0.00;;30.0;30.0;30.0
C17;B07;X4;;1;2.73264;10.44;0.0;30.00;85.00;20.95;0.00;;30.0;30.0;30.0
C17;B08;X4;;1;2.73611;10.13;0.0;30.00;85.00;20.95;0.00;;30.0;30.0;30.0
C17;B09;X5;;1;2.73958;10.90;0.0;30.00;85.00;20.95;0.00;;30.0;30.0;30.0
C17;B10;X5;;1;2.74306;11.37;0.0;30.00;85.00;20.95;0.00;;30.0;30.0;30.0
C17;B11;X5;;1;2.74653;11.23;0.0;30.00;85.00;20.95;0.00;;30.0;30.0;30.0
C17;B12;X5;;1;2.75000;11.83;0.0;30.00;85.00;20.95;0.00;;30.0;30.0;30.0
C17;C01;X5;;1;2.75347;12.31;0.0;30.00;85.00;20.95;0.00;;30.0;30.0;30.0
C17;C02;X6;;1;2.75694;9.59;0.0;30.00;85.00;20.95;0.00;;30.0;30.0;30.0
C17;C03;X6;;1;2.76042;10.94;0.0;30.00;85.00;20.95;0.00;;30.0;30.0;30.0
C17;C04;X6;;1;2.76389;10.27;0.0;30.00;85.00;20.95;0.00;;30.0;30.0;30.0
C17;C05;X6;;1;2.76736;10.94;0.0;30.00;85.00;20.95;0.00;;30.0;30.0;30.0
C17;C06;X6;;1;2.77083;9.23;0.0;30.00;85.00;20.95;0.00;;30.0;30.0;30.0
C17;C07;X7;;1;2.77431;10.36;0.0;30.00;85.00;20.95;0.00;;30.0;30.0;30.0
C17;C08;X7;;1;2.77778;10.85;0.0;30.00;85.00;20.95;0.00;;30.0;30.0;30.0
C17;C09;X7;;1;2.78125;10.06;0.0;30.00;85.00;20.95;0.00;;30.0;30.0;30.0
C17;C10;X7;;1;2.78472;10.36;0.0;30.00;85.00;20.95;0.00;;30.0;30.0;30.0
C17;C11;X7;;1;2.78819;10.83;0.0;30.00;85.00;20.95;0.00;;30.0;30.0;30.0
C17;C12;X8;;1;2.79167;11.90;0.0;30.00;85.00;20.95;0.00;;30.0;30.0;30.0
C17;D01;X8;;1;2.79514;11.65;0.0;30.00;85.00;20.95;0.00;;30.0;30.0;30.0
C17;D02;X8;;1;2.79861;10.43;0.0;30.00;85.00;20.95;0.00;;30.0;30.0;30.0
C17;D03;X8;;1;2.80208;10.17;0.0;30.00;85.00;20.95;0.00;;30.0;30.0;30.0
C17;D04;X8;;1;2.80556;10.61;0.0;30.00;85.00;20.95;0.00;;30.0;30.0;30.0
C17;D05;B1;;1;2.80903;7.71;0.0;30.00;85.00;20.95;0.00;;30.0;30.0;30.0
C17;D06;B1;;1;2.81250;8.05;0.0;30.00;85.00;20.95;0.00;;30.0;30.0;30.0
C17;D07;B1;;1;2.81597;8.16;0.0;30.00;85.00;20.95;0.00;;30.0;30.0;30.0
R;;;;1;2.83333;177.65;0.0;30.00;85.00;20.95;0.00;test measure for referencing ;30.0;30.0;30.0
C18;A01;X1;;1;2.83681;9.96;0.0;30.00;85.00;20.95;0.00;;30.0;30.0;30.0
C18;A02;X1;;1;2.84028;10.54;0.0;30.00;85.00;20.95;0.00;;30.0;30.0;30.0
C18;A03;X1;;1;2.84375;11.05;0.0;30.00;85.00;20.95;0.00;;30.0;30.0;30.0
C18;A04;X1;;1;2.84722;11.42;0.0;30.00;85.00;20.95;0.00;;30.0;30.0;30.0
C18;A05;X1;;1;2.85069;9.66;0.0;30.00;85.00;20.95;0.00;;30.0;30.0;30.0
C18;A06;X2;;1;2.85417;10.39;0.0;30.00;85.00;20.95;0.00;;30.0;30.0;30.0
C18;A07;X2;;1;2.85764;10.24;0.0;30.00;85.00;20.95;0.00;;30.0;30.0;30.0
C18;A08;X2;;1;2.86111;10.02;0.0;30.00;85.00;20.95;0.00;;30.0;30.0;30.0
C18;A09;X2;;1;2.86458;9.89;0.0;30.00;85.00;20.95;0.00;;30.0;30.0;30.0
C18;A10;X2;;1;2.86806;10.30;0.0;30.00;85.00;20.95;0.00;;30.0;30.0;30.0
C18;A11;X3;;1;2.87153;10.00;0.0;30.00;85.00;20.95;0.00;;30.0;30.0;30.0
C18;A12;X3;;1;2.87500;10.50;0.0;30.00;85.00;20.95;0.00;;30.0;30.0;30.0
C18;B01;X3;;1;2.87847;10.30;0.0;30.00;85.00;20.95;0.00;;30.0;30.0;30.0
C18;B02;X3;;1;2.88194;10.67;0.0;30.00;85.00;20.95;0.00;;30.0;30.0;30.0
C18;B03;X3;;1;2.88542;8.96;0.0;30.00;85.00;20.95;0.00;;30.0;30.0;30.0
C18;B04;X4;;1;2.88889;11.65;0.0;30.00;85.00;20.95;0.00;;30.0;30.0;30.0
C18;B05;X4;;1;2.89236;9.67;0.0;30.00;85.00;20.95;0.00;;30.0;30.0;30.0
C18;B06;X4;;1;2.89583;10.75;0.0;30.00;85.00;20.95;0.00;;30.0;30.0;30.0
C18;B07;X4;;1;2.89931;10.35;0.0;30.00;85.00;20.95;0.00;;30.0;30.0;30.0
C18;B08;X4;;1;2.90278;10.14;0.0;30.00;85.00;20.95;0.00;;30.0;30.0;30.0
C18;B09;X5;;1;2.90625;11.29;0.0;30.00;85.00;20.95;0.00;;30.0;30.0;30.0
C18;B10;X5;;1;2.90972;11.54;0.0;30.00;85.00;20.95;0.00;;30.0;30.0;30.0
C18;B11;X5;;1;2.91319;11.52;0.0;30.00;85.00;20.95;0.00;;30.0;30.0;30.0
C18;B12;X5;;1;2.91667;12.16;0.0;30.00;85.00;20.95;0.00;;30.0;30.0;30.0
C18;C01;X5;;1;2.92014;12.58;0.0;30.00;85.00;20.95;0.00;;30.0;30.0;30.0
C18;C02;X6;;1;2.92361;9.54;0.0;30.00;85.00;20.95;0.00;;30.0;30.0;30.0
C18;C03;X6;;1;2.92708;9.91;0.0;30.00;85.00;20.95;0.00;;30.0;30.0;30.0
C18;C04;X6;;1;2.93056;10.11;0.0;30.00;85.00;20.95;0.00;;30.0;30.0;30.0
C18;C05;X6;;1;2.93403;10.69;0.0;30.00;85.00;20.95;0.00;;30.0;30.0;30.0
C18;C06;X6;;1;2.93750;9.82;0.0;30.00;85.00;20.95;0.00;;30.0;30.0;30.0
C18;C07;X7;;1;2.94097;10.40;0.0;30.00;85.00;20.95;0.00;;30.0;30.0;30.0
C18;C08;X7;;1;2.94444;10.99;0.0;30.00;85.00;20.95;0.00;;30.0;30.0;30.0
C18;C09;X7;;1;2.94792;9.68;0.0;30.00;85.00;20.95;0.00;;30.0;30.0;30.0
C18;C10;X7;;1;2.95139;10.97;0.0;30.00;85.00;20.95;0.00;;30.0;30.0;30.0
C18;C11;X7;;1;2.95486;10.28;0.0;30.00;85.00;20.95;0.00;;30.0;30.0;30.0
C18;C12;X8;;1;2.95833;11.29;0.0;30.00;85.00;20.95;0.00;;30.0;30.0;30.0
C18;D01;X8;;1;2.96181;11.85;0.0;30.00;85.00;20.95;0.00;;30.0;30.0;30.0
C18;D02;X8;;1;2.96528;10.49;0.0;30.00;85.00;20.95;0.00;;30.0;30.0;30.0
C18;D03;X8;;1;2.96875;10.58;0.0;30.00;85.00;20.95;0.00;;30.0;30.0;30.0
C18;D04;X8;;1;2.97222;10.77;0.0;30.00;85.00;20.95;0.00;;30.0;30.0;30.0
C18;D05;B1;;1;2.97569;8.06;0.0;30.00;85.00;20.95;0.00;;30.0;30.0;30.0
C18;D06;B1;;1;2.97917;8.17;0.0;30.00;85.00;20.95;0.00;;30.0;30.0;30.0
C18;D07;B1;;1;2.98264;7.89;0.0;30.00;85.00;20.95;0.00;;30.0;30.0;30.0
R;;;;1;3.00000;176.92;0.0;30.00;85.00;20.95;0.00;test measure for referencing ;30.0;30.0;30.0
C19;A01;X1;;1;3.00347;10.51;0.0;30.00;85.00;20.95;0.00;;30.0;30.0;30.0
C19;A02;X1;;1;3.00694;10.37;0.0;30.00;85.00;20.95;0.00;;30.0;30.0;30.0
C19;A03;X1;;1;3.01042;11.30;0.0;30.00;85.00;20.95;0.00;;30.0;30.0;30.0
C19;A04;X1;;1;3.01389;11.04;0.0;30.00;85.00;20.95;0.00;;30.0;30.0;30.0
C19;A05;X1;;1;3.01736;10.07;0.0;30.00;85.00;20.95;0.00;;30.0;30.0;30.0
C19;A06;X2;;1;3.02083;9.52;0.0;30.00;85.00;20.95;0.00;;30.0;30.0;30.0
C19;A07;X2;;1;3.02431;10.47;0.0;30.00;85.00;20.95;0.00;;30.0;30.0;30.0
C19;A08;X2;;1;3.02778;10.51;0.0;30.00;85.00;20.95;0.00;;30.0;30.0;30.0
C19;A09;X2;;1;3.03125;10.14;0.0;30.00;85.00;20.95;0.00;;30.0;30.0;30.0
C19;A10;X2;;1;3.03472;11.07;0.0;30.00;85.00;20.95;0.00;;30.0;30.0;30.0
C19;A11;X3;;1;3.03819;9.92;0.0;30.00;85.00;20.95;0.00;;30.0;30.0;30.0
C19;A12;X3;;1;3.04167;10.58;0.0;30.00;85.00;20.95;0.00;;30.0;30.0;30.0
C19;B01;X3;;1;3.04514;10.31;0.0;30.00;85.00;20.95;0.00;;30.0;30.0;30.0
C19;B02;X3;;1;3.04861;10.60;0.0;30.00;85.00;20.95;0.00;;30.0;30.0;30.0
C19;B03;X3;;1;3.05208;9.35;0.0;30.00;85.00;20.95;0.00;;30.0;30.0;30.0
C19;B04;X4;;1;3.05556;11.34;0.0;30.00;85.00;20.95;0.00;;30.0;30.0;30.0
C19;B05;X4;;1;3.05903;10.00;0.0;30.00;85.00;20.95;0.00;;30.0;30.0;30.0
C19;B06;X4;;1;3.06250;10.68;0.0;30.00;85.00;20.95;0.00;;30.0;30.0;30.0
C19;B07;X4;;1;3.06597;10.41;0.0;30.00;85.00;20.95;0.00;;30.0;30.0;30.0
C19;B08;X4;;1;3.06944;10.44;0.0;30.00;85.00;20.95;0.00;;30.0;30.0;30.0
C19;B09;X5;;1;3.07292;11.32;0.0;30.00;85.00;20.95;0.00;;30.0;30.0;30.0
C19;B10;X5;;1;3.07639;11.63;0.0;30.00;85.00;20.95;0.00;;30.0;30.0;30.0
C19;B11;X5;;1;3.07986;11.86;0.0;30.00;85.00;20.95;0.00;;30.0;30.0;30.0
C19;B12;X5;;1;3.08333;11.19;0.0;30.00;85.00;20.95;0.00;;30.0;30.0;30.0
C19;C01;X5;;1;3.08681;12.25;0.0;30.00;85.00;20.95;0.00;;30.0;30.0;30.0
C19;C02;X6;;1;3.09028;9.62;0.0;30.00;85.00;20.95;0.00;;30.0;30.0;30.0
C19;C03;X6;;1;3.09375;10.34;0.0;30.00;85.00;20.95;0.00;;30.0;30.0;30.0
C19;C04;X6;;1;3.09722;10.08;0.0;30.00;85.00;20.95;0.00;;30.0;30.0;30.0
C19;C05;X6;;1;3.10069;10.89;0.0;30.00;85.00;20.95;0.00;;30.0;30.0;30.0
C19;C06;X6;;1;3.10417;9.64;0.0;30.00;85.00;20.95;0.00;;30.0;30.0;30.0
C19;C07;X7;;1;3.10764;10.19;0.0;30.00;85.00;20.95;0.00;;30.0;30.0;30.0
C19;C08;X7;;1;3.11111;10.23;0.0;30.00;85.00;20.95;0.00;;30.0;30.0;30.0
C19;C09;X7;;1;3.11458;9.60;0.0;30.00;85.00;20.95;0.00;;30.0;30.0;30.0
C19;C10;X7;;1;3.11806;10.57;0.0;30.00;85.00;20.95;0.00;;30.0;30.0;30.0
C19;C11;X7;;1;3.12153;10.17;0.0;30.00;85.00;20.95;0.00;;30.0;30.0;30.0
C19;C12;X8;;1;3.12500;11.75;0.0;30.00;85.00;20.95;0.00;;30.0;30.0;30.0
C19;D01;X8;;1;3.12847;10.75;0.0;30.00;85.00;20.95;0.00;;30.0;30.0;30.0
C19;D02;X8;;1;3.13194;10.54;0.0;30.00;85.00;20.95;0.00;;30.0;30.0;30.0
C19;D03;X8;;1;3.13542;10.06;0.0;30.00;85.00;20.95;0.00;;30.0;30.0;30.0
C19;D04;X8;;1;3.13889;10.62;0.0;30.00;85.00;20.95;0.00;;30.0;30.0;30.0
C19;D05;B1;;1;3.14236;8.18;0.0;30.00;85.00;20.95;0.00;;30.0;30.0;30.0
C19;D06;B1;;1;3.14583;7.75;0.0;30.00;85.00;20.95;0.00;;30.0;30.0;30.0
C19;D07;B1;;1;3.14931;8.41;0.0;30.00;85.00;20.95;0.00;;30.0;30.0;30.0
R;;;;1;3.16667;177.05;0.0;30.00;85.00;20.95;0.00;test measure for referencing ;30.0;30.0;30.0
C20;A01;X1;;1;3.17014;10.29;0.0;30.00;85.00;20.95;0.00;;30.0;30.0;30.0
C20;A02;X1;;1;3.17361;10.39;0.0;30.00;85.00;20.95;0.00;;30.0;30.0;30.0
C20;A03;X1;;1;3.17708;11.37;0.0;30.00;85.00;20.95;0.00;;30.0;30.0;30.0
C20;A04;X1;;1;3.18056;10.84;0.0;30.00;85.00;20.95;0.00;;30.0;30.0;30.0
C20;A05;X1;;1;3.18403;9.84;0.0;30.00;85.00;20.95;0.00;;30.0;30.0;30.0
C20;A06;X2;;1;3.18750;10.20;0.0;30.00;85.00;20.95;0.00;;30.0;30.0;30.0
C20;A07;X2;;1;3.19097;10.25;0.0;30.00;85.00;20.95;0.00;;30.0;30.0;30.0
C20;A08;X2;;1;3.19444;10.27;0.0;30.00;85.00;20.95;0.00;;30.0;30.0;30.0
C20;A09;X2;;1;3.19792;9.53;0.0;30.00;85.00;20.95;0.00;;30.0;30.0;30.0
C20;A10;X2;;1;3.20139;10.18;0.0;30.00;85.00;20.95;0.00;;30.0;30.0;30.0
C20;A11;X3;;1;3.20486;9.94;0.0;30.00;85.00;20.95;0.00;;30.0;30.0;30.0
C20;A12;X3;;1;3.20833;10.26;0.0;30.00;85.00;20.95;0.00;;30.0;30.0;30.0
C20;B01;X3;;1;3.21181;9.87;0.0;30.00;85.00;20.95;0.00;;30.0;30.0;30.0
C20;B02;X3;;1;3.21528;10.27;0.0;30.00;85.00;20.95;0.00;;30.0;30.0;30.0
C20;B03;X3;;1;3.21875;8.88;0.0;30.00;85.00;20.95;0.00;;30.0;30.0;30.0
C20;B04;X4;;1;3.22222;11.57;0.0;30.00;85.00;20.95;0.00;;30.0;30.0;30.0
C20;B05;X4;;1;3.22569;9.50;0.0;30.00;85.00;20.95;0.00;;30.0;30.0;30.0
C20;B06;X4;;1;3.22917;10.61;0.0;30.00;85.00;20.95;0.00;;30.0;30.0;30.0
C20;B07;X4;;1;3.23264;10.12;0.0;30.00;85.00;20.95;0.00;;30.0;30.0;30.0
C20;B08;X4;;1;3.23611;10.25;0.0;30.00;85.00;20.95;0.00;;30.0;30.0;30.0
C20;B09;X5;;1;3.23958;11.61;0.0;30.00;85.00;20.95;0.00;;30.0;30.0;30.0
C20;B10;X5;;1;3.24306;11.57;0.0;30.00;85.00;20.95;0.00;;30.0;30.0;30.0
C20;B11;X5;;1;3.24653;12.52;0.0;30.00;85.00;20.95;0.00;;30.0;30.0;30.0
C20;B12;X5;;1;3.25000;12.47;0.0;30.00;85.00;20.95;0.00;;30.0;30.0;30.0
C20;C01;X5;;1;3.25347;12.15;0.0;30.00;85.00;20.95;0.00;;30.0;30.0;30.0
C20;C02;X6;;1;3.25694;9.91;0.0;30.00;85.00;20.95;0.00;;30.0;30.0;30.0
C20;C03;X6;;1;3.26042;10.19;0.0;30.00;85.00;20.95;0.00;;30.0;30.0;30.0
C20;C04;X6;;1;3.26389;9.63;0.0;30.00;85.00;20.95;0.00;;30.0;30.0;30.0
C20;C05;X6;;1;3.26736;10.59;0.0;30.00;85.00;20.95;0.00;;30.0;30.0;30.0
C20;C06;X6;;1;3.27083;9.84;0.0;30.00;85.00;20.95;0.00;;30.0;30.0;30.0
C20;C07;X7;;1;3.27431;10.03;0.0;30.00;85.00;20.95;0.00;;30.0;30.0;30.0
C20;C08;X7;;1;3.27778;10.21;0.0;30.00;85.00;20.95;0.00;;30.0;30.0;30.0
C20;C09;X7;;1;3.28125;10.08;0.0;30.00;85.00;20.95;0.00;;30.0;30.0;30.0
C20;C10;X7;;1;3.28472;10.84;0.0;30.00;85.00;20.95;0.00;;30.0;30.0;30.0
C20;C11;X7;;1;3.28819;10.33;0.0;30.00;85.00;20.95;0.00;;30.0;30.0;30.0
C20;C12;X8;;1;3.29167;11.90;0.0;30.00;85.00;20.95;0.00;;30.0;30.0;30.0
C20;D01;X8;;1;3.29514;11.49;0.0;30.00;85.00;20.95;0.00;;30.0;30.0;30.0
C20;D02;X8;;1;3.29861;10.28;0.0;30.00;85.00;20.95;0.00;;30.0;30.0;30.0
C20;D03;X8;;1;3.30208;10.25;0.0;30.00;85.00;20.95;0.00;;30.0;30.0;30.0
C20;D04;X8;;1;3.30556;10.71;0.0;30.00;85.00;20.95;0.00;;30.0;30.0;30.0
C20;D05;B1;;1;3.30903;7.98;0.0;30.00;85.00;20.95;0.00;;30.0;30.0;30.0
C20;D06;B1;;1;3.31250;8.29;0.0;30.00;85.00;20.95;0.00;;30.0;30.0;30.0
C20;D07;B1;;1;3.31597;8.25;0.0;30.00;85.00;20.95;0.00;;30.0;30.0;30.0
R;;;;1;3.33333;179.21;0.0;30.00;85.00;20.95;0.00;test measure for referencing ;30.0;30.0;30.0
C21;A01;X1;;1;3.33681;10.20;0.0;30.00;85.00;20.95;0.00;;30.0;30.0;30.0
C21;A02;X1;;1;3.34028;11.04;0.0;30.00;85.00;20.95;0.00;;30.0;30.0;30.0
C21;A03;X1;;1;3.34375;11.58;0.0;30.00;85.00;20.95;0.00;;30.0;30.0;30.0
C21;A04;X1;;1;3.34722;10.79;0.0;30.00;85.00;20.95;0.00;;30.0;30.0;30.0
C21;A05;X1;;1;3.35069;9.75;0.0;30.00;85.00;20.95;0.00;;30.0;30.0;30.0
C21;A06;X2;;1;3.35417;10.41;0.0;30.00;85.00;20.95;0.00;;30.0;30.0;30.0
C21;A07;X2;;1;3.35764;10.19;0.0;30.00;85.00;20.95;0.00;;30.0;30.0;30.0
C21;A08;X2;;1;3.36111;10.65;0.0;30.00;85.00;20.95;0.00;;30.0;30.0;30.0
C21;A09;X2;;1;3.36458;9.31;0.0;30.00;85.00;20.95;0.00;;30.0;30.0;30.0
C21;A10;X2;;1;3.36806;11.02;0.0;30.00;85.00;20.95;0.00;;30.0;30.0;30.0
C21;A11;X3;;1;3.37153;9.78;0.0;30.00;85.00;20.95;0.00;;30.0;30.0;30.0
C21;A12;X3;;1;3.37500;10.87;0.0;30.00;85.00;20.95;0.00;;30.0;30.0;30.0
C21;B01;X3;;1;3.37847;10.77;0.0;30.00;85.00;20.95;0.00;;30.0;30.0;30.0
C21;B02;X3;;1;3.38194;10.76;0.0;30.00;85.00;20.95;0.00;;30.0;30.0;30.0
C21;B03;X3;;1;3.38542;9.33;0.0;30.00;85.00;20.95;0.00;;30.0;30.0;30.0
C21;B04;X4;;1;3.38889;11.76;0.0;30.00;85.00;20.95;0.00;;30.0;30.0;30.0
C21;B05;X4;;1;3.39236;10.17;0.0;30.00;85.00;20.95;0.00;;30.0;30.0;30.0
C21;B06;X4;;1;3.39583;11.31;0.0;30.00;85.00;20.95;0.00;;30.0;30.0;30.0
C21;B07;X4;;1;3.39931;10.18;0.0;30.00;85.00;20.95;0.00;;30.0;30.0;30.0
C21;B08;X4;;1;3.40278;10.75;0.0;30.00;85.00;20.95;0.00;;30.0;30.0;30.0
C21;B09;X5;;1;3.40625;11.37;0.0;30.00;85.00;20.95;0.00;;30.0;30.0;30.0
C21;B10;X5;;1;3.40972;11.87;0.0;30.00;85.00;20.95;0.00;;30.0;30.0;30.0
C21;B11;X5;;1;3.41319;12.05;0.0;30.00;85.00;20.95;0.00;;30.0;30.0;30.0
C21;B12;X5;;1;3.41667;12.00;0.0;30.00;85.00;20.95;0.00;;30.0;30.0;30.0
C21;C01;X5;;1;3.42014;12.81;0.0;30.00;85.00;20.95;0.00;;30.0;30.0;30.0
C21;C02;X6;;1;3.42361;9.95;0.0;30.00;85.00;20.95;0.00;;30.0;30.0;30.0
C21;C03;X6;;1;3.42708;10.19;0.0;30.00;85.00;20.95;0.00;;30.0;30.0;30.0
C21;C04;X6;;1;3.43056;10.27;0.0;30.00;85.00;20.95;0.00;;30.0;30.0;30.0
C21;C05;X6;;1;3.43403;11.30;0.0;30.00;85.00;20.95;0.00;;30.0;30.0;30.0
C21;C06;X6;;1;3.43750;9.70;0.0;30.00;85.00;20.95;0.00;;30.0;30.0;30.0
C21;C07;X7;;1;3.44097;10.43;0.0;30.00;85.00;20.95;0.00;;30.0;30.0;30.0
C21;C08;X7;;1;3.44444;10.63;0.0;30.00;85.00;20.95;0.00;;30.0;30.0;30.0
C21;C09;X7;;1;3.44792;9.56;0.0;30.00;85.00;20.95;0.00;;30.0;30.0;30.0
C21;C10;X7;;1;3.45139;10.71;0.0;30.00;85.00;20.95;0.00;;30.0;30.0;30.0
C21;C11;X7;;1;3.45486;10.50;0.0;30.00;85.00;20.95;0.00;;30.0;30.0;30.0
C21;C12;X8;;1;3.45833;11.64;0.0;30.00;85.00;20.95;0.00;;30.0;30.0;30.0
C21;D01;X8;;1;3.46181;12.09;0.0;30.00;85.00;20.95;0.00;;30.0;30.0;30.0
C21;D02;X8;;1;3.46528;11.11;0.0;30.00;85.00;20.95;0.00;;30.0;30.0;30.0
C21;D03;X8;;1;3.46875;10.55;0.0;30.00;85.00;20.95;0.00;;30.0;30.0;30.0
C21;D04;X8;;1;3.47222;10.83;0.0;30.00;85.00;20.95;0.00;;30.0;30.0;30.0
C21;D05;B1;;1;3.47569;7.57;0.0;30.00;85.00;20.95;0.00;;30.0;30.0;30.0
C21;D06;B1;;1;3.47917;7.05;0.0;30.00;85.00;20.95;0.00;;30.0;30.0;30.0
C21;D07;B1;;1;3.48264;8.51;0.0;30.00;85.00;20.95;0.00;;30.0;30.0;30.0
R;;;;1;3.50000;179.83;0.0;30.00;85.00;20.95;0.00;test measure for referencing ;30.0;30.0;30.0
C22;A01;X1;;1;3.50347;9.97;0.0;30.00;85.00;20.95;0.00;;30.0;30.0;30.0
C22;A02;X1;;1;3.50694;10.78;0.0;30.00;85.00;20.95;0.00;;30.0;30.0;30.0
C22;A03;X1;;1;3.51042;12.29;0.0;30.00;85.00;20.95;0.00;;30.0;30.0;30.0
C22;A04;X1;;1;3.51389;11.28;0.0;30.00;85.00;20.95;0.00;;30.0;30.0;30.0
C22;A05;X1;;1;3.51736;10.29;0.0;30.00;85.00;20.95;0.00;;30.0;30.0;30.0
C22;A06;X2;;1;3.52083;10.42;0.0;30.00;85.00;20.95;0.00;;30.0;30.0;30.0
C22;A07;X2;;1;3.52431;9.87;0.0;30.00;85.00;20.95;0.00;;30.0;30.0;30.0
C22;A08;X2;;1;3.52778;10.07;0.0;30.00;85.00;20.95;0.00;;30.0;30.0;30.0
C22;A09;X2;;1;3.53125;9.44;0.0;30.00;85.00;20.95;0.00;;30.0;30.0;30.0
C22;A10;X2;;1;3.53472;10.51;0.0;30.00;85.00;20.95;0.00;;30.0;30.0;30.0
C22;A11;X3;;1;3.53819;10.28;0.0;30.00;85.00;20.95;0.00;;30.0;30.0;30.0
C22;A12;X3;;1;3.54167;11.12;0.0;30.00;85.00;20.95;0.00;;30.0;30.0;30.0
C22;B01;X3;;1;3.54514;10.93;0.0;30.00;85.00;20.95;0.00;;30.0;30.0;30.0
C22;B02;X3;;1;3.54861;10.65;0.0;30.00;85.00;20.95;0.00;;30.0;30.0;30.0
C22;B03;X3;;1;3.55208;9.91;0.0;30.00;85.00;20.95;0.00;;30.0;30.0;30.0
C22;B04;X4;;1;3.55556;11.50;0.0;30.00;85.00;20.95;0.00;;30.0;30.0;30.0
C22;B05;X4;;1;3.55903;9.44;0.0;30.00;85.00;20.95;0.00;;30.0;30.0;30.0
C22;B06;X4;;1;3.56250;11.78;0.0;30.00;85.00;20.95;0.00;;30.0;30.0;30.0
C22;B07;X4;;1;3.56597;10.73;0.0;30.00;85.00;20.95;0.00;;30.0;30.0;30.0
C22;B08;X4;;1;3.56944;10.64;0.0;30.00;85.00;20.95;0.00;;30.0;30.0;30.0
C22;B09;X5;;1;3.57292;11.96;0.0;30.00;85.00;20.95;0.00;;30.0;30.0;30.0
C22;B10;X5;;1;3.57639;11.56;0.0;30.00;85.00;20.95;0.00;;30.0;30.0;30.0
C22;B11;X5;;1;3.57986;13.00;0.0;30.00;85.00;20.95;0.00;;30.0;30.0;30.0
C22;B12;X5;;1;3.58333;11.70;0.0;30.00;85.00;20.95;0.00;;30.0;30.0;30.0
C22;C01;X5;;1;3.58681;13.11;0.0;30.00;85.00;20.95;0.00;;30.0;30.0;30.0
C22;C02;X6;;1;3.59028;9.68;0.0;30.00;85.00;20.95;0.00;;30.0;30.0;30.0
C22;C03;X6;;1;3.59375;10.69;0.0;30.00;85.00;20.95;0.00;;30.0;30.0;30.0
C22;C04;X6;;1;3.59722;10.49;0.0;30.00;85.00;20.95;0.00;;30.0;30.0;30.0
C22;C05;X6;;1;3.60069;11.20;0.0;30.00;85.00;20.95;0.00;;30.0;30.0;30.0
C22;C06;X6;;1;3.60417;9.08;0.0;30.00;85.00;20.95;0.00;;30.0;30.0;30.0
C22;C07;X7;;1;3.60764;10.61;0.0;30.00;85.00;20.95;0.00;;30.0;30.0;30.0
C22;C08;X7;;1;3.61111;9.96;0.0;30.00;85.00;20.95;0.00;;30.0;30.0;30.0
C22;C09;X7;;1;3.61458;10.04;0.0;30.00;85.00;20.95;0.00;;30.0;30.0;30.0
C22;C10;X7;;1;3.61806;10.73;0.0;30.00;85.00;20.95;0.00;;30.0;30.0;30.0
C22;C11;X7;;1;3.62153;10.18;0.0;30.00;85.00;20.95;0.00;;30.0;30.0;30.0
C22;C12;X8;;1;3.62500;11.43;0.0;30.00;85.00;20.95;0.00;;30.0;30.0;30.0
C22;D01;X8;;1;3.62847;11.17;0.0;30.00;85.00;20.95;0.00;;30.0;30.0;30.0
C22;D02;X8;;1;3.63194;10.71;0.0;30.00;85.00;20.95;0.00;;30.0;30.0;30.0
C22;D03;X8;;1;3.63542;11.08;0.0;30.00;85.00;20.95;0.00;;30.0;30.0;30.0
C22;D04;X8;;1;3.63889;11.31;0.0;30.00;85.00;20.95;0.00;;30.0;30.0;30.0
C22;D05;B1;;1;3.64236;8.04;0.0;30.00;85.00;20.95;0.00;;30.0;30.0;30.0
C22;D06;B1;;1;3.64583;8.47;0.0;30.00;85.00;20.95;0.00;;30.0;30.0;30.0
C22;D07;B1;;1;3.64931;8.23;0.0;30.00;85.00;20.95;0.00;;30.0;30.0;30.0
R;;;;1;3.66667;182.86;0.0;30.00;85.00;20.95;0.00;test measure for referencing ;30.0;30.0;30.0
C23;A01;X1;;1;3.67014;10.91;0.0;30.00;85.00;20.95;0.00;;30.0;30.0;30.0
C23;A02;X1;;1;3.67361;10.78;0.0;30.00;85.00;20.95;0.00;;30.0;30.0;30.0
C23;A03;X1;;1;3.67708;11.69;0.0;30.00;85.00;20.95;0.00;;30.0;30.0;30.0
C23;A04;X1;;1;3.68056;11.10;0.0;30.00;85.00;20.95;0.00;;30.0;30.0;30.0
C23;A05;X1;;1;3.68403;10.23;0.0;30.00;85.00;20.95;0.00;;30.0;30.0;30.0
C23;A06;X2;;1;3.68750;10.50;0.0;30.00;85.00;20.95;0.00;;30.0;30.0;30.0
C23;A07;X2;;1;3.69097;10.50;0.0;30.00;85.00;20.95;0.00;;30.0;30.0;30.0
C23;A08;X2;;1;3.69444;10.85;0.0;30.00;85.00;20.95;0.00;;30.0;30.0;30.0
C23;A09;X2;;1;3.69792;9.88;0.0;30.00;85.00;20.95;0.00;;30.0;30.0;30.0
C23;A10;X2;;1;3.70139;10.78;0.0;30.00;85.00;20.95;0.00;;30.0;30.0;30.0
C23;A11;X3;;1;3.70486;10.31;0.0;30.00;85.00;20.95;0.00;;30.0;30.0;30.0
C23;A12;X3;;1;3.70833;10.93;0.0;30.00;85.00;20.95;0.00;;30.0;30.0;30.0
C23;B01;X3;;1;3.71181;9.81;0.0;30.00;85.00;20.95;0.00;;30.0;30.0;30.0
C23;B02;X3;;1;3.71528;10.41;0.0;30.00;85.00;20.95;0.00;;30.0;30.0;30.0
C23;B03;X3;;1;3.71875;9.66;0.0;30.00;85.00;20.95;0.00;;30.0;30.0;30.0
C23;B04;X4;;1;3.72222;12.61;0.0;30.00;85.00;20.95;0.00;;30.0;30.0;30.0
C23;B05;X4;;1;3.72569;9.58;0.0;30.00;85.00;20.95;0.00;;30.0;30.0;30.0
C23;B06;X4;;1;3.72917;11.33;0.0;30.00;85.00;20.95;0.00;;30.0;30.0;30.0
C23;B07;X4;;1;3.73264;10.58;0.0;30.00;85.00;20.95;0.00;;30.0;30.0;30.0
C23;B08;X4;;1;3.73611;9.96;0.0;30.00;85.00;20.95;0.00;;30.0;30.0;30.0
C23;B09;X5;;1;3.73958;12.56;0.0;30.00;85.00;20.95;0.00;;30.0;30.0;30.0
C23;B10;X5;;1;3.74306;12.47;0.0;30.00;85.00;20.95;0.00;;30.0;30.0;30.0
C23;B11;X5;;1;3.74653;12.56;0.0;30.00;85.00;20.95;0.00;;30.0;30.0;30.0
C23;B12;X5;;1;3.75000;12.04;0.0;30.00;85.00;20.95;0.00;;30.0;30.0;30.0
C23;C01;X5;;1;3.75347;13.57;0.0;30.00;85.00;20.95;0.00;;30.0;30.0;30.0
C23;C02;X6;;1;3.75694;9.56;0.0;30.00;85.00;20.95;0.00;;30.0;30.0;30.0
C23;C03;X6;;1;3.76042;11.01;0.0;30.00;85.00;20.95;0.00;;30.0;30.0;30.0
C23;C04;X6;;1;3.76389;10.33;0.0;30.00;85.00;20.95;0.00;;30.0;30.0;30.0
C23;C05;X6;;1;3.76736;11.30;0.0;30.00;85.00;20.95;0.00;;30.0;30.0;30.0
C23;C06;X6;;1;3.77083;9.79;0.0;30.00;85.00;20.95;0.00;;30.0;30.0;30.0
C23;C07;X7;;1;3.77431;10.97;0.0;30.00;85.00;20.95;0.00;;30.0;30.0;30.0
C23;C08;X7;;1;3.77778;10.94;0.0;30.00;85.00;20.95;0.00;;30.0;30.0;30.0
C23;C09;X7;;1;3.78125;10.48;0.0;30.00;85.00;20.95;0.00;;30.0;30.0;30.0
C23;C10;X7;;1;3.78472;11.09;0.0;30.00;85.00;20.95;0.00;;30.0;30.0;30.0
C23;C11;X7;;1;3.78819;10.39;0.0;30.00;85.00;20.95;0.00;;30.0;30.0;30.0
C23;C12;X8;;1;3.79167;11.43;0.0;30.00;85.00;20.95;0.00;;30.0;30.0;30.0
C23;D01;X8;;1;3.79514;11.70;0.0;30.00;85.00;20.95;0.00;;30.0;30.0;30.0
C23;D02;X8;;1;3.79861;11.06;0.0;30.00;85.00;20.95;0.00;;30.0;30.0;30.0
C23;D03;X8;;1;3.80208;10.86;0.0;30.00;85.00;20.95;0.00;;30.0;30.0;30.0
C23;D04;X8;;1;3.80556;12.09;0.0;30.00;85.00;20.95;0.00;;30.0;30.0;30.0
C23;D05;B1;;1;3.80903;8.14;0.0;30.00;85.00;20.95;0.00;;30.0;30.0;30.0
C23;D06;B1;;1;3.81250;8.36;0.0;30.00;85.00;20.95;0.00;;30.0;30.0;30.0
C23;D07;B1;;1;3.81597;8.21;0.0;30.00;85.00;20.95;0.00;;30.0;30.0;30.0
R;;;;1;3.83333;176.71;0.0;30.00;85.00;20.95;0.00;test measure for referencing ;30.0;30.0;30.0
C24;A01;X1;;1;3.83681;10.72;0.0;30.00;85.00;20.95;0.00;;30.0;30.0;30.0
C24;A02;X1;;1;3.84028;10.80;0.0;30.00;85.00;20.95;0.00;;30.0;30.0;30.0
C24;A03;X1;;1;3.84375;11.66;0.0;30.00;85.00;20.95;0.00;;30.0;30.0;30.0
C24;A04;X1;;1;3.84722;10.68;0.0;30.00;85.00;20.95;0.00;;30.0;30.0;30.0
C24;A05;X1;;1;3.85069;9.99;0.0;30.00;85.00;20.95;0.00;;30.0;30.0;30.0
C24;A06;X2;;1;3.85417;10.19;0.0;30.00;85.00;20.95;0.00;;30.0;30.0;30.0
C24;A07;X2;;1;3.85764;10.31;0.0;30.00;85.00;20.95;0.00;;30.0;30.0;30.0
C24;A08;X2;;1;3.86111;9.85;0.0;30.00;85.00;20.95;0.00;;30.0;30.0;30.0
C24;A09;X2;;1;3.86458;9.76;0.0;30.00;85.00;20.95;0.00;;30.0;30.0;30.0
C24;A10;X2;;1;3.86806;10.69;0.0;30.00;85.00;20.95;0.00;;30.0;30.0;30.0
C24;A11;X3;;1;3.87153;10.08;0.0;30.00;85.00;20.95;0.00;;30.0;30.0;30.0
C24;A12;X3;;1;3.87500;10.50;0.0;30.00;85.00;20.95;0.00;;30.0;30.0;30.0
C24;B01;X3;;1;3.87847;10.64;0.0;30.00;85.00;20.95;0.00;;30.0;30.0;30.0
C24;B02;X3;;1;3.88194;10.39;0.0;30.00;85.00;20.95;0.00;;30.0;30.0;30.0
C24;B03;X3;;1;3.88542;9.85;0.0;30.00;85.00;20.95;0.00;;30.0;30.0;30.0
C24;B04;X4;;1;3.88889;11.66;0.0;30.00;85.00;20.95;0.00;;30.0;30.0;30.0
C24;B05;X4;;1;3.89236;10.01;0.0;30.00;85.00;20.95;0.00;;30.0;30.0;30.0
C24;B06;X4;;1;3.89583;10.90;0.0;30.00;85.00;20.95;0.00;;30.0;30.0;30.0
C24;B07;X4;;1;3.89931;9.71;0.0;30.00;85.00;20.95;0.00;;30.0;30.0;30.0
C24;B08;X4;;1;3.90278;10.30;0.0;30.00;85.00;20.95;0.00;;30.0;30.0;30.0
C24;B09;X5;;1;3.90625;12.07;0.0;30.00;85.00;20.95;0.00;;30.0;30.0;30.0
C24;B10;X5;;1;3.90972;12.46;0.0;30.00;85.00;20.95;0.00;;30.0;30.0;30.0
C24;B11;X5;;1;3.91319;12.65;0.0;30.00;85.00;20.95;0.00;;30.0;30.0;30.0
C24;B12;X5;;1;3.91667;13.06;0.0;30.00;85.00;20.95;0.00;;30.0;30.0;30.0
C24;C01;X5;;1;3.92014;13.30;0.0;30.00;85.00;20.95;0.00;;30.0;30.0;30.0
C24;C02;X6;;1;3.92361;9.95;0.0;30.00;85.00;20.95;0.00;;30.0;30.0;30.0
C24;C03;X6;;1;3.92708;10.80;0.0;30.00;85.00;20.95;0.00;;30.0;30.0;30.0
C24;C04;X6;;1;3.93056;10.07;0.0;30.00;85.00;20.95;0.00;;30.0;30.0;30.0
C24;C05;X6;;1;3.93403;10.89;0.0;30.00;85.00;20.95;0.00;;30.0;30.0;30.0
C24;C06;X6;;1;3.93750;9.57;0.0;30.00;85.00;20.95;0.00;;30.0;30.0;30.0
C24;C07;X7;;1;3.94097;9.88;0.0;30.00;85.00;20.95;0.00;;30.0;30.0;30.0
C24;C08;X7;;1;3.94444;10.83;0.0;30.00;85.00;20.95;0.00;;30.0;30.0;30.0
C24;C09;X7;;1;3.94792;9.41;0.0;30.00;85.00;20.95;0.00;;30.0;30.0;30.0
C24;C10;X7;;1;3.95139;10.23;0.0;30.00;85.00;20.95;0.00;;30.0;30.0;30.0
C24;C11;X7;;1;3.95486;10.22;0.0;30.00;85.00;20.95;0.00;;30.0;30.0;30.0
C24;C12;X8;;1;3.95833;11.61;0.0;30.00;85.00;20.95;0.00;;30.0;30.0;30.0
C24;D01;X8;;1;3.96181;11.57;0.0;30.00;85.00;20.95;0.00;;30.0;30.0;30.0
C24;D02;X8;;1;3.96528;10.59;0.0;30.00;85.00;20.95;0.00;;30.0;30.0;30.0
C24;D03;X8;;1;3.96875;10.63;0.0;30.00;85.00;20.95;0.00;;30.0;30.0;30.0
C24;D04;X8;;1;3.97222;10.39;0.0;30.00;85.00;20.95;0.00;;30.0;30.0;30.0
C24;D05;B1;;1;3.97569;8.17;0.0;30.00;85.00;20.95;0.00;;30.0;30.0;30.0
C24;D06;B1;;1;3.97917;8.62;0.0;30.00;85.00;20.95;0.00;;30.0;30.0;30.0
C24;D07;B1;;1;3.98264;7.62;0.0;30.00;85.00;20.95;0.00;;30.0;30.0;30.0
R;;;;1;4.00000;175.76;0.0;30.00;85.00;20.95;0.00;test measure for referencing ;30.0;30.0;30.0
C25;A01;X1;;1;4.00347;10.58;0.0;30.00;85.00;20.95;0.00;;30.0;30.0;30.0
C25;A02;X1;;1;4.00694;10.51;0.0;30.00;85.00;20.95;0.00;;30.0;30.0;30.0
C25;A03;X1;;1;4.01042;10.14;0.0;30.00;85.00;20.95;0.00;;30.0;30.0;30.0
C25;A04;X1;;1;4.01389;10.69;0.0;30.00;85.00;20.95;0.00;;30.0;30.0;30.0
C25;A05;X1;;1;4.01736;9.50;0.0;30.00;85.00;20.95;0.00;;30.0;30.0;30.0
C25;A06;X2;;1;4.02083;9.80;0.0;30.00;85.00;20.95;0.00;;30.0;30.0;30.0
C25;A07;X2;;1;4.02431;10.51;0.0;30.00;85.00;20.95;0.00;;30.0;30.0;30.0
C25;A08;X2;;1;4.02778;10.52;0.0;30.00;85.00;20.95;0.00;;30.0;30.0;30.0
C25;A09;X2;;1;4.03125;9.46;0.0;30.00;85.00;20.95;0.00;;30.0;30.0;30.0
C25;A10;X2;;1;4.03472;10.26;0.0;30.00;85.00;20.95;0.00;;30.0;30.0;30.0
C25;A11;X3;;1;4.03819;10.63;0.0;30.00;85.00;20.95;0.00;;30.0;30.0;30.0
C25;A12;X3;;1;4.04167;10.36;0.0;30.00;85.00;20.95;0.00;;30.0;30.0;30.0
C25;B01;X3;;1;4.04514;10.41;0.0;30.00;85.00;20.95;0.00;;30.0;30.0;30.0
C25;B02;X3;;1;4.04861;10.07;0.0;30.00;85.00;20.95;0.00;;30.0;30.0;30.0
C25;B03;X3;;1;4.05208;9.71;0.0;30.00;85.00;20.95;0.00;;30.0;30.0;30.0
C25;B04;X4;;1;4.05556;11.44;0.0;30.00;85.00;20.95;0.00;;30.0;30.0;30.0
C25;B05;X4;;1;4.05903;9.41;0.0;30.00;85.00;20.95;0.00;;30.0;30.0;30.0
C25;B06;X4;;1;4.06250;11.22;0.0;30.00;85.00;20.95;0.00;;30.0;30.0;30.0
C25;B07;X4;;1;4.06597;10.46;0.0;30.00;85.00;20.95;0.00;;30.0;30.0;30.0
C25;B08;X4;;1;4.06944;10.63;0.0;30.00;85.00;20.95;0.00;;30.0;30.0;30.0
C25;B09;X5;;1;4.07292;12.31;0.0;30.00;85.00;20.95;0.00;;30.0;30.0;30.0
C25;B10;X5;;1;4.07639;12.47;0.0;30.00;85.00;20.95;0.00;;30.0;30.0;30.0
C25;B11;X5;;1;4.07986;12.76;0.0;30.00;85.00;20.95;0.00;;30.0;30.0;30.0
C25;B12;X5;;1;4.08333;13.10;0.0;30.00;85.00;20.95;0.00;;30.0;30.0;30.0
C25;C01;X5;;1;4.08681;13.31;0.0;30.00;85.00;20.95;0.00;;30.0;30.0;30.0
C25;C02;X6;;1;4.09028;9.64;0.0;30.00;85.00;20.95;0.00;;30.0;30.0;30.0
C25;C03;X6;;1;4.09375;10.80;0.0;30.00;85.00;20.95;0.00;;30.0;30.0;30.0
C25;C04;X6;;1;4.09722;10.20;0.0;30.00;85.00;20.95;0.00;;30.0;30.0;30.0
C25;C05;X6;;1;4.10069;10.82;0.0;30.00;85.00;20.95;0.00;;30.0;30.0;30.0
C25;C06;X6;;1;4.10417;9.61;0.0;30.00;85.00;20.95;0.00;;30.0;30.0;30.0
C25;C07;X7;;1;4.10764;10.21;0.0;30.00;85.00;20.95;0.00;;30.0;30.0;30.0
C25;C08;X7;;1;4.11111;10.53;0.0;30.00;85.00;20.95;0.00;;30.0;30.0;30.0
C25;C09;X7;;1;4.11458;9.54;0.0;30.00;85.00;20.95;0.00;;30.0;30.0;30.0
C25;C10;X7;;1;4.11806;10.04;0.0;30.00;85.00;20.95;0.00;;30.0;30.0;30.0
C25;C11;X7;;1;4.12153;10.72;0.0;30.00;85.00;20.95;0.00;;30.0;30.0;30.0
C25;C12;X8;;1;4.12500;11.27;0.0;30.00;85.00;20.95;0.00;;30.0;30.0;30.0
C25;D01;X8;;1;4.12847;12.13;0.0;30.00;85.00;20.95;0.00;;30.0;30.0;30.0
C25;D02;X8;;1;4.13194;10.80;0.0;30.00;85.00;20.95;0.00;;30.0;30.0;30.0
C25;D03;X8;;1;4.13542;11.76;0.0;30.00;85.00;20.95;0.00;;30.0;30.0;30.0
C25;D04;X8;;1;4.13889;11.42;0.0;30.00;85.00;20.95;0.00;;30.0;30.0;30.0
C25;D05;B1;;1;4.14236;8.05;0.0;30.00;85.00;20.95;0.00;;30.0;30.0;30.0
C25;D06;B1;;1;4.14583;8.25;0.0;30.00;85.00;20.95;0.00;;30.0;30.0;30.0
C25;D07;B1;;1;4.14931;7.31;0.0;30.00;85.00;20.95;0.00;;30.0;30.0;30.0
R;;;;1;4.16667;179.41;0.0;30.00;85.00;20.95;0.00;test measure for referencing ;30.0;30.0;30.0
C26;A01;X1;;1;4.17014;10.50;0.0;30.00;85.00;20.95;0.00;;30.0;30.0;30.0
C26;A02;X1;;1;4.17361;10.82;0.0;30.00;85.00;20.95;0.00;;30.0;30.0;30.0
C26;A03;X1;;1;4.17708;10.98;0.0;30.00;85.00;20.95;0.00;;30.0;30.0;30.0
C26;A04;X1;;1;4.18056;10.50;0.0;30.00;85.00;20.95;0.00;;30.0;30.0;30.0
C26;A05;X1;;1;4.18403;10.40;0.0;30.00;85.00;20.95;0.00;;30.0;30.0;30.0
C26;A06;X2;;1;4.18750;10.38;0.0;30.00;85.00;20.95;0.00;;30.0;30.0;30.0
C26;A07;X2;;1;4.19097;9.97;0.0;30.00;85.00;20.95;0.00;;30.0;30.0;30.0
C26;A08;X2;;1;4.19444;10.40;0.0;30.00;85.00;20.95;0.00;;30.0;30.0;30.0
C26;A09;X2;;1;4.19792;9.49;0.0;30.00;85.00;20.95;0.00;;30.0;30.0;30.0
C26;A10;X2;;1;4.20139;10.31;0.0;30.00;85.00;20.95;0.00;;30.0;30.0;30.0
C26;A11;X3;;1;4.20486;10.57;0.0;30.00;85.00;20.95;0.00;;30.0;30.0;30.0
C26;A12;X3;;1;4.20833;10.83;0.0;30.00;85.00;20.95;0.00;;30.0;30.0;30.0
C26;B01;X3;;1;4.21181;10.60;0.0;30.00;85.00;20.95;0.00;;30.0;30.0;30.0
C26;B02;X3;;1;4.21528;10.24;0.0;30.00;85.00;20.95;0.00;;30.0;30.0;30.0
C26;B03;X3;;1;4.21875;9.08;0.0;30.00;85.00;20.95;0.00;;30.0;30.0;30.0
C26;B04;X4;;1;4.22222;11.39;0.0;30.00;85.00;20.95;0.00;;30.0;30.0;30.0
C26;B05;X4;;1;4.22569;9.78;0.0;30.00;85.00;20.95;0.00;;30.0;30.0;30.0
C26;B06;X4;;1;4.22917;10.76;0.0;30.00;85.00;20.95;0.00;;30.0;30.0;30.0
C26;B07;X4;;1;4.23264;10.37;0.0;30.00;85.00;20.95;0.00;;30.0;30.0;30.0
C26;B08;X4;;1;4.23611;10.10;0.0;30.00;85.00;20.95;0.00;;30.0;30.0;30.0
C26;B09;X5;;1;4.23958;13.20;0.0;30.00;85.00;20.95;0.00;;30.0;30.0;30.0
C26;B10;X5;;1;4.24306;13.17;0.0;30.00;85.00;20.95;0.00;;30.0;30.0;30.0
C26;B11;X5;;1;4.24653;13.81;0.0;30.00;85.00;20.95;0.00;;30.0;30.0;30.0
C26;B12;X5;;1;4.25000;12.97;0.0;30.00;85.00;20.95;0.00;;30.0;30.0;30.0
C26;C01;X5;;1;4.25347;14.17;0.0;30.00;85.00;20.95;0.00;;30.0;30.0;30.0
C26;C02;X6;;1;4.25694;10.23;0.0;30.00;85.00;20.95;0.00;;30.0;30.0;30.0
C26;C03;X6;;1;4.26042;10.66;0.0;30.00;85.00;20.95;0.00;;30.0;30.0;30.0
C26;C04;X6;;1;4.26389;10.20;0.0;30.00;85.00;20.95;0.00;;30.0;30.0;30.0
C26;C05;X6;;1;4.26736;10.69;0.0;30.00;85.00;20.95;0.00;;30.0;30.0;30.0
C26;C06;X6;;1;4.27083;9.96;0.0;30.00;85.00;20.95;0.00;;30.0;30.0;30.0
C26;C07;X7;;1;4.27431;10.35;0.0;30.00;85.00;20.95;0.00;;30.0;30.0;30.0
C26;C08;X7;;1;4.27778;10.84;0.0;30.00;85.00;20.95;0.00;;30.0;30.0;30.0
C26;C09;X7;;1;4.28125;9.77;0.0;30.00;85.00;20.95;0.00;;30.0;30.0;30.0
C26;C10;X7;;1;4.28472;11.49;0.0;30.00;85.00;20.95;0.00;;30.0;30.0;30.0
C26;C11;X7;;1;4.28819;10.50;0.0;30.00;85.00;20.95;0.00;;30.0;30.0;30.0
C26;C12;X8;;1;4.29167;11.52;0.0;30.00;85.00;20.95;0.00;;30.0;30.0;30.0
C26;D01;X8;;1;4.29514;11.94;0.0;30.00;85.00;20.95;0.00;;30.0;30.0;30.0
C26;D02;X8;;1;4.29861;11.15;0.0;30.00;85.00;20.95;0.00;;30.0;30.0;30.0
C26;D03;X8;;1;4.30208;11.48;0.0;30.00;85.00;20.95;0.00;;30.0;30.0;30.0
C26;D04;X8;;1;4.30556;11.21;0.0;30.00;85.00;20.95;0.00;;30.0;30.0;30.0
C26;D05;B1;;1;4.30903;7.79;0.0;30.00;85.00;20.95;0.00;;30.0;30.0;30.0
C26;D06;B1;;1;4.31250;7.90;0.0;30.00;85.00;20.95;0.00;;30.0;30.0;30.0
C26;D07;B1;;1;4.31597;7.85;0.0;30.00;85.00;20.95;0.00;;30.0;30.0;30.0
R;;;;1;4.33333;175.04;0.0;30.00;85.00;20.95;0.00;test measure for referencing ;30.0;30.0;30.0
C27;A01;X1;;1;4.33681;10.59;0.0;30.00;85.00;20.95;0.00;;30.0;30.0;30.0
C27;A02;X1;;1;4.34028;10.96;0.0;30.00;85.00;20.95;0.00;;30.0;30.0;30.0
C27;A03;X1;;1;4.34375;11.13;0.0;30.00;85.00;20.95;0.00;;30.0;30.0;30.0
C27;A04;X1;;1;4.34722;10.63;0.0;30.00;85.00;20.95;0.00;;30.0;30.0;30.0
C27;A05;X1;;1;4.35069;9.91;0.0;30.00;85.00;20.95;0.00;;30.0;30.0;30.0
C27;A06;X2;;1;4.35417;9.85;0.0;30.00;85.00;20.95;0.00;;30.0;30.0;30.0
C27;A07;X2;;1;4.35764;10.09;0.0;30.00;85.00;20.95;0.00;;30.0;30.0;30.0
C27;A08;X2;;1;4.36111;9.97;0.0;30.00;85.00;20.95;0.00;;30.0;30.0;30.0
C27;A09;X2;;1;4.36458;9.64;0.0;30.00;85.00;20.95;0.00;;30.0;30.0;30.0
C27;A10;X2;;1;4.36806;9.82;0.0;30.00;85.00;20.95;0.00;;30.0;30.0;30.0
C27;A11;X3;;1;4.37153;9.67;0.0;30.00;85.00;20.95;0.00;;30.0;30.0;30.0
C27;A12;X3;;1;4.37500;10.16;0.0;30.00;85.00;20.95;0.00;;30.0;30.0;30.0
C27;B01;X3;;1;4.37847;9.70;0.0;30.00;85.00;20.95;0.00;;30.0;30.0;30.0
C27;B02;X3;;1;4.38194;10.34;0.0;30.00;85.00;20.95;0.00;;30.0;30.0;30.0
C27;B03;X3;;1;4.38542;9.66;0.0;30.00;85.00;20.95;0.00;;30.0;30.0;30.0
C27;B04;X4;;1;4.38889;11.36;0.0;30.00;85.00;20.95;0.00;;30.0;30.0;30.0
C27;B05;X4;;1;4.39236;9.65;0.0;30.00;85.00;20.95;0.00;;30.0;30.0;30.0
C27;B06;X4;;1;4.39583;10.16;0.0;30.00;85.00;20.95;0.00;;30.0;30.0;30.0
C27;B07;X4;;1;4.39931;10.58;0.0;30.00;85.00;20.95;0.00;;30.0;30.0;30.0
C27;B08;X4;;1;4.40278;9.64;0.0;30.00;85.00;20.95;0.00;;30.0;30.0;30.0
C27;B09;X5;;1;4.40625;13.24;0.0;30.00;85.00;20.95;0.00;;30.0;30.0;30.0
C27;B10;X5;;1;4.40972;13.58;0.0;30.00;85.00;20.95;0.00;;30.0;30.0;30.0
C27;B11;X5;;1;4.41319;13.42;0.0;30.00;85.00;20.95;0.00;;30.0;30.0;30.0
C27;B12;X5;;1;4.41667;13.34;0.0;30.00;85.00;20.95;0.00;;30.0;30.0;30.0
C27;C01;X5;;1;4.42014;14.19;0.0;30.00;85.00;20.95;0.00;;30.0;30.0;30.0
C27;C02;X6;;1;4.42361;9.19;0.0;30.00;85.00;20.95;0.00;;30.0;30.0;30.0
C27;C03;X6;;1;4.42708;10.00;0.0;30.00;85.00;20.95;0.00;;30.0;30.0;30.0
C27;C04;X6;;1;4.43056;9.77;0.0;30.00;85.00;20.95;0.00;;30.0;30.0;30.0
C27;C05;X6;;1;4.43403;10.72;0.0;30.00;85.00;20.95;0.00;;30.0;30.0;30.0
C27;C06;X6;;1;4.43750;9.73;0.0;30.00;85.00;20.95;0.00;;30.0;30.0;30.0
C27;C07;X7;;1;4.44097;10.08;0.0;30.00;85.00;20.95;0.00;;30.0;30.0;30.0
C27;C08;X7;;1;4.44444;10.61;0.0;30.00;85.00;20.95;0.00;;30.0;30.0;30.0
C27;C09;X7;;1;4.44792;9.43;0.0;30.00;85.00;20.95;0.00;;30.0;30.0;30.0
C27;C10;X7;;1;4.45139;10.16;0.0;30.00;85.00;20.95;0.00;;30.0;30.0;30.0
C27;C11;X7;;1;4.45486;10.27;0.0;30.00;85.00;20.95;0.00;;30.0;30.0;30.0
C27;C12;X8;;1;4.45833;11.69;0.0;30.00;85.00;20.95;0.00;;30.0;30.0;30.0
C27;D01;X8;;1;4.46181;11.26;0.0;30.00;85.00;20.95;0.00;;30.0;30.0;30.0
C27;D02;X8;;1;4.46528;11.13;0.0;30.00;85.00;20.95;0.00;;30.0;30.0;30.0
C27;D03;X8;;1;4.46875;10.61;0.0;30.00;85.00;20.95;0.00;;30.0;30.0;30.0
C27;D04;X8;;1;4.47222;10.95;0.0;30.00;85.00;20.95;0.00;;30.0;30.0;30.0
C27;D05;B1;;1;4.47569;7.91;0.0;30.00;85.00;20.95;0.00;;30.0;30.0;30.0
C27;D06;B1;;1;4.47917;7.39;0.0;30.00;85.00;20.95;0.00;;30.0;30.0;30.0
C27;D07;B1;;1;4.48264;8.07;0.0;30.00;85.00;20.95;0.00;;30.0;30.0;30.0
R;;;;1;4.50000;179.72;0.0;30.00;85.00;20.95;0.00;test measure for referencing ;30.0;30.0;30.0
C28;A01;X1;;1;4.50347;10.83;0.0;30.00;85.00;20.95;0.00;;30.0;30.0;30.0
C28;A02;X1;;1;4.50694;10.90;0.0;30.00;85.00;20.95;0.00;;30.0;30.0;30.0
C28;A03;X1;;1;4.51042;11.57;0.0;30.00;85.00;20.95;0.00;;30.0;30.0;30.0
C28;A04;X1;;1;4.51389;11.04;0.0;30.00;85.00;20.95;0.00;;30.0;30.0;30.0
C28;A05;X1;;1;4.51736;10.36;0.0;30.00;85.00;20.95;0.00;;30.0;30.0;30.0
C28;A06;X2;;1;4.52083;10.80;0.0;30.00;85.00;20.95;0.00;;30.0;30.0;30.0
C28;A07;X2;;1;4.52431;10.37;0.0;30.00;85.00;20.95;0.00;;30.0;30.0;30.0
C28;A08;X2;;1;4.52778;10.56;0.0;30.00;85.00;20.95;0.00;;30.0;30.0;30.0
C28;A09;X2;;1;4.53125;10.02;0.0;30.00;85.00;20.95;0.00;;30.0;30.0;30.0
C28;A10;X2;;1;4.53472;10.90;0.0;30.00;85.00;20.95;0.00;;30.0;30.0;30.0
C28;A11;X3;;1;4.53819;9.99;0.0;30.00;85.00;20.95;0.00;;30.0;30.0;30.0
C28;A12;X3;;1;4.54167;10.91;0.0;30.00;85.00;20.95;0.00;;30.0;30.0;30.0
C28;B01;X3;;1;4.54514;10.79;0.0;30.00;85.00;20.95;0.00;;30.0;30.0;30.0
C28;B02;X3;;1;4.54861;10.29;0.0;30.00;85.00;20.95;0.00;;30.0;30.0;30.0
C28;B03;X3;;1;4.55208;9.52;0.0;30.00;85.00;20.95;0.00;;30.0;30.0;30.0
C28;B04;X4;;1;4.55556;11.82;0.0;30.00;85.00;20.95;0.00;;30.0;30.0;30.0
C28;B05;X4;;1;4.55903;9.78;0.0;30.00;85.00;20.95;0.00;;30.0;30.0;30.0
C28;B06;X4;;1;4.56250;11.51;0.0;30.00;85.00;20.95;0.00;;30.0;30.0;30.0
C28;B07;X4;;1;4.56597;10.43;0.0;30.00;85.00;20.95;0.00;;30.0;30.0;30.0
C28;B08;X4;;1;4.56944;10.48;0.0;30.00;85.00;20.95;0.00;;30.0;30.0;30.0
C28;B09;X5;;1;4.57292;14.26;0.0;30.00;85.00;20.95;0.00;;30.0;30.0;30.0
C28;B10;X5;;1;4.57639;13.83;0.0;30.00;85.00;20.95;0.00;;30.0;30.0;30.0
C28;B11;X5;;1;4.57986;13.64;0.0;30.00;85.00;20.95;0.00;;30.0;30.0;30.0
C28;B12;X5;;1;4.58333;13.48;0.0;30.00;85.00;20.95;0.00;;30.0;30.0;30.0
C28;C01;X5;;1;4.58681;14.38;0.0;30.00;85.00;20.95;0.00;;30.0;30.0;30.0
C28;C02;X6;;1;4.59028;9.86;0.0;30.00;85.00;20.95;0.00;;30.0;30.0;30.0
C28;C03;X6;;1;4.59375;10.22;0.0;30.00;85.00;20.95;0.00;;30.0;30.0;30.0
C28;C04;X6;;1;4.59722;10.45;0.0;30.00;85.00;20.95;0.00;;30.0;30.0;30.0
C28;C05;X6;;1;4.60069;11.52;0.0;30.00;85.00;20.95;0.00;;30.0;30.0;30.0
C28;C06;X6;;1;4.60417;10.24;0.0;30.00;85.00;20.95;0.00;;30.0;30.0;30.0
C28;C07;X7;;1;4.60764;10.09;0.0;30.00;85.00;20.95;0.00;;30.0;30.0;30.0
C28;C08;X7;;1;4.61111;10.47;0.0;30.00;85.00;20.95;0.00;;30.0;30.0;30.0
C28;C09;X7;;1;4.61458;9.76;0.0;30.00;85.00;20.95;0.00;;30.0;30.0;30.0
C28;C10;X7;;1;4.61806;10.63;0.0;30.00;85.00;20.95;0.00;;30.0;30.0;30.0
C28;C11;X7;;1;4.62153;11.07;0.0;30.00;85.00;20.95;0.00;;30.0;30.0;30.0
C28;C12;X8;;1;4.62500;11.92;0.0;30.00;85.00;20.95;0.00;;30.0;30.0;30.0
C28;D01;X8;;1;4.62847;11.76;0.0;30.00;85.00;20.95;0.00;;30.0;30.0;30.0
C28;D02;X8;;1;4.63194;11.32;0.0;30.00;85.00;20.95;0.00;;30.0;30.0;30.0
C28;D03;X8;;1;4.63542;11.40;0.0;30.00;85.00;20.95;0.00;;30.0;30.0;30.0
C28;D04;X8;;1;4.63889;12.04;0.0;30.00;85.00;20.95;0.00;;30.0;30.0;30.0
C28;D05;B1;;1;4.64236;8.67;0.0;30.00;85.00;20.95;0.00;;30.0;30.0;30.0
C28;D06;B1;;1;4.64583;7.97;0.0;30.00;85.00;20.95;0.00;;30.0;30.0;30.0
C28;D07;B1;;1;4.64931;7.18;0.0;30.00;85.00;20.95;0.00;;30.0;30.0;30.0
R;;;;1;4.66667;180.28;0.0;30.00;85.00;20.95;0.00;test measure for referencing ;30.0;30.0;30.0
C29;A01;X1;;1;4.67014;11.02;0.0;30.00;85.00;20.95;0.00;;30.0;30.0;30.0
C29;A02;X1;;1;4.67361;11.54;0.0;30.00;85.00;20.95;0.00;;30.0;30.0;30.0
C29;A03;X1;;1;4.67708;11.31;0.0;30.00;85.00;20.95;0.00;;30.0;30.0;30.0
C29;A04;X1;;1;4.68056;10.99;0.0;30.00;85.00;20.95;0.00;;30.0;30.0;30.0
C29;A05;X1;;1;4.68403;10.82;0.0;30.00;85.00;20.95;0.00;;30.0;30.0;30.0
C29;A06;X2;;1;4.68750;10.91;0.0;30.00;85.00;20.95;0.00;;30.0;30.0;30.0
C29;A07;X2;;1;4.69097;10.55;0.0;30.00;85.00;20.95;0.00;;30.0;30.0;30.0
C29;A08;X2;;1;4.69444;10.46;0.0;30.00;85.00;20.95;0.00;;30.0;30.0;30.0
C29;A09;X2;;1;4.69792;10.14;0.0;30.00;85.00;20.95;0.00;;30.0;30.0;30.0
C29;A10;X2;;1;4.70139;10.34;0.0;30.00;85.00;20.95;0.00;;30.0;30.0;30.0
C29;A11;X3;;1;4.70486;10.01;0.0;30.00;85.00;20.95;0.00;;30.0;30.0;30.0
C29;A12;X3;;1;4.70833;10.93;0.0;30.00;85.00;20.95;0.00;;30.0;30.0;30.0
C29;B01;X3;;1;4.71181;10.46;0.0;30.00;85.00;20.95;0.00;;30.0;30.0;30.0
C29;B02;X3;;1;4.71528;10.76;0.0;30.00;85.00;20.95;0.00;;30.0;30.0;30.0
C29;B03;X3;;1;4.71875;10.02;0.0;30.00;85.00;20.95;0.00;;30.0;30.0;30.0
C29;B04;X4;;1;4.72222;11.10;0.0;30.00;85.00;20.95;0.00;;30.0;30.0;30.0
C29;B05;X4;;1;4.72569;9.95;0.0;30.00;85.00;20.95;0.00;;30.0;30.0;30.0
C29;B06;X4;;1;4.72917;11.30;0.0;30.00;85.00;20.95;0.00;;30.0;30.0;30.0
C29;B07;X4;;1;4.73264;10.15;0.0;30.00;85.00;20.95;0.00;;30.0;30.0;30.0
C29;B08;X4;;1;4.73611;10.22;0.0;30.00;85.00;20.95;0.00;;30.0;30.0;30.0
C29;B09;X5;;1;4.73958;13.81;0.0;30.00;85.00;20.95;0.00;;30.0;30.0;30.0
C29;B10;X5;;1;4.74306;13.93;0.0;30.00;85.00;20.95;0.00;;30.0;30.0;30.0
C29;B11;X5;;1;4.74653;14.13;0.0;30.00;85.00;20.95;0.00;;30.0;30.0;30.0
C29;B12;X5;;1;4.75000;13.94;0.0;30.00;85.00;20.95;0.00;;30.0;30.0;30.0
C29;C01;X5;;1;4.75347;14.70;0.0;30.00;85.00;20.95;0.00;;30.0;30.0;30.0
C29;C02;X6;;1;4.75694;10.01;0.0;30.00;85.00;20.95;0.00;;30.0;30.0;30.0
C29;C03;X6;;1;4.76042;10.59;0.0;30.00;85.00;20.95;0.00;;30.0;30.0;30.0
C29;C04;X6;;1;4.76389;10.13;0.0;30.00;85.00;20.95;0.00;;30.0;30.0;30.0
C29;C05;X6;;1;4.76736;11.22;0.0;30.00;85.00;20.95;0.00;;30.0;30.0;30.0
C29;C06;X6;;1;4.77083;9.73;0.0;30.00;85.00;20.95;0.00;;30.0;30.0;30.0
C29;C07;X7;;1;4.77431;9.96;0.0;30.00;85.00;20.95;0.00;;30.0;30.0;30.0
C29;C08;X7;;1;4.77778;10.92;0.0;30.00;85.00;20.95;0.00;;30.0;30.0;30.0
C29;C09;X7;;1;4.78125;10.16;0.0;30.00;85.00;20.95;0.00;;30.0;30.0;30.0
C29;C10;X7;;1;4.78472;11.03;0.0;30.00;85.00;20.95;0.00;;30.0;30.0;30.0
C29;C11;X7;;1;4.78819;10.23;0.0;30.00;85.00;20.95;0.00;;30.0;30.0;30.0
C29;C12;X8;;1;4.79167;12.60;0.0;30.00;85.00;20.95;0.00;;30.0;30.0;30.0
C29;D01;X8;;1;4.79514;12.05;0.0;30.00;85.00;20.95;0.00;;30.0;30.0;30.0
C29;D02;X8;;1;4.79861;10.74;0.0;30.00;85.00;20.95;0.00;;30.0;30.0;30.0
C29;D03;X8;;1;4.80208;11.37;0.0;30.00;85.00;20.95;0.00;;30.0;30.0;30.0
C29;D04;X8;;1;4.80556;12.25;0.0;30.00;85.00;20.95;0.00;;30.0;30.0;30.0
C29;D05;B1;;1;4.80903;7.86;0.0;30.00;85.00;20.95;0.00;;30.0;30.0;30.0
C29;D06;B1;;1;4.81250;8.28;0.0;30.00;85.00;20.95;0.00;;30.0;30.0;30.0
C29;D07;B1;;1;4.81597;8.60;0.0;30.00;85.00;20.95;0.00;;30.0;30.0;30.0
R;;;;1;4.83333;179.26;0.0;30.00;85.00;20.95;0.00;test measure for referencing ;30.0;30.0;30.0
C30;A01;X1;;1;4.83681;10.64;0.0;30.00;85.00;20.95;0.00;;30.0;30.0;30.0
C30;A02;X1;;1;4.84028;10.95;0.0;30.00;85.00;20.95;0.00;;30.0;30.0;30.0
C30;A03;X1;;1;4.84375;11.94;0.0;30.00;85.00;20.95;0.00;;30.0;30.0;30.0
C30;A04;X1;;1;4.84722;11.16;0.0;30.00;85.00;20.95;0.00;;30.0;30.0;30.0
C30;A05;X1;;1;4.85069;10.41;0.0;30.00;85.00;20.95;0.00;;30.0;30.0;30.0
C30;A06;X2;;1;4.85417;10.51;0.0;30.00;85.00;20.95;0.00;;30.0;30.0;30.0
C30;A07;X2;;1;4.85764;9.96;0.0;30.00;85.00;20.95;0.00;;30.0;30.0;30.0
C30;A08;X2;;1;4.86111;10.62;0.0;30.00;85.00;20.95;0.00;;30.0;30.0;30.0
C30;A09;X2;;1;4.86458;9.84;0.0;30.00;85.00;20.95;0.00;;30.0;30.0;30.0
C30;A10;X2;;1;4.86806;10.34;0.0;30.00;85.00;20.95;0.00;;30.0;30.0;30.0
C30;A11;X3;;1;4.87153;10.27;0.0;30.00;85.00;20.95;0.00;;30.0;30.0;30.0
C30;A12;X3;;1;4.87500;10.91;0.0;30.00;85.00;20.95;0.00;;30.0;30.0;30.0
C30;B01;X3;;1;4.87847;10.32;0.0;30.00;85.00;20.95;0.00;;30.0;30.0;30.0
C30;B02;X3;;1;4.88194;10.38;0.0;30.00;85.00;20.95;0.00;;30.0;30.0;30.0
C30;B03;X3;;1;4.88542;9.31;0.0;30.00;85.00;20.95;0.00;;30.0;30.0;30.0
C30;B04;X4;;1;4.88889;11.61;0.0;30.00;85.00;20.95;0.00;;30.0;30.0;30.0
C30;B05;X4;;1;4.89236;10.03;0.0;30.00;85.00;20.95;0.00;;30.0;30.0;30.0
C30;B06;X4;;1;4.89583;11.28;0.0;30.00;85.00;20.95;0.00;;30.0;30.0;30.0
C30;B07;X4;;1;4.89931;10.23;0.0;30.00;85.00;20.95;0.00;;30.0;30.0;30.0
C30;B08;X4;;1;4.90278;10.41;0.0;30.00;85.00;20.95;0.00;;30.0;30.0;30.0
C30;B09;X5;;1;4.90625;14.22;0.0;30.00;85.00;20.95;0.00;;30.0;30.0;30.0
C30;B10;X5;;1;4.90972;13.75;0.0;30.00;85.00;20.95;0.00;;30.0;30.0;30.0
C30;B11;X5;;1;4.91319;14.80;0.0;30.00;85.00;20.95;0.00;;30.0;30.0;30.0
C30;B12;X5;;1;4.91667;14.32;0.0;30.00;85.00;20.95;0.00;;30.0;30.0;30.0
C30;C01;X5;;1;4.92014;15.19;0.0;30.00;85.00;20.95;0.00;;30.0;30.0;30.0
C30;C02;X6;;1;4.92361;9.95;0.0;30.00;85.00;20.95;0.00;;30.0;30.0;30.0
C30;C03;X6;;1;4.92708;10.59;0.0;30.00;85.00;20.95;0.00;;30.0;30.0;30.0
C30;C04;X6;;1;4.93056;9.60;0.0;30.00;85.00;20.95;0.00;;30.0;30.0;30.0
C30;C05;X6;;1;4.93403;11.05;0.0;30.00;85.00;20.95;0.00;;30.0;30.0;30.0
C30;C06;X6;;1;4.93750;9.42;0.0;30.00;85.00;20.95;0.00;;30.0;30.0;30.0
C30;C07;X7;;1;4.94097;10.25;0.0;30.00;85.00;20.95;0.00;;30.0;30.0;30.0
C30;C08;X7;;1;4.94444;10.71;0.0;30.00;85.00;20.95;0.00;;30.0;30.0;30.0
C30;C09;X7;;1;4.94792;9.73;0.0;30.00;85.00;20.95;0.00;;30.0;30.0;30.0
C30;C10;X7;;1;4.95139;10.70;0.0;30.00;85.00;20.95;0.00;;30.0;30.0;30.0
C30;C11;X7;;1;4.95486;10.54;0.0;30.00;85.00;20.95;0.00;;30.0;30.0;30.0
C30;C12;X8;;1;4.95833;12.45;0.0;30.00;85.00;20.95;0.00;;30.0;30.0;30.0
C30;D01;X8;;1;4.96181;12.03;0.0;30.00;85.00;20.95;0.00;;30.0;30.0;30.0
C30;D02;X8;;1;4.96528;11.17;0.0;30.00;85.00;20.95;0.00;;30.0;30.0;30.0
C30;D03;X8;;1;4.96875;11.60;0.0;30.00;85.00;20.95;0.00;;30.0;30.0;30.0
C30;D04;X8;;1;4.97222;12.21;0.0;30.00;85.00;20.95;0.00;;30.0;30.0;30.0
C30;D05;B1;;1;4.97569;7.99;0.0;30.00;85.00;20.95;0.00;;30.0;30.0;30.0
C30;D06;B1;;1;4.97917;8.35;0.0;30.00;85.00;20.95;0.00;;30.0;30.0;30.0
C30;D07;B1;;1;4.98264;7.70;0.0;30.00;85.00;20.95;0.00;;30.0;30.0;30.0
R;;;;1;5.00000;178.94;0.0;30.00;85.00;20.95;0.00;test measure for referencing ;30.0;30.0;30.0
C31;A01;X1;;1;5.00347;10.78;0.0;30.00;85.00;20.95;0.00;;30.0;30.0;30.0
C31;A02;X1;;1;5.00694;10.58;0.0;30.00;85.00;20.95;0.00;;30.0;30.0;30.0
C31;A03;X1;;1;5.01042;11.78;0.0;30.00;85.00;20.95;0.00;;30.0;30.0;30.0
C31;A04;X1;;1;5.01389;11.29;0.0;30.00;85.00;20.95;0.00;;30.0;30.0;30.0
C31;A05;X1;;1;5.01736;9.56;0.0;30.00;85.00;20.95;0.00;;30.0;30.0;30.0
C31;A06;X2;;1;5.02083;10.29;0.0;30.00;85.00;20.95;0.00;;30.0;30.0;30.0
C31;A07;X2;;1;5.02431;10.14;0.0;30.00;85.00;20.95;0.00;;30.0;30.0;30.0
C31;A08;X2;;1;5.02778;10.45;0.0;30.00;85.00;20.95;0.00;;30.0;30.0;30.0
C31;A09;X2;;1;5.03125;9.74;0.0;30.00;85.00;20.95;0.00;;30.0;30.0;30.0
C31;A10;X2;;1;5.03472;10.08;0.0;30.00;85.00;20.95;0.00;;30.0;30.0;30.0
C31;A11;X3;;1;5.03819;10.08;0.0;30.00;85.00;20.95;0.00;;30.0;30.0;30.0
C31;A12;X3;;1;5.04167;10.79;0.0;30.00;85.00;20.95;0.00;;30.0;30.0;30.0
C31;B01;X3;;1;5.04514;10.07;0.0;30.00;85.00;20.95;0.00;;30.0;30.0;30.0
C31;B02;X3;;1;5.04861;10.27;0.0;30.00;85.00;20.95;0.00;;30.0;30.0;30.0
C31;B03;X3;;1;5.05208;9.96;0.0;30.00;85.00;20.95;0.00;;30.0;30.0;30.0
C31;B04;X4;;1;5.05556;11.28;0.0;30.00;85.00;20.95;0.00;;30.0;30.0;30.0
C31;B05;X4;;1;5.05903;9.68;0.0;30.00;85.00;20.95;0.00;;30.0;30.0;30.0
C31;B06;X4;;1;5.06250;11.61;0.0;30.00;85.00;20.95;0.00;;30.0;30.0;30.0
C31;B07;X4;;1;5.06597;10.41;0.0;30.00;85.00;20.95;0.00;;30.0;30.0;30.0
C31;B08;X4;;1;5.06944;9.92;0.0;30.00;85.00;20.95;0.00;;30.0;30.0;30.0
C31;B09;X5;;1;5.07292;14.41;0.0;30.00;85.00;20.95;0.00;;30.0;30.0;30.0
C31;B10;X5;;1;5.07639;14.39;0.0;30.00;85.00;20.95;0.00;;30.0;30.0;30.0
C31;B11;X5;;1;5.07986;15.01;0.0;30.00;85.00;20.95;0.00;;30.0;30.0;30.0
C31;B12;X5;;1;5.08333;14.19;0.0;30.00;85.00;20.95;0.00;;30.0;30.0;30.0
C31;C01;X5;;1;5.08681;15.72;0.0;30.00;85.00;20.95;0.00;;30.0;30.0;30.0
C31;C02;X6;;1;5.09028;9.99;0.0;30.00;85.00;20.95;0.00;;30.0;30.0;30.0
C31;C03;X6;;1;5.09375;11.28;0.0;30.00;85.00;20.95;0.00;;30.0;30.0;30.0
C31;C04;X6;;1;5.09722;10.49;0.0;30.00;85.00;20.95;0.00;;30.0;30.0;30.0
C31;C05;X6;;1;5.10069;10.87;0.0;30.00;85.00;20.95;0.00;;30.0;30.0;30.0
C31;C06;X6;;1;5.10417;9.86;0.0;30.00;85.00;20.95;0.00;;30.0;30.0;30.0
C31;C07;X7;;1;5.10764;10.46;0.0;30.00;85.00;20.95;0.00;;30.0;30.0;30.0
C31;C08;X7;;1;5.11111;10.45;0.0;30.00;85.00;20.95;0.00;;30.0;30.0;30.0
C31;C09;X7;;1;5.11458;9.78;0.0;30.00;85.00;20.95;0.00;;30.0;30.0;30.0
C31;C10;X7;;1;5.11806;11.23;0.0;30.00;85.00;20.95;0.00;;30.0;30.0;30.0
C31;C11;X7;;1;5.12153;10.63;0.0;30.00;85.00;20.95;0.00;;30.0;30.0;30.0
C31;C12;X8;;1;5.12500;12.56;0.0;30.00;85.00;20.95;0.00;;30.0;30.0;30.0
C31;D01;X8;;1;5.12847;12.10;0.0;30.00;85.00;20.95;0.00;;30.0;30.0;30.0
C31;D02;X8;;1;5.13194;11.60;0.0;30.00;85.00;20.95;0.00;;30.0;30.0;30.0
C31;D03;X8;;1;5.13542;10.99;0.0;30.00;85.00;20.95;0.00;;30.0;30.0;30.0
C31;D04;X8;;1;5.13889;12.21;0.0;30.00;85.00;20.95;0.00;;30.0;30.0;30.0
C31;D05;B1;;1;5.14236;7.83;0.0;30.00;85.00;20.95;0.00;;30.0;30.0;30.0
C31;D06;B1;;1;5.14583;8.26;0.0;30.00;85.00;20.95;0.00;;30.0;30.0;30.0
C31;D07;B1;;1;5.14931;8.57;0.0;30.00;85.00;20.95;0.00;;30.0;30.0;30.0
R;;;;1;5.16667;177.16;0.0;30.00;85.00;20.95;0.00;test measure for referencing ;30.0;30.0;30.0
C32;A01;X1;;1;5.17014;11.07;0.0;30.00;85.00;20.95;0.00;;30.0;30.0;30.0
C32;A02;X1;;1;5.17361;11.00;0.0;30.00;85.00;20.95;0.00;;30.0;30.0;30.0
C32;A03;X1;;1;5.17708;12.09;0.0;30.00;85.00;20.95;0.00;;30.0;30.0;30.0
C32;A04;X1;;1;5.18056;11.20;0.0;30.00;85.00;20.95;0.00;;30.0;30.0;30.0
C32;A05;X1;;1;5.18403;10.09;0.0;30.00;85.00;20.95;0.00;;30.0;30.0;30.0
C32;A06;X2;;1;5.18750;10.63;0.0;30.00;85.00;20.95;0.00;;30.0;30.0;30.0
C32;A07;X2;;1;5.19097;10.12;0.0;30.00;85.00;20.95;0.00;;30.0;30.0;30.0
C32;A08;X2;;1;5.19444;10.32;0.0;30.00;85.00;20.95;0.00;;30.0;30.0;30.0
C32;A09;X2;;1;5.19792;9.25;0.0;30.00;85.00;20.95;0.00;;30.0;30.0;30.0
C32;A10;X2;;1;5.20139;10.74;0.0;30.00;85.00;20.95;0.00;;30.0;30.0;30.0
C32;A11;X3;;1;5.20486;10.14;0.0;30.00;85.00;20.95;0.00;;30.0;30.0;30.0
C32;A12;X3;;1;5.20833;10.72;0.0;30.00;85.00;20.95;0.00;;30.0;30.0;30.0
C32;B01;X3;;1;5.21181;10.07;0.0;30.00;85.00;20.95;0.00;;30.0;30.0;30.0
C32;B02;X3;;1;5.21528;10.36;0.0;30.00;85.00;20.95;0.00;;30.0;30.0;30.0
C32;B03;X3;;1;5.21875;9.72;0.0;30.00;85.00;20.95;0.00;;30.0;30.0;30.0
C32;B04;X4;;1;5.22222;11.48;0.0;30.00;85.00;20.95;0.00;;30.0;30.0;30.0
C32;B05;X4;;1;5.22569;9.72;0.0;30.00;85.00;20.95;0.00;;30.0;30.0;30.0
C32;B06;X4;;1;5.22917;10.85;0.0;30.00;85.00;20.95;0.00;;30.0;30.0;30.0
C32;B07;X4;;1;5.23264;10.85;0.0;30.00;85.00;20.95;0.00;;30.0;30.0;30.0
C32;B08;X4;;1;5.23611;10.66;0.0;30.00;85.00;20.95;0.00;;30.0;30.0;30.0
C32;B09;X5;;1;5.23958;14.51;0.0;30.00;85.00;20.95;0.00;;30.0;30.0;30.0
C32;B10;X5;;1;5.24306;14.34;0.0;30.00;85.00;20.95;0.00;;30.0;30.0;30.0
C32;B11;X5;;1;5.24653;15.31;0.0;30.00;85.00;20.95;0.00;;30.0;30.0;30.0
C32;B12;X5;;1;5.25000;14.47;0.0;30.00;85.00;20.95;0.00;;30.0;30.0;30.0
C32;C01;X5;;1;5.25347;15.98;0.0;30.00;85.00;20.95;0.00;;30.0;30.0;30.0
C32;C02;X6;;1;5.25694;9.92;0.0;30.00;85.00;20.95;0.00;;30.0;30.0;30.0
C32;C03;X6;;1;5.26042;10.67;0.0;30.00;85.00;20.95;0.00;;30.0;30.0;30.0
C32;C04;X6;;1;5.26389;10.71;0.0;30.00;85.00;20.95;0.00;;30.0;30.0;30.0
C32;C05;X6;;1;5.26736;11.49;0.0;30.00;85.00;20.95;0.00;;30.0;30.0;30.0
C32;C06;X6;;1;5.27083;9.85;0.0;30.00;85.00;20.95;0.00;;30.0;30.0;30.0
C32;C07;X7;;1;5.27431;10.08;0.0;30.00;85.00;20.95;0.00;;30.0;30.0;30.0
C32;C08;X7;;1;5.27778;10.71;0.0;30.00;85.00;20.95;0.00;;30.0;30.0;30.0
C32;C09;X7;;1;5.28125;10.05;0.0;30.00;85.00;20.95;0.00;;30.0;30.0;30.0
C32;C10;X7;;1;5.28472;10.38;0.0;30.00;85.00;20.95;0.00;;30.0;30.0;30.0
C32;C11;X7;;1;5.28819;10.19;0.0;30.00;85.00;20.95;0.00;;30.0;30.0;30.0
C32;C12;X8;;1;5.29167;12.35;0.0;30.00;85.00;20.95;0.00;;30.0;30.0;30.0
C32;D01;X8;;1;5.29514;11.92;0.0;30.00;85.00;20.95;0.00;;30.0;30.0;30.0
C32;D02;X8;;1;5.29861;11.16;0.0;30.00;85.00;20.95;0.00;;30.0;30.0;30.0
C32;D03;X8;;1;5.30208;12.05;0.0;30.00;85.00;20.95;0.00;;30.0;30.0;30.0
C32;D04;X8;;1;5.30556;11.49;0.0;30.00;85.00;20.95;0.00;;30.0;30.0;30.0
C32;D05;B1;;1;5.30903;8.27;0.0;30.00;85.00;20.95;0.00;;30.0;30.0;30.0
C32;D06;B1;;1;5.31250;7.62;0.0;30.00;85.00;20.95;0.00;;30.0;30.0;30.0
C32;D07;B1;;1;5.31597;8.33;0.0;30.00;85.00;20.95;0.00;;30.0;30.0;30.0
R;;;;1;5.33333;179.66;0.0;30.00;85.00;20.95;0.00;test measure for referencing ;30.0;30.0;30.0
C33;A01;X1;;1;5.33681;11.19;0.0;30.00;85.00;20.95;0.00;;30.0;30.0;30.0
C33;A02;X1;;1;5.34028;10.73;0.0;30.00;85.00;20.95;0.00;;30.0;30.0;30.0
C33;A03;X1;;1;5.34375;12.05;0.0;30.00;85.00;20.95;0.00;;30.0;30.0;30.0
C33;A04;X1;;1;5.34722;11.35;0.0;30.00;85.00;20.95;0.00;;30.0;30.0;30.0
C33;A05;X1;;1;5.35069;10.71;0.0;30.00;85.00;20.95;0.00;;30.0;30.0;30.0
C33;A06;X2;;1;5.35417;10.60;0.0;30.00;85.00;20.95;0.00;;30.0;30.0;30.0
C33;A07;X2;;1;5.35764;10.18;0.0;30.00;85.00;20.95;0.00;;30.0;30.0;30.0
C33;A08;X2;;1;5.36111;10.41;0.0;30.00;85.00;20.95;0.00;;30.0;30.0;30.0
C33;A09;X2;;1;5.36458;9.72;0.0;30.00;85.00;20.95;0.00;;30.0;30.0;30.0
C33;A10;X2;;1;5.36806;10.56;0.0;30.00;85.00;20.95;0.00;;30.0;30.0;30.0
C33;A11;X3;;1;5.37153;10.23;0.0;30.00;85.00;20.95;0.00;;30.0;30.0;30.0
C33;A12;X3;;1;5.37500;10.80;0.0;30.00;85.00;20.95;0.00;;30.0;30.0;30.0
C33;B01;X3;;1;5.37847;10.22;0.0;30.00;85.00;20.95;0.00;;30.0;30.0;30.0
C33;B02;X3;;1;5.38194;10.18;0.0;30.00;85.00;20.95;0.00;;30.0;30.0;30.0
C33;B03;X3;;1;5.38542;9.98;0.0;30.00;85.00;20.95;0.00;;30.0;30.0;30.0
C33;B04;X4;;1;5.38889;11.29;0.0;30.00;85.00;20.95;0.00;;30.0;30.0;30.0
C33;B05;X4;;1;5.39236;10.28;0.0;30.00;85.00;20.95;0.00;;30.0;30.0;30.0
C33;B06;X4;;1;5.39583;11.40;0.0;30.00;85.00;20.95;0.00;;30.0;30.0;30.0
C33;B07;X4;;1;5.39931;10.07;0.0;30.00;85.00;20.95;0.00;;30.0;30.0;30.0
C33;B08;X4;;1;5.40278;9.80;0.0;30.00;85.00;20.95;0.00;;30.0;30.0;30.0
C33;B09;X5;;1;5.40625;15.20;0.0;30.00;85.00;20.95;0.00;;30.0;30.0;30.0
C33;B10;X5;;1;5.40972;14.87;0.0;30.00;85.00;20.95;0.00;;30.0;30.0;30.0
C33;B11;X5;;1;5.41319;15.90;0.0;30.00;85.00;20.95;0.00;;30.0;30.0;30.0
C33;B12;X5;;1;5.41667;15.84;0.0;30.00;85.00;20.95;0.00;;30.0;30.0;30.0
C33;C01;X5;;1;5.42014;16.67;0.0;30.00;85.00;20.95;0.00;;30.0;30.0;30.0
C33;C02;X6;;1;5.42361;9.95;0.0;30.00;85.00;20.95;0.00;;30.0;30.0;30.0
C33;C03;X6;;1;5.42708;10.74;0.0;30.00;85.00;20.95;0.00;;30.0;30.0;30.0
C33;C04;X6;;1;5.43056;10.85;0.0;30.00;85.00;20.95;0.00;;30.0;30.0;30.0
C33;C05;X6;;1;5.43403;11.03;0.0;30.00;85.00;20.95;0.00;;30.0;30.0;30.0
C33;C06;X6;;1;5.43750;10.40;0.0;30.00;85.00;20.95;0.00;;30.0;30.0;30.0
C33;C07;X7;;1;5.44097;10.93;0.0;30.00;85.00;20.95;0.00;;30.0;30.0;30.0
C33;C08;X7;;1;5.44444;10.45;0.0;30.00;85.00;20.95;0.00;;30.0;30.0;30.0
C33;C09;X7;;1;5.44792;9.94;0.0;30.00;85.00;20.95;0.00;;30.0;30.0;30.0
C33;C10;X7;;1;5.45139;11.39;0.0;30.00;85.00;20.95;0.00;;30.0;30.0;30.0
C33;C11;X7;;1;5.45486;10.34;0.0;30.00;85.00;20.95;0.00;;30.0;30.0;30.0
C33;C12;X8;;1;5.45833;12.87;0.0;30.00;85.00;20.95;0.00;;30.0;30.0;30.0
C33;D01;X8;;1;5.46181;13.03;0.0;30.00;85.00;20.95;0.00;;30.0;30.0;30.0
C33;D02;X8;;1;5.46528;11.47;0.0;30.00;85.00;20.95;0.00;;30.0;30.0;30.0
C33;D03;X8;;1;5.46875;11.98;0.0;30.00;85.00;20.95;0.00;;30.0;30.0;30.0
C33;D04;X8;;1;5.47222;12.20;0.0;30.00;85.00;20.95;0.00;;30.0;30.0;30.0
C33;D05;B1;;1;5.47569;7.86;0.0;30.00;85.00;20.95;0.00;;30.0;30.0;30.0
C33;D06;B1;;1;5.47917;8.67;0.0;30.00;85.00;20.95;0.00;;30.0;30.0;30.0
C33;D07;B1;;1;5.48264;8.01;0.0;30.00;85.00;20.95;0.00;;30.0;30.0;30.0
R;;;;1;5.50000;183.17;0.0;30.00;85.00;20.95;0.00;test measure for referencing ;30.0;30.0;30.0
C34;A01;X1;;1;5.50347;11.42;0.0;30.00;85.00;20.95;0.00;;30.0;30.0;30.0
C34;A02;X1;;1;5.50694;11.21;0.0;30.00;85.00;20.95;0.00;;30.0;30.0;30.0
C34;A03;X1;;1;5.51042;12.35;0.0;30.00;85.00;20.95;0.00;;30.0;30.0;30.0
C34;A04;X1;;1;5.51389;11.58;0.0;30.00;85.00;20.95;0.00;;30.0;30.0;30.0
C34;A05;X1;;1;5.51736;11.00;0.0;30.00;85.00;20.95;0.00;;30.0;30.0;30.0
C34;A06;X2;;1;5.52083;10.80;0.0;30.00;85.00;20.95;0.00;;30.0;30.0;30.0
C34;A07;X2;;1;5.52431;9.98;0.0;30.00;85.00;20.95;0.00;;30.0;30.0;30.0
C34;A08;X2;;1;5.52778;10.54;0.0;30.00;85.00;20.95;0.00;;30.0;30.0;30.0
C34;A09;X2;;1;5.53125;10.07;0.0;30.00;85.00;20.95;0.00;;30.0;30.0;30.0
C34;A10;X2;;1;5.53472;10.73;0.0;30.00;85.00;20.95;0.00;;30.0;30.0;30.0
C34;A11;X3;;1;5.53819;10.30;0.0;30.00;85.00;20.95;0.00;;30.0;30.0;30.0
C34;A12;X3;;1;5.54167;11.49;0.0;30.00;85.00;20.95;0.00;;30.0;30.0;30.0
C34;B01;X3;;1;5.54514;11.04;0.0;30.00;85.00;20.95;0.00;;30.0;30.0;30.0
C34;B02;X3;;1;5.54861;10.26;0.0;30.00;85.00;20.95;0.00;;30.0;30.0;30.0
C34;B03;X3;;1;5.55208;10.31;0.0;30.00;85.00;20.95;0.00;;30.0;30.0;30.0
C34;B04;X4;;1;5.55556;11.33;0.0;30.00;85.00;20.95;0.00;;30.0;30.0;30.0
C34;B05;X4;;1;5.55903;10.08;0.0;30.00;85.00;20.95;0.00;;30.0;30.0;30.0
C34;B06;X4;;1;5.56250;11.24;0.0;30.00;85.00;20.95;0.00;;30.0;30.0;30.0
C34;B07;X4;;1;5.56597;10.65;0.0;30.00;85.00;20.95;0.00;;30.0;30.0;30.0
C34;B08;X4;;1;5.56944;10.63;0.0;30.00;85.00;20.95;0.00;;30.0;30.0;30.0
C34;B09;X5;;1;5.57292;15.57;0.0;30.00;85.00;20.95;0.00;;30.0;30.0;30.0
C34;B10;X5;;1;5.57639;15.89;0.0;30.00;85.00;20.95;0.00;;30.0;30.0;30.0
C34;B11;X5;;1;5.57986;17.12;0.0;30.00;85.00;20.95;0.00;;30.0;30.0;30.0
C34;B12;X5;;1;5.58333;16.44;0.0;30.00;85.00;20.95;0.00;;30.0;30.0;30.0
C34;C01;X5;;1;5.58681;17.81;0.0;30.00;85.00;20.95;0.00;;30.0;30.0;30.0
C34;C02;X6;;1;5.59028;10.50;0.0;30.00;85.00;20.95;0.00;;30.0;30.0;30.0
C34;C03;X6;;1;5.59375;10.56;0.0;30.00;85.00;20.95;0.00;;30.0;30.0;30.0
C34;C04;X6;;1;5.59722;11.19;0.0;30.00;85.00;20.95;0.00;;30.0;30.0;30.0
C34;C05;X6;;1;5.60069;11.65;0.0;30.00;85.00;20.95;0.00;;30.0;30.0;30.0
C34;C06;X6;;1;5.60417;10.32;0.0;30.00;85.00;20.95;0.00;;30.0;30.0;30.0
C34;C07;X7;;1;5.60764;10.42;0.0;30.00;85.00;20.95;0.00;;30.0;30.0;30.0
C34;C08;X7;;1;5.61111;10.61;0.0;30.00;85.00;20.95;0.00;;30.0;30.0;30.0
C34;C09;X7;;1;5.61458;9.73;0.0;30.00;85.00;20.95;0.00;;30.0;30.0;30.0
C34;C10;X7;;1;5.61806;11.05;0.0;30.00;85.00;20.95;0.00;;30.0;30.0;30.0
C34;C11;X7;;1;5.62153;10.79;0.0;30.00;85.00;20.95;0.00;;30.0;30.0;30.0
C34;C12;X8;;1;5.62500;13.09;0.0;30.00;85.00;20.95;0.00;;30.0;30.0;30.0
C34;D01;X8;;1;5.62847;13.07;0.0;30.00;85.00;20.95;0.00;;30.0;30.0;30.0
C34;D02;X8;;1;5.63194;11.55;0.0;30.00;85.00;20.95;0.00;;30.0;30.0;30.0
C34;D03;X8;;1;5.63542;12.01;0.0;30.00;85.00;20.95;0.00;;30.0;30.0;30.0
C34;D04;X8;;1;5.63889;12.30;0.0;30.00;85.00;20.95;0.00;;30.0;30.0;30.0
C34;D05;B1;;1;5.64236;8.33;0.0;30.00;85.00;20.95;0.00;;30.0;30.0;30.0
C34;D06;B1;;1;5.64583;8.03;0.0;30.00;85.00;20.95;0.00;;30.0;30.0;30.0
C34;D07;B1;;1;5.64931;8.03;0.0;30.00;85.00;20.95;0.00;;30.0;30.0;30.0
R;;;;1;5.66667;179.26;0.0;30.00;85.00;20.95;0.00;test measure for referencing ;30.0;30.0;30.0
C35;A01;X1;;1;5.67014;10.87;0.0;30.00;85.00;20.95;0.00;;30.0;30.0;30.0
C35;A02;X1;;1;5.67361;11.14;0.0;30.00;85.00;20.95;0.00;;30.0;30.0;30.0
C35;A03;X1;;1;5.67708;12.37;0.0;30.00;85.00;20.95;0.00;;30.0;30.0;30.0
C35;A04;X1;;1;5.68056;11.55;0.0;30.00;85.00;20.95;0.00;;30.0;30.0;30.0
C35;A05;X1;;1;5.68403;10.30;0.0;30.00;85.00;20.95;0.00;;30.0;30.0;30.0
C35;A06;X2;;1;5.68750;10.54;0.0;30.00;85.00;20.95;0.00;;30.0;30.0;30.0
C35;A07;X2;;1;5.69097;10.34;0.0;30.00;85.00;20.95;0.00;;30.0;30.0;30.0
C35;A08;X2;;1;5.69444;10.61;0.0;30.00;85.00;20.95;0.00;;30.0;30.0;30.0
C35;A09;X2;;1;5.69792;9.31;0.0;30.00;85.00;20.95;0.00;;30.0;30.0;30.0
C35;A10;X2;;1;5.70139;10.74;0.0;30.00;85.00;20.95;0.00;;30.0;30.0;30.0
C35;A11;X3;;1;5.70486;10.37;0.0;30.00;85.00;20.95;0.00;;30.0;30.0;30.0
C35;A12;X3;;1;5.70833;10.94;0.0;30.00;85.00;20.95;0.00;;30.0;30.0;30.0
C35;B01;X3;;1;5.71181;10.42;0.0;30.00;85.00;20.95;0.00;;30.0;30.0;30.0
C35;B02;X3;;1;5.71528;10.60;0.0;30.00;85.00;20.95;0.00;;30.0;30.0;30.0
C35;B03;X3;;1;5.71875;9.79;0.0;30.00;85.00;20.95;0.00;;30.0;30.0;30.0
C35;B04;X4;;1;5.72222;12.14;0.0;30.00;85.00;20.95;0.00;;30.0;30.0;30.0
C35;B05;X4;;1;5.72569;9.99;0.0;30.00;85.00;20.95;0.00;;30.0;30.0;30.0
C35;B06;X4;;1;5.72917;11.19;0.0;30.00;85.00;20.95;0.00;;30.0;30.0;30.0
C35;B07;X4;;1;5.73264;10.79;0.0;30.00;85.00;20.95;0.00;;30.0;30.0;30.0
C35;B08;X4;;1;5.73611;10.34;0.0;30.00;85.00;20.95;0.00;;30.0;30.0;30.0
C35;B09;X5;;1;5.73958;16.35;0.0;30.00;85.00;20.95;0.00;;30.0;30.0;30.0
C35;B10;X5;;1;5.74306;16.07;0.0;30.00;85.00;20.95;0.00;;30.0;30.0;30.0
C35;B11;X5;;1;5.74653;16.95;0.0;30.00;85.00;20.95;0.00;;30.0;30.0;30.0
C35;B12;X5;;1;5.75000;16.27;0.0;30.00;85.00;20.95;0.00;;30.0;30.0;30.0
C35;C01;X5;;1;5.75347;17.77;0.0;30.00;85.00;20.95;0.00;;30.0;30.0;30.0
C35;C02;X6;;1;5.75694;10.24;0.0;30.00;85.00;20.95;0.00;;30.0;30.0;30.0
C35;C03;X6;;1;5.76042;10.60;0.0;30.00;85.00;20.95;0.00;;30.0;30.0;30.0
C35;C04;X6;;1;5.76389;10.35;0.0;30.00;85.00;20.95;0.00;;30.0;30.0;30.0
C35;C05;X6;;1;5.76736;11.21;0.0;30.00;85.00;20.95;0.00;;30.0;30.0;30.0
C35;C06;X6;;1;5.77083;9.55;0.0;30.00;85.00;20.95;0.00;;30.0;30.0;30.0
C35;C07;X7;;1;5.77431;9.99;0.0;30.00;85.00;20.95;0.00;;30.0;30.0;30.0
C35;C08;X7;;1;5.77778;10.68;0.0;30.00;85.00;20.95;0.00;;30.0;30.0;30.0
C35;C09;X7;;1;5.78125;9.98;0.0;30.00;85.00;20.95;0.00;;30.0;30.0;30.0
C35;C10;X7;;1;5.78472;11.25;0.0;30.00;85.00;20.95;0.00;;30.0;30.0;30.0
C35;C11;X7;;1;5.78819;10.15;0.0;30.00;85.00;20.95;0.00;;30.0;30.0;30.0
C35;C12;X8;;1;5.79167;12.90;0.0;30.00;85.00;20.95;0.00;;30.0;30.0;30.0
C35;D01;X8;;1;5.79514;12.39;0.0;30.00;85.00;20.95;0.00;;30.0;30.0;30.0
C35;D02;X8;;1;5.79861;12.52;0.0;30.00;85.00;20.95;0.00;;30.0;30.0;30.0
C35;D03;X8;;1;5.80208;11.73;0.0;30.00;85.00;20.95;0.00;;30.0;30.0;30.0
C35;D04;X8;;1;5.80556;12.34;0.0;30.00;85.00;20.95;0.00;;30.0;30.0;30.0
C35;D05;B1;;1;5.80903;8.78;0.0;30.00;85.00;20.95;0.00;;30.0;30.0;30.0
C35;D06;B1;;1;5.81250;8.59;0.0;30.00;85.00;20.95;0.00;;30.0;30.0;30.0
C35;D07;B1;;1;5.81597;7.70;0.0;30.00;85.00;20.95;0.00;;30.0;30.0;30.0
R;;;;1;5.83333;183.00;0.0;30.00;85.00;20.95;0.00;test measure for referencing ;30.0;30.0;30.0
C36;A01;X1;;1;5.83681;11.42;0.0;30.00;85.00;20.95;0.00;;30.0;30.0;30.0
C36;A02;X1;;1;5.84028;11.20;0.0;30.00;85.00;20.95;0.00;;30.0;30.0;30.0
C36;A03;X1;;1;5.84375;12.44;0.0;30.00;85.00;20.95;0.00;;30.0;30.0;30.0
C36;A04;X1;;1;5.84722;12.09;0.0;30.00;85.00;20.95;0.00;;30.0;30.0;30.0
C36;A05;X1;;1;5.85069;11.02;0.0;30.00;85.00;20.95;0.00;;30.0;30.0;30.0
C36;A06;X2;;1;5.85417;9.94;0.0;30.00;85.00;20.95;0.00;;30.0;30.0;30.0
C36;A07;X2;;1;5.85764;10.86;0.0;30.00;85.00;20.95;0.00;;30.0;30.0;30.0
C36;A08;X2;;1;5.86111;10.16;0.0;30.00;85.00;20.95;0.00;;30.0;30.0;30.0
C36;A09;X2;;1;5.86458;9.83;0.0;30.00;85.00;20.95;0.00;;30.0;30.0;30.0
C36;A10;X2;;1;5.86806;11.10;0.0;30.00;85.00;20.95;0.00;;30.0;30.0;30.0
C36;A11;X3;;1;5.87153;10.68;0.0;30.00;85.00;20.95;0.00;;30.0;30.0;30.0
C36;A12;X3;;1;5.87500;11.12;0.0;30.00;85.00;20.95;0.00;;30.0;30.0;30.0
C36;B01;X3;;1;5.87847;10.42;0.0;30.00;85.00;20.95;0.00;;30.0;30.0;30.0
C36;B02;X3;;1;5.88194;10.85;0.0;30.00;85.00;20.95;0.00;;30.0;30.0;30.0
C36;B03;X3;;1;5.88542;10.25;0.0;30.00;85.00;20.95;0.00;;30.0;30.0;30.0
C36;B04;X4;;1;5.88889;11.81;0.0;30.00;85.00;20.95;0.00;;30.0;30.0;30.0
C36;B05;X4;;1;5.89236;10.27;0.0;30.00;85.00;20.95;0.00;;30.0;30.0;30.0
C36;B06;X4;;1;5.89583;11.36;0.0;30.00;85.00;20.95;0.00;;30.0;30.0;30.0
C36;B07;X4;;1;5.89931;10.72;0.0;30.00;85.00;20.95;0.00;;30.0;30.0;30.0
C36;B08;X4;;1;5.90278;9.98;0.0;30.00;85.00;20.95;0.00;;30.0;30.0;30.0
C36;B09;X5;;1;5.90625;16.92;0.0;30.00;85.00;20.95;0.00;;30.0;30.0;30.0
C36;B10;X5;;1;5.90972;17.12;0.0;30.00;85.00;20.95;0.00;;30.0;30.0;30.0
C36;B11;X5;;1;5.91319;17.54;0.0;30.00;85.00;20.95;0.00;;30.0;30.0;30.0
C36;B12;X5;;1;5.91667;17.57;0.0;30.00;85.00;20.95;0.00;;30.0;30.0;30.0
C36;C01;X5;;1;5.92014;18.42;0.0;30.00;85.00;20.95;0.00;;30.0;30.0;30.0
C36;C02;X6;;1;5.92361;10.66;0.0;30.00;85.00;20.95;0.00;;30.0;30.0;30.0
C36;C03;X6;;1;5.92708;11.15;0.0;30.00;85.00;20.95;0.00;;30.0;30.0;30.0
C36;C04;X6;;1;5.93056;10.61;0.0;30.00;85.00;20.95;0.00;;30.0;30.0;30.0
C36;C05;X6;;1;5.93403;11.31;0.0;30.00;85.00;20.95;0.00;;30.0;30.0;30.0
C36;C06;X6;;1;5.93750;10.20;0.0;30.00;85.00;20.95;0.00;;30.0;30.0;30.0
C36;C07;X7;;1;5.94097;10.61;0.0;30.00;85.00;20.95;0.00;;30.0;30.0;30.0
C36;C08;X7;;1;5.94444;10.53;0.0;30.00;85.00;20.95;0.00;;30.0;30.0;30.0
C36;C09;X7;;1;5.94792;9.99;0.0;30.00;85.00;20.95;0.00;;30.0;30.0;30.0
C36;C10;X7;;1;5.95139;10.69;0.0;30.00;85.00;20.95;0.00;;30.0;30.0;30.0
C36;C11;X7;;1;5.95486;10.35;0.0;30.00;85.00;20.95;0.00;;30.0;30.0;30.0
C36;C12;X8;;1;5.95833;13.63;0.0;30.00;85.00;20.95;0.00;;30.0;30.0;30.0
C36;D01;X8;;1;5.96181;13.53;0.0;30.00;85.00;20.95;0.00;;30.0;30.0;30.0
C36;D02;X8;;1;5.96528;12.68;0.0;30.00;85.00;20.95;0.00;;30.0;30.0;30.0
C36;D03;X8;;1;5.96875;12.56;0.0;30.00;85.00;20.95;0.00;;30.0;30.0;30.0
C36;D04;X8;;1;5.97222;12.90;0.0;30.00;85.00;20.95;0.00;;30.0;30.0;30.0
C36;D05;B1;;1;5.97569;8.93;0.0;30.00;85.00;20.95;0.00;;30.0;30.0;30.0
C36;D06;B1;;1;5.97917;7.88;0.0;30.00;85.00;20.95;0.00;;30.0;30.0;30.0
C36;D07;B1;;1;5.98264;8.32;0.0;30.00;85.00;20.95;0.00;;30.0;30.0;30.0
R;;;;1;6.00000;181.85;0.0;30.00;85.00;20.95;0.00;test measure for referencing ;30.0;30.0;30.0
C37;A01;X1;;1;6.00347;11.88;0.0;30.00;85.00;20.95;0.00;;30.0;30.0;30.0
C37;A02;X1;;1;6.00694;11.67;0.0;30.00;85.00;20.95;0.00;;30.0;30.0;30.0
C37;A03;X1;;1;6.01042;12.32;0.0;30.00;85.00;20.95;0.00;;30.0;30.0;30.0
C37;A04;X1;;1;6.01389;11.58;0.0;30.00;85.00;20.95;0.00;;30.0;30.0;30.0
C37;A05;X1;;1;6.01736;10.78;0.0;30.00;85.00;20.95;0.00;;30.0;30.0;30.0
C37;A06;X2;;1;6.02083;10.56;0.0;30.00;85.00;20.95;0.00;;30.0;30.0;30.0
C37;A07;X2;;1;6.02431;10.26;0.0;30.00;85.00;20.95;0.00;;30.0;30.0;30.0
C37;A08;X2;;1;6.02778;10.73;0.0;30.00;85.00;20.95;0.00;;30.0;30.0;30.0
C37;A09;X2;;1;6.03125;10.01;0.0;30.00;85.00;20.95;0.00;;30.0;30.0;30.0
C37;A10;X2;;1;6.03472;10.48;0.0;30.00;85.00;20.95;0.00;;30.0;30.0;30.0
C37;A11;X3;;1;6.03819;10.25;0.0;30.00;85.00;20.95;0.00;;30.0;30.0;30.0
C37;A12;X3;;1;6.04167;10.98;0.0;30.00;85.00;20.95;0.00;;30.0;30.0;30.0
C37;B01;X3;;1;6.04514;10.67;0.0;30.00;85.00;20.95;0.00;;30.0;30.0;30.0
C37;B02;X3;;1;6.04861;11.10;0.0;30.00;85.00;20.95;0.00;;30.0;30.0;30.0
C37;B03;X3;;1;6.05208;9.31;0.0;30.00;85.00;20.95;0.00;;30.0;30.0;30.0
C37;B04;X4;;1;6.05556;12.25;0.0;30.00;85.00;20.95;0.00;;30.0;30.0;30.0
C37;B05;X4;;1;6.05903;10.03;0.0;30.00;85.00;20.95;0.00;;30.0;30.0;30.0
C37;B06;X4;;1;6.06250;11.75;0.0;30.00;85.00;20.95;0.00;;30.0;30.0;30.0
C37;B07;X4;;1;6.06597;11.35;0.0;30.00;85.00;20.95;0.00;;30.0;30.0;30.0
C37;B08;X4;;1;6.06944;10.71;0.0;30.00;85.00;20.95;0.00;;30.0;30.0;30.0
C37;B09;X5;;1;6.07292;16.92;0.0;30.00;85.00;20.95;0.00;;30.0;30.0;30.0
C37;B10;X5;;1;6.07639;17.14;0.0;30.00;85.00;20.95;0.00;;30.0;30.0;30.0
C37;B11;X5;;1;6.07986;18.12;0.0;30.00;85.00;20.95;0.00;;30.0;30.0;30.0
C37;B12;X5;;1;6.08333;17.58;0.0;30.00;85.00;20.95;0.00;;30.0;30.0;30.0
C37;C01;X5;;1;6.08681;18.80;0.0;30.00;85.00;20.95;0.00;;30.0;30.0;30.0
C37;C02;X6;;1;6.09028;10.04;0.0;30.00;85.00;20.95;0.00;;30.0;30.0;30.0
C37;C03;X6;;1;6.09375;11.01;0.0;30.00;85.00;20.95;0.00;;30.0;30.0;30.0
C37;C04;X6;;1;6.09722;10.50;0.0;30.00;85.00;20.95;0.00;;30.0;30.0;30.0
C37;C05;X6;;1;6.10069;11.67;0.0;30.00;85.00;20.95;0.00;;30.0;30.0;30.0
C37;C06;X6;;1;6.10417;10.23;0.0;30.00;85.00;20.95;0.00;;30.0;30.0;30.0
C37;C07;X7;;1;6.10764;10.66;0.0;30.00;85.00;20.95;0.00;;30.0;30.0;30.0
C37;C08;X7;;1;6.11111;10.21;0.0;30.00;85.00;20.95;0.00;;30.0;30.0;30.0
C37;C09;X7;;1;6.11458;9.83;0.0;30.00;85.00;20.95;0.00;;30.0;30.0;30.0
C37;C10;X7;;1;6.11806;10.79;0.0;30.00;85.00;20.95;0.00;;30.0;30.0;30.0
C37;C11;X7;;1;6.12153;10.54;0.0;30.00;85.00;20.95;0.00;;30.0;30.0;30.0
C37;C12;X8;;1;6.12500;13.26;0.0;30.00;85.00;20.95;0.00;;30.0;30.0;30.0
C37;D01;X8;;1;6.12847;13.29;0.0;30.00;85.00;20.95;0.00;;30.0;30.0;30.0
C37;D02;X8;;1;6.13194;12.95;0.0;30.00;85.00;20.95;0.00;;30.0;30.0;30.0
C37;D03;X8;;1;6.13542;12.51;0.0;30.00;85.00;20.95;0.00;;30.0;30.0;30.0
C37;D04;X8;;1;6.13889;12.54;0.0;30.00;85.00;20.95;0.00;;30.0;30.0;30.0
C37;D05;B1;;1;6.14236;8.03;0.0;30.00;85.00;20.95;0.00;;30.0;30.0;30.0
C37;D06;B1;;1;6.14583;9.02;0.0;30.00;85.00;20.95;0.00;;30.0;30.0;30.0
C37;D07;B1;;1;6.14931;8.42;0.0;30.00;85.00;20.95;0.00;;30.0;30.0;30.0
R;;;;1;6.16667;177.47;0.0;30.00;85.00;20.95;0.00;test measure for referencing ;30.0;30.0;30.0
C38;A01;X1;;1;6.17014;10.99;0.0;30.00;85.00;20.95;0.00;;30.0;30.0;30.0
C38;A02;X1;;1;6.17361;11.26;0.0;30.00;85.00;20.95;0.00;;30.0;30.0;30.0
C38;A03;X1;;1;6.17708;12.12;0.0;30.00;85.00;20.95;0.00;;30.0;30.0;30.0
C38;A04;X1;;1;6.18056;11.13;0.0;30.00;85.00;20.95;0.00;;30.0;30.0;30.0
C38;A05;X1;;1;6.18403;10.34;0.0;30.00;85.00;20.95;0.00;;30.0;30.0;30.0
C38;A06;X2;;1;6.18750;10.21;0.0;30.00;85.00;20.95;0.00;;30.0;30.0;30.0
C38;A07;X2;;1;6.19097;9.52;0.0;30.00;85.00;20.95;0.00;;30.0;30.0;30.0
C38;A08;X2;;1;6.19444;10.27;0.0;30.00;85.00;20.95;0.00;;30.0;30.0;30.0
C38;A09;X2;;1;6.19792;9.63;0.0;30.00;85.00;20.95;0.00;;30.0;30.0;30.0
C38;A10;X2;;1;6.20139;10.58;0.0;30.00;85.00;20.95;0.00;;30.0;30.0;30.0
C38;A11;X3;;1;6.20486;10.55;0.0;30.00;85.00;20.95;0.00;;30.0;30.0;30.0
C38;A12;X3;;1;6.20833;10.74;0.0;30.00;85.00;20.95;0.00;;30.0;30.0;30.0
C38;B01;X3;;1;6.21181;10.34;0.0;30.00;85.00;20.95;0.00;;30.0;30.0;30.0
C38;B02;X3;;1;6.21528;10.55;0.0;30.00;85.00;20.95;0.00;;30.0;30.0;30.0
C38;B03;X3;;1;6.21875;9.83;0.0;30.00;85.00;20.95;0.00;;30.0;30.0;30.0
C38;B04;X4;;1;6.22222;11.69;0.0;30.00;85.00;20.95;0.00;;30.0;30.0;30.0
C38;B05;X4;;1;6.22569;9.67;0.0;30.00;85.00;20.95;0.00;;30.0;30.0;30.0
C38;B06;X4;;1;6.22917;11.34;0.0;30.00;85.00;20.95;0.00;;30.0;30.0;30.0
C38;B07;X4;;1;6.23264;10.80;0.0;30.00;85.00;20.95;0.00;;30.0;30.0;30.0
C38;B08;X4;;1;6.23611;10.37;0.0;30.00;85.00;20.95;0.00;;30.0;30.0;30.0
C38;B09;X5;;1;6.23958;17.54;0.0;30.00;85.00;20.95;0.00;;30.0;30.0;30.0
C38;B10;X5;;1;6.24306;17.83;0.0;30.00;85.00;20.95;0.00;;30.0;30.0;30.0
C38;B11;X5;;1;6.24653;18.00;0.0;30.00;85.00;20.95;0.00;;30.0;30.0;30.0
C38;B12;X5;;1;6.25000;17.60;0.0;30.00;85.00;20.95;0.00;;30.0;30.0;30.0
C38;C01;X5;;1;6.25347;18.64;0.0;30.00;85.00;20.95;0.00;;30.0;30.0;30.0
C38;C02;X6;;1;6.25694;10.15;0.0;30.00;85.00;20.95;0.00;;30.0;30.0;30.0
C38;C03;X6;;1;6.26042;11.11;0.0;30.00;85.00;20.95;0.00;;30.0;30.0;30.0
C38;C04;X6;;1;6.26389;10.32;0.0;30.00;85.00;20.95;0.00;;30.0;30.0;30.0
C38;C05;X6;;1;6.26736;11.70;0.0;30.00;85.00;20.95;0.00;;30.0;30.0;30.0
C38;C06;X6;;1;6.27083;9.77;0.0;30.00;85.00;20.95;0.00;;30.0;30.0;30.0
C38;C07;X7;;1;6.27431;10.27;0.0;30.00;85.00;20.95;0.00;;30.0;30.0;30.0
C38;C08;X7;;1;6.27778;10.39;0.0;30.00;85.00;20.95;0.00;;30.0;30.0;30.0
C38;C09;X7;;1;6.28125;10.12;0.0;30.00;85.00;20.95;0.00;;30.0;30.0;30.0
C38;C10;X7;;1;6.28472;10.57;0.0;30.00;85.00;20.95;0.00;;30.0;30.0;30.0
C38;C11;X7;;1;6.28819;10.88;0.0;30.00;85.00;20.95;0.00;;30.0;30.0;30.0
C38;C12;X8;;1;6.29167;13.32;0.0;30.00;85.00;20.95;0.00;;30.0;30.0;30.0
C38;D01;X8;;1;6.29514;12.97;0.0;30.00;85.00;20.95;0.00;;30.0;30.0;30.0
C38;D02;X8;;1;6.29861;12.20;0.0;30.00;85.00;20.95;0.00;;30.0;30.0;30.0
C38;D03;X8;;1;6.30208;12.41;0.0;30.00;85.00;20.95;0.00;;30.0;30.0;30.0
C38;D04;X8;;1;6.30556;13.24;0.0;30.00;85.00;20.95;0.00;;30.0;30.0;30.0
C38;D05;B1;;1;6.30903;7.77;0.0;30.00;85.00;20.95;0.00;;30.0;30.0;30.0
C38;D06;B1;;1;6.31250;7.94;0.0;30.00;85.00;20.95;0.00;;30.0;30.0;30.0
C38;D07;B1;;1;6.31597;8.73;0.0;30.00;85.00;20.95;0.00;;30.0;30.0;30.0
R;;;;1;6.33333;179.34;0.0;30.00;85.00;20.95;0.00;test measure for referencing ;30.0;30.0;30.0
C39;A01;X1;;1;6.33681;11.06;0.0;30.00;85.00;20.95;0.00;;30.0;30.0;30.0
C39;A02;X1;;1;6.34028;11.25;0.0;30.00;85.00;20.95;0.00;;30.0;30.0;30.0
C39;A03;X1;;1;6.34375;11.86;0.0;30.00;85.00;20.95;0.00;;30.0;30.0;30.0
C39;A04;X1;;1;6.34722;11.95;0.0;30.00;85.00;20.95;0.00;;30.0;30.0;30.0
C39;A05;X1;;1;6.35069;11.13;0.0;30.00;85.00;20.95;0.00;;30.0;30.0;30.0
C39;A06;X2;;1;6.35417;10.27;0.0;30.00;85.00;20.95;0.00;;30.0;30.0;30.0
C39;A07;X2;;1;6.35764;9.82;0.0;30.00;85.00;20.95;0.00;;30.0;30.0;30.0
C39;A08;X2;;1;6.36111;10.52;0.0;30.00;85.00;20.95;0.00;;30.0;30.0;30.0
C39;A09;X2;;1;6.36458;9.71;0.0;30.00;85.00;20.95;0.00;;30.0;30.0;30.0
C39;A10;X2;;1;6.36806;10.44;0.0;30.00;85.00;20.95;0.00;;30.0;30.0;30.0
C39;A11;X3;;1;6.37153;10.48;0.0;30.00;85.00;20.95;0.00;;30.0;30.0;30.0
C39;A12;X3;;1;6.37500;10.91;0.0;30.00;85.00;20.95;0.00;;30.0;30.0;30.0
C39;B01;X3;;1;6.37847;10.28;0.0;30.00;85.00;20.95;0.00;;30.0;30.0;30.0
C39;B02;X3;;1;6.38194;10.75;0.0;30.00;85.00;20.95;0.00;;30.0;30.0;30.0
C39;B03;X3;;1;6.38542;9.11;0.0;30.00;85.00;20.95;0.00;;30.0;30.0;30.0
C39;B04;X4;;1;6.38889;11.49;0.0;30.00;85.00;20.95;0.00;;30.0;30.0;30.0
C39;B05;X4;;1;6.39236;9.92;0.0;30.00;85.00;20.95;0.00;;30.0;30.0;30.0
C39;B06;X4;;1;6.39583;10.92;0.0;30.00;85.00;20.95;0.00;;30.0;30.0;30.0
C39;B07;X4;;1;6.39931;11.12;0.0;30.00;85.00;20.95;0.00;;30.0;30.0;30.0
C39;B08;X4;;1;6.40278;9.82;0.0;30.00;85.00;20.95;0.00;;30.0;30.0;30.0
C39;B09;X5;;1;6.40625;18.33;0.0;30.00;85.00;20.95;0.00;;30.0;30.0;30.0
C39;B10;X5;;1;6.40972;18.29;0.0;30.00;85.00;20.95;0.00;;30.0;30.0;30.0
C39;B11;X5;;1;6.41319;19.02;0.0;30.00;85.00;20.95;0.00;;30.0;30.0;30.0
C39;B12;X5;;1;6.41667;18.69;0.0;30.00;85.00;20.95;0.00;;30.0;30.0;30.0
C39;C01;X5;;1;6.42014;19.60;0.0;30.00;85.00;20.95;0.00;;30.0;30.0;30.0
C39;C02;X6;;1;6.42361;9.97;0.0;30.00;85.00;20.95;0.00;;30.0;30.0;30.0
C39;C03;X6;;1;6.42708;11.39;0.0;30.00;85.00;20.95;0.00;;30.0;30.0;30.0
C39;C04;X6;;1;6.43056;10.55;0.0;30.00;85.00;20.95;0.00;;30.0;30.0;30.0
C39;C05;X6;;1;6.43403;10.91;0.0;30.00;85.00;20.95;0.00;;30.0;30.0;30.0
C39;C06;X6;;1;6.43750;9.70;0.0;30.00;85.00;20.95;0.00;;30.0;30.0;30.0
C39;C07;X7;;1;6.44097;9.84;0.0;30.00;85.00;20.95;0.00;;30.0;30.0;30.0
C39;C08;X7;;1;6.44444;10.60;0.0;30.00;85.00;20.95;0.00;;30.0;30.0;30.0
C39;C09;X7;;1;6.44792;10.14;0.0;30.00;85.00;20.95;0.00;;30.0;30.0;30.0
C39;C10;X7;;1;6.45139;10.75;0.0;30.00;85.00;20.95;0.00;;30.0;30.0;30.0
C39;C11;X7;;1;6.45486;10.55;0.0;30.00;85.00;20.95;0.00;;30.0;30.0;30.0
C39;C12;X8;;1;6.45833;13.54;0.0;30.00;85.00;20.95;0.00;;30.0;30.0;30.0
C39;D01;X8;;1;6.46181;13.92;0.0;30.00;85.00;20.95;0.00;;30.0;30.0;30.0
C39;D02;X8;;1;6.46528;12.90;0.0;30.00;85.00;20.95;0.00;;30.0;30.0;30.0
C39;D03;X8;;1;6.46875;13.01;0.0;30.00;85.00;20.95;0.00;;30.0;30.0;30.0
C39;D04;X8;;1;6.47222;13.58;0.0;30.00;85.00;20.95;0.00;;30.0;30.0;30.0
C39;D05;B1;;1;6.47569;7.54;0.0;30.00;85.00;20.95;0.00;;30.0;30.0;30.0
C39;D06;B1;;1;6.47917;8.33;0.0;30.00;85.00;20.95;0.00;;30.0;30.0;30.0
C39;D07;B1;;1;6.48264;7.42;0.0;30.00;85.00;20.95;0.00;;30.0;30.0;30.0
R;;;;1;6.50000;180.26;0.0;30.00;85.00;20.95;0.00;test measure for referencing ;30.0;30.0;30.0
C40;A01;X1;;1;6.50347;11.59;0.0;30.00;85.00;20.95;0.00;;30.0;30.0;30.0
C40;A02;X1;;1;6.50694;11.79;0.0;30.00;85.00;20.95;0.00;;30.0;30.0;30.0
C40;A03;X1;;1;6.51042;12.67;0.0;30.00;85.00;20.95;0.00;;30.0;30.0;30.0
C40;A04;X1;;1;6.51389;11.94;0.0;30.00;85.00;20.95;0.00;;30.0;30.0;30.0
C40;A05;X1;;1;6.51736;10.72;0.0;30.00;85.00;20.95;0.00;;30.0;30.0;30.0
C40;A06;X2;;1;6.52083;10.66;0.0;30.00;85.00;20.95;0.00;;30.0;30.0;30.0
C40;A07;X2;;1;6.52431;10.01;0.0;30.00;85.00;20.95;0.00;;30.0;30.0;30.0
C40;A08;X2;;1;6.52778;10.71;0.0;30.00;85.00;20.95;0.00;;30.0;30.0;30.0
C40;A09;X2;;1;6.53125;9.53;0.0;30.00;85.00;20.95;0.00;;30.0;30.0;30.0
C40;A10;X2;;1;6.53472;10.65;0.0;30.00;85.00;20.95;0.00;;30.0;30.0;30.0
C40;A11;X3;;1;6.53819;10.50;0.0;30.00;85.00;20.95;0.00;;30.0;30.0;30.0
C40;A12;X3;;1;6.54167;10.73;0.0;30.00;85.00;20.95;0.00;;30.0;30.0;30.0
C40;B01;X3;;1;6.54514;10.36;0.0;30.00;85.00;20.95;0.00;;30.0;30.0;30.0
C40;B02;X3;;1;6.54861;10.79;0.0;30.00;85.00;20.95;0.00;;30.0;30.0;30.0
C40;B03;X3;;1;6.55208;9.71;0.0;30.00;85.00;20.95;0.00;;30.0;30.0;30.0
C40;B04;X4;;1;6.55556;12.07;0.0;30.00;85.00;20.95;0.00;;30.0;30.0;30.0
C40;B05;X4;;1;6.55903;9.94;0.0;30.00;85.00;20.95;0.00;;30.0;30.0;30.0
C40;B06;X4;;1;6.56250;11.45;0.0;30.00;85.00;20.95;0.00;;30.0;30.0;30.0
C40;B07;X4;;1;6.56597;10.37;0.0;30.00;85.00;20.95;0.00;;30.0;30.0;30.0
C40;B08;X4;;1;6.56944;10.33;0.0;30.00;85.00;20.95;0.00;;30.0;30.0;30.0
C40;B09;X5;;1;6.57292;19.21;0.0;30.00;85.00;20.95;0.00;;30.0;30.0;30.0
C40;B10;X5;;1;6.57639;19.01;0.0;30.00;85.00;20.95;0.00;;30.0;30.0;30.0
C40;B11;X5;;1;6.57986;19.69;0.0;30.00;85.00;20.95;0.00;;30.0;30.0;30.0
C40;B12;X5;;1;6.58333;19.36;0.0;30.00;85.00;20.95;0.00;;30.0;30.0;30.0
C40;C01;X5;;1;6.58681;20.18;0.0;30.00;85.00;20.95;0.00;;30.0;30.0;30.0
C40;C02;X6;;1;6.59028;10.42;0.0;30.00;85.00;20.95;0.00;;30.0;30.0;30.0
C40;C03;X6;;1;6.59375;10.75;0.0;30.00;85.00;20.95;0.00;;30.0;30.0;30.0
C40;C04;X6;;1;6.59722;10.50;0.0;30.00;85.00;20.95;0.00;;30.0;30.0;30.0
C40;C05;X6;;1;6.60069;11.65;0.0;30.00;85.00;20.95;0.00;;30.0;30.0;30.0
C40;C06;X6;;1;6.60417;9.96;0.0;30.00;85.00;20.95;0.00;;30.0;30.0;30.0
C40;C07;X7;;1;6.60764;10.21;0.0;30.00;85.00;20.95;0.00;;30.0;30.0;30.0
C40;C08;X7;;1;6.61111;10.57;0.0;30.00;85.00;20.95;0.00;;30.0;30.0;30.0
C40;C09;X7;;1;6.61458;9.91;0.0;30.00;85.00;20.95;0.00;;30.0;30.0;30.0
C40;C10;X7;;1;6.61806;11.30;0.0;30.00;85.00;20.95;0.00;;30.0;30.0;30.0
C40;C11;X7;;1;6.62153;10.09;0.0;30.00;85.00;20.95;0.00;;30.0;30.0;30.0
C40;C12;X8;;1;6.62500;13.85;0.0;30.00;85.00;20.95;0.00;;30.0;30.0;30.0
C40;D01;X8;;1;6.62847;14.12;0.0;30.00;85.00;20.95;0.00;;30.0;30.0;30.0
C40;D02;X8;;1;6.63194;12.77;0.0;30.00;85.00;20.95;0.00;;30.0;30.0;30.0
C40;D03;X8;;1;6.63542;12.90;0.0;30.00;85.00;20.95;0.00;;30.0;30.0;30.0
C40;D04;X8;;1;6.63889;13.10;0.0;30.00;85.00;20.95;0.00;;30.0;30.0;30.0
C40;D05;B1;;1;6.64236;7.95;0.0;30.00;85.00;20.95;0.00;;30.0;30.0;30.0
C40;D06;B1;;1;6.64583;8.31;0.0;30.00;85.00;20.95;0.00;;30.0;30.0;30.0
C40;D07;B1;;1;6.64931;8.54;0.0;30.00;85.00;20.95;0.00;;30.0;30.0;30.0
R;;;;1;6.66667;179.62;0.0;30.00;85.00;20.95;0.00;test measure for referencing ;30.0;30.0;30.0
C41;A01;X1;;1;6.67014;11.77;0.0;30.00;85.00;20.95;0.00;;30.0;30.0;30.0
C41;A02;X1;;1;6.67361;11.63;0.0;30.00;85.00;20.95;0.00;;30.0;30.0;30.0
C41;A03;X1;;1;6.67708;11.99;0.0;30.00;85.00;20.95;0.00;;30.0;30.0;30.0
C41;A04;X1;;1;6.68056;12.21;0.0;30.00;85.00;20.95;0.00;;30.0;30.0;30.0
C41;A05;X1;;1;6.68403;10.35;0.0;30.00;85.00;20.95;0.00;;30.0;30.0;30.0
C41;A06;X2;;1;6.68750;10.39;0.0;30.00;85.00;20.95;0.00;;30.0;30.0;30.0
C41;A07;X2;;1;6.69097;10.15;0.0;30.00;85.00;20.95;0.00;;30.0;30.0;30.0
C41;A08;X2;;1;6.69444;10.15;0.0;30.00;85.00;20.95;0.00;;30.0;30.0;30.0
C41;A09;X2;;1;6.69792;9.68;0.0;30.00;85.00;20.95;0.00;;30.0;30.0;30.0
C41;A10;X2;;1;6.70139;10.35;0.0;30.00;85.00;20.95;0.00;;30.0;30.0;30.0
C41;A11;X3;;1;6.70486;10.40;0.0;30.00;85.00;20.95;0.00;;30.0;30.0;30.0
C41;A12;X3;;1;6.70833;10.83;0.0;30.00;85.00;20.95;0.00;;30.0;30.0;30.0
C41;B01;X3;;1;6.71181;10.57;0.0;30.00;85.00;20.95;0.00;;30.0;30.0;30.0
C41;B02;X3;;1;6.71528;10.37;0.0;30.00;85.00;20.95;0.00;;30.0;30.0;30.0
C41;B03;X3;;1;6.71875;9.83;0.0;30.00;85.00;20.95;0.00;;30.0;30.0;30.0
C41;B04;X4;;1;6.72222;11.89;0.0;30.00;85.00;20.95;0.00;;30.0;30.0;30.0
C41;B05;X4;;1;6.72569;10.14;0.0;30.00;85.00;20.95;0.00;;30.0;30.0;30.0
C41;B06;X4;;1;6.72917;11.42;0.0;30.00;85.00;20.95;0.00;;30.0;30.0;30.0
C41;B07;X4;;1;6.73264;10.63;0.0;30.00;85.00;20.95;0.00;;30.0;30.0;30.0
C41;B08;X4;;1;6.73611;10.84;0.0;30.00;85.00;20.95;0.00;;30.0;30.0;30.0
C41;B09;X5;;1;6.73958;19.59;0.0;30.00;85.00;20.95;0.00;;30.0;30.0;30.0
C41;B10;X5;;1;6.74306;18.78;0.0;30.00;85.00;20.95;0.00;;30.0;30.0;30.0
C41;B11;X5;;1;6.74653;19.93;0.0;30.00;85.00;20.95;0.00;;30.0;30.0;30.0
C41;B12;X5;;1;6.75000;20.38;0.0;30.00;85.00;20.95;0.00;;30.0;30.0;30.0
C41;C01;X5;;1;6.75347;21.11;0.0;30.00;85.00;20.95;0.00;;30.0;30.0;30.0
C41;C02;X6;;1;6.75694;11.09;0.0;30.00;85.00;20.95;0.00;;30.0;30.0;30.0
C41;C03;X6;;1;6.76042;11.22;0.0;30.00;85.00;20.95;0.00;;30.0;30.0;30.0
C41;C04;X6;;1;6.76389;10.83;0.0;30.00;85.00;20.95;0.00;;30.0;30.0;30.0
C41;C05;X6;;1;6.76736;11.31;0.0;30.00;85.00;20.95;0.00;;30.0;30.0;30.0
C41;C06;X6;;1;6.77083;10.10;0.0;30.00;85.00;20.95;0.00;;30.0;30.0;30.0
C41;C07;X7;;1;6.77431;10.36;0.0;30.00;85.00;20.95;0.00;;30.0;30.0;30.0
C41;C08;X7;;1;6.77778;10.80;0.0;30.00;85.00;20.95;0.00;;30.0;30.0;30.0
C41;C09;X7;;1;6.78125;9.86;0.0;30.00;85.00;20.95;0.00;;30.0;30.0;30.0
C41;C10;X7;;1;6.78472;10.85;0.0;30.00;85.00;20.95;0.00;;30.0;30.0;30.0
C41;C11;X7;;1;6.78819;10.25;0.0;30.00;85.00;20.95;0.00;;30.0;30.0;30.0
C41;C12;X8;;1;6.79167;13.99;0.0;30.00;85.00;20.95;0.00;;30.0;30.0;30.0
C41;D01;X8;;1;6.79514;13.98;0.0;30.00;85.00;20.95;0.00;;30.0;30.0;30.0
C41;D02;X8;;1;6.79861;13.01;0.0;30.00;85.00;20.95;0.00;;30.0;30.0;30.0
C41;D03;X8;;1;6.80208;12.94;0.0;30.00;85.00;20.95;0.00;;30.0;30.0;30.0
C41;D04;X8;;1;6.80556;13.17;0.0;30.00;85.00;20.95;0.00;;30.0;30.0;30.0
C41;D05;B1;;1;6.80903;7.90;0.0;30.00;85.00;20.95;0.00;;30.0;30.0;30.0
C41;D06;B1;;1;6.81250;7.09;0.0;30.00;85.00;20.95;0.00;;30.0;30.0;30.0
C41;D07;B1;;1;6.81597;7.44;0.0;30.00;85.00;20.95;0.00;;30.0;30.0;30.0
R;;;;1;6.83333;177.54;0.0;30.00;85.00;20.95;0.00;test measure for referencing ;30.0;30.0;30.0
C42;A01;X1;;1;6.83681;11.41;0.0;30.00;85.00;20.95;0.00;;30.0;30.0;30.0
C42;A02;X1;;1;6.84028;11.32;0.0;30.00;85.00;20.95;0.00;;30.0;30.0;30.0
C42;A03;X1;;1;6.84375;12.07;0.0;30.00;85.00;20.95;0.00;;30.0;30.0;30.0
C42;A04;X1;;1;6.84722;12.09;0.0;30.00;85.00;20.95;0.00;;30.0;30.0;30.0
C42;A05;X1;;1;6.85069;10.80;0.0;30.00;85.00;20.95;0.00;;30.0;30.0;30.0
C42;A06;X2;;1;6.85417;10.65;0.0;30.00;85.00;20.95;0.00;;30.0;30.0;30.0
C42;A07;X2;;1;6.85764;9.95;0.0;30.00;85.00;20.95;0.00;;30.0;30.0;30.0
C42;A08;X2;;1;6.86111;10.13;0.0;30.00;85.00;20.95;0.00;;30.0;30.0;30.0
C42;A09;X2;;1;6.86458;9.50;0.0;30.00;85.00;20.95;0.00;;30.0;30.0;30.0
C42;A10;X2;;1;6.86806;10.86;0.0;30.00;85.00;20.95;0.00;;30.0;30.0;30.0
C42;A11;X3;;1;6.87153;10.64;0.0;30.00;85.00;20.95;0.00;;30.0;30.0;30.0
C42;A12;X3;;1;6.87500;10.80;0.0;30.00;85.00;20.95;0.00;;30.0;30.0;30.0
C42;B01;X3;;1;6.87847;10.53;0.0;30.00;85.00;20.95;0.00;;30.0;30.0;30.0
C42;B02;X3;;1;6.88194;9.93;0.0;30.00;85.00;20.95;0.00;;30.0;30.0;30.0
C42;B03;X3;;1;6.88542;9.86;0.0;30.00;85.00;20.95;0.00;;30.0;30.0;30.0
C42;B04;X4;;1;6.88889;11.84;0.0;30.00;85.00;20.95;0.00;;30.0;30.0;30.0
C42;B05;X4;;1;6.89236;9.92;0.0;30.00;85.00;20.95;0.00;;30.0;30.0;30.0
C42;B06;X4;;1;6.89583;11.26;0.0;30.00;85.00;20.95;0.00;;30.0;30.0;30.0
C42;B07;X4;;1;6.89931;10.70;0.0;30.00;85.00;20.95;0.00;;30.0;30.0;30.0
C42;B08;X4;;1;6.90278;10.27;0.0;30.00;85.00;20.95;0.00;;30.0;30.0;30.0
C42;B09;X5;;1;6.90625;19.73;0.0;30.00;85.00;20.95;0.00;;30.0;30.0;30.0
C42;B10;X5;;1;6.90972;19.49;0.0;30.00;85.00;20.95;0.00;;30.0;30.0;30.0
C42;B11;X5;;1;6.91319;21.14;0.0;30.00;85.00;20.95;0.00;;30.0;30.0;30.0
C42;B12;X5;;1;6.91667;20.07;0.0;30.00;85.00;20.95;0.00;;30.0;30.0;30.0
C42;C01;X5;;1;6.92014;21.59;0.0;30.00;85.00;20.95;0.00;;30.0;30.0;30.0
C42;C02;X6;;1;6.92361;10.44;0.0;30.00;85.00;20.95;0.00;;30.0;30.0;30.0
C42;C03;X6;;1;6.92708;11.30;0.0;30.00;85.00;20.95;0.00;;30.0;30.0;30.0
C42;C04;X6;;1;6.93056;10.97;0.0;30.00;85.00;20.95;0.00;;30.0;30.0;30.0
C42;C05;X6;;1;6.93403;11.14;0.0;30.00;85.00;20.95;0.00;;30.0;30.0;30.0
C42;C06;X6;;1;6.93750;9.90;0.0;30.00;85.00;20.95;0.00;;30.0;30.0;30.0
C42;C07;X7;;1;6.94097;10.11;0.0;30.00;85.00;20.95;0.00;;30.0;30.0;30.0
C42;C08;X7;;1;6.94444;9.84;0.0;30.00;85.00;20.95;0.00;;30.0;30.0;30.0
C42;C09;X7;;1;6.94792;9.90;0.0;30.00;85.00;20.95;0.00;;30.0;30.0;30.0
C42;C10;X7;;1;6.95139;10.21;0.0;30.00;85.00;20.95;0.00;;30.0;30.0;30.0
C42;C11;X7;;1;6.95486;10.30;0.0;30.00;85.00;20.95;0.00;;30.0;30.0;30.0
C42;C12;X8;;1;6.95833;14.36;0.0;30.00;85.00;20.95;0.00;;30.0;30.0;30.0
C42;D01;X8;;1;6.96181;14.32;0.0;30.00;85.00;20.95;0.00;;30.0;30.0;30.0
C42;D02;X8;;1;6.96528;12.91;0.0;30.00;85.00;20.95;0.00;;30.0;30.0;30.0
C42;D03;X8;;1;6.96875;13.39;0.0;30.00;85.00;20.95;0.00;;30.0;30.0;30.0
C42;D04;X8;;1;6.97222;13.76;0.0;30.00;85.00;20.95;0.00;;30.0;30.0;30.0
C42;D05;B1;;1;6.97569;7.20;0.0;30.00;85.00;20.95;0.00;;30.0;30.0;30.0
C42;D06;B1;;1;6.97917;7.73;0.0;30.00;85.00;20.95;0.00;;30.0;30.0;30.0
C42;D07;B1;;1;6.98264;8.08;0.0;30.00;85.00;20.95;0.00;;30.0;30.0;30.0
R;;;;1;7.00000;179.26;0.0;30.00;85.00;20.95;0.00;test measure for referencing ;30.0;30.0;30.0
C43;A01;X1;;1;7.00347;11.35;0.0;30.00;85.00;20.95;0.00;;30.0;30.0;30.0
C43;A02;X1;;1;7.00694;11.61;0.0;30.00;85.00;20.95;0.00;;30.0;30.0;30.0
C43;A03;X1;;1;7.01042;13.16;0.0;30.00;85.00;20.95;0.00;;30.0;30.0;30.0
C43;A04;X1;;1;7.01389;11.94;0.0;30.00;85.00;20.95;0.00;;30.0;30.0;30.0
C43;A05;X1;;1;7.01736;11.25;0.0;30.00;85.00;20.95;0.00;;30.0;30.0;30.0
C43;A06;X2;;1;7.02083;9.99;0.0;30.00;85.00;20.95;0.00;;30.0;30.0;30.0
C43;A07;X2;;1;7.02431;10.21;0.0;30.00;85.00;20.95;0.00;;30.0;30.0;30.0
C43;A08;X2;;1;7.02778;10.68;0.0;30.00;85.00;20.95;0.00;;30.0;30.0;30.0
C43;A09;X2;;1;7.03125;9.54;0.0;30.00;85.00;20.95;0.00;;30.0;30.0;30.0
C43;A10;X2;;1;7.03472;10.26;0.0;30.00;85.00;20.95;0.00;;30.0;30.0;30.0
C43;A11;X3;;1;7.03819;10.80;0.0;30.00;85.00;20.95;0.00;;30.0;30.0;30.0
C43;A12;X3;;1;7.04167;10.77;0.0;30.00;85.00;20.95;0.00;;30.0;30.0;30.0
C43;B01;X3;;1;7.04514;10.60;0.0;30.00;85.00;20.95;0.00;;30.0;30.0;30.0
C43;B02;X3;;1;7.04861;9.99;0.0;30.00;85.00;20.95;0.00;;30.0;30.0;30.0
C43;B03;X3;;1;7.05208;10.06;0.0;30.00;85.00;20.95;0.00;;30.0;30.0;30.0
C43;B04;X4;;1;7.05556;11.32;0.0;30.00;85.00;20.95;0.00;;30.0;30.0;30.0
C43;B05;X4;;1;7.05903;9.80;0.0;30.00;85.00;20.95;0.00;;30.0;30.0;30.0
C43;B06;X4;;1;7.06250;11.21;0.0;30.00;85.00;20.95;0.00;;30.0;30.0;30.0
C43;B07;X4;;1;7.06597;10.74;0.0;30.00;85.00;20.95;0.00;;30.0;30.0;30.0
C43;B08;X4;;1;7.06944;10.58;0.0;30.00;85.00;20.95;0.00;;30.0;30.0;30.0
C43;B09;X5;;1;7.07292;21.21;0.0;30.00;85.00;20.95;0.00;;30.0;30.0;30.0
C43;B10;X5;;1;7.07639;21.35;0.0;30.00;85.00;20.95;0.00;;30.0;30.0;30.0
C43;B11;X5;;1;7.07986;22.21;0.0;30.00;85.00;20.95;0.00;;30.0;30.0;30.0
C43;B12;X5;;1;7.08333;21.51;0.0;30.00;85.00;20.95;0.00;;30.0;30.0;30.0
C43;C01;X5;;1;7.08681;22.72;0.0;30.00;85.00;20.95;0.00;;30.0;30.0;30.0
C43;C02;X6;;1;7.09028;9.74;0.0;30.00;85.00;20.95;0.00;;30.0;30.0;30.0
C43;C03;X6;;1;7.09375;11.12;0.0;30.00;85.00;20.95;0.00;;30.0;30.0;30.0
C43;C04;X6;;1;7.09722;10.58;0.0;30.00;85.00;20.95;0.00;;30.0;30.0;30.0
C43;C05;X6;;1;7.10069;11.67;0.0;30.00;85.00;20.95;0.00;;30.0;30.0;30.0
C43;C06;X6;;1;7.10417;9.92;0.0;30.00;85.00;20.95;0.00;;30.0;30.0;30.0
C43;C07;X7;;1;7.10764;10.03;0.0;30.00;85.00;20.95;0.00;;30.0;30.0;30.0
C43;C08;X7;;1;7.11111;10.29;0.0;30.00;85.00;20.95;0.00;;30.0;30.0;30.0
C43;C09;X7;;1;7.11458;9.97;0.0;30.00;85.00;20.95;0.00;;30.0;30.0;30.0
C43;C10;X7;;1;7.11806;10.87;0.0;30.00;85.00;20.95;0.00;;30.0;30.0;30.0
C43;C11;X7;;1;7.12153;10.20;0.0;30.00;85.00;20.95;0.00;;30.0;30.0;30.0
C43;C12;X8;;1;7.12500;14.04;0.0;30.00;85.00;20.95;0.00;;30.0;30.0;30.0
C43;D01;X8;;1;7.12847;14.35;0.0;30.00;85.00;20.95;0.00;;30.0;30.0;30.0
C43;D02;X8;;1;7.13194;13.25;0.0;30.00;85.00;20.95;0.00;;30.0;30.0;30.0
C43;D03;X8;;1;7.13542;13.38;0.0;30.00;85.00;20.95;0.00;;30.0;30.0;30.0
C43;D04;X8;;1;7.13889;13.90;0.0;30.00;85.00;20.95;0.00;;30.0;30.0;30.0
C43;D05;B1;;1;7.14236;8.26;0.0;30.00;85.00;20.95;0.00;;30.0;30.0;30.0
C43;D06;B1;;1;7.14583;8.28;0.0;30.00;85.00;20.95;0.00;;30.0;30.0;30.0
C43;D07;B1;;1;7.14931;7.73;0.0;30.00;85.00;20.95;0.00;;30.0;30.0;30.0
R;;;;1;7.16667;177.60;0.0;30.00;85.00;20.95;0.00;test measure for referencing ;30.0;30.0;30.0
C44;A01;X1;;1;7.17014;11.87;0.0;30.00;85.00;20.95;0.00;;30.0;30.0;30.0
C44;A02;X1;;1;7.17361;11.61;0.0;30.00;85.00;20.95;0.00;;30.0;30.0;30.0
C44;A03;X1;;1;7.17708;12.74;0.0;30.00;85.00;20.95;0.00;;30.0;30.0;30.0
C44;A04;X1;;1;7.18056;12.12;0.0;30.00;85.00;20.95;0.00;;30.0;30.0;30.0
C44;A05;X1;;1;7.18403;11.10;0.0;30.00;85.00;20.95;0.00;;30.0;30.0;30.0
C44;A06;X2;;1;7.18750;10.75;0.0;30.00;85.00;20.95;0.00;;30.0;30.0;30.0
C44;A07;X2;;1;7.19097;9.98;0.0;30.00;85.00;20.95;0.00;;30.0;30.0;30.0
C44;A08;X2;;1;7.19444;10.68;0.0;30.00;85.00;20.95;0.00;;30.0;30.0;30.0
C44;A09;X2;;1;7.19792;9.79;0.0;30.00;85.00;20.95;0.00;;30.0;30.0;30.0
C44;A10;X2;;1;7.20139;10.37;0.0;30.00;85.00;20.95;0.00;;30.0;30.0;30.0
C44;A11;X3;;1;7.20486;10.11;0.0;30.00;85.00;20.95;0.00;;30.0;30.0;30.0
C44;A12;X3;;1;7.20833;10.64;0.0;30.00;85.00;20.95;0.00;;30.0;30.0;30.0
C44;B01;X3;;1;7.21181;10.60;0.0;30.00;85.00;20.95;0.00;;30.0;30.0;30.0
C44;B02;X3;;1;7.21528;10.63;0.0;30.00;85.00;20.95;0.00;;30.0;30.0;30.0
C44;B03;X3;;1;7.21875;9.30;0.0;30.00;85.00;20.95;0.00;;30.0;30.0;30.0
C44;B04;X4;;1;7.22222;11.96;0.0;30.00;85.00;20.95;0.00;;30.0;30.0;30.0
C44;B05;X4;;1;7.22569;9.53;0.0;30.00;85.00;20.95;0.00;;30.0;30.0;30.0
C44;B06;X4;;1;7.22917;11.37;0.0;30.00;85.00;20.95;0.00;;30.0;30.0;30.0
C44;B07;X4;;1;7.23264;11.31;0.0;30.00;85.00;20.95;0.00;;30.0;30.0;30.0
C44;B08;X4;;1;7.23611;10.16;0.0;30.00;85.00;20.95;0.00;;30.0;30.0;30.0
C44;B09;X5;;1;7.23958;21.44;0.0;30.00;85.00;20.95;0.00;;30.0;30.0;30.0
C44;B10;X5;;1;7.24306;21.18;0.0;30.00;85.00;20.95;0.00;;30.0;30.0;30.0
C44;B11;X5;;1;7.24653;22.32;0.0;30.00;85.00;20.95;0.00;;30.0;30.0;30.0
C44;B12;X5;;1;7.25000;21.59;0.0;30.00;85.00;20.95;0.00;;30.0;30.0;30.0
C44;C01;X5;;1;7.25347;23.35;0.0;30.00;85.00;20.95;0.00;;30.0;30.0;30.0
C44;C02;X6;;1;7.25694;9.64;0.0;30.00;85.00;20.95;0.00;;30.0;30.0;30.0
C44;C03;X6;;1;7.26042;11.04;0.0;30.00;85.00;20.95;0.00;;30.0;30.0;30.0
C44;C04;X6;;1;7.26389;10.63;0.0;30.00;85.00;20.95;0.00;;30.0;30.0;30.0
C44;C05;X6;;1;7.26736;11.44;0.0;30.00;85.00;20.95;0.00;;30.0;30.0;30.0
C44;C06;X6;;1;7.27083;10.74;0.0;30.00;85.00;20.95;0.00;;30.0;30.0;30.0
C44;C07;X7;;1;7.27431;9.86;0.0;30.00;85.00;20.95;0.00;;30.0;30.0;30.0
C44;C08;X7;;1;7.27778;10.22;0.0;30.00;85.00;20.95;0.00;;30.0;30.0;30.0
C44;C09;X7;;1;7.28125;9.33;0.0;30.00;85.00;20.95;0.00;;30.0;30.0;30.0
C44;C10;X7;;1;7.28472;10.88;0.0;30.00;85.00;20.95;0.00;;30.0;30.0;30.0
C44;C11;X7;;1;7.28819;10.41;0.0;30.00;85.00;20.95;0.00;;30.0;30.0;30.0
C44;C12;X8;;1;7.29167;14.32;0.0;30.00;85.00;20.95;0.00;;30.0;30.0;30.0
C44;D01;X8;;1;7.29514;14.90;0.0;30.00;85.00;20.95;0.00;;30.0;30.0;30.0
C44;D02;X8;;1;7.29861;13.62;0.0;30.00;85.00;20.95;0.00;;30.0;30.0;30.0
C44;D03;X8;;1;7.30208;14.05;0.0;30.00;85.00;20.95;0.00;;30.0;30.0;30.0
C44;D04;X8;;1;7.30556;14.20;0.0;30.00;85.00;20.95;0.00;;30.0;30.0;30.0
C44;D05;B1;;1;7.30903;7.96;0.0;30.00;85.00;20.95;0.00;;30.0;30.0;30.0
C44;D06;B1;;1;7.31250;7.63;0.0;30.00;85.00;20.95;0.00;;30.0;30.0;30.0
C44;D07;B1;;1;7.31597;7.11;0.0;30.00;85.00;20.95;0.00;;30.0;30.0;30.0
R;;;;1;7.33333;177.90;0.0;30.00;85.00;20.95;0.00;test measure for referencing ;30.0;30.0;30.0
C45;A01;X1;;1;7.33681;11.87;0.0;30.00;85.00;20.95;0.00;;30.0;30.0;30.0
C45;A02;X1;;1;7.34028;11.71;0.0;30.00;85.00;20.95;0.00;;30.0;30.0;30.0
C45;A03;X1;;1;7.34375;12.41;0.0;30.00;85.00;20.95;0.00;;30.0;30.0;30.0
C45;A04;X1;;1;7.34722;12.24;0.0;30.00;85.00;20.95;0.00;;30.0;30.0;30.0
C45;A05;X1;;1;7.35069;11.29;0.0;30.00;85.00;20.95;0.00;;30.0;30.0;30.0
C45;A06;X2;;1;7.35417;11.11;0.0;30.00;85.00;20.95;0.00;;30.0;30.0;30.0
C45;A07;X2;;1;7.35764;9.79;0.0;30.00;85.00;20.95;0.00;;30.0;30.0;30.0
C45;A08;X2;;1;7.36111;10.29;0.0;30.00;85.00;20.95;0.00;;30.0;30.0;30.0
C45;A09;X2;;1;7.36458;9.34;0.0;30.00;85.00;20.95;0.00;;30.0;30.0;30.0
C45;A10;X2;;1;7.36806;10.22;0.0;30.00;85.00;20.95;0.00;;30.0;30.0;30.0
C45;A11;X3;;1;7.37153;10.50;0.0;30.00;85.00;20.95;0.00;;30.0;30.0;30.0
C45;A12;X3;;1;7.37500;10.76;0.0;30.00;85.00;20.95;0.00;;30.0;30.0;30.0
C45;B01;X3;;1;7.37847;9.86;0.0;30.00;85.00;20.95;0.00;;30.0;30.0;30.0
C45;B02;X3;;1;7.38194;10.73;0.0;30.00;85.00;20.95;0.00;;30.0;30.0;30.0
C45;B03;X3;;1;7.38542;10.04;0.0;30.00;85.00;20.95;0.00;;30.0;30.0;30.0
C45;B04;X4;;1;7.38889;12.11;0.0;30.00;85.00;20.95;0.00;;30.0;30.0;30.0
C45;B05;X4;;1;7.39236;9.78;0.0;30.00;85.00;20.95;0.00;;30.0;30.0;30.0
C45;B06;X4;;1;7.39583;11.08;0.0;30.00;85.00;20.95;0.00;;30.0;30.0;30.0
C45;B07;X4;;1;7.39931;11.13;0.0;30.00;85.00;20.95;0.00;;30.0;30.0;30.0
C45;B08;X4;;1;7.40278;10.23;0.0;30.00;85.00;20.95;0.00;;30.0;30.0;30.0
C45;B09;X5;;1;7.40625;22.00;0.0;30.00;85.00;20.95;0.00;;30.0;30.0;30.0
C45;B10;X5;;1;7.40972;21.75;0.0;30.00;85.00;20.95;0.00;;30.0;30.0;30.0
C45;B11;X5;;1;7.41319;23.69;0.0;30.00;85.00;20.95;0.00;;30.0;30.0;30.0
C45;B12;X5;;1;7.41667;22.52;0.0;30.00;85.00;20.95;0.00;;30.0;30.0;30.0
C45;C01;X5;;1;7.42014;24.14;0.0;30.00;85.00;20.95;0.00;;30.0;30.0;30.0
C45;C02;X6;;1;7.42361;10.13;0.0;30.00;85.00;20.95;0.00;;30.0;30.0;30.0
C45;C03;X6;;1;7.42708;10.97;0.0;30.00;85.00;20.95;0.00;;30.0;30.0;30.0
C45;C04;X6;;1;7.43056;10.43;0.0;30.00;85.00;20.95;0.00;;30.0;30.0;30.0
C45;C05;X6;;1;7.43403;11.83;0.0;30.00;85.00;20.95;0.00;;30.0;30.0;30.0
C45;C06;X6;;1;7.43750;10.02;0.0;30.00;85.00;20.95;0.00;;30.0;30.0;30.0
C45;C07;X7;;1;7.44097;10.60;0.0;30.00;85.00;20.95;0.00;;30.0;30.0;30.0
C45;C08;X7;;1;7.44444;10.04;0.0;30.00;85.00;20.95;0.00;;30.0;30.0;30.0
C45;C09;X7;;1;7.44792;9.84;0.0;30.00;85.00;20.95;0.00;;30.0;30.0;30.0
C45;C10;X7;;1;7.45139;11.00;0.0;30.00;85.00;20.95;0.00;;30.0;30.0;30.0
C45;C11;X7;;1;7.45486;10.06;0.0;30.00;85.00;20.95;0.00;;30.0;30.0;30.0
C45;C12;X8;;1;7.45833;14.98;0.0;30.00;85.00;20.95;0.00;;30.0;30.0;30.0
C45;D01;X8;;1;7.46181;14.73;0.0;30.00;85.00;20.95;0.00;;30.0;30.0;30.0
C45;D02;X8;;1;7.46528;13.46;0.0;30.00;85.00;20.95;0.00;;30.0;30.0;30.0
C45;D03;X8;;1;7.46875;13.77;0.0;30.00;85.00;20.95;0.00;;30.0;30.0;30.0
C45;D04;X8;;1;7.47222;13.70;0.0;30.00;85.00;20.95;0.00;;30.0;30.0;30.0
C45;D05;B1;;1;7.47569;7.79;0.0;30.00;85.00;20.95;0.00;;30.0;30.0;30.0
C45;D06;B1;;1;7.47917;7.31;0.0;30.00;85.00;20.95;0.00;;30.0;30.0;30.0
C45;D07;B1;;1;7.48264;8.15;0.0;30.00;85.00;20.95;0.00;;30.0;30.0;30.0
R;;;;1;7.50000;181.38;0.0;30.00;85.00;20.95;0.00;test measure for referencing ;30.0;30.0;30.0
C46;A01;X1;;1;7.50347;12.24;0.0;30.00;85.00;20.95;0.00;;30.0;30.0;30.0
C46;A02;X1;;1;7.50694;11.85;0.0;30.00;85.00;20.95;0.00;;30.0;30.0;30.0
C46;A03;X1;;1;7.51042;12.92;0.0;30.00;85.00;20.95;0.00;;30.0;30.0;30.0
C46;A04;X1;;1;7.51389;13.05;0.0;30.00;85.00;20.95;0.00;;30.0;30.0;30.0
C46;A05;X1;;1;7.51736;11.73;0.0;30.00;85.00;20.95;0.00;;30.0;30.0;30.0
C46;A06;X2;;1;7.52083;10.70;0.0;30.00;85.00;20.95;0.00;;30.0;30.0;30.0
C46;A07;X2;;1;7.52431;9.63;0.0;30.00;85.00;20.95;0.00;;30.0;30.0;30.0
C46;A08;X2;;1;7.52778;10.48;0.0;30.00;85.00;20.95;0.00;;30.0;30.0;30.0
C46;A09;X2;;1;7.53125;10.49;0.0;30.00;85.00;20.95;0.00;;30.0;30.0;30.0
C46;A10;X2;;1;7.53472;10.76;0.0;30.00;85.00;20.95;0.00;;30.0;30.0;30.0
C46;A11;X3;;1;7.53819;10.30;0.0;30.00;85.00;20.95;0.00;;30.0;30.0;30.0
C46;A12;X3;;1;7.54167;11.01;0.0;30.00;85.00;20.95;0.00;;30.0;30.0;30.0
C46;B01;X3;;1;7.54514;11.17;0.0;30.00;85.00;20.95;0.00;;30.0;30.0;30.0
C46;B02;X3;;1;7.54861;10.92;0.0;30.00;85.00;20.95;0.00;;30.0;30.0;30.0
C46;B03;X3;;1;7.55208;9.33;0.0;30.00;85.00;20.95;0.00;;30.0;30.0;30.0
C46;B04;X4;;1;7.55556;11.81;0.0;30.00;85.00;20.95;0.00;;30.0;30.0;30.0
C46;B05;X4;;1;7.55903;10.29;0.0;30.00;85.00;20.95;0.00;;30.0;30.0;30.0
C46;B06;X4;;1;7.56250;12.01;0.0;30.00;85.00;20.95;0.00;;30.0;30.0;30.0
C46;B07;X4;;1;7.56597;10.77;0.0;30.00;85.00;20.95;0.00;;30.0;30.0;30.0
C46;B08;X4;;1;7.56944;10.58;0.0;30.00;85.00;20.95;0.00;;30.0;30.0;30.0
C46;B09;X5;;1;7.57292;22.69;0.0;30.00;85.00;20.95;0.00;;30.0;30.0;30.0
C46;B10;X5;;1;7.57639;23.26;0.0;30.00;85.00;20.95;0.00;;30.0;30.0;30.0
C46;B11;X5;;1;7.57986;24.65;0.0;30.00;85.00;20.95;0.00;;30.0;30.0;30.0
C46;B12;X5;;1;7.58333;24.20;0.0;30.00;85.00;20.95;0.00;;30.0;30.0;30.0
C46;C01;X5;;1;7.58681;25.14;0.0;30.00;85.00;20.95;0.00;;30.0;30.0;30.0
C46;C02;X6;;1;7.59028;10.81;0.0;30.00;85.00;20.95;0.00;;30.0;30.0;30.0
C46;C03;X6;;1;7.59375;11.17;0.0;30.00;85.00;20.95;0.00;;30.0;30.0;30.0
C46;C04;X6;;1;7.59722;10.59;0.0;30.00;85.00;20.95;0.00;;30.0;30.0;30.0
C46;C05;X6;;1;7.60069;11.92;0.0;30.00;85.00;20.95;0.00;;30.0;30.0;30.0
C46;C06;X6;;1;7.60417;9.96;0.0;30.00;85.00;20.95;0.00;;30.0;30.0;30.0
C46;C07;X7;;1;7.60764;10.22;0.0;30.00;85.00;20.95;0.00;;30.0;30.0;30.0
C46;C08;X7;;1;7.61111;10.33;0.0;30.00;85.00;20.95;0.00;;30.0;30.0;30.0
C46;C09;X7;;1;7.61458;9.83;0.0;30.00;85.00;20.95;0.00;;30.0;30.0;30.0
C46;C10;X7;;1;7.61806;10.98;0.0;30.00;85.00;20.95;0.00;;30.0;30.0;30.0
C46;C11;X7;;1;7.62153;10.44;0.0;30.00;85.00;20.95;0.00;;30.0;30.0;30.0
C46;C12;X8;;1;7.62500;15.20;0.0;30.00;85.00;20.95;0.00;;30.0;30.0;30.0
C46;D01;X8;;1;7.62847;15.28;0.0;30.00;85.00;20.95;0.00;;30.0;30.0;30.0
C46;D02;X8;;1;7.63194;13.57;0.0;30.00;85.00;20.95;0.00;;30.0;30.0;30.0
C46;D03;X8;;1;7.63542;14.36;0.0;30.00;85.00;20.95;0.00;;30.0;30.0;30.0
C46;D04;X8;;1;7.63889;15.37;0.0;30.00;85.00;20.95;0.00;;30.0;30.0;30.0
C46;D05;B1;;1;7.64236;8.17;0.0;30.00;85.00;20.95;0.00;;30.0;30.0;30.0
C46;D06;B1;;1;7.64583;8.50;0.0;30.00;85.00;20.95;0.00;;30.0;30.0;30.0
C46;D07;B1;;1;7.64931;8.05;0.0;30.00;85.00;20.95;0.00;;30.0;30.0;30.0
R;;;;1;7.66667;178.77;0.0;30.00;85.00;20.95;0.00;test measure for referencing ;30.0;30.0;30.0
C47;A01;X1;;1;7.67014;11.87;0.0;30.00;85.00;20.95;0.00;;30.0;30.0;30.0
C47;A02;X1;;1;7.67361;12.17;0.0;30.00;85.00;20.95;0.00;;30.0;30.0;30.0
C47;A03;X1;;1;7.67708;13.06;0.0;30.00;85.00;20.95;0.00;;30.0;30.0;30.0
C47;A04;X1;;1;7.68056;12.14;0.0;30.00;85.00;20.95;0.00;;30.0;30.0;30.0
C47;A05;X1;;1;7.68403;11.28;0.0;30.00;85.00;20.95;0.00;;30.0;30.0;30.0
C47;A06;X2;;1;7.68750;9.94;0.0;30.00;85.00;20.95;0.00;;30.0;30.0;30.0
C47;A07;X2;;1;7.69097;10.42;0.0;30.00;85.00;20.95;0.00;;30.0;30.0;30.0
C47;A08;X2;;1;7.69444;10.43;0.0;30.00;85.00;20.95;0.00;;30.0;30.0;30.0
C47;A09;X2;;1;7.69792;9.63;0.0;30.00;85.00;20.95;0.00;;30.0;30.0;30.0
C47;A10;X2;;1;7.70139;10.11;0.0;30.00;85.00;20.95;0.00;;30.0;30.0;30.0
C47;A11;X3;;1;7.70486;10.42;0.0;30.00;85.00;20.95;0.00;;30.0;30.0;30.0
C47;A12;X3;;1;7.70833;11.12;0.0;30.00;85.00;20.95;0.00;;30.0;30.0;30.0
C47;B01;X3;;1;7.71181;10.47;0.0;30.00;85.00;20.95;0.00;;30.0;30.0;30.0
C47;B02;X3;;1;7.71528;10.72;0.0;30.00;85.00;20.95;0.00;;30.0;30.0;30.0
C47;B03;X3;;1;7.71875;9.35;0.0;30.00;85.00;20.95;0.00;;30.0;30.0;30.0
C47;B04;X4;;1;7.72222;12.29;0.0;30.00;85.00;20.95;0.00;;30.0;30.0;30.0
C47;B05;X4;;1;7.72569;10.17;0.0;30.00;85.00;20.95;0.00;;30.0;30.0;30.0
C47;B06;X4;;1;7.72917;10.72;0.0;30.00;85.00;20.95;0.00;;30.0;30.0;30.0
C47;B07;X4;;1;7.73264;10.96;0.0;30.00;85.00;20.95;0.00;;30.0;30.0;30.0
C47;B08;X4;;1;7.73611;10.34;0.0;30.00;85.00;20.95;0.00;;30.0;30.0;30.0
C47;B09;X5;;1;7.73958;23.95;0.0;30.00;85.00;20.95;0.00;;30.0;30.0;30.0
C47;B10;X5;;1;7.74306;23.80;0.0;30.00;85.00;20.95;0.00;;30.0;30.0;30.0
C47;B11;X5;;1;7.74653;24.80;0.0;30.00;85.00;20.95;0.00;;30.0;30.0;30.0
C47;B12;X5;;1;7.75000;24.91;0.0;30.00;85.00;20.95;0.00;;30.0;30.0;30.0
C47;C01;X5;;1;7.75347;26.03;0.0;30.00;85.00;20.95;0.00;;30.0;30.0;30.0
C47;C02;X6;;1;7.75694;10.56;0.0;30.00;85.00;20.95;0.00;;30.0;30.0;30.0
C47;C03;X6;;1;7.76042;11.54;0.0;30.00;85.00;20.95;0.00;;30.0;30.0;30.0
C47;C04;X6;;1;7.76389;10.82;0.0;30.00;85.00;20.95;0.00;;30.0;30.0;30.0
C47;C05;X6;;1;7.76736;11.33;0.0;30.00;85.00;20.95;0.00;;30.0;30.0;30.0
C47;C06;X6;;1;7.77083;10.40;0.0;30.00;85.00;20.95;0.00;;30.0;30.0;30.0
C47;C07;X7;;1;7.77431;10.22;0.0;30.00;85.00;20.95;0.00;;30.0;30.0;30.0
C47;C08;X7;;1;7.77778;10.22;0.0;30.00;85.00;20.95;0.00;;30.0;30.0;30.0
C47;C09;X7;;1;7.78125;9.81;0.0;30.00;85.00;20.95;0.00;;30.0;30.0;30.0
C47;C10;X7;;1;7.78472;11.18;0.0;30.00;85.00;20.95;0.00;;30.0;30.0;30.0
C47;C11;X7;;1;7.78819;10.76;0.0;30.00;85.00;20.95;0.00;;30.0;30.0;30.0
C47;C12;X8;;1;7.79167;16.04;0.0;30.00;85.00;20.95;0.00;;30.0;30.0;30.0
C47;D01;X8;;1;7.79514;15.97;0.0;30.00;85.00;20.95;0.00;;30.0;30.0;30.0
C47;D02;X8;;1;7.79861;14.46;0.0;30.00;85.00;20.95;0.00;;30.0;30.0;30.0
C47;D03;X8;;1;7.80208;14.52;0.0;30.00;85.00;20.95;0.00;;30.0;30.0;30.0
C47;D04;X8;;1;7.80556;14.56;0.0;30.00;85.00;20.95;0.00;;30.0;30.0;30.0
C47;D05;B1;;1;7.80903;8.46;0.0;30.00;85.00;20.95;0.00;;30.0;30.0;30.0
C47;D06;B1;;1;7.81250;7.77;0.0;30.00;85.00;20.95;0.00;;30.0;30.0;30.0
C47;D07;B1;;1;7.81597;8.22;0.0;30.00;85.00;20.95;0.00;;30.0;30.0;30.0
R;;;;1;7.83333;181.97;0.0;30.00;85.00;20.95;0.00;test measure for referencing ;30.0;30.0;30.0
C48;A01;X1;;1;7.83681;12.13;0.0;30.00;85.00;20.95;0.00;;30.0;30.0;30.0
C48;A02;X1;;1;7.84028;11.88;0.0;30.00;85.00;20.95;0.00;;30.0;30.0;30.0
C48;A03;X1;;1;7.84375;12.93;0.0;30.00;85.00;20.95;0.00;;30.0;30.0;30.0
C48;A04;X1;;1;7.84722;12.64;0.0;30.00;85.00;20.95;0.00;;30.0;30.0;30.0
C48;A05;X1;;1;7.85069;12.01;0.0;30.00;85.00;20.95;0.00;;30.0;30.0;30.0
C48;A06;X2;;1;7.85417;10.51;0.0;30.00;85.00;20.95;0.00;;30.0;30.0;30.0
C48;A07;X2;;1;7.85764;10.31;0.0;30.00;85.00;20.95;0.00;;30.0;30.0;30.0
C48;A08;X2;;1;7.86111;10.35;0.0;30.00;85.00;20.95;0.00;;30.0;30.0;30.0
C48;A09;X2;;1;7.86458;10.03;0.0;30.00;85.00;20.95;0.00;;30.0;30.0;30.0
C48;A10;X2;;1;7.86806;10.74;0.0;30.00;85.00;20.95;0.00;;30.0;30.0;30.0
C48;A11;X3;;1;7.87153;10.74;0.0;30.00;85.00;20.95;0.00;;30.0;30.0;30.0
C48;A12;X3;;1;7.87500;10.77;0.0;30.00;85.00;20.95;0.00;;30.0;30.0;30.0
C48;B01;X3;;1;7.87847;10.71;0.0;30.00;85.00;20.95;0.00;;30.0;30.0;30.0
C48;B02;X3;;1;7.88194;10.18;0.0;30.00;85.00;20.95;0.00;;30.0;30.0;30.0
C48;B03;X3;;1;7.88542;9.57;0.0;30.00;85.00;20.95;0.00;;30.0;30.0;30.0
C48;B04;X4;;1;7.88889;12.13;0.0;30.00;85.00;20.95;0.00;;30.0;30.0;30.0
C48;B05;X4;;1;7.89236;10.35;0.0;30.00;85.00;20.95;0.00;;30.0;30.0;30.0
C48;B06;X4;;1;7.89583;11.89;0.0;30.00;85.00;20.95;0.00;;30.0;30.0;30.0
C48;B07;X4;;1;7.89931;10.42;0.0;30.00;85.00;20.95;0.00;;30.0;30.0;30.0
C48;B08;X4;;1;7.90278;10.85;0.0;30.00;85.00;20.95;0.00;;30.0;30.0;30.0
C48;B09;X5;;1;7.90625;25.26;0.0;30.00;85.00;20.95;0.00;;30.0;30.0;30.0
C48;B10;X5;;1;7.90972;24.98;0.0;30.00;85.00;20.95;0.00;;30.0;30.0;30.0
C48;B11;X5;;1;7.91319;26.40;0.0;30.00;85.00;20.95;0.00;;30.0;30.0;30.0
C48;B12;X5;;1;7.91667;26.14;0.0;30.00;85.00;20.95;0.00;;30.0;30.0;30.0
C48;C01;X5;;1;7.92014;27.55;0.0;30.00;85.00;20.95;0.00;;30.0;30.0;30.0
C48;C02;X6;;1;7.92361;10.61;0.0;30.00;85.00;20.95;0.00;;30.0;30.0;30.0
C48;C03;X6;;1;7.92708;11.81;0.0;30.00;85.00;20.95;0.00;;30.0;30.0;30.0
C48;C04;X6;;1;7.93056;10.97;0.0;30.00;85.00;20.95;0.00;;30.0;30.0;30.0
C48;C05;X6;;1;7.93403;12.29;0.0;30.00;85.00;20.95;0.00;;30.0;30.0;30.0
C48;C06;X6;;1;7.93750;10.75;0.0;30.00;85.00;20.95;0.00;;30.0;30.0;30.0
C48;C07;X7;;1;7.94097;10.57;0.0;30.00;85.00;20.95;0.00;;30.0;30.0;30.0
C48;C08;X7;;1;7.94444;10.85;0.0;30.00;85.00;20.95;0.00;;30.0;30.0;30.0
C48;C09;X7;;1;7.94792;10.33;0.0;30.00;85.00;20.95;0.00;;30.0;30.0;30.0
C48;C10;X7;;1;7.95139;10.79;0.0;30.00;85.00;20.95;0.00;;30.0;30.0;30.0
C48;C11;X7;;1;7.95486;11.01;0.0;30.00;85.00;20.95;0.00;;30.0;30.0;30.0
C48;C12;X8;;1;7.95833;15.90;0.0;30.00;85.00;20.95;0.00;;30.0;30.0;30.0
C48;D01;X8;;1;7.96181;16.26;0.0;30.00;85.00;20.95;0.00;;30.0;30.0;30.0
C48;D02;X8;;1;7.96528;15.13;0.0;30.00;85.00;20.95;0.00;;30.0;30.0;30.0
C48;D03;X8;;1;7.96875;15.11;0.0;30.00;85.00;20.95;0.00;;30.0;30.0;30.0
C48;D04;X8;;1;7.97222;15.10;0.0;30.00;85.00;20.95;0.00;;30.0;30.0;30.0
C48;D05;B1;;1;7.97569;7.64;0.0;30.00;85.00;20.95;0.00;;30.0;30.0;30.0
C48;D06;B1;;1;7.97917;7.69;0.0;30.00;85.00;20.95;0.00;;30.0;30.0;30.0
C48;D07;B1;;1;7.98264;8.12;0.0;30.00;85.00;20.95;0.00;;30.0;30.0;30.0
R;;;;1;8.00000;179.31;0.0;30.00;85.00;20.95;0.00;test measure for referencing ;30.0;30.0;30.0
C49;A01;X1;;1;8.00347;12.17;0.0;30.00;85.00;20.95;0.00;;30.0;30.0;30.0
C49;A02;X1;;1;8.00694;11.78;0.0;30.00;85.00;20.95;0.00;;30.0;30.0;30.0
C49;A03;X1;;1;8.01042;13.24;0.0;30.00;85.00;20.95;0.00;;30.0;30.0;30.0
C49;A04;X1;;1;8.01389;12.96;0.0;30.00;85.00;20.95;0.00;;30.0;30.0;30.0
C49;A05;X1;;1;8.01736;11.57;0.0;30.00;85.00;20.95;0.00;;30.0;30.0;30.0
C49;A06;X2;;1;8.02083;10.46;0.0;30.00;85.00;20.95;0.00;;30.0;30.0;30.0
C49;A07;X2;;1;8.02431;10.45;0.0;30.00;85.00;20.95;0.00;;30.0;30.0;30.0
C49;A08;X2;;1;8.02778;11.00;0.0;30.00;85.00;20.95;0.00;;30.0;30.0;30.0
C49;A09;X2;;1;8.03125;10.24;0.0;30.00;85.00;20.95;0.00;;30.0;30.0;30.0
C49;A10;X2;;1;8.03472;11.03;0.0;30.00;85.00;20.95;0.00;;30.0;30.0;30.0
C49;A11;X3;;1;8.03819;9.97;0.0;30.00;85.00;20.95;0.00;;30.0;30.0;30.0
C49;A12;X3;;1;8.04167;11.33;0.0;30.00;85.00;20.95;0.00;;30.0;30.0;30.0
C49;B01;X3;;1;8.04514;10.30;0.0;30.00;85.00;20.95;0.00;;30.0;30.0;30.0
C49;B02;X3;;1;8.04861;10.72;0.0;30.00;85.00;20.95;0.00;;30.0;30.0;30.0
C49;B03;X3;;1;8.05208;9.47;0.0;30.00;85.00;20.95;0.00;;30.0;30.0;30.0
C49;B04;X4;;1;8.05556;12.28;0.0;30.00;85.00;20.95;0.00;;30.0;30.0;30.0
C49;B05;X4;;1;8.05903;10.14;0.0;30.00;85.00;20.95;0.00;;30.0;30.0;30.0
C49;B06;X4;;1;8.06250;11.57;0.0;30.00;85.00;20.95;0.00;;30.0;30.0;30.0
C49;B07;X4;;1;8.06597;11.60;0.0;30.00;85.00;20.95;0.00;;30.0;30.0;30.0
C49;B08;X4;;1;8.06944;10.42;0.0;30.00;85.00;20.95;0.00;;30.0;30.0;30.0
C49;B09;X5;;1;8.07292;26.28;0.0;30.00;85.00;20.95;0.00;;30.0;30.0;30.0
C49;B10;X5;;1;8.07639;26.01;0.0;30.00;85.00;20.95;0.00;;30.0;30.0;30.0
C49;B11;X5;;1;8.07986;26.81;0.0;30.00;85.00;20.95;0.00;;30.0;30.0;30.0
C49;B12;X5;;1;8.08333;27.02;0.0;30.00;85.00;20.95;0.00;;30.0;30.0;30.0
C49;C01;X5;;1;8.08681;28.37;0.0;30.00;85.00;20.95;0.00;;30.0;30.0;30.0
C49;C02;X6;;1;8.09028;10.52;0.0;30.00;85.00;20.95;0.00;;30.0;30.0;30.0
C49;C03;X6;;1;8.09375;11.63;0.0;30.00;85.00;20.95;0.00;;30.0;30.0;30.0
C49;C04;X6;;1;8.09722;10.88;0.0;30.00;85.00;20.95;0.00;;30.0;30.0;30.0
C49;C05;X6;;1;8.10069;12.39;0.0;30.00;85.00;20.95;0.00;;30.0;30.0;30.0
C49;C06;X6;;1;8.10417;10.12;0.0;30.00;85.00;20.95;0.00;;30.0;30.0;30.0
C49;C07;X7;;1;8.10764;10.16;0.0;30.00;85.00;20.95;0.00;;30.0;30.0;30.0
C49;C08;X7;;1;8.11111;9.94;0.0;30.00;85.00;20.95;0.00;;30.0;30.0;30.0
C49;C09;X7;;1;8.11458;9.91;0.0;30.00;85.00;20.95;0.00;;30.0;30.0;30.0
C49;C10;X7;;1;8.11806;11.11;0.0;30.00;85.00;20.95;0.00;;30.0;30.0;30.0
C49;C11;X7;;1;8.12153;10.80;0.0;30.00;85.00;20.95;0.00;;30.0;30.0;30.0
C49;C12;X8;;1;8.12500;16.73;0.0;30.00;85.00;20.95;0.00;;30.0;30.0;30.0
C49;D01;X8;;1;8.12847;16.25;0.0;30.00;85.00;20.95;0.00;;30.0;30.0;30.0
C49;D02;X8;;1;8.13194;14.91;0.0;30.00;85.00;20.95;0.00;;30.0;30.0;30.0
C49;D03;X8;;1;8.13542;15.44;0.0;30.00;85.00;20.95;0.00;;30.0;30.0;30.0
C49;D04;X8;;1;8.13889;15.36;0.0;30.00;85.00;20.95;0.00;;30.0;30.0;30.0
C49;D05;B1;;1;8.14236;8.18;0.0;30.00;85.00;20.95;0.00;;30.0;30.0;30.0
C49;D06;B1;;1;8.14583;7.86;0.0;30.00;85.00;20.95;0.00;;30.0;30.0;30.0
C49;D07;B1;;1;8.14931;7.76;0.0;30.00;85.00;20.95;0.00;;30.0;30.0;30.0
R;;;;1;8.16667;179.06;0.0;30.00;85.00;20.95;0.00;test measure for referencing ;30.0;30.0;30.0
C50;A01;X1;;1;8.17014;12.43;0.0;30.00;85.00;20.95;0.00;;30.0;30.0;30.0
C50;A02;X1;;1;8.17361;12.61;0.0;30.00;85.00;20.95;0.00;;30.0;30.0;30.0
C50;A03;X1;;1;8.17708;13.30;0.0;30.00;85.00;20.95;0.00;;30.0;30.0;30.0
C50;A04;X1;;1;8.18056;11.98;0.0;30.00;85.00;20.95;0.00;;30.0;30.0;30.0
C50;A05;X1;;1;8.18403;11.63;0.0;30.00;85.00;20.95;0.00;;30.0;30.0;30.0
C50;A06;X2;;1;8.18750;10.60;0.0;30.00;85.00;20.95;0.00;;30.0;30.0;30.0
C50;A07;X2;;1;8.19097;10.39;0.0;30.00;85.00;20.95;0.00;;30.0;30.0;30.0
C50;A08;X2;;1;8.19444;10.34;0.0;30.00;85.00;20.95;0.00;;30.0;30.0;30.0
C50;A09;X2;;1;8.19792;10.12;0.0;30.00;85.00;20.95;0.00;;30.0;30.0;30.0
C50;A10;X2;;1;8.20139;10.69;0.0;30.00;85.00;20.95;0.00;;30.0;30.0;30.0
C50;A11;X3;;1;8.20486;9.80;0.0;30.00;85.00;20.95;0.00;;30.0;30.0;30.0
C50;A12;X3;;1;8.20833;11.13;0.0;30.00;85.00;20.95;0.00;;30.0;30.0;30.0
C50;B01;X3;;1;8.21181;10.88;0.0;30.00;85.00;20.95;0.00;;30.0;30.0;30.0
C50;B02;X3;;1;8.21528;10.55;0.0;30.00;85.00;20.95;0.00;;30.0;30.0;30.0
C50;B03;X3;;1;8.21875;9.42;0.0;30.00;85.00;20.95;0.00;;30.0;30.0;30.0
C50;B04;X4;;1;8.22222;12.76;0.0;30.00;85.00;20.95;0.00;;30.0;30.0;30.0
C50;B05;X4;;1;8.22569;10.65;0.0;30.00;85.00;20.95;0.00;;30.0;30.0;30.0
C50;B06;X4;;1;8.22917;11.16;0.0;30.00;85.00;20.95;0.00;;30.0;30.0;30.0
C50;B07;X4;;1;8.23264;11.38;0.0;30.00;85.00;20.95;0.00;;30.0;30.0;30.0
C50;B08;X4;;1;8.23611;10.94;0.0;30.00;85.00;20.95;0.00;;30.0;30.0;30.0
C50;B09;X5;;1;8.23958;27.05;0.0;30.00;85.00;20.95;0.00;;30.0;30.0;30.0
C50;B10;X5;;1;8.24306;26.44;0.0;30.00;85.00;20.95;0.00;;30.0;30.0;30.0
C50;B11;X5;;1;8.24653;27.65;0.0;30.00;85.00;20.95;0.00;;30.0;30.0;30.0
C50;B12;X5;;1;8.25000;27.68;0.0;30.00;85.00;20.95;0.00;;30.0;30.0;30.0
C50;C01;X5;;1;8.25347;29.99;0.0;30.00;85.00;20.95;0.00;;30.0;30.0;30.0
C50;C02;X6;;1;8.25694;10.79;0.0;30.00;85.00;20.95;0.00;;30.0;30.0;30.0
C50;C03;X6;;1;8.26042;11.61;0.0;30.00;85.00;20.95;0.00;;30.0;30.0;30.0
C50;C04;X6;;1;8.26389;10.99;0.0;30.00;85.00;20.95;0.00;;30.0;30.0;30.0
C50;C05;X6;;1;8.26736;11.83;0.0;30.00;85.00;20.95;0.00;;30.0;30.0;30.0
C50;C06;X6;;1;8.27083;10.91;0.0;30.00;85.00;20.95;0.00;;30.0;30.0;30.0
C50;C07;X7;;1;8.27431;10.07;0.0;30.00;85.00;20.95;0.00;;30.0;30.0;30.0
C50;C08;X7;;1;8.27778;11.09;0.0;30.00;85.00;20.95;0.00;;30.0;30.0;30.0
C50;C09;X7;;1;8.28125;9.96;0.0;30.00;85.00;20.95;0.00;;30.0;30.0;30.0
C50;C10;X7;;1;8.28472;10.94;0.0;30.00;85.00;20.95;0.00;;30.0;30.0;30.0
C50;C11;X7;;1;8.28819;10.47;0.0;30.00;85.00;20.95;0.00;;30.0;30.0;30.0
C50;C12;X8;;1;8.29167;16.36;0.0;30.00;85.00;20.95;0.00;;30.0;30.0;30.0
C50;D01;X8;;1;8.29514;16.47;0.0;30.00;85.00;20.95;0.00;;30.0;30.0;30.0
C50;D02;X8;;1;8.29861;14.88;0.0;30.00;85.00;20.95;0.00;;30.0;30.0;30.0
C50;D03;X8;;1;8.30208;15.45;0.0;30.00;85.00;20.95;0.00;;30.0;30.0;30.0
C50;D04;X8;;1;8.30556;15.25;0.0;30.00;85.00;20.95;0.00;;30.0;30.0;30.0
C50;D05;B1;;1;8.30903;8.87;0.0;30.00;85.00;20.95;0.00;;30.0;30.0;30.0
C50;D06;B1;;1;8.31250;7.97;0.0;30.00;85.00;20.95;0.00;;30.0;30.0;30.0
C50;D07;B1;;1;8.31597;7.38;0.0;30.00;85.00;20.95;0.00;;30.0;30.0;30.0
R;;;;1;8.33333;179.38;0.0;30.00;85.00;20.95;0.00;test measure for referencing ;30.0;30.0;30.0
C51;A01;X1;;1;8.33681;12.22;0.0;30.00;85.00;20.95;0.00;;30.0;30.0;30.0
C51;A02;X1;;1;8.34028;12.26;0.0;30.00;85.00;20.95;0.00;;30.0;30.0;30.0
C51;A03;X1;;1;8.34375;13.42;0.0;30.00;85.00;20.95;0.00;;30.0;30.0;30.0
C51;A04;X1;;1;8.34722;12.60;0.0;30.00;85.00;20.95;0.00;;30.0;30.0;30.0
C51;A05;X1;;1;8.35069;11.65;0.0;30.00;85.00;20.95;0.00;;30.0;30.0;30.0
C51;A06;X2;;1;8.35417;10.41;0.0;30.00;85.00;20.95;0.00;;30.0;30.0;30.0
C51;A07;X2;;1;8.35764;10.35;0.0;30.00;85.00;20.95;0.00;;30.0;30.0;30.0
C51;A08;X2;;1;8.36111;10.36;0.0;30.00;85.00;20.95;0.00;;30.0;30.0;30.0
C51;A09;X2;;1;8.36458;9.88;0.0;30.00;85.00;20.95;0.00;;30.0;30.0;30.0
C51;A10;X2;;1;8.36806;9.72;0.0;30.00;85.00;20.95;0.00;;30.0;30.0;30.0
C51;A11;X3;;1;8.37153;10.65;0.0;30.00;85.00;20.95;0.00;;30.0;30.0;30.0
C51;A12;X3;;1;8.37500;10.93;0.0;30.00;85.00;20.95;0.00;;30.0;30.0;30.0
C51;B01;X3;;1;8.37847;10.52;0.0;30.00;85.00;20.95;0.00;;30.0;30.0;30.0
C51;B02;X3;;1;8.38194;10.37;0.0;30.00;85.00;20.95;0.00;;30.0;30.0;30.0
C51;B03;X3;;1;8.38542;9.88;0.0;30.00;85.00;20.95;0.00;;30.0;30.0;30.0
C51;B04;X4;;1;8.38889;12.22;0.0;30.00;85.00;20.95;0.00;;30.0;30.0;30.0
C51;B05;X4;;1;8.39236;10.42;0.0;30.00;85.00;20.95;0.00;;30.0;30.0;30.0
C51;B06;X4;;1;8.39583;11.74;0.0;30.00;85.00;20.95;0.00;;30.0;30.0;30.0
C51;B07;X4;;1;8.39931;10.91;0.0;30.00;85.00;20.95;0.00;;30.0;30.0;30.0
C51;B08;X4;;1;8.40278;10.56;0.0;30.00;85.00;20.95;0.00;;30.0;30.0;30.0
C51;B09;X5;;1;8.40625;28.16;0.0;30.00;85.00;20.95;0.00;;30.0;30.0;30.0
C51;B10;X5;;1;8.40972;28.20;0.0;30.00;85.00;20.95;0.00;;30.0;30.0;30.0
C51;B11;X5;;1;8.41319;29.23;0.0;30.00;85.00;20.95;0.00;;30.0;30.0;30.0
C51;B12;X5;;1;8.41667;29.08;0.0;30.00;85.00;20.95;0.00;;30.0;30.0;30.0
C51;C01;X5;;1;8.42014;30.60;0.0;30.00;85.00;20.95;0.00;;30.0;30.0;30.0
C51;C02;X6;;1;8.42361;10.93;0.0;30.00;85.00;20.95;0.00;;30.0;30.0;30.0
C51;C03;X6;;1;8.42708;11.97;0.0;30.00;85.00;20.95;0.00;;30.0;30.0;30.0
C51;C04;X6;;1;8.43056;11.44;0.0;30.00;85.00;20.95;0.00;;30.0;30.0;30.0
C51;C05;X6;;1;8.43403;11.95;0.0;30.00;85.00;20.95;0.00;;30.0;30.0;30.0
C51;C06;X6;;1;8.43750;10.34;0.0;30.00;85.00;20.95;0.00;;30.0;30.0;30.0
C51;C07;X7;;1;8.44097;10.06;0.0;30.00;85.00;20.95;0.00;;30.0;30.0;30.0
C51;C08;X7;;1;8.44444;10.21;0.0;30.00;85.00;20.95;0.00;;30.0;30.0;30.0
C51;C09;X7;;1;8.44792;10.05;0.0;30.00;85.00;20.95;0.00;;30.0;30.0;30.0
C51;C10;X7;;1;8.45139;9.78;0.0;30.00;85.00;20.95;0.00;;30.0;30.0;30.0
C51;C11;X7;;1;8.45486;11.11;0.0;30.00;85.00;20.95;0.00;;30.0;30.0;30.0
C51;C12;X8;;1;8.45833;16.67;0.0;30.00;85.00;20.95;0.00;;30.0;30.0;30.0
C51;D01;X8;;1;8.46181;17.24;0.0;30.00;85.00;20.95;0.00;;30.0;30.0;30.0
C51;D02;X8;;1;8.46528;15.75;0.0;30.00;85.00;20.95;0.00;;30.0;30.0;30.0
C51;D03;X8;;1;8.46875;15.95;0.0;30.00;85.00;20.95;0.00;;30.0;30.0;30.0
C51;D04;X8;;1;8.47222;15.79;0.0;30.00;85.00;20.95;0.00;;30.0;30.0;30.0
C51;D05;B1;;1;8.47569;8.43;0.0;30.00;85.00;20.95;0.00;;30.0;30.0;30.0
C51;D06;B1;;1;8.47917;7.98;0.0;30.00;85.00;20.95;0.00;;30.0;30.0;30.0
C51;D07;B1;;1;8.48264;8.27;0.0;30.00;85.00;20.95;0.00;;30.0;30.0;30.0
R;;;;1;8.50000;177.33;0.0;30.00;85.00;20.95;0.00;test measure for referencing ;30.0;30.0;30.0
C52;A01;X1;;1;8.50347;12.15;0.0;30.00;85.00;20.95;0.00;;30.0;30.0;30.0
C52;A02;X1;;1;8.50694;12.19;0.0;30.00;85.00;20.95;0.00;;30.0;30.0;30.0
C52;A03;X1;;1;8.51042;13.42;0.0;30.00;85.00;20.95;0.00;;30.0;30.0;30.0
C52;A04;X1;;1;8.51389;13.03;0.0;30.00;85.00;20.95;0.00;;30.0;30.0;30.0
C52;A05;X1;;1;8.51736;11.61;0.0;30.00;85.00;20.95;0.00;;30.0;30.0;30.0
C52;A06;X2;;1;8.52083;10.51;0.0;30.00;85.00;20.95;0.00;;30.0;30.0;30.0
C52;A07;X2;;1;8.52431;10.28;0.0;30.00;85.00;20.95;0.00;;30.0;30.0;30.0
C52;A08;X2;;1;8.52778;10.43;0.0;30.00;85.00;20.95;0.00;;30.0;30.0;30.0
C52;A09;X2;;1;8.53125;9.64;0.0;30.00;85.00;20.95;0.00;;30.0;30.0;30.0
C52;A10;X2;;1;8.53472;9.91;0.0;30.00;85.00;20.95;0.00;;30.0;30.0;30.0
C52;A11;X3;;1;8.53819;10.55;0.0;30.00;85.00;20.95;0.00;;30.0;30.0;30.0
C52;A12;X3;;1;8.54167;10.83;0.0;30.00;85.00;20.95;0.00;;30.0;30.0;30.0
C52;B01;X3;;1;8.54514;10.19;0.0;30.00;85.00;20.95;0.00;;30.0;30.0;30.0
C52;B02;X3;;1;8.54861;10.41;0.0;30.00;85.00;20.95;0.00;;30.0;30.0;30.0
C52;B03;X3;;1;8.55208;9.38;0.0;30.00;85.00;20.95;0.00;;30.0;30.0;30.0
C52;B04;X4;;1;8.55556;12.06;0.0;30.00;85.00;20.95;0.00;;30.0;30.0;30.0
C52;B05;X4;;1;8.55903;10.44;0.0;30.00;85.00;20.95;0.00;;30.0;30.0;30.0
C52;B06;X4;;1;8.56250;11.20;0.0;30.00;85.00;20.95;0.00;;30.0;30.0;30.0
C52;B07;X4;;1;8.56597;10.92;0.0;30.00;85.00;20.95;0.00;;30.0;30.0;30.0
C52;B08;X4;;1;8.56944;10.83;0.0;30.00;85.00;20.95;0.00;;30.0;30.0;30.0
C52;B09;X5;;1;8.57292;28.29;0.0;30.00;85.00;20.95;0.00;;30.0;30.0;30.0
C52;B10;X5;;1;8.57639;28.44;0.0;30.00;85.00;20.95;0.00;;30.0;30.0;30.0
C52;B11;X5;;1;8.57986;30.40;0.0;30.00;85.00;20.95;0.00;;30.0;30.0;30.0
C52;B12;X5;;1;8.58333;30.12;0.0;30.00;85.00;20.95;0.00;;30.0;30.0;30.0
C52;C01;X5;;1;8.58681;31.47;0.0;30.00;85.00;20.95;0.00;;30.0;30.0;30.0
C52;C02;X6;;1;8.59028;10.94;0.0;30.00;85.00;20.95;0.00;;30.0;30.0;30.0
C52;C03;X6;;1;8.59375;11.34;0.0;30.00;85.00;20.95;0.00;;30.0;30.0;30.0
C52;C04;X6;;1;8.59722;11.58;0.0;30.00;85.00;20.95;0.00;;30.0;30.0;30.0
C52;C05;X6;;1;8.60069;11.94;0.0;30.00;85.00;20.95;0.00;;30.0;30.0;30.0
C52;C06;X6;;1;8.60417;10.65;0.0;30.00;85.00;20.95;0.00;;30.0;30.0;30.0
C52;C07;X7;;1;8.60764;10.32;0.0;30.00;85.00;20.95;0.00;;30.0;30.0;30.0
C52;C08;X7;;1;8.61111;10.26;0.0;30.00;85.00;20.95;0.00;;30.0;30.0;30.0
C52;C09;X7;;1;8.61458;9.52;0.0;30.00;85.00;20.95;0.00;;30.0;30.0;30.0
C52;C10;X7;;1;8.61806;10.74;0.0;30.00;85.00;20.95;0.00;;30.0;30.0;30.0
C52;C11;X7;;1;8.62153;10.10;0.0;30.00;85.00;20.95;0.00;;30.0;30.0;30.0
C52;C12;X8;;1;8.62500;16.95;0.0;30.00;85.00;20.95;0.00;;30.0;30.0;30.0
C52;D01;X8;;1;8.62847;16.34;0.0;30.00;85.00;20.95;0.00;;30.0;30.0;30.0
C52;D02;X8;;1;8.63194;15.53;0.0;30.00;85.00;20.95;0.00;;30.0;30.0;30.0
C52;D03;X8;;1;8.63542;16.09;0.0;30.00;85.00;20.95;0.00;;30.0;30.0;30.0
C52;D04;X8;;1;8.63889;16.68;0.0;30.00;85.00;20.95;0.00;;30.0;30.0;30.0
C52;D05;B1;;1;8.64236;8.18;0.0;30.00;85.00;20.95;0.00;;30.0;30.0;30.0
C52;D06;B1;;1;8.64583;7.61;0.0;30.00;85.00;20.95;0.00;;30.0;30.0;30.0
C52;D07;B1;;1;8.64931;7.97;0.0;30.00;85.00;20.95;0.00;;30.0;30.0;30.0
R;;;;1;8.66667;177.36;0.0;30.00;85.00;20.95;0.00;test measure for referencing ;30.0;30.0;30.0
C53;A01;X1;;1;8.67014;11.96;0.0;30.00;85.00;20.95;0.00;;30.0;30.0;30.0
C53;A02;X1;;1;8.67361;12.81;0.0;30.00;85.00;20.95;0.00;;30.0;30.0;30.0
C53;A03;X1;;1;8.67708;13.34;0.0;30.00;85.00;20.95;0.00;;30.0;30.0;30.0
C53;A04;X1;;1;8.68056;12.85;0.0;30.00;85.00;20.95;0.00;;30.0;30.0;30.0
C53;A05;X1;;1;8.68403;11.84;0.0;30.00;85.00;20.95;0.00;;30.0;30.0;30.0
C53;A06;X2;;1;8.68750;10.67;0.0;30.00;85.00;20.95;0.00;;30.0;30.0;30.0
C53;A07;X2;;1;8.69097;10.18;0.0;30.00;85.00;20.95;0.00;;30.0;30.0;30.0
C53;A08;X2;;1;8.69444;10.39;0.0;30.00;85.00;20.95;0.00;;30.0;30.0;30.0
C53;A09;X2;;1;8.69792;9.84;0.0;30.00;85.00;20.95;0.00;;30.0;30.0;30.0
C53;A10;X2;;1;8.70139;10.48;0.0;30.00;85.00;20.95;0.00;;30.0;30.0;30.0
C53;A11;X3;;1;8.70486;10.15;0.0;30.00;85.00;20.95;0.00;;30.0;30.0;30.0
C53;A12;X3;;1;8.70833;10.14;0.0;30.00;85.00;20.95;0.00;;30.0;30.0;30.0
C53;B01;X3;;1;8.71181;10.02;0.0;30.00;85.00;20.95;0.00;;30.0;30.0;30.0
C53;B02;X3;;1;8.71528;10.32;0.0;30.00;85.00;20.95;0.00;;30.0;30.0;30.0
C53;B03;X3;;1;8.71875;9.25;0.0;30.00;85.00;20.95;0.00;;30.0;30.0;30.0
C53;B04;X4;;1;8.72222;12.76;0.0;30.00;85.00;20.95;0.00;;30.0;30.0;30.0
C53;B05;X4;;1;8.72569;11.03;0.0;30.00;85.00;20.95;0.00;;30.0;30.0;30.0
C53;B06;X4;;1;8.72917;12.21;0.0;30.00;85.00;20.95;0.00;;30.0;30.0;30.0
C53;B07;X4;;1;8.73264;10.81;0.0;30.00;85.00;20.95;0.00;;30.0;30.0;30.0
C53;B08;X4;;1;8.73611;10.97;0.0;30.00;85.00;20.95;0.00;;30.0;30.0;30.0
C53;B09;X5;;1;8.73958;30.00;0.0;30.00;85.00;20.95;0.00;;30.0;30.0;30.0
C53;B10;X5;;1;8.74306;29.98;0.0;30.00;85.00;20.95;0.00;;30.0;30.0;30.0
C53;B11;X5;;1;8.74653;30.73;0.0;30.00;85.00;20.95;0.00;;30.0;30.0;30.0
C53;B12;X5;;1;8.75000;30.89;0.0;30.00;85.00;20.95;0.00;;30.0;30.0;30.0
C53;C01;X5;;1;8.75347;33.10;0.0;30.00;85.00;20.95;0.00;;30.0;30.0;30.0
C53;C02;X6;;1;8.75694;11.08;0.0;30.00;85.00;20.95;0.00;;30.0;30.0;30.0
C53;C03;X6;;1;8.76042;12.32;0.0;30.00;85.00;20.95;0.00;;30.0;30.0;30.0
C53;C04;X6;;1;8.76389;11.20;0.0;30.00;85.00;20.95;0.00;;30.0;30.0;30.0
C53;C05;X6;;1;8.76736;12.27;0.0;30.00;85.00;20.95;0.00;;30.0;30.0;30.0
C53;C06;X6;;1;8.77083;11.10;0.0;30.00;85.00;20.95;0.00;;30.0;30.0;30.0
C53;C07;X7;;1;8.77431;9.97;0.0;30.00;85.00;20.95;0.00;;30.0;30.0;30.0
C53;C08;X7;;1;8.77778;10.44;0.0;30.00;85.00;20.95;0.00;;30.0;30.0;30.0
C53;C09;X7;;1;8.78125;9.55;0.0;30.00;85.00;20.95;0.00;;30.0;30.0;30.0
C53;C10;X7;;1;8.78472;11.05;0.0;30.00;85.00;20.95;0.00;;30.0;30.0;30.0
C53;C11;X7;;1;8.78819;10.13;0.0;30.00;85.00;20.95;0.00;;30.0;30.0;30.0
C53;C12;X8;;1;8.79167;17.63;0.0;30.00;85.00;20.95;0.00;;30.0;30.0;30.0
C53;D01;X8;;1;8.79514;17.36;0.0;30.00;85.00;20.95;0.00;;30.0;30.0;30.0
C53;D02;X8;;1;8.79861;16.48;0.0;30.00;85.00;20.95;0.00;;30.0;30.0;30.0
C53;D03;X8;;1;8.80208;16.20;0.0;30.00;85.00;20.95;0.00;;30.0;30.0;30.0
C53;D04;X8;;1;8.80556;16.71;0.0;30.00;85.00;20.95;0.00;;30.0;30.0;30.0
C53;D05;B1;;1;8.80903;8.09;0.0;30.00;85.00;20.95;0.00;;30.0;30.0;30.0
C53;D06;B1;;1;8.81250;7.70;0.0;30.00;85.00;20.95;0.00;;30.0;30.0;30.0
C53;D07;B1;;1;8.81597;7.82;0.0;30.00;85.00;20.95;0.00;;30.0;30.0;30.0
R;;;;1;8.83333;178.86;0.0;30.00;85.00;20.95;0.00;test measure for referencing ;30.0;30.0;30.0
C54;A01;X1;;1;8.83681;12.38;0.0;30.00;85.00;20.95;0.00;;30.0;30.0;30.0
C54;A02;X1;;1;8.84028;12.85;0.0;30.00;85.00;20.95;0.00;;30.0;30.0;30.0
C54;A03;X1;;1;8.84375;13.49;0.0;30.00;85.00;20.95;0.00;;30.0;30.0;30.0
C54;A04;X1;;1;8.84722;13.23;0.0;30.00;85.00;20.95;0.00;;30.0;30.0;30.0
C54;A05;X1;;1;8.85069;11.93;0.0;30.00;85.00;20.95;0.00;;30.0;30.0;30.0
C54;A06;X2;;1;8.85417;10.34;0.0;30.00;85.00;20.95;0.00;;30.0;30.0;30.0
C54;A07;X2;;1;8.85764;9.94;0.0;30.00;85.00;20.95;0.00;;30.0;30.0;30.0
C54;A08;X2;;1;8.86111;10.03;0.0;30.00;85.00;20.95;0.00;;30.0;30.0;30.0
C54;A09;X2;;1;8.86458;9.63;0.0;30.00;85.00;20.95;0.00;;30.0;30.0;30.0
C54;A10;X2;;1;8.86806;10.78;0.0;30.00;85.00;20.95;0.00;;30.0;30.0;30.0
C54;A11;X3;;1;8.87153;10.23;0.0;30.00;85.00;20.95;0.00;;30.0;30.0;30.0
C54;A12;X3;;1;8.87500;11.32;0.0;30.00;85.00;20.95;0.00;;30.0;30.0;30.0
C54;B01;X3;;1;8.87847;10.07;0.0;30.00;85.00;20.95;0.00;;30.0;30.0;30.0
C54;B02;X3;;1;8.88194;10.32;0.0;30.00;85.00;20.95;0.00;;30.0;30.0;30.0
C54;B03;X3;;1;8.88542;9.15;0.0;30.00;85.00;20.95;0.00;;30.0;30.0;30.0
C54;B04;X4;;1;8.88889;12.69;0.0;30.00;85.00;20.95;0.00;;30.0;30.0;30.0
C54;B05;X4;;1;8.89236;10.07;0.0;30.00;85.00;20.95;0.00;;30.0;30.0;30.0
C54;B06;X4;;1;8.89583;11.96;0.0;30.00;85.00;20.95;0.00;;30.0;30.0;30.0
C54;B07;X4;;1;8.89931;11.27;0.0;30.00;85.00;20.95;0.00;;30.0;30.0;30.0
C54;B08;X4;;1;8.90278;11.70;0.0;30.00;85.00;20.95;0.00;;30.0;30.0;30.0
C54;B09;X5;;1;8.90625;31.62;0.0;30.00;85.00;20.95;0.00;;30.0;30.0;30.0
C54;B10;X5;;1;8.90972;31.46;0.0;30.00;85.00;20.95;0.00;;30.0;30.0;30.0
C54;B11;X5;;1;8.91319;32.65;0.0;30.00;85.00;20.95;0.00;;30.0;30.0;30.0
C54;B12;X5;;1;8.91667;32.55;0.0;30.00;85.00;20.95;0.00;;30.0;30.0;30.0
C54;C01;X5;;1;8.92014;33.97;0.0;30.00;85.00;20.95;0.00;;30.0;30.0;30.0
C54;C02;X6;;1;8.92361;10.60;0.0;30.00;85.00;20.95;0.00;;30.0;30.0;30.0
C54;C03;X6;;1;8.92708;12.09;0.0;30.00;85.00;20.95;0.00;;30.0;30.0;30.0
C54;C04;X6;;1;8.93056;11.40;0.0;30.00;85.00;20.95;0.00;;30.0;30.0;30.0
C54;C05;X6;;1;8.93403;12.00;0.0;30.00;85.00;20.95;0.00;;30.0;30.0;30.0
C54;C06;X6;;1;8.93750;10.94;0.0;30.00;85.00;20.95;0.00;;30.0;30.0;30.0
C54;C07;X7;;1;8.94097;10.45;0.0;30.00;85.00;20.95;0.00;;30.0;30.0;30.0
C54;C08;X7;;1;8.94444;10.08;0.0;30.00;85.00;20.95;0.00;;30.0;30.0;30.0
C54;C09;X7;;1;8.94792;10.11;0.0;30.00;85.00;20.95;0.00;;30.0;30.0;30.0
C54;C10;X7;;1;8.95139;11.44;0.0;30.00;85.00;20.95;0.00;;30.0;30.0;30.0
C54;C11;X7;;1;8.95486;10.41;0.0;30.00;85.00;20.95;0.00;;30.0;30.0;30.0
C54;C12;X8;;1;8.95833;17.60;0.0;30.00;85.00;20.95;0.00;;30.0;30.0;30.0
C54;D01;X8;;1;8.96181;18.10;0.0;30.00;85.00;20.95;0.00;;30.0;30.0;30.0
C54;D02;X8;;1;8.96528;16.65;0.0;30.00;85.00;20.95;0.00;;30.0;30.0;30.0
C54;D03;X8;;1;8.96875;17.05;0.0;30.00;85.00;20.95;0.00;;30.0;30.0;30.0
C54;D04;X8;;1;8.97222;17.52;0.0;30.00;85.00;20.95;0.00;;30.0;30.0;30.0
C54;D05;B1;;1;8.97569;7.96;0.0;30.00;85.00;20.95;0.00;;30.0;30.0;30.0
C54;D06;B1;;1;8.97917;8.61;0.0;30.00;85.00;20.95;0.00;;30.0;30.0;30.0
C54;D07;B1;;1;8.98264;7.25;0.0;30.00;85.00;20.95;0.00;;30.0;30.0;30.0
R;;;;1;9.00000;177.82;0.0;30.00;85.00;20.95;0.00;test measure for referencing ;30.0;30.0;30.0
C55;A01;X1;;1;9.00347;12.59;0.0;30.00;85.00;20.95;0.00;;30.0;30.0;30.0
C55;A02;X1;;1;9.00694;12.90;0.0;30.00;85.00;20.95;0.00;;30.0;30.0;30.0
C55;A03;X1;;1;9.01042;13.70;0.0;30.00;85.00;20.95;0.00;;30.0;30.0;30.0
C55;A04;X1;;1;9.01389;13.35;0.0;30.00;85.00;20.95;0.00;;30.0;30.0;30.0
C55;A05;X1;;1;9.01736;11.65;0.0;30.00;85.00;20.95;0.00;;30.0;30.0;30.0
C55;A06;X2;;1;9.02083;9.77;0.0;30.00;85.00;20.95;0.00;;30.0;30.0;30.0
C55;A07;X2;;1;9.02431;10.44;0.0;30.00;85.00;20.95;0.00;;30.0;30.0;30.0
C55;A08;X2;;1;9.02778;10.91;0.0;30.00;85.00;20.95;0.00;;30.0;30.0;30.0
C55;A09;X2;;1;9.03125;9.79;0.0;30.00;85.00;20.95;0.00;;30.0;30.0;30.0
C55;A10;X2;;1;9.03472;10.22;0.0;30.00;85.00;20.95;0.00;;30.0;30.0;30.0
C55;A11;X3;;1;9.03819;10.07;0.0;30.00;85.00;20.95;0.00;;30.0;30.0;30.0
C55;A12;X3;;1;9.04167;11.00;0.0;30.00;85.00;20.95;0.00;;30.0;30.0;30.0
C55;B01;X3;;1;9.04514;10.37;0.0;30.00;85.00;20.95;0.00;;30.0;30.0;30.0
C55;B02;X3;;1;9.04861;10.77;0.0;30.00;85.00;20.95;0.00;;30.0;30.0;30.0
C55;B03;X3;;1;9.05208;10.06;0.0;30.00;85.00;20.95;0.00;;30.0;30.0;30.0
C55;B04;X4;;1;9.05556;12.71;0.0;30.00;85.00;20.95;0.00;;30.0;30.0;30.0
C55;B05;X4;;1;9.05903;10.39;0.0;30.00;85.00;20.95;0.00;;30.0;30.0;30.0
C55;B06;X4;;1;9.06250;12.13;0.0;30.00;85.00;20.95;0.00;;30.0;30.0;30.0
C55;B07;X4;;1;9.06597;11.33;0.0;30.00;85.00;20.95;0.00;;30.0;30.0;30.0
C55;B08;X4;;1;9.06944;10.99;0.0;30.00;85.00;20.95;0.00;;30.0;30.0;30.0
C55;B09;X5;;1;9.07292;32.26;0.0;30.00;85.00;20.95;0.00;;30.0;30.0;30.0
C55;B10;X5;;1;9.07639;32.18;0.0;30.00;85.00;20.95;0.00;;30.0;30.0;30.0
C55;B11;X5;;1;9.07986;33.33;0.0;30.00;85.00;20.95;0.00;;30.0;30.0;30.0
C55;B12;X5;;1;9.08333;33.11;0.0;30.00;85.00;20.95;0.00;;30.0;30.0;30.0
C55;C01;X5;;1;9.08681;34.91;0.0;30.00;85.00;20.95;0.00;;30.0;30.0;30.0
C55;C02;X6;;1;9.09028;10.97;0.0;30.00;85.00;20.95;0.00;;30.0;30.0;30.0
C55;C03;X6;;1;9.09375;12.09;0.0;30.00;85.00;20.95;0.00;;30.0;30.0;30.0
C55;C04;X6;;1;9.09722;11.66;0.0;30.00;85.00;20.95;0.00;;30.0;30.0;30.0
C55;C05;X6;;1;9.10069;11.68;0.0;30.00;85.00;20.95;0.00;;30.0;30.0;30.0
C55;C06;X6;;1;9.10417;10.65;0.0;30.00;85.00;20.95;0.00;;30.0;30.0;30.0
C55;C07;X7;;1;9.10764;9.93;0.0;30.00;85.00;20.95;0.00;;30.0;30.0;30.0
C55;C08;X7;;1;9.11111;10.57;0.0;30.00;85.00;20.95;0.00;;30.0;30.0;30.0
C55;C09;X7;;1;9.11458;9.56;0.0;30.00;85.00;20.95;0.00;;30.0;30.0;30.0
C55;C10;X7;;1;9.11806;11.08;0.0;30.00;85.00;20.95;0.00;;30.0;30.0;30.0
C55;C11;X7;;1;9.12153;10.34;0.0;30.00;85.00;20.95;0.00;;30.0;30.0;30.0
C55;C12;X8;;1;9.12500;18.49;0.0;30.00;85.00;20.95;0.00;;30.0;30.0;30.0
C55;D01;X8;;1;9.12847;18.04;0.0;30.00;85.00;20.95;0.00;;30.0;30.0;30.0
C55;D02;X8;;1;9.13194;16.75;0.0;30.00;85.00;20.95;0.00;;30.0;30.0;30.0
C55;D03;X8;;1;9.13542;17.02;0.0;30.00;85.00;20.95;0.00;;30.0;30.0;30.0
C55;D04;X8;;1;9.13889;17.66;0.0;30.00;85.00;20.95;0.00;;30.0;30.0;30.0
C55;D05;B1;;1;9.14236;7.14;0.0;30.00;85.00;20.95;0.00;;30.0;30.0;30.0
C55;D06;B1;;1;9.14583;7.98;0.0;30.00;85.00;20.95;0.00;;30.0;30.0;30.0
C55;D07;B1;;1;9.14931;7.37;0.0;30.00;85.00;20.95;0.00;;30.0;30.0;30.0
R;;;;1;9.16667;179.29;0.0;30.00;85.00;20.95;0.00;test measure for referencing ;30.0;30.0;30.0
C56;A01;X1;;1;9.17014;12.21;0.0;30.00;85.00;20.95;0.00;;30.0;30.0;30.0
C56;A02;X1;;1;9.17361;12.87;0.0;30.00;85.00;20.95;0.00;;30.0;30.0;30.0
C56;A03;X1;;1;9.17708;14.31;0.0;30.00;85.00;20.95;0.00;;30.0;30.0;30.0
C56;A04;X1;;1;9.18056;13.87;0.0;30.00;85.00;20.95;0.00;;30.0;30.0;30.0
C56;A05;X1;;1;9.18403;11.93;0.0;30.00;85.00;20.95;0.00;;30.0;30.0;30.0
C56;A06;X2;;1;9.18750;11.04;0.0;30.00;85.00;20.95;0.00;;30.0;30.0;30.0
C56;A07;X2;;1;9.19097;10.14;0.0;30.00;85.00;20.95;0.00;;30.0;30.0;30.0
C56;A08;X2;;1;9.19444;10.60;0.0;30.00;85.00;20.95;0.00;;30.0;30.0;30.0
C56;A09;X2;;1;9.19792;10.00;0.0;30.00;85.00;20.95;0.00;;30.0;30.0;30.0
C56;A10;X2;;1;9.20139;10.66;0.0;30.00;85.00;20.95;0.00;;30.0;30.0;30.0
C56;A11;X3;;1;9.20486;10.44;0.0;30.00;85.00;20.95;0.00;;30.0;30.0;30.0
C56;A12;X3;;1;9.20833;10.93;0.0;30.00;85.00;20.95;0.00;;30.0;30.0;30.0
C56;B01;X3;;1;9.21181;10.62;0.0;30.00;85.00;20.95;0.00;;30.0;30.0;30.0
C56;B02;X3;;1;9.21528;10.50;0.0;30.00;85.00;20.95;0.00;;30.0;30.0;30.0
C56;B03;X3;;1;9.21875;9.49;0.0;30.00;85.00;20.95;0.00;;30.0;30.0;30.0
C56;B04;X4;;1;9.22222;12.16;0.0;30.00;85.00;20.95;0.00;;30.0;30.0;30.0
C56;B05;X4;;1;9.22569;10.24;0.0;30.00;85.00;20.95;0.00;;30.0;30.0;30.0
C56;B06;X4;;1;9.22917;11.91;0.0;30.00;85.00;20.95;0.00;;30.0;30.0;30.0
C56;B07;X4;;1;9.23264;11.49;0.0;30.00;85.00;20.95;0.00;;30.0;30.0;30.0
C56;B08;X4;;1;9.23611;11.12;0.0;30.00;85.00;20.95;0.00;;30.0;30.0;30.0
C56;B09;X5;;1;9.23958;33.53;0.0;30.00;85.00;20.95;0.00;;30.0;30.0;30.0
C56;B10;X5;;1;9.24306;33.75;0.0;30.00;85.00;20.95;0.00;;30.0;30.0;30.0
C56;B11;X5;;1;9.24653;34.93;0.0;30.00;85.00;20.95;0.00;;30.0;30.0;30.0
C56;B12;X5;;1;9.25000;34.48;0.0;30.00;85.00;20.95;0.00;;30.0;30.0;30.0
C56;C01;X5;;1;9.25347;36.81;0.0;30.00;85.00;20.95;0.00;;30.0;30.0;30.0
C56;C02;X6;;1;9.25694;11.00;0.0;30.00;85.00;20.95;0.00;;30.0;30.0;30.0
C56;C03;X6;;1;9.26042;12.39;0.0;30.00;85.00;20.95;0.00;;30.0;30.0;30.0
C56;C04;X6;;1;9.26389;11.90;0.0;30.00;85.00;20.95;0.00;;30.0;30.0;30.0
C56;C05;X6;;1;9.26736;12.29;0.0;30.00;85.00;20.95;0.00;;30.0;30.0;30.0
C56;C06;X6;;1;9.27083;11.17;0.0;30.00;85.00;20.95;0.00;;30.0;30.0;30.0
C56;C07;X7;;1;9.27431;10.38;0.0;30.00;85.00;20.95;0.00;;30.0;30.0;30.0
C56;C08;X7;;1;9.27778;10.65;0.0;30.00;85.00;20.95;0.00;;30.0;30.0;30.0
C56;C09;X7;;1;9.28125;9.94;0.0;30.00;85.00;20.95;0.00;;30.0;30.0;30.0
C56;C10;X7;;1;9.28472;11.27;0.0;30.00;85.00;20.95;0.00;;30.0;30.0;30.0
C56;C11;X7;;1;9.28819;10.64;0.0;30.00;85.00;20.95;0.00;;30.0;30.0;30.0
C56;C12;X8;;1;9.29167;19.01;0.0;30.00;85.00;20.95;0.00;;30.0;30.0;30.0
C56;D01;X8;;1;9.29514;19.17;0.0;30.00;85.00;20.95;0.00;;30.0;30.0;30.0
C56;D02;X8;;1;9.29861;17.76;0.0;30.00;85.00;20.95;0.00;;30.0;30.0;30.0
C56;D03;X8;;1;9.30208;18.15;0.0;30.00;85.00;20.95;0.00;;30.0;30.0;30.0
C56;D04;X8;;1;9.30556;17.84;0.0;30.00;85.00;20.95;0.00;;30.0;30.0;30.0
C56;D05;B1;;1;9.30903;8.27;0.0;30.00;85.00;20.95;0.00;;30.0;30.0;30.0
C56;D06;B1;;1;9.31250;7.28;0.0;30.00;85.00;20.95;0.00;;30.0;30.0;30.0
C56;D07;B1;;1;9.31597;8.02;0.0;30.00;85.00;20.95;0.00;;30.0;30.0;30.0
R;;;;1;9.33333;176.73;0.0;30.00;85.00;20.95;0.00;test measure for referencing ;30.0;30.0;30.0
C57;A01;X1;;1;9.33681;12.30;0.0;30.00;85.00;20.95;0.00;;30.0;30.0;30.0
C57;A02;X1;;1;9.34028;12.90;0.0;30.00;85.00;20.95;0.00;;30.0;30.0;30.0
C57;A03;X1;;1;9.34375;13.59;0.0;30.00;85.00;20.95;0.00;;30.0;30.0;30.0
C57;A04;X1;;1;9.34722;13.29;0.0;30.00;85.00;20.95;0.00;;30.0;30.0;30.0
C57;A05;X1;;1;9.35069;11.39;0.0;30.00;85.00;20.95;0.00;;30.0;30.0;30.0
C57;A06;X2;;1;9.35417;10.80;0.0;30.00;85.00;20.95;0.00;;30.0;30.0;30.0
C57;A07;X2;;1;9.35764;9.36;0.0;30.00;85.00;20.95;0.00;;30.0;30.0;30.0
C57;A08;X2;;1;9.36111;10.27;0.0;30.00;85.00;20.95;0.00;;30.0;30.0;30.0
C57;A09;X2;;1;9.36458;10.22;0.0;30.00;85.00;20.95;0.00;;30.0;30.0;30.0
C57;A10;X2;;1;9.36806;10.11;0.0;30.00;85.00;20.95;0.00;;30.0;30.0;30.0
C57;A11;X3;;1;9.37153;10.69;0.0;30.00;85.00;20.95;0.00;;30.0;30.0;30.0
C57;A12;X3;;1;9.37500;11.05;0.0;30.00;85.00;20.95;0.00;;30.0;30.0;30.0
C57;B01;X3;;1;9.37847;10.20;0.0;30.00;85.00;20.95;0.00;;30.0;30.0;30.0
C57;B02;X3;;1;9.38194;10.20;0.0;30.00;85.00;20.95;0.00;;30.0;30.0;30.0
C57;B03;X3;;1;9.38542;9.41;0.0;30.00;85.00;20.95;0.00;;30.0;30.0;30.0
C57;B04;X4;;1;9.38889;12.43;0.0;30.00;85.00;20.95;0.00;;30.0;30.0;30.0
C57;B05;X4;;1;9.39236;10.75;0.0;30.00;85.00;20.95;0.00;;30.0;30.0;30.0
C57;B06;X4;;1;9.39583;12.22;0.0;30.00;85.00;20.95;0.00;;30.0;30.0;30.0
C57;B07;X4;;1;9.39931;10.57;0.0;30.00;85.00;20.95;0.00;;30.0;30.0;30.0
C57;B08;X4;;1;9.40278;11.19;0.0;30.00;85.00;20.95;0.00;;30.0;30.0;30.0
C57;B09;X5;;1;9.40625;34.52;0.0;30.00;85.00;20.95;0.00;;30.0;30.0;30.0
C57;B10;X5;;1;9.40972;33.99;0.0;30.00;85.00;20.95;0.00;;30.0;30.0;30.0
C57;B11;X5;;1;9.41319;36.12;0.0;30.00;85.00;20.95;0.00;;30.0;30.0;30.0
C57;B12;X5;;1;9.41667;35.46;0.0;30.00;85.00;20.95;0.00;;30.0;30.0;30.0
C57;C01;X5;;1;9.42014;37.74;0.0;30.00;85.00;20.95;0.00;;30.0;30.0;30.0
C57;C02;X6;;1;9.42361;11.04;0.0;30.00;85.00;20.95;0.00;;30.0;30.0;30.0
C57;C03;X6;;1;9.42708;12.16;0.0;30.00;85.00;20.95;0.00;;30.0;30.0;30.0
C57;C04;X6;;1;9.43056;11.86;0.0;30.00;85.00;20.95;0.00;;30.0;30.0;30.0
C57;C05;X6;;1;9.43403;12.12;0.0;30.00;85.00;20.95;0.00;;30.0;30.0;30.0
C57;C06;X6;;1;9.43750;10.78;0.0;30.00;85.00;20.95;0.00;;30.0;30.0;30.0
C57;C07;X7;;1;9.44097;10.04;0.0;30.00;85.00;20.95;0.00;;30.0;30.0;30.0
C57;C08;X7;;1;9.44444;10.78;0.0;30.00;85.00;20.95;0.00;;30.0;30.0;30.0
C57;C09;X7;;1;9.44792;9.74;0.0;30.00;85.00;20.95;0.00;;30.0;30.0;30.0
C57;C10;X7;;1;9.45139;10.55;0.0;30.00;85.00;20.95;0.00;;30.0;30.0;30.0
C57;C11;X7;;1;9.45486;10.13;0.0;30.00;85.00;20.95;0.00;;30.0;30.0;30.0
C57;C12;X8;;1;9.45833;18.75;0.0;30.00;85.00;20.95;0.00;;30.0;30.0;30.0
C57;D01;X8;;1;9.46181;19.16;0.0;30.00;85.00;20.95;0.00;;30.0;30.0;30.0
C57;D02;X8;;1;9.46528;17.92;0.0;30.00;85.00;20.95;0.00;;30.0;30.0;30.0
C57;D03;X8;;1;9.46875;18.19;0.0;30.00;85.00;20.95;0.00;;30.0;30.0;30.0
C57;D04;X8;;1;9.47222;17.97;0.0;30.00;85.00;20.95;0.00;;30.0;30.0;30.0
C57;D05;B1;;1;9.47569;7.52;0.0;30.00;85.00;20.95;0.00;;30.0;30.0;30.0
C57;D06;B1;;1;9.47917;7.53;0.0;30.00;85.00;20.95;0.00;;30.0;30.0;30.0
C57;D07;B1;;1;9.48264;7.56;0.0;30.00;85.00;20.95;0.00;;30.0;30.0;30.0
R;;;;1;9.50000;176.33;0.0;30.00;85.00;20.95;0.00;test measure for referencing ;30.0;30.0;30.0
C58;A01;X1;;1;9.50347;13.23;0.0;30.00;85.00;20.95;0.00;;30.0;30.0;30.0
C58;A02;X1;;1;9.50694;13.17;0.0;30.00;85.00;20.95;0.00;;30.0;30.0;30.0
C58;A03;X1;;1;9.51042;13.85;0.0;30.00;85.00;20.95;0.00;;30.0;30.0;30.0
C58;A04;X1;;1;9.51389;12.73;0.0;30.00;85.00;20.95;0.00;;30.0;30.0;30.0
C58;A05;X1;;1;9.51736;12.66;0.0;30.00;85.00;20.95;0.00;;30.0;30.0;30.0
C58;A06;X2;;1;9.52083;10.60;0.0;30.00;85.00;20.95;0.00;;30.0;30.0;30.0
C58;A07;X2;;1;9.52431;10.16;0.0;30.00;85.00;20.95;0.00;;30.0;30.0;30.0
C58;A08;X2;;1;9.52778;10.65;0.0;30.00;85.00;20.95;0.00;;30.0;30.0;30.0
C58;A09;X2;;1;9.53125;9.51;0.0;30.00;85.00;20.95;0.00;;30.0;30.0;30.0
C58;A10;X2;;1;9.53472;10.67;0.0;30.00;85.00;20.95;0.00;;30.0;30.0;30.0
C58;A11;X3;;1;9.53819;10.00;0.0;30.00;85.00;20.95;0.00;;30.0;30.0;30.0
C58;A12;X3;;1;9.54167;10.83;0.0;30.00;85.00;20.95;0.00;;30.0;30.0;30.0
C58;B01;X3;;1;9.54514;10.15;0.0;30.00;85.00;20.95;0.00;;30.0;30.0;30.0
C58;B02;X3;;1;9.54861;9.89;0.0;30.00;85.00;20.95;0.00;;30.0;30.0;30.0
C58;B03;X3;;1;9.55208;9.15;0.0;30.00;85.00;20.95;0.00;;30.0;30.0;30.0
C58;B04;X4;;1;9.55556;12.67;0.0;30.00;85.00;20.95;0.00;;30.0;30.0;30.0
C58;B05;X4;;1;9.55903;10.76;0.0;30.00;85.00;20.95;0.00;;30.0;30.0;30.0
C58;B06;X4;;1;9.56250;11.79;0.0;30.00;85.00;20.95;0.00;;30.0;30.0;30.0
C58;B07;X4;;1;9.56597;10.99;0.0;30.00;85.00;20.95;0.00;;30.0;30.0;30.0
C58;B08;X4;;1;9.56944;10.81;0.0;30.00;85.00;20.95;0.00;;30.0;30.0;30.0
C58;B09;X5;;1;9.57292;35.56;0.0;30.00;85.00;20.95;0.00;;30.0;30.0;30.0
C58;B10;X5;;1;9.57639;35.05;0.0;30.00;85.00;20.95;0.00;;30.0;30.0;30.0
C58;B11;X5;;1;9.57986;37.29;0.0;30.00;85.00;20.95;0.00;;30.0;30.0;30.0
C58;B12;X5;;1;9.58333;36.08;0.0;30.00;85.00;20.95;0.00;;30.0;30.0;30.0
C58;C01;X5;;1;9.58681;38.35;0.0;30.00;85.00;20.95;0.00;;30.0;30.0;30.0
C58;C02;X6;;1;9.59028;11.09;0.0;30.00;85.00;20.95;0.00;;30.0;30.0;30.0
C58;C03;X6;;1;9.59375;12.53;0.0;30.00;85.00;20.95;0.00;;30.0;30.0;30.0
C58;C04;X6;;1;9.59722;11.34;0.0;30.00;85.00;20.95;0.00;;30.0;30.0;30.0
C58;C05;X6;;1;9.60069;12.24;0.0;30.00;85.00;20.95;0.00;;30.0;30.0;30.0
C58;C06;X6;;1;9.60417;10.62;0.0;30.00;85.00;20.95;0.00;;30.0;30.0;30.0
C58;C07;X7;;1;9.60764;10.26;0.0;30.00;85.00;20.95;0.00;;30.0;30.0;30.0
C58;C08;X7;;1;9.61111;10.49;0.0;30.00;85.00;20.95;0.00;;30.0;30.0;30.0
C58;C09;X7;;1;9.61458;9.71;0.0;30.00;85.00;20.95;0.00;;30.0;30.0;30.0
C58;C10;X7;;1;9.61806;10.62;0.0;30.00;85.00;20.95;0.00;;30.0;30.0;30.0
C58;C11;X7;;1;9.62153;10.51;0.0;30.00;85.00;20.95;0.00;;30.0;30.0;30.0
C58;C12;X8;;1;9.62500;19.75;0.0;30.00;85.00;20.95;0.00;;30.0;30.0;30.0
C58;D01;X8;;1;9.62847;19.36;0.0;30.00;85.00;20.95;0.00;;30.0;30.0;30.0
C58;D02;X8;;1;9.63194;17.97;0.0;30.00;85.00;20.95;0.00;;30.0;30.0;30.0
C58;D03;X8;;1;9.63542;18.01;0.0;30.00;85.00;20.95;0.00;;30.0;30.0;30.0
C58;D04;X8;;1;9.63889;18.49;0.0;30.00;85.00;20.95;0.00;;30.0;30.0;30.0
C58;D05;B1;;1;9.64236;8.32;0.0;30.00;85.00;20.95;0.00;;30.0;30.0;30.0
C58;D06;B1;;1;9.64583;7.47;0.0;30.00;85.00;20.95;0.00;;30.0;30.0;30.0
C58;D07;B1;;1;9.64931;7.92;0.0;30.00;85.00;20.95;0.00;;30.0;30.0;30.0
R;;;;1;9.66667;180.71;0.0;30.00;85.00;20.95;0.00;test measure for referencing ;30.0;30.0;30.0
C59;A01;X1;;1;9.67014;13.07;0.0;30.00;85.00;20.95;0.00;;30.0;30.0;30.0
C59;A02;X1;;1;9.67361;13.65;0.0;30.00;85.00;20.95;0.00;;30.0;30.0;30.0
C59;A03;X1;;1;9.67708;14.70;0.0;30.00;85.00;20.95;0.00;;30.0;30.0;30.0
C59;A04;X1;;1;9.68056;13.50;0.0;30.00;85.00;20.95;0.00;;30.0;30.0;30.0
C59;A05;X1;;1;9.68403;12.98;0.0;30.00;85.00;20.95;0.00;;30.0;30.0;30.0
C59;A06;X2;;1;9.68750;10.34;0.0;30.00;85.00;20.95;0.00;;30.0;30.0;30.0
C59;A07;X2;;1;9.69097;10.41;0.0;30.00;85.00;20.95;0.00;;30.0;30.0;30.0
C59;A08;X2;;1;9.69444;10.25;0.0;30.00;85.00;20.95;0.00;;30.0;30.0;30.0
C59;A09;X2;;1;9.69792;9.47;0.0;30.00;85.00;20.95;0.00;;30.0;30.0;30.0
C59;A10;X2;;1;9.70139;10.67;0.0;30.00;85.00;20.95;0.00;;30.0;30.0;30.0
C59;A11;X3;;1;9.70486;10.88;0.0;30.00;85.00;20.95;0.00;;30.0;30.0;30.0
C59;A12;X3;;1;9.70833;11.72;0.0;30.00;85.00;20.95;0.00;;30.0;30.0;30.0
C59;B01;X3;;1;9.71181;11.26;0.0;30.00;85.00;20.95;0.00;;30.0;30.0;30.0
C59;B02;X3;;1;9.71528;10.92;0.0;30.00;85.00;20.95;0.00;;30.0;30.0;30.0
C59;B03;X3;;1;9.71875;10.05;0.0;30.00;85.00;20.95;0.00;;30.0;30.0;30.0
C59;B04;X4;;1;9.72222;12.95;0.0;30.00;85.00;20.95;0.00;;30.0;30.0;30.0
C59;B05;X4;;1;9.72569;10.97;0.0;30.00;85.00;20.95;0.00;;30.0;30.0;30.0
C59;B06;X4;;1;9.72917;12.08;0.0;30.00;85.00;20.95;0.00;;30.0;30.0;30.0
C59;B07;X4;;1;9.73264;11.38;0.0;30.00;85.00;20.95;0.00;;30.0;30.0;30.0
C59;B08;X4;;1;9.73611;11.39;0.0;30.00;85.00;20.95;0.00;;30.0;30.0;30.0
C59;B09;X5;;1;9.73958;37.71;0.0;30.00;85.00;20.95;0.00;;30.0;30.0;30.0
C59;B10;X5;;1;9.74306;37.39;0.0;30.00;85.00;20.95;0.00;;30.0;30.0;30.0
C59;B11;X5;;1;9.74653;38.87;0.0;30.00;85.00;20.95;0.00;;30.0;30.0;30.0
C59;B12;X5;;1;9.75000;38.28;0.0;30.00;85.00;20.95;0.00;;30.0;30.0;30.0
C59;C01;X5;;1;9.75347;41.99;0.0;30.00;85.00;20.95;0.00;;30.0;30.0;30.0
C59;C02;X6;;1;9.75694;11.25;0.0;30.00;85.00;20.95;0.00;;30.0;30.0;30.0
C59;C03;X6;;1;9.76042;12.80;0.0;30.00;85.00;20.95;0.00;;30.0;30.0;30.0
C59;C04;X6;;1;9.76389;12.29;0.0;30.00;85.00;20.95;0.00;;30.0;30.0;30.0
C59;C05;X6;;1;9.76736;13.08;0.0;30.00;85.00;20.95;0.00;;30.0;30.0;30.0
C59;C06;X6;;1;9.77083;11.14;0.0;30.00;85.00;20.95;0.00;;30.0;30.0;30.0
C59;C07;X7;;1;9.77431;11.06;0.0;30.00;85.00;20.95;0.00;;30.0;30.0;30.0
C59;C08;X7;;1;9.77778;10.78;0.0;30.00;85.00;20.95;0.00;;30.0;30.0;30.0
C59;C09;X7;;1;9.78125;9.79;0.0;30.00;85.00;20.95;0.00;;30.0;30.0;30.0
C59;C10;X7;;1;9.78472;10.81;0.0;30.00;85.00;20.95;0.00;;30.0;30.0;30.0
C59;C11;X7;;1;9.78819;10.64;0.0;30.00;85.00;20.95;0.00;;30.0;30.0;30.0
C59;C12;X8;;1;9.79167;21.14;0.0;30.00;85.00;20.95;0.00;;30.0;30.0;30.0
C59;D01;X8;;1;9.79514;20.09;0.0;30.00;85.00;20.95;0.00;;30.0;30.0;30.0
C59;D02;X8;;1;9.79861;18.76;0.0;30.00;85.00;20.95;0.00;;30.0;30.0;30.0
C59;D03;X8;;1;9.80208;19.12;0.0;30.00;85.00;20.95;0.00;;30.0;30.0;30.0
C59;D04;X8;;1;9.80556;19.74;0.0;30.00;85.00;20.95;0.00;;30.0;30.0;30.0
C59;D05;B1;;1;9.80903;7.64;0.0;30.00;85.00;20.95;0.00;;30.0;30.0;30.0
C59;D06;B1;;1;9.81250;7.66;0.0;30.00;85.00;20.95;0.00;;30.0;30.0;30.0
C59;D07;B1;;1;9.81597;7.84;0.0;30.00;85.00;20.95;0.00;;30.0;30.0;30.0
R;;;;1;9.83333;180.12;0.0;30.00;85.00;20.95;0.00;test measure for referencing ;30.0;30.0;30.0
C60;A01;X1;;1;9.83681;13.27;0.0;30.00;85.00;20.95;0.00;;30.0;30.0;30.0
C60;A02;X1;;1;9.84028;13.52;0.0;30.00;85.00;20.95;0.00;;30.0;30.0;30.0
C60;A03;X1;;1;9.84375;14.65;0.0;30.00;85.00;20.95;0.00;;30.0;30.0;30.0
C60;A04;X1;;1;9.84722;14.08;0.0;30.00;85.00;20.95;0.00;;30.0;30.0;30.0
C60;A05;X1;;1;9.85069;13.07;0.0;30.00;85.00;20.95;0.00;;30.0;30.0;30.0
C60;A06;X2;;1;9.85417;10.41;0.0;30.00;85.00;20.95;0.00;;30.0;30.0;30.0
C60;A07;X2;;1;9.85764;10.36;0.0;30.00;85.00;20.95;0.00;;30.0;30.0;30.0
C60;A08;X2;;1;9.86111;10.50;0.0;30.00;85.00;20.95;0.00;;30.0;30.0;30.0
C60;A09;X2;;1;9.86458;10.16;0.0;30.00;85.00;20.95;0.00;;30.0;30.0;30.0
C60;A10;X2;;1;9.86806;10.98;0.0;30.00;85.00;20.95;0.00;;30.0;30.0;30.0
C60;A11;X3;;1;9.87153;10.31;0.0;30.00;85.00;20.95;0.00;;30.0;30.0;30.0
C60;A12;X3;;1;9.87500;11.28;0.0;30.00;85.00;20.95;0.00;;30.0;30.0;30.0
C60;B01;X3;;1;9.87847;10.36;0.0;30.00;85.00;20.95;0.00;;30.0;30.0;30.0
C60;B02;X3;;1;9.88194;10.91;0.0;30.00;85.00;20.95;0.00;;30.0;30.0;30.0
C60;B03;X3;;1;9.88542;9.55;0.0;30.00;85.00;20.95;0.00;;30.0;30.0;30.0
C60;B04;X4;;1;9.88889;12.61;0.0;30.00;85.00;20.95;0.00;;30.0;30.0;30.0
C60;B05;X4;;1;9.89236;10.35;0.0;30.00;85.00;20.95;0.00;;30.0;30.0;30.0
C60;B06;X4;;1;9.89583;11.90;0.0;30.00;85.00;20.95;0.00;;30.0;30.0;30.0
C60;B07;X4;;1;9.89931;11.42;0.0;30.00;85.00;20.95;0.00;;30.0;30.0;30.0
C60;B08;X4;;1;9.90278;10.64;0.0;30.00;85.00;20.95;0.00;;30.0;30.0;30.0
C60;B09;X5;;1;9.90625;38.69;0.0;30.00;85.00;20.95;0.00;;30.0;30.0;30.0
C60;B10;X5;;1;9.90972;38.96;0.0;30.00;85.00;20.95;0.00;;30.0;30.0;30.0
C60;B11;X5;;1;9.91319;40.56;0.0;30.00;85.00;20.95;0.00;;30.0;30.0;30.0
C60;B12;X5;;1;9.91667;39.71;0.0;30.00;85.00;20.95;0.00;;30.0;30.0;30.0
C60;C01;X5;;1;9.92014;42.41;0.0;30.00;85.00;20.95;0.00;;30.0;30.0;30.0
C60;C02;X6;;1;9.92361;11.34;0.0;30.00;85.00;20.95;0.00;;30.0;30.0;30.0
C60;C03;X6;;1;9.92708;12.27;0.0;30.00;85.00;20.95;0.00;;30.0;30.0;30.0
C60;C04;X6;;1;9.93056;12.23;0.0;30.00;85.00;20.95;0.00;;30.0;30.0;30.0
C60;C05;X6;;1;9.93403;12.77;0.0;30.00;85.00;20.95;0.00;;30.0;30.0;30.0
C60;C06;X6;;1;9.93750;11.67;0.0;30.00;85.00;20.95;0.00;;30.0;30.0;30.0
C60;C07;X7;;1;9.94097;10.29;0.0;30.00;85.00;20.95;0.00;;30.0;30.0;30.0
C60;C08;X7;;1;9.94444;10.87;0.0;30.00;85.00;20.95;0.00;;30.0;30.0;30.0
C60;C09;X7;;1;9.94792;10.32;0.0;30.00;85.00;20.95;0.00;;30.0;30.0;30.0
C60;C10;X7;;1;9.95139;10.97;0.0;30.00;85.00;20.95;0.00;;30.0;30.0;30.0
C60;C11;X7;;1;9.95486;11.16;0.0;30.00;85.00;20.95;0.00;;30.0;30.0;30.0
C60;C12;X8;;1;9.95833;21.42;0.0;30.00;85.00;20.95;0.00;;30.0;30.0;30.0
C60;D01;X8;;1;9.96181;20.19;0.0;30.00;85.00;20.95;0.00;;30.0;30.0;30.0
C60;D02;X8;;1;9.96528;20.16;0.0;30.00;85.00;20.95;0.00;;30.0;30.0;30.0
C60;D03;X8;;1;9.96875;19.04;0.0;30.00;85.00;20.95;0.00;;30.0;30.0;30.0
C60;D04;X8;;1;9.97222;20.76;0.0;30.00;85.00;20.95;0.00;;30.0;30.0;30.0
C60;D05;B1;;1;9.97569;7.68;0.0;30.00;85.00;20.95;0.00;;30.0;30.0;30.0
C60;D06;B1;;1;9.97917;7.19;0.0;30.00;85.00;20.95;0.00;;30.0;30.0;30.0
C60;D07;B1;;1;9.98264;7.49;0.0;30.00;85.00;20.95;0.00;;30.0;30.0;30.0
R;;;;1;10.00000;179.75;0.0;30.00;85.00;20.95;0.00;test measure for referencing ;30.0;30.0;30.0
C61;A01;X1;;1;10.00347;13.13;0.0;30.00;85.00;20.95;0.00;;30.0;30.0;30.0
C61;A02;X1;;1;10.00694;13.53;0.0;30.00;85.00;20.95;0.00;;30.0;30.0;30.0
C61;A03;X1;;1;10.01042;15.09;0.0;30.00;85.00;20.95;0.00;;30.0;30.0;30.0
C61;A04;X1;;1;10.01389;13.87;0.0;30.00;85.00;20.95;0.00;;30.0;30.0;30.0
C61;A05;X1;;1;10.01736;13.05;0.0;30.00;85.00;20.95;0.00;;30.0;30.0;30.0
C61;A06;X2;;1;10.02083;11.00;0.0;30.00;85.00;20.95;0.00;;30.0;30.0;30.0
C61;A07;X2;;1;10.02431;9.80;0.0;30.00;85.00;20.95;0.00;;30.0;30.0;30.0
C61;A08;X2;;1;10.02778;10.33;0.0;30.00;85.00;20.95;0.00;;30.0;30.0;30.0
C61;A09;X2;;1;10.03125;10.00;0.0;30.00;85.00;20.95;0.00;;30.0;30.0;30.0
C61;A10;X2;;1;10.03472;10.72;0.0;30.00;85.00;20.95;0.00;;30.0;30.0;30.0
C61;A11;X3;;1;10.03819;10.44;0.0;30.00;85.00;20.95;0.00;;30.0;30.0;30.0
C61;A12;X3;;1;10.04167;10.31;0.0;30.00;85.00;20.95;0.00;;30.0;30.0;30.0
C61;B01;X3;;1;10.04514;10.14;0.0;30.00;85.00;20.95;0.00;;30.0;30.0;30.0
C61;B02;X3;;1;10.04861;10.59;0.0;30.00;85.00;20.95;0.00;;30.0;30.0;30.0
C61;B03;X3;;1;10.05208;9.83;0.0;30.00;85.00;20.95;0.00;;30.0;30.0;30.0
C61;B04;X4;;1;10.05556;13.16;0.0;30.00;85.00;20.95;0.00;;30.0;30.0;30.0
C61;B05;X4;;1;10.05903;10.71;0.0;30.00;85.00;20.95;0.00;;30.0;30.0;30.0
C61;B06;X4;;1;10.06250;12.02;0.0;30.00;85.00;20.95;0.00;;30.0;30.0;30.0
C61;B07;X4;;1;10.06597;11.27;0.0;30.00;85.00;20.95;0.00;;30.0;30.0;30.0
C61;B08;X4;;1;10.06944;11.03;0.0;30.00;85.00;20.95;0.00;;30.0;30.0;30.0
C61;B09;X5;;1;10.07292;39.25;0.0;30.00;85.00;20.95;0.00;;30.0;30.0;30.0
C61;B10;X5;;1;10.07639;40.38;0.0;30.00;85.00;20.95;0.00;;30.0;30.0;30.0
C61;B11;X5;;1;10.07986;41.49;0.0;30.00;85.00;20.95;0.00;;30.0;30.0;30.0
C61;B12;X5;;1;10.08333;40.63;0.0;30.00;85.00;20.95;0.00;;30.0;30.0;30.0
C61;C01;X5;;1;10.08681;43.29;0.0;30.00;85.00;20.95;0.00;;30.0;30.0;30.0
C61;C02;X6;;1;10.09028;11.74;0.0;30.00;85.00;20.95;0.00;;30.0;30.0;30.0
C61;C03;X6;;1;10.09375;12.52;0.0;30.00;85.00;20.95;0.00;;30.0;30.0;30.0
C61;C04;X6;;1;10.09722;11.81;0.0;30.00;85.00;20.95;0.00;;30.0;30.0;30.0
C61;C05;X6;;1;10.10069;13.18;0.0;30.00;85.00;20.95;0.00;;30.0;30.0;30.0
C61;C06;X6;;1;10.10417;11.51;0.0;30.00;85.00;20.95;0.00;;30.0;30.0;30.0
C61;C07;X7;;1;10.10764;10.36;0.0;30.00;85.00;20.95;0.00;;30.0;30.0;30.0
C61;C08;X7;;1;10.11111;10.65;0.0;30.00;85.00;20.95;0.00;;30.0;30.0;30.0
C61;C09;X7;;1;10.11458;10.29;0.0;30.00;85.00;20.95;0.00;;30.0;30.0;30.0
C61;C10;X7;;1;10.11806;11.19;0.0;30.00;85.00;20.95;0.00;;30.0;30.0;30.0
C61;C11;X7;;1;10.12153;10.61;0.0;30.00;85.00;20.95;0.00;;30.0;30.0;30.0
C61;C12;X8;;1;10.12500;21.74;0.0;30.00;85.00;20.95;0.00;;30.0;30.0;30.0
C61;D01;X8;;1;10.12847;20.74;0.0;30.00;85.00;20.95;0.00;;30.0;30.0;30.0
C61;D02;X8;;1;10.13194;20.02;0.0;30.00;85.00;20.95;0.00;;30.0;30.0;30.0
C61;D03;X8;;1;10.13542;19.71;0.0;30.00;85.00;20.95;0.00;;30.0;30.0;30.0
C61;D04;X8;;1;10.13889;20.28;0.0;30.00;85.00;20.95;0.00;;30.0;30.0;30.0
C61;D05;B1;;1;10.14236;7.91;0.0;30.00;85.00;20.95;0.00;;30.0;30.0;30.0
C61;D06;B1;;1;10.14583;8.76;0.0;30.00;85.00;20.95;0.00;;30.0;30.0;30.0
C61;D07;B1;;1;10.14931;7.94;0.0;30.00;85.00;20.95;0.00;;30.0;30.0;30.0
R;;;;1;10.16667;178.62;0.0;30.00;85.00;20.95;0.00;test measure for referencing ;30.0;30.0;30.0
C62;A01;X1;;1;10.17014;13.67;0.0;30.00;85.00;20.95;0.00;;30.0;30.0;30.0
C62;A02;X1;;1;10.17361;13.16;0.0;30.00;85.00;20.95;0.00;;30.0;30.0;30.0
C62;A03;X1;;1;10.17708;14.71;0.0;30.00;85.00;20.95;0.00;;30.0;30.0;30.0
C62;A04;X1;;1;10.18056;14.43;0.0;30.00;85.00;20.95;0.00;;30.0;30.0;30.0
C62;A05;X1;;1;10.18403;12.66;0.0;30.00;85.00;20.95;0.00;;30.0;30.0;30.0
C62;A06;X2;;1;10.18750;10.73;0.0;30.00;85.00;20.95;0.00;;30.0;30.0;30.0
C62;A07;X2;;1;10.19097;10.07;0.0;30.00;85.00;20.95;0.00;;30.0;30.0;30.0
C62;A08;X2;;1;10.19444;10.17;0.0;30.00;85.00;20.95;0.00;;30.0;30.0;30.0
C62;A09;X2;;1;10.19792;10.15;0.0;30.00;85.00;20.95;0.00;;30.0;30.0;30.0
C62;A10;X2;;1;10.20139;10.69;0.0;30.00;85.00;20.95;0.00;;30.0;30.0;30.0
C62;A11;X3;;1;10.20486;10.52;0.0;30.00;85.00;20.95;0.00;;30.0;30.0;30.0
C62;A12;X3;;1;10.20833;10.89;0.0;30.00;85.00;20.95;0.00;;30.0;30.0;30.0
C62;B01;X3;;1;10.21181;10.00;0.0;30.00;85.00;20.95;0.00;;30.0;30.0;30.0
C62;B02;X3;;1;10.21528;10.71;0.0;30.00;85.00;20.95;0.00;;30.0;30.0;30.0
C62;B03;X3;;1;10.21875;9.72;0.0;30.00;85.00;20.95;0.00;;30.0;30.0;30.0
C62;B04;X4;;1;10.22222;12.88;0.0;30.00;85.00;20.95;0.00;;30.0;30.0;30.0
C62;B05;X4;;1;10.22569;10.69;0.0;30.00;85.00;20.95;0.00;;30.0;30.0;30.0
C62;B06;X4;;1;10.22917;11.89;0.0;30.00;85.00;20.95;0.00;;30.0;30.0;30.0
C62;B07;X4;;1;10.23264;11.98;0.0;30.00;85.00;20.95;0.00;;30.0;30.0;30.0
C62;B08;X4;;1;10.23611;11.53;0.0;30.00;85.00;20.95;0.00;;30.0;30.0;30.0
C62;B09;X5;;1;10.23958;40.92;0.0;30.00;85.00;20.95;0.00;;30.0;30.0;30.0
C62;B10;X5;;1;10.24306;40.69;0.0;30.00;85.00;20.95;0.00;;30.0;30.0;30.0
C62;B11;X5;;1;10.24653;43.07;0.0;30.00;85.00;20.95;0.00;;30.0;30.0;30.0
C62;B12;X5;;1;10.25000;41.61;0.0;30.00;85.00;20.95;0.00;;30.0;30.0;30.0
C62;C01;X5;;1;10.25347;44.35;0.0;30.00;85.00;20.95;0.00;;30.0;30.0;30.0
C62;C02;X6;;1;10.25694;12.25;0.0;30.00;85.00;20.95;0.00;;30.0;30.0;30.0
C62;C03;X6;;1;10.26042;12.71;0.0;30.00;85.00;20.95;0.00;;30.0;30.0;30.0
C62;C04;X6;;1;10.26389;12.36;0.0;30.00;85.00;20.95;0.00;;30.0;30.0;30.0
C62;C05;X6;;1;10.26736;13.13;0.0;30.00;85.00;20.95;0.00;;30.0;30.0;30.0
C62;C06;X6;;1;10.27083;12.10;0.0;30.00;85.00;20.95;0.00;;30.0;30.0;30.0
C62;C07;X7;;1;10.27431;10.51;0.0;30.00;85.00;20.95;0.00;;30.0;30.0;30.0
C62;C08;X7;;1;10.27778;10.77;0.0;30.00;85.00;20.95;0.00;;30.0;30.0;30.0
C62;C09;X7;;1;10.28125;9.65;0.0;30.00;85.00;20.95;0.00;;30.0;30.0;30.0
C62;C10;X7;;1;10.28472;10.96;0.0;30.00;85.00;20.95;0.00;;30.0;30.0;30.0
C62;C11;X7;;1;10.28819;10.15;0.0;30.00;85.00;20.95;0.00;;30.0;30.0;30.0
C62;C12;X8;;1;10.29167;21.74;0.0;30.00;85.00;20.95;0.00;;30.0;30.0;30.0
C62;D01;X8;;1;10.29514;21.82;0.0;30.00;85.00;20.95;0.00;;30.0;30.0;30.0
C62;D02;X8;;1;10.29861;20.42;0.0;30.00;85.00;20.95;0.00;;30.0;30.0;30.0
C62;D03;X8;;1;10.30208;20.78;0.0;30.00;85.00;20.95;0.00;;30.0;30.0;30.0
C62;D04;X8;;1;10.30556;20.68;0.0;30.00;85.00;20.95;0.00;;30.0;30.0;30.0
C62;D05;B1;;1;10.30903;7.56;0.0;30.00;85.00;20.95;0.00;;30.0;30.0;30.0
C62;D06;B1;;1;10.31250;8.09;0.0;30.00;85.00;20.95;0.00;;30.0;30.0;30.0
C62;D07;B1;;1;10.31597;7.64;0.0;30.00;85.00;20.95;0.00;;30.0;30.0;30.0
R;;;;1;10.33333;182.04;0.0;30.00;85.00;20.95;0.00;test measure for referencing ;30.0;30.0;30.0
C63;A01;X1;;1;10.33681;14.31;0.0;30.00;85.00;20.95;0.00;;30.0;30.0;30.0
C63;A02;X1;;1;10.34028;13.91;0.0;30.00;85.00;20.95;0.00;;30.0;30.0;30.0
C63;A03;X1;;1;10.34375;15.33;0.0;30.00;85.00;20.95;0.00;;30.0;30.0;30.0
C63;A04;X1;;1;10.34722;15.08;0.0;30.00;85.00;20.95;0.00;;30.0;30.0;30.0
C63;A05;X1;;1;10.35069;13.10;0.0;30.00;85.00;20.95;0.00;;30.0;30.0;30.0
C63;A06;X2;;1;10.35417;10.65;0.0;30.00;85.00;20.95;0.00;;30.0;30.0;30.0
C63;A07;X2;;1;10.35764;10.51;0.0;30.00;85.00;20.95;0.00;;30.0;30.0;30.0
C63;A08;X2;;1;10.36111;11.28;0.0;30.00;85.00;20.95;0.00;;30.0;30.0;30.0
C63;A09;X2;;1;10.36458;10.25;0.0;30.00;85.00;20.95;0.00;;30.0;30.0;30.0
C63;A10;X2;;1;10.36806;10.83;0.0;30.00;85.00;20.95;0.00;;30.0;30.0;30.0
C63;A11;X3;;1;10.37153;10.61;0.0;30.00;85.00;20.95;0.00;;30.0;30.0;30.0
C63;A12;X3;;1;10.37500;11.08;0.0;30.00;85.00;20.95;0.00;;30.0;30.0;30.0
C63;B01;X3;;1;10.37847;10.60;0.0;30.00;85.00;20.95;0.00;;30.0;30.0;30.0
C63;B02;X3;;1;10.38194;10.77;0.0;30.00;85.00;20.95;0.00;;30.0;30.0;30.0
C63;B03;X3;;1;10.38542;9.86;0.0;30.00;85.00;20.95;0.00;;30.0;30.0;30.0
C63;B04;X4;;1;10.38889;13.27;0.0;30.00;85.00;20.95;0.00;;30.0;30.0;30.0
C63;B05;X4;;1;10.39236;11.07;0.0;30.00;85.00;20.95;0.00;;30.0;30.0;30.0
C63;B06;X4;;1;10.39583;12.43;0.0;30.00;85.00;20.95;0.00;;30.0;30.0;30.0
C63;B07;X4;;1;10.39931;11.74;0.0;30.00;85.00;20.95;0.00;;30.0;30.0;30.0
C63;B08;X4;;1;10.40278;11.08;0.0;30.00;85.00;20.95;0.00;;30.0;30.0;30.0
C63;B09;X5;;1;10.40625;42.76;0.0;30.00;85.00;20.95;0.00;;30.0;30.0;30.0
C63;B10;X5;;1;10.40972;43.45;0.0;30.00;85.00;20.95;0.00;;30.0;30.0;30.0
C63;B11;X5;;1;10.41319;44.77;0.0;30.00;85.00;20.95;0.00;;30.0;30.0;30.0
C63;B12;X5;;1;10.41667;44.11;0.0;30.00;85.00;20.95;0.00;;30.0;30.0;30.0
C63;C01;X5;;1;10.42014;47.05;0.0;30.00;85.00;20.95;0.00;;30.0;30.0;30.0
C63;C02;X6;;1;10.42361;11.77;0.0;30.00;85.00;20.95;0.00;;30.0;30.0;30.0
C63;C03;X6;;1;10.42708;12.75;0.0;30.00;85.00;20.95;0.00;;30.0;30.0;30.0
C63;C04;X6;;1;10.43056;12.56;0.0;30.00;85.00;20.95;0.00;;30.0;30.0;30.0
C63;C05;X6;;1;10.43403;12.98;0.0;30.00;85.00;20.95;0.00;;30.0;30.0;30.0
C63;C06;X6;;1;10.43750;12.04;0.0;30.00;85.00;20.95;0.00;;30.0;30.0;30.0
C63;C07;X7;;1;10.44097;10.79;0.0;30.00;85.00;20.95;0.00;;30.0;30.0;30.0
C63;C08;X7;;1;10.44444;10.89;0.0;30.00;85.00;20.95;0.00;;30.0;30.0;30.0
C63;C09;X7;;1;10.44792;10.17;0.0;30.00;85.00;20.95;0.00;;30.0;30.0;30.0
C63;C10;X7;;1;10.45139;11.38;0.0;30.00;85.00;20.95;0.00;;30.0;30.0;30.0
C63;C11;X7;;1;10.45486;10.84;0.0;30.00;85.00;20.95;0.00;;30.0;30.0;30.0
C63;C12;X8;;1;10.45833;22.07;0.0;30.00;85.00;20.95;0.00;;30.0;30.0;30.0
C63;D01;X8;;1;10.46181;22.95;0.0;30.00;85.00;20.95;0.00;;30.0;30.0;30.0
C63;D02;X8;;1;10.46528;20.82;0.0;30.00;85.00;20.95;0.00;;30.0;30.0;30.0
C63;D03;X8;;1;10.46875;21.13;0.0;30.00;85.00;20.95;0.00;;30.0;30.0;30.0
C63;D04;X8;;1;10.47222;21.68;0.0;30.00;85.00;20.95;0.00;;30.0;30.0;30.0
C63;D05;B1;;1;10.47569;7.95;0.0;30.00;85.00;20.95;0.00;;30.0;30.0;30.0
C63;D06;B1;;1;10.47917;7.44;0.0;30.00;85.00;20.95;0.00;;30.0;30.0;30.0
C63;D07;B1;;1;10.48264;7.35;0.0;30.00;85.00;20.95;0.00;;30.0;30.0;30.0
R;;;;1;10.50000;178.80;0.0;30.00;85.00;20.95;0.00;test measure for referencing ;30.0;30.0;30.0
C64;A01;X1;;1;10.50347;13.84;0.0;30.00;85.00;20.95;0.00;;30.0;30.0;30.0
C64;A02;X1;;1;10.50694;14.23;0.0;30.00;85.00;20.95;0.00;;30.0;30.0;30.0
C64;A03;X1;;1;10.51042;14.77;0.0;30.00;85.00;20.95;0.00;;30.0;30.0;30.0
C64;A04;X1;;1;10.51389;14.49;0.0;30.00;85.00;20.95;0.00;;30.0;30.0;30.0
C64;A05;X1;;1;10.51736;13.52;0.0;30.00;85.00;20.95;0.00;;30.0;30.0;30.0
C64;A06;X2;;1;10.52083;10.50;0.0;30.00;85.00;20.95;0.00;;30.0;30.0;30.0
C64;A07;X2;;1;10.52431;10.18;0.0;30.00;85.00;20.95;0.00;;30.0;30.0;30.0
C64;A08;X2;;1;10.52778;11.29;0.0;30.00;85.00;20.95;0.00;;30.0;30.0;30.0
C64;A09;X2;;1;10.53125;9.44;0.0;30.00;85.00;20.95;0.00;;30.0;30.0;30.0
C64;A10;X2;;1;10.53472;10.48;0.0;30.00;85.00;20.95;0.00;;30.0;30.0;30.0
C64;A11;X3;;1;10.53819;10.00;0.0;30.00;85.00;20.95;0.00;;30.0;30.0;30.0
C64;A12;X3;;1;10.54167;10.72;0.0;30.00;85.00;20.95;0.00;;30.0;30.0;30.0
C64;B01;X3;;1;10.54514;11.30;0.0;30.00;85.00;20.95;0.00;;30.0;30.0;30.0
C64;B02;X3;;1;10.54861;10.13;0.0;30.00;85.00;20.95;0.00;;30.0;30.0;30.0
C64;B03;X3;;1;10.55208;9.54;0.0;30.00;85.00;20.95;0.00;;30.0;30.0;30.0
C64;B04;X4;;1;10.55556;12.74;0.0;30.00;85.00;20.95;0.00;;30.0;30.0;30.0
C64;B05;X4;;1;10.55903;10.70;0.0;30.00;85.00;20.95;0.00;;30.0;30.0;30.0
C64;B06;X4;;1;10.56250;12.61;0.0;30.00;85.00;20.95;0.00;;30.0;30.0;30.0
C64;B07;X4;;1;10.56597;11.55;0.0;30.00;85.00;20.95;0.00;;30.0;30.0;30.0
C64;B08;X4;;1;10.56944;11.75;0.0;30.00;85.00;20.95;0.00;;30.0;30.0;30.0
C64;B09;X5;;1;10.57292;43.82;0.0;30.00;85.00;20.95;0.00;;30.0;30.0;30.0
C64;B10;X5;;1;10.57639;43.25;0.0;30.00;85.00;20.95;0.00;;30.0;30.0;30.0
C64;B11;X5;;1;10.57986;45.71;0.0;30.00;85.00;20.95;0.00;;30.0;30.0;30.0
C64;B12;X5;;1;10.58333;44.09;0.0;30.00;85.00;20.95;0.00;;30.0;30.0;30.0
C64;C01;X5;;1;10.58681;47.42;0.0;30.00;85.00;20.95;0.00;;30.0;30.0;30.0
C64;C02;X6;;1;10.59028;12.14;0.0;30.00;85.00;20.95;0.00;;30.0;30.0;30.0
C64;C03;X6;;1;10.59375;12.46;0.0;30.00;85.00;20.95;0.00;;30.0;30.0;30.0
C64;C04;X6;;1;10.59722;12.29;0.0;30.00;85.00;20.95;0.00;;30.0;30.0;30.0
C64;C05;X6;;1;10.60069;13.31;0.0;30.00;85.00;20.95;0.00;;30.0;30.0;30.0
C64;C06;X6;;1;10.60417;11.87;0.0;30.00;85.00;20.95;0.00;;30.0;30.0;30.0
C64;C07;X7;;1;10.60764;10.55;0.0;30.00;85.00;20.95;0.00;;30.0;30.0;30.0
C64;C08;X7;;1;10.61111;11.27;0.0;30.00;85.00;20.95;0.00;;30.0;30.0;30.0
C64;C09;X7;;1;10.61458;9.92;0.0;30.00;85.00;20.95;0.00;;30.0;30.0;30.0
C64;C10;X7;;1;10.61806;11.37;0.0;30.00;85.00;20.95;0.00;;30.0;30.0;30.0
C64;C11;X7;;1;10.62153;11.30;0.0;30.00;85.00;20.95;0.00;;30.0;30.0;30.0
C64;C12;X8;;1;10.62500;22.85;0.0;30.00;85.00;20.95;0.00;;30.0;30.0;30.0
C64;D01;X8;;1;10.62847;22.88;0.0;30.00;85.00;20.95;0.00;;30.0;30.0;30.0
C64;D02;X8;;1;10.63194;20.99;0.0;30.00;85.00;20.95;0.00;;30.0;30.0;30.0
C64;D03;X8;;1;10.63542;21.68;0.0;30.00;85.00;20.95;0.00;;30.0;30.0;30.0
C64;D04;X8;;1;10.63889;22.43;0.0;30.00;85.00;20.95;0.00;;30.0;30.0;30.0
C64;D05;B1;;1;10.64236;7.32;0.0;30.00;85.00;20.95;0.00;;30.0;30.0;30.0
C64;D06;B1;;1;10.64583;7.65;0.0;30.00;85.00;20.95;0.00;;30.0;30.0;30.0
C64;D07;B1;;1;10.64931;7.78;0.0;30.00;85.00;20.95;0.00;;30.0;30.0;30.0
R;;;;1;10.66667;183.11;0.0;30.00;85.00;20.95;0.00;test measure for referencing ;30.0;30.0;30.0
C65;A01;X1;;1;10.67014;14.25;0.0;30.00;85.00;20.95;0.00;;30.0;30.0;30.0
C65;A02;X1;;1;10.67361;14.76;0.0;30.00;85.00;20.95;0.00;;30.0;30.0;30.0
C65;A03;X1;;1;10.67708;15.36;0.0;30.00;85.00;20.95;0.00;;30.0;30.0;30.0
C65;A04;X1;;1;10.68056;15.41;0.0;30.00;85.00;20.95;0.00;;30.0;30.0;30.0
C65;A05;X1;;1;10.68403;13.47;0.0;30.00;85.00;20.95;0.00;;30.0;30.0;30.0
C65;A06;X2;;1;10.68750;10.89;0.0;30.00;85.00;20.95;0.00;;30.0;30.0;30.0
C65;A07;X2;;1;10.69097;10.33;0.0;30.00;85.00;20.95;0.00;;30.0;30.0;30.0
C65;A08;X2;;1;10.69444;10.95;0.0;30.00;85.00;20.95;0.00;;30.0;30.0;30.0
C65;A09;X2;;1;10.69792;10.17;0.0;30.00;85.00;20.95;0.00;;30.0;30.0;30.0
C65;A10;X2;;1;10.70139;11.09;0.0;30.00;85.00;20.95;0.00;;30.0;30.0;30.0
C65;A11;X3;;1;10.70486;10.67;0.0;30.00;85.00;20.95;0.00;;30.0;30.0;30.0
C65;A12;X3;;1;10.70833;11.72;0.0;30.00;85.00;20.95;0.00;;30.0;30.0;30.0
C65;B01;X3;;1;10.71181;10.41;0.0;30.00;85.00;20.95;0.00;;30.0;30.0;30.0
C65;B02;X3;;1;10.71528;11.13;0.0;30.00;85.00;20.95;0.00;;30.0;30.0;30.0
C65;B03;X3;;1;10.71875;9.98;0.0;30.00;85.00;20.95;0.00;;30.0;30.0;30.0
C65;B04;X4;;1;10.72222;13.25;0.0;30.00;85.00;20.95;0.00;;30.0;30.0;30.0
C65;B05;X4;;1;10.72569;11.37;0.0;30.00;85.00;20.95;0.00;;30.0;30.0;30.0
C65;B06;X4;;1;10.72917;12.83;0.0;30.00;85.00;20.95;0.00;;30.0;30.0;30.0
C65;B07;X4;;1;10.73264;12.31;0.0;30.00;85.00;20.95;0.00;;30.0;30.0;30.0
C65;B08;X4;;1;10.73611;12.03;0.0;30.00;85.00;20.95;0.00;;30.0;30.0;30.0
C65;B09;X5;;1;10.73958;45.90;0.0;30.00;85.00;20.95;0.00;;30.0;30.0;30.0
C65;B10;X5;;1;10.74306;45.78;0.0;30.00;85.00;20.95;0.00;;30.0;30.0;30.0
C65;B11;X5;;1;10.74653;47.22;0.0;30.00;85.00;20.95;0.00;;30.0;30.0;30.0
C65;B12;X5;;1;10.75000;47.07;0.0;30.00;85.00;20.95;0.00;;30.0;30.0;30.0
C65;C01;X5;;1;10.75347;50.18;0.0;30.00;85.00;20.95;0.00;;30.0;30.0;30.0
C65;C02;X6;;1;10.75694;12.35;0.0;30.00;85.00;20.95;0.00;;30.0;30.0;30.0
C65;C03;X6;;1;10.76042;13.29;0.0;30.00;85.00;20.95;0.00;;30.0;30.0;30.0
C65;C04;X6;;1;10.76389;12.47;0.0;30.00;85.00;20.95;0.00;;30.0;30.0;30.0
C65;C05;X6;;1;10.76736;13.70;0.0;30.00;85.00;20.95;0.00;;30.0;30.0;30.0
C65;C06;X6;;1;10.77083;12.35;0.0;30.00;85.00;20.95;0.00;;30.0;30.0;30.0
C65;C07;X7;;1;10.77431;10.32;0.0;30.00;85.00;20.95;0.00;;30.0;30.0;30.0
C65;C08;X7;;1;10.77778;10.82;0.0;30.00;85.00;20.95;0.00;;30.0;30.0;30.0
C65;C09;X7;;1;10.78125;10.06;0.0;30.00;85.00;20.95;0.00;;30.0;30.0;30.0
C65;C10;X7;;1;10.78472;11.67;0.0;30.00;85.00;20.95;0.00;;30.0;30.0;30.0
C65;C11;X7;;1;10.78819;10.81;0.0;30.00;85.00;20.95;0.00;;30.0;30.0;30.0
C65;C12;X8;;1;10.79167;23.65;0.0;30.00;85.00;20.95;0.00;;30.0;30.0;30.0
C65;D01;X8;;1;10.79514;24.21;0.0;30.00;85.00;20.95;0.00;;30.0;30.0;30.0
C65;D02;X8;;1;10.79861;22.78;0.0;30.00;85.00;20.95;0.00;;30.0;30.0;30.0
C65;D03;X8;;1;10.80208;22.51;0.0;30.00;85.00;20.95;0.00;;30.0;30.0;30.0
C65;D04;X8;;1;10.80556;22.99;0.0;30.00;85.00;20.95;0.00;;30.0;30.0;30.0
C65;D05;B1;;1;10.80903;8.30;0.0;30.00;85.00;20.95;0.00;;30.0;30.0;30.0
C65;D06;B1;;1;10.81250;8.90;0.0;30.00;85.00;20.95;0.00;;30.0;30.0;30.0
C65;D07;B1;;1;10.81597;8.11;0.0;30.00;85.00;20.95;0.00;;30.0;30.0;30.0
R;;;;1;10.83333;178.65;0.0;30.00;85.00;20.95;0.00;test measure for referencing ;30.0;30.0;30.0
C66;A01;X1;;1;10.83681;14.30;0.0;30.00;85.00;20.95;0.00;;30.0;30.0;30.0
C66;A02;X1;;1;10.84028;14.22;0.0;30.00;85.00;20.95;0.00;;30.0;30.0;30.0
C66;A03;X1;;1;10.84375;15.02;0.0;30.00;85.00;20.95;0.00;;30.0;30.0;30.0
C66;A04;X1;;1;10.84722;14.99;0.0;30.00;85.00;20.95;0.00;;30.0;30.0;30.0
C66;A05;X1;;1;10.85069;13.51;0.0;30.00;85.00;20.95;0.00;;30.0;30.0;30.0
C66;A06;X2;;1;10.85417;10.76;0.0;30.00;85.00;20.95;0.00;;30.0;30.0;30.0
C66;A07;X2;;1;10.85764;10.43;0.0;30.00;85.00;20.95;0.00;;30.0;30.0;30.0
C66;A08;X2;;1;10.86111;10.88;0.0;30.00;85.00;20.95;0.00;;30.0;30.0;30.0
C66;A09;X2;;1;10.86458;9.65;0.0;30.00;85.00;20.95;0.00;;30.0;30.0;30.0
C66;A10;X2;;1;10.86806;10.86;0.0;30.00;85.00;20.95;0.00;;30.0;30.0;30.0
C66;A11;X3;;1;10.87153;10.07;0.0;30.00;85.00;20.95;0.00;;30.0;30.0;30.0
C66;A12;X3;;1;10.87500;10.99;0.0;30.00;85.00;20.95;0.00;;30.0;30.0;30.0
C66;B01;X3;;1;10.87847;10.25;0.0;30.00;85.00;20.95;0.00;;30.0;30.0;30.0
C66;B02;X3;;1;10.88194;10.95;0.0;30.00;85.00;20.95;0.00;;30.0;30.0;30.0
C66;B03;X3;;1;10.88542;9.37;0.0;30.00;85.00;20.95;0.00;;30.0;30.0;30.0
C66;B04;X4;;1;10.88889;12.37;0.0;30.00;85.00;20.95;0.00;;30.0;30.0;30.0
C66;B05;X4;;1;10.89236;11.09;0.0;30.00;85.00;20.95;0.00;;30.0;30.0;30.0
C66;B06;X4;;1;10.89583;12.36;0.0;30.00;85.00;20.95;0.00;;30.0;30.0;30.0
C66;B07;X4;;1;10.89931;11.53;0.0;30.00;85.00;20.95;0.00;;30.0;30.0;30.0
C66;B08;X4;;1;10.90278;11.61;0.0;30.00;85.00;20.95;0.00;;30.0;30.0;30.0
C66;B09;X5;;1;10.90625;46.27;0.0;30.00;85.00;20.95;0.00;;30.0;30.0;30.0
C66;B10;X5;;1;10.90972;45.73;0.0;30.00;85.00;20.95;0.00;;30.0;30.0;30.0
C66;B11;X5;;1;10.91319;47.58;0.0;30.00;85.00;20.95;0.00;;30.0;30.0;30.0
C66;B12;X5;;1;10.91667;47.31;0.0;30.00;85.00;20.95;0.00;;30.0;30.0;30.0
C66;C01;X5;;1;10.92014;50.25;0.0;30.00;85.00;20.95;0.00;;30.0;30.0;30.0
C66;C02;X6;;1;10.92361;12.03;0.0;30.00;85.00;20.95;0.00;;30.0;30.0;30.0
C66;C03;X6;;1;10.92708;12.81;0.0;30.00;85.00;20.95;0.00;;30.0;30.0;30.0
C66;C04;X6;;1;10.93056;12.72;0.0;30.00;85.00;20.95;0.00;;30.0;30.0;30.0
C66;C05;X6;;1;10.93403;13.17;0.0;30.00;85.00;20.95;0.00;;30.0;30.0;30.0
C66;C06;X6;;1;10.93750;11.69;0.0;30.00;85.00;20.95;0.00;;30.0;30.0;30.0
C66;C07;X7;;1;10.94097;10.21;0.0;30.00;85.00;20.95;0.00;;30.0;30.0;30.0
C66;C08;X7;;1;10.94444;10.84;0.0;30.00;85.00;20.95;0.00;;30.0;30.0;30.0
C66;C09;X7;;1;10.94792;10.41;0.0;30.00;85.00;20.95;0.00;;30.0;30.0;30.0
C66;C10;X7;;1;10.95139;11.03;0.0;30.00;85.00;20.95;0.00;;30.0;30.0;30.0
C66;C11;X7;;1;10.95486;11.19;0.0;30.00;85.00;20.95;0.00;;30.0;30.0;30.0
C66;C12;X8;;1;10.95833;23.62;0.0;30.00;85.00;20.95;0.00;;30.0;30.0;30.0
C66;D01;X8;;1;10.96181;24.16;0.0;30.00;85.00;20.95;0.00;;30.0;30.0;30.0
C66;D02;X8;;1;10.96528;21.87;0.0;30.00;85.00;20.95;0.00;;30.0;30.0;30.0
C66;D03;X8;;1;10.96875;22.82;0.0;30.00;85.00;20.95;0.00;;30.0;30.0;30.0
C66;D04;X8;;1;10.97222;23.50;0.0;30.00;85.00;20.95;0.00;;30.0;30.0;30.0
C66;D05;B1;;1;10.97569;7.27;0.0;30.00;85.00;20.95;0.00;;30.0;30.0;30.0
C66;D06;B1;;1;10.97917;7.67;0.0;30.00;85.00;20.95;0.00;;30.0;30.0;30.0
C66;D07;B1;;1;10.98264;8.00;0.0;30.00;85.00;20.95;0.00;;30.0;30.0;30.0
R;;;;1;11.00000;176.31;0.0;30.00;85.00;20.95;0.00;test measure for referencing ;30.0;30.0;30.0
C67;A01;X1;;1;11.00347;13.87;0.0;30.00;85.00;20.95;0.00;;30.0;30.0;30.0
C67;A02;X1;;1;11.00694;14.11;0.0;30.00;85.00;20.95;0.00;;30.0;30.0;30.0
C67;A03;X1;;1;11.01042;15.50;0.0;30.00;85.00;20.95;0.00;;30.0;30.0;30.0
C67;A04;X1;;1;11.01389;14.67;0.0;30.00;85.00;20.95;0.00;;30.0;30.0;30.0
C67;A05;X1;;1;11.01736;13.22;0.0;30.00;85.00;20.95;0.00;;30.0;30.0;30.0
C67;A06;X2;;1;11.02083;10.25;0.0;30.00;85.00;20.95;0.00;;30.0;30.0;30.0
C67;A07;X2;;1;11.02431;10.19;0.0;30.00;85.00;20.95;0.00;;30.0;30.0;30.0
C67;A08;X2;;1;11.02778;10.57;0.0;30.00;85.00;20.95;0.00;;30.0;30.0;30.0
C67;A09;X2;;1;11.03125;9.75;0.0;30.00;85.00;20.95;0.00;;30.0;30.0;30.0
C67;A10;X2;;1;11.03472;10.94;0.0;30.00;85.00;20.95;0.00;;30.0;30.0;30.0
C67;A11;X3;;1;11.03819;10.05;0.0;30.00;85.00;20.95;0.00;;30.0;30.0;30.0
C67;A12;X3;;1;11.04167;10.73;0.0;30.00;85.00;20.95;0.00;;30.0;30.0;30.0
C67;B01;X3;;1;11.04514;10.36;0.0;30.00;85.00;20.95;0.00;;30.0;30.0;30.0
C67;B02;X3;;1;11.04861;10.17;0.0;30.00;85.00;20.95;0.00;;30.0;30.0;30.0
C67;B03;X3;;1;11.05208;9.85;0.0;30.00;85.00;20.95;0.00;;30.0;30.0;30.0
C67;B04;X4;;1;11.05556;13.11;0.0;30.00;85.00;20.95;0.00;;30.0;30.0;30.0
C67;B05;X4;;1;11.05903;11.14;0.0;30.00;85.00;20.95;0.00;;30.0;30.0;30.0
C67;B06;X4;;1;11.06250;12.09;0.0;30.00;85.00;20.95;0.00;;30.0;30.0;30.0
C67;B07;X4;;1;11.06597;11.63;0.0;30.00;85.00;20.95;0.00;;30.0;30.0;30.0
C67;B08;X4;;1;11.06944;11.58;0.0;30.00;85.00;20.95;0.00;;30.0;30.0;30.0
C67;B09;X5;;1;11.07292;46.62;0.0;30.00;85.00;20.95;0.00;;30.0;30.0;30.0
C67;B10;X5;;1;11.07639;46.13;0.0;30.00;85.00;20.95;0.00;;30.0;30.0;30.0
C67;B11;X5;;1;11.07986;48.19;0.0;30.00;85.00;20.95;0.00;;30.0;30.0;30.0
C67;B12;X5;;1;11.08333;47.05;0.0;30.00;85.00;20.95;0.00;;30.0;30.0;30.0
C67;C01;X5;;1;11.08681;50.06;0.0;30.00;85.00;20.95;0.00;;30.0;30.0;30.0
C67;C02;X6;;1;11.09028;12.25;0.0;30.00;85.00;20.95;0.00;;30.0;30.0;30.0
C67;C03;X6;;1;11.09375;12.88;0.0;30.00;85.00;20.95;0.00;;30.0;30.0;30.0
C67;C04;X6;;1;11.09722;12.59;0.0;30.00;85.00;20.95;0.00;;30.0;30.0;30.0
C67;C05;X6;;1;11.10069;13.61;0.0;30.00;85.00;20.95;0.00;;30.0;30.0;30.0
C67;C06;X6;;1;11.10417;11.80;0.0;30.00;85.00;20.95;0.00;;30.0;30.0;30.0
C67;C07;X7;;1;11.10764;10.34;0.0;30.00;85.00;20.95;0.00;;30.0;30.0;30.0
C67;C08;X7;;1;11.11111;10.24;0.0;30.00;85.00;20.95;0.00;;30.0;30.0;30.0
C67;C09;X7;;1;11.11458;9.66;0.0;30.00;85.00;20.95;0.00;;30.0;30.0;30.0
C67;C10;X7;;1;11.11806;10.99;0.0;30.00;85.00;20.95;0.00;;30.0;30.0;30.0
C67;C11;X7;;1;11.12153;10.93;0.0;30.00;85.00;20.95;0.00;;30.0;30.0;30.0
C67;C12;X8;;1;11.12500;24.78;0.0;30.00;85.00;20.95;0.00;;30.0;30.0;30.0
C67;D01;X8;;1;11.12847;24.26;0.0;30.00;85.00;20.95;0.00;;30.0;30.0;30.0
C67;D02;X8;;1;11.13194;22.42;0.0;30.00;85.00;20.95;0.00;;30.0;30.0;30.0
C67;D03;X8;;1;11.13542;23.03;0.0;30.00;85.00;20.95;0.00;;30.0;30.0;30.0
C67;D04;X8;;1;11.13889;23.54;0.0;30.00;85.00;20.95;0.00;;30.0;30.0;30.0
C67;D05;B1;;1;11.14236;8.08;0.0;30.00;85.00;20.95;0.00;;30.0;30.0;30.0
C67;D06;B1;;1;11.14583;7.97;0.0;30.00;85.00;20.95;0.00;;30.0;30.0;30.0
C67;D07;B1;;1;11.14931;8.36;0.0;30.00;85.00;20.95;0.00;;30.0;30.0;30.0
R;;;;1;11.16667;179.47;0.0;30.00;85.00;20.95;0.00;test measure for referencing ;30.0;30.0;30.0
C68;A01;X1;;1;11.17014;15.00;0.0;30.00;85.00;20.95;0.00;;30.0;30.0;30.0
C68;A02;X1;;1;11.17361;15.02;0.0;30.00;85.00;20.95;0.00;;30.0;30.0;30.0
C68;A03;X1;;1;11.17708;15.98;0.0;30.00;85.00;20.95;0.00;;30.0;30.0;30.0
C68;A04;X1;;1;11.18056;15.05;0.0;30.00;85.00;20.95;0.00;;30.0;30.0;30.0
C68;A05;X1;;1;11.18403;14.09;0.0;30.00;85.00;20.95;0.00;;30.0;30.0;30.0
C68;A06;X2;;1;11.18750;10.98;0.0;30.00;85.00;20.95;0.00;;30.0;30.0;30.0
C68;A07;X2;;1;11.19097;10.51;0.0;30.00;85.00;20.95;0.00;;30.0;30.0;30.0
C68;A08;X2;;1;11.19444;10.50;0.0;30.00;85.00;20.95;0.00;;30.0;30.0;30.0
C68;A09;X2;;1;11.19792;9.49;0.0;30.00;85.00;20.95;0.00;;30.0;30.0;30.0
C68;A10;X2;;1;11.20139;10.75;0.0;30.00;85.00;20.95;0.00;;30.0;30.0;30.0
C68;A11;X3;;1;11.20486;10.90;0.0;30.00;85.00;20.95;0.00;;30.0;30.0;30.0
C68;A12;X3;;1;11.20833;10.61;0.0;30.00;85.00;20.95;0.00;;30.0;30.0;30.0
C68;B01;X3;;1;11.21181;10.28;0.0;30.00;85.00;20.95;0.00;;30.0;30.0;30.0
C68;B02;X3;;1;11.21528;10.54;0.0;30.00;85.00;20.95;0.00;;30.0;30.0;30.0
C68;B03;X3;;1;11.21875;9.95;0.0;30.00;85.00;20.95;0.00;;30.0;30.0;30.0
C68;B04;X4;;1;11.22222;12.94;0.0;30.00;85.00;20.95;0.00;;30.0;30.0;30.0
C68;B05;X4;;1;11.22569;11.22;0.0;30.00;85.00;20.95;0.00;;30.0;30.0;30.0
C68;B06;X4;;1;11.22917;12.76;0.0;30.00;85.00;20.95;0.00;;30.0;30.0;30.0
C68;B07;X4;;1;11.23264;11.64;0.0;30.00;85.00;20.95;0.00;;30.0;30.0;30.0
C68;B08;X4;;1;11.23611;11.83;0.0;30.00;85.00;20.95;0.00;;30.0;30.0;30.0
C68;B09;X5;;1;11.23958;48.04;0.0;30.00;85.00;20.95;0.00;;30.0;30.0;30.0
C68;B10;X5;;1;11.24306;48.38;0.0;30.00;85.00;20.95;0.00;;30.0;30.0;30.0
C68;B11;X5;;1;11.24653;50.63;0.0;30.00;85.00;20.95;0.00;;30.0;30.0;30.0
C68;B12;X5;;1;11.25000;49.53;0.0;30.00;85.00;20.95;0.00;;30.0;30.0;30.0
C68;C01;X5;;1;11.25347;52.33;0.0;30.00;85.00;20.95;0.00;;30.0;30.0;30.0
C68;C02;X6;;1;11.25694;12.50;0.0;30.00;85.00;20.95;0.00;;30.0;30.0;30.0
C68;C03;X6;;1;11.26042;13.48;0.0;30.00;85.00;20.95;0.00;;30.0;30.0;30.0
C68;C04;X6;;1;11.26389;12.84;0.0;30.00;85.00;20.95;0.00;;30.0;30.0;30.0
C68;C05;X6;;1;11.26736;13.92;0.0;30.00;85.00;20.95;0.00;;30.0;30.0;30.0
C68;C06;X6;;1;11.27083;12.02;0.0;30.00;85.00;20.95;0.00;;30.0;30.0;30.0
C68;C07;X7;;1;11.27431;10.29;0.0;30.00;85.00;20.95;0.00;;30.0;30.0;30.0
C68;C08;X7;;1;11.27778;10.72;0.0;30.00;85.00;20.95;0.00;;30.0;30.0;30.0
C68;C09;X7;;1;11.28125;10.19;0.0;30.00;85.00;20.95;0.00;;30.0;30.0;30.0
C68;C10;X7;;1;11.28472;11.36;0.0;30.00;85.00;20.95;0.00;;30.0;30.0;30.0
C68;C11;X7;;1;11.28819;10.55;0.0;30.00;85.00;20.95;0.00;;30.0;30.0;30.0
C68;C12;X8;;1;11.29167;25.65;0.0;30.00;85.00;20.95;0.00;;30.0;30.0;30.0
C68;D01;X8;;1;11.29514;25.60;0.0;30.00;85.00;20.95;0.00;;30.0;30.0;30.0
C68;D02;X8;;1;11.29861;23.51;0.0;30.00;85.00;20.95;0.00;;30.0;30.0;30.0
C68;D03;X8;;1;11.30208;23.26;0.0;30.00;85.00;20.95;0.00;;30.0;30.0;30.0
C68;D04;X8;;1;11.30556;23.95;0.0;30.00;85.00;20.95;0.00;;30.0;30.0;30.0
C68;D05;B1;;1;11.30903;8.39;0.0;30.00;85.00;20.95;0.00;;30.0;30.0;30.0
C68;D06;B1;;1;11.31250;7.43;0.0;30.00;85.00;20.95;0.00;;30.0;30.0;30.0
C68;D07;B1;;1;11.31597;7.32;0.0;30.00;85.00;20.95;0.00;;30.0;30.0;30.0
R;;;;1;11.33333;176.48;0.0;30.00;85.00;20.95;0.00;test measure for referencing ;30.0;30.0;30.0
C69;A01;X1;;1;11.33681;14.41;0.0;30.00;85.00;20.95;0.00;;30.0;30.0;30.0
C69;A02;X1;;1;11.34028;15.17;0.0;30.00;85.00;20.95;0.00;;30.0;30.0;30.0
C69;A03;X1;;1;11.34375;16.00;0.0;30.00;85.00;20.95;0.00;;30.0;30.0;30.0
C69;A04;X1;;1;11.34722;15.17;0.0;30.00;85.00;20.95;0.00;;30.0;30.0;30.0
C69;A05;X1;;1;11.35069;13.84;0.0;30.00;85.00;20.95;0.00;;30.0;30.0;30.0
C69;A06;X2;;1;11.35417;10.67;0.0;30.00;85.00;20.95;0.00;;30.0;30.0;30.0
C69;A07;X2;;1;11.35764;10.30;0.0;30.00;85.00;20.95;0.00;;30.0;30.0;30.0
C69;A08;X2;;1;11.36111;10.11;0.0;30.00;85.00;20.95;0.00;;30.0;30.0;30.0
C69;A09;X2;;1;11.36458;10.22;0.0;30.00;85.00;20.95;0.00;;30.0;30.0;30.0
C69;A10;X2;;1;11.36806;10.92;0.0;30.00;85.00;20.95;0.00;;30.0;30.0;30.0
C69;A11;X3;;1;11.37153;9.90;0.0;30.00;85.00;20.95;0.00;;30.0;30.0;30.0
C69;A12;X3;;1;11.37500;10.68;0.0;30.00;85.00;20.95;0.00;;30.0;30.0;30.0
C69;B01;X3;;1;11.37847;10.36;0.0;30.00;85.00;20.95;0.00;;30.0;30.0;30.0
C69;B02;X3;;1;11.38194;10.40;0.0;30.00;85.00;20.95;0.00;;30.0;30.0;30.0
C69;B03;X3;;1;11.38542;9.41;0.0;30.00;85.00;20.95;0.00;;30.0;30.0;30.0
C69;B04;X4;;1;11.38889;13.10;0.0;30.00;85.00;20.95;0.00;;30.0;30.0;30.0
C69;B05;X4;;1;11.39236;11.60;0.0;30.00;85.00;20.95;0.00;;30.0;30.0;30.0
C69;B06;X4;;1;11.39583;12.44;0.0;30.00;85.00;20.95;0.00;;30.0;30.0;30.0
C69;B07;X4;;1;11.39931;12.12;0.0;30.00;85.00;20.95;0.00;;30.0;30.0;30.0
C69;B08;X4;;1;11.40278;11.65;0.0;30.00;85.00;20.95;0.00;;30.0;30.0;30.0
C69;B09;X5;;1;11.40625;48.33;0.0;30.00;85.00;20.95;0.00;;30.0;30.0;30.0
C69;B10;X5;;1;11.40972;48.83;0.0;30.00;85.00;20.95;0.00;;30.0;30.0;30.0
C69;B11;X5;;1;11.41319;50.88;0.0;30.00;85.00;20.95;0.00;;30.0;30.0;30.0
C69;B12;X5;;1;11.41667;50.16;0.0;30.00;85.00;20.95;0.00;;30.0;30.0;30.0
C69;C01;X5;;1;11.42014;53.50;0.0;30.00;85.00;20.95;0.00;;30.0;30.0;30.0
C69;C02;X6;;1;11.42361;12.51;0.0;30.00;85.00;20.95;0.00;;30.0;30.0;30.0
C69;C03;X6;;1;11.42708;13.27;0.0;30.00;85.00;20.95;0.00;;30.0;30.0;30.0
C69;C04;X6;;1;11.43056;12.87;0.0;30.00;85.00;20.95;0.00;;30.0;30.0;30.0
C69;C05;X6;;1;11.43403;13.84;0.0;30.00;85.00;20.95;0.00;;30.0;30.0;30.0
C69;C06;X6;;1;11.43750;11.84;0.0;30.00;85.00;20.95;0.00;;30.0;30.0;30.0
C69;C07;X7;;1;11.44097;10.09;0.0;30.00;85.00;20.95;0.00;;30.0;30.0;30.0
C69;C08;X7;;1;11.44444;10.84;0.0;30.00;85.00;20.95;0.00;;30.0;30.0;30.0
C69;C09;X7;;1;11.44792;9.58;0.0;30.00;85.00;20.95;0.00;;30.0;30.0;30.0
C69;C10;X7;;1;11.45139;10.86;0.0;30.00;85.00;20.95;0.00;;30.0;30.0;30.0
C69;C11;X7;;1;11.45486;11.11;0.0;30.00;85.00;20.95;0.00;;30.0;30.0;30.0
C69;C12;X8;;1;11.45833;26.08;0.0;30.00;85.00;20.95;0.00;;30.0;30.0;30.0
C69;D01;X8;;1;11.46181;26.14;0.0;30.00;85.00;20.95;0.00;;30.0;30.0;30.0
C69;D02;X8;;1;11.46528;23.86;0.0;30.00;85.00;20.95;0.00;;30.0;30.0;30.0
C69;D03;X8;;1;11.46875;24.39;0.0;30.00;85.00;20.95;0.00;;30.0;30.0;30.0
C69;D04;X8;;1;11.47222;24.43;0.0;30.00;85.00;20.95;0.00;;30.0;30.0;30.0
C69;D05;B1;;1;11.47569;7.59;0.0;30.00;85.00;20.95;0.00;;30.0;30.0;30.0
C69;D06;B1;;1;11.47917;7.83;0.0;30.00;85.00;20.95;0.00;;30.0;30.0;30.0
C69;D07;B1;;1;11.48264;7.63;0.0;30.00;85.00;20.95;0.00;;30.0;30.0;30.0
R;;;;1;11.50000;181.29;0.0;30.00;85.00;20.95;0.00;test measure for referencing ;30.0;30.0;30.0
C70;A01;X1;;1;11.50347;15.06;0.0;30.00;85.00;20.95;0.00;;30.0;30.0;30.0
C70;A02;X1;;1;11.50694;15.07;0.0;30.00;85.00;20.95;0.00;;30.0;30.0;30.0
C70;A03;X1;;1;11.51042;16.82;0.0;30.00;85.00;20.95;0.00;;30.0;30.0;30.0
C70;A04;X1;;1;11.51389;16.15;0.0;30.00;85.00;20.95;0.00;;30.0;30.0;30.0
C70;A05;X1;;1;11.51736;14.86;0.0;30.00;85.00;20.95;0.00;;30.0;30.0;30.0
C70;A06;X2;;1;11.52083;10.51;0.0;30.00;85.00;20.95;0.00;;30.0;30.0;30.0
C70;A07;X2;;1;11.52431;10.34;0.0;30.00;85.00;20.95;0.00;;30.0;30.0;30.0
C70;A08;X2;;1;11.52778;10.26;0.0;30.00;85.00;20.95;0.00;;30.0;30.0;30.0
C70;A09;X2;;1;11.53125;10.28;0.0;30.00;85.00;20.95;0.00;;30.0;30.0;30.0
C70;A10;X2;;1;11.53472;10.94;0.0;30.00;85.00;20.95;0.00;;30.0;30.0;30.0
C70;A11;X3;;1;11.53819;10.32;0.0;30.00;85.00;20.95;0.00;;30.0;30.0;30.0
C70;A12;X3;;1;11.54167;11.44;0.0;30.00;85.00;20.95;0.00;;30.0;30.0;30.0
C70;B01;X3;;1;11.54514;10.30;0.0;30.00;85.00;20.95;0.00;;30.0;30.0;30.0
C70;B02;X3;;1;11.54861;10.45;0.0;30.00;85.00;20.95;0.00;;30.0;30.0;30.0
C70;B03;X3;;1;11.55208;9.51;0.0;30.00;85.00;20.95;0.00;;30.0;30.0;30.0
C70;B04;X4;;1;11.55556;13.20;0.0;30.00;85.00;20.95;0.00;;30.0;30.0;30.0
C70;B05;X4;;1;11.55903;11.42;0.0;30.00;85.00;20.95;0.00;;30.0;30.0;30.0
C70;B06;X4;;1;11.56250;12.88;0.0;30.00;85.00;20.95;0.00;;30.0;30.0;30.0
C70;B07;X4;;1;11.56597;12.12;0.0;30.00;85.00;20.95;0.00;;30.0;30.0;30.0
C70;B08;X4;;1;11.56944;11.62;0.0;30.00;85.00;20.95;0.00;;30.0;30.0;30.0
C70;B09;X5;;1;11.57292;50.69;0.0;30.00;85.00;20.95;0.00;;30.0;30.0;30.0
C70;B10;X5;;1;11.57639;50.90;0.0;30.00;85.00;20.95;0.00;;30.0;30.0;30.0
C70;B11;X5;;1;11.57986;53.29;0.0;30.00;85.00;20.95;0.00;;30.0;30.0;30.0
C70;B12;X5;;1;11.58333;52.04;0.0;30.00;85.00;20.95;0.00;;30.0;30.0;30.0
C70;C01;X5;;1;11.58681;55.55;0.0;30.00;85.00;20.95;0.00;;30.0;30.0;30.0
C70;C02;X6;;1;11.59028;12.53;0.0;30.00;85.00;20.95;0.00;;30.0;30.0;30.0
C70;C03;X6;;1;11.59375;13.36;0.0;30.00;85.00;20.95;0.00;;30.0;30.0;30.0
C70;C04;X6;;1;11.59722;12.71;0.0;30.00;85.00;20.95;0.00;;30.0;30.0;30.0
C70;C05;X6;;1;11.60069;14.02;0.0;30.00;85.00;20.95;0.00;;30.0;30.0;30.0
C70;C06;X6;;1;11.60417;12.95;0.0;30.00;85.00;20.95;0.00;;30.0;30.0;30.0
C70;C07;X7;;1;11.60764;10.79;0.0;30.00;85.00;20.95;0.00;;30.0;30.0;30.0
C70;C08;X7;;1;11.61111;10.85;0.0;30.00;85.00;20.95;0.00;;30.0;30.0;30.0
C70;C09;X7;;1;11.61458;9.95;0.0;30.00;85.00;20.95;0.00;;30.0;30.0;30.0
C70;C10;X7;;1;11.61806;11.04;0.0;30.00;85.00;20.95;0.00;;30.0;30.0;30.0
C70;C11;X7;;1;11.62153;11.19;0.0;30.00;85.00;20.95;0.00;;30.0;30.0;30.0
C70;C12;X8;;1;11.62500;26.83;0.0;30.00;85.00;20.95;0.00;;30.0;30.0;30.0
C70;D01;X8;;1;11.62847;27.67;0.0;30.00;85.00;20.95;0.00;;30.0;30.0;30.0
C70;D02;X8;;1;11.63194;25.14;0.0;30.00;85.00;20.95;0.00;;30.0;30.0;30.0
C70;D03;X8;;1;11.63542;25.43;0.0;30.00;85.00;20.95;0.00;;30.0;30.0;30.0
C70;D04;X8;;1;11.63889;25.87;0.0;30.00;85.00;20.95;0.00;;30.0;30.0;30.0
C70;D05;B1;;1;11.64236;8.49;0.0;30.00;85.00;20.95;0.00;;30.0;30.0;30.0
C70;D06;B1;;1;11.64583;8.48;0.0;30.00;85.00;20.95;0.00;;30.0;30.0;30.0
C70;D07;B1;;1;11.64931;7.82;0.0;30.00;85.00;20.95;0.00;;30.0;30.0;30.0
R;;;;1;11.66667;182.24;0.0;30.00;85.00;20.95;0.00;test measure for referencing ;30.0;30.0;30.0
C71;A01;X1;;1;11.67014;15.45;0.0;30.00;85.00;20.95;0.00;;30.0;30.0;30.0
C71;A02;X1;;1;11.67361;15.26;0.0;30.00;85.00;20.95;0.00;;30.0;30.0;30.0
C71;A03;X1;;1;11.67708;17.01;0.0;30.00;85.00;20.95;0.00;;30.0;30.0;30.0
C71;A04;X1;;1;11.68056;16.33;0.0;30.00;85.00;20.95;0.00;;30.0;30.0;30.0
C71;A05;X1;;1;11.68403;14.84;0.0;30.00;85.00;20.95;0.00;;30.0;30.0;30.0
C71;A06;X2;;1;11.68750;11.20;0.0;30.00;85.00;20.95;0.00;;30.0;30.0;30.0
C71;A07;X2;;1;11.69097;11.00;0.0;30.00;85.00;20.95;0.00;;30.0;30.0;30.0
C71;A08;X2;;1;11.69444;10.66;0.0;30.00;85.00;20.95;0.00;;30.0;30.0;30.0
C71;A09;X2;;1;11.69792;10.19;0.0;30.00;85.00;20.95;0.00;;30.0;30.0;30.0
C71;A10;X2;;1;11.70139;11.01;0.0;30.00;85.00;20.95;0.00;;30.0;30.0;30.0
C71;A11;X3;;1;11.70486;10.57;0.0;30.00;85.00;20.95;0.00;;30.0;30.0;30.0
C71;A12;X3;;1;11.70833;10.59;0.0;30.00;85.00;20.95;0.00;;30.0;30.0;30.0
C71;B01;X3;;1;11.71181;10.67;0.0;30.00;85.00;20.95;0.00;;30.0;30.0;30.0
C71;B02;X3;;1;11.71528;10.70;0.0;30.00;85.00;20.95;0.00;;30.0;30.0;30.0
C71;B03;X3;;1;11.71875;10.41;0.0;30.00;85.00;20.95;0.00;;30.0;30.0;30.0
C71;B04;X4;;1;11.72222;13.42;0.0;30.00;85.00;20.95;0.00;;30.0;30.0;30.0
C71;B05;X4;;1;11.72569;11.44;0.0;30.00;85.00;20.95;0.00;;30.0;30.0;30.0
C71;B06;X4;;1;11.72917;13.23;0.0;30.00;85.00;20.95;0.00;;30.0;30.0;30.0
C71;B07;X4;;1;11.73264;12.38;0.0;30.00;85.00;20.95;0.00;;30.0;30.0;30.0
C71;B08;X4;;1;11.73611;12.37;0.0;30.00;85.00;20.95;0.00;;30.0;30.0;30.0
C71;B09;X5;;1;11.73958;52.84;0.0;30.00;85.00;20.95;0.00;;30.0;30.0;30.0
C71;B10;X5;;1;11.74306;52.21;0.0;30.00;85.00;20.95;0.00;;30.0;30.0;30.0
C71;B11;X5;;1;11.74653;54.80;0.0;30.00;85.00;20.95;0.00;;30.0;30.0;30.0
C71;B12;X5;;1;11.75000;53.92;0.0;30.00;85.00;20.95;0.00;;30.0;30.0;30.0
C71;C01;X5;;1;11.75347;56.97;0.0;30.00;85.00;20.95;0.00;;30.0;30.0;30.0
C71;C02;X6;;1;11.75694;13.53;0.0;30.00;85.00;20.95;0.00;;30.0;30.0;30.0
C71;C03;X6;;1;11.76042;13.97;0.0;30.00;85.00;20.95;0.00;;30.0;30.0;30.0
C71;C04;X6;;1;11.76389;13.44;0.0;30.00;85.00;20.95;0.00;;30.0;30.0;30.0
C71;C05;X6;;1;11.76736;13.86;0.0;30.00;85.00;20.95;0.00;;30.0;30.0;30.0
C71;C06;X6;;1;11.77083;12.51;0.0;30.00;85.00;20.95;0.00;;30.0;30.0;30.0
C71;C07;X7;;1;11.77431;10.16;0.0;30.00;85.00;20.95;0.00;;30.0;30.0;30.0
C71;C08;X7;;1;11.77778;11.19;0.0;30.00;85.00;20.95;0.00;;30.0;30.0;30.0
C71;C09;X7;;1;11.78125;10.02;0.0;30.00;85.00;20.95;0.00;;30.0;30.0;30.0
C71;C10;X7;;1;11.78472;11.35;0.0;30.00;85.00;20.95;0.00;;30.0;30.0;30.0
C71;C11;X7;;1;11.78819;11.09;0.0;30.00;85.00;20.95;0.00;;30.0;30.0;30.0
C71;C12;X8;;1;11.79167;28.09;0.0;30.00;85.00;20.95;0.00;;30.0;30.0;30.0
C71;D01;X8;;1;11.79514;27.87;0.0;30.00;85.00;20.95;0.00;;30.0;30.0;30.0
C71;D02;X8;;1;11.79861;26.13;0.0;30.00;85.00;20.95;0.00;;30.0;30.0;30.0
C71;D03;X8;;1;11.80208;25.79;0.0;30.00;85.00;20.95;0.00;;30.0;30.0;30.0
C71;D04;X8;;1;11.80556;26.22;0.0;30.00;85.00;20.95;0.00;;30.0;30.0;30.0
C71;D05;B1;;1;11.80903;7.56;0.0;30.00;85.00;20.95;0.00;;30.0;30.0;30.0
C71;D06;B1;;1;11.81250;8.44;0.0;30.00;85.00;20.95;0.00;;30.0;30.0;30.0
C71;D07;B1;;1;11.81597;8.70;0.0;30.00;85.00;20.95;0.00;;30.0;30.0;30.0
R;;;;1;11.83333;177.80;0.0;30.00;85.00;20.95;0.00;test measure for referencing ;30.0;30.0;30.0
C72;A01;X1;;1;11.83681;15.05;0.0;30.00;85.00;20.95;0.00;;30.0;30.0;30.0
C72;A02;X1;;1;11.84028;15.62;0.0;30.00;85.00;20.95;0.00;;30.0;30.0;30.0
C72;A03;X1;;1;11.84375;16.27;0.0;30.00;85.00;20.95;0.00;;30.0;30.0;30.0
C72;A04;X1;;1;11.84722;15.89;0.0;30.00;85.00;20.95;0.00;;30.0;30.0;30.0
C72;A05;X1;;1;11.85069;14.18;0.0;30.00;85.00;20.95;0.00;;30.0;30.0;30.0
C72;A06;X2;;1;11.85417;10.69;0.0;30.00;85.00;20.95;0.00;;30.0;30.0;30.0
C72;A07;X2;;1;11.85764;9.55;0.0;30.00;85.00;20.95;0.00;;30.0;30.0;30.0
C72;A08;X2;;1;11.86111;10.29;0.0;30.00;85.00;20.95;0.00;;30.0;30.0;30.0
C72;A09;X2;;1;11.86458;9.47;0.0;30.00;85.00;20.95;0.00;;30.0;30.0;30.0
C72;A10;X2;;1;11.86806;10.75;0.0;30.00;85.00;20.95;0.00;;30.0;30.0;30.0
C72;A11;X3;;1;11.87153;10.41;0.0;30.00;85.00;20.95;0.00;;30.0;30.0;30.0
C72;A12;X3;;1;11.87500;10.81;0.0;30.00;85.00;20.95;0.00;;30.0;30.0;30.0
C72;B01;X3;;1;11.87847;10.91;0.0;30.00;85.00;20.95;0.00;;30.0;30.0;30.0
C72;B02;X3;;1;11.88194;10.40;0.0;30.00;85.00;20.95;0.00;;30.0;30.0;30.0
C72;B03;X3;;1;11.88542;9.29;0.0;30.00;85.00;20.95;0.00;;30.0;30.0;30.0
C72;B04;X4;;1;11.88889;13.25;0.0;30.00;85.00;20.95;0.00;;30.0;30.0;30.0
C72;B05;X4;;1;11.89236;11.53;0.0;30.00;85.00;20.95;0.00;;30.0;30.0;30.0
C72;B06;X4;;1;11.89583;12.95;0.0;30.00;85.00;20.95;0.00;;30.0;30.0;30.0
C72;B07;X4;;1;11.89931;12.75;0.0;30.00;85.00;20.95;0.00;;30.0;30.0;30.0
C72;B08;X4;;1;11.90278;11.91;0.0;30.00;85.00;20.95;0.00;;30.0;30.0;30.0
C72;B09;X5;;1;11.90625;51.93;0.0;30.00;85.00;20.95;0.00;;30.0;30.0;30.0
C72;B10;X5;;1;11.90972;51.87;0.0;30.00;85.00;20.95;0.00;;30.0;30.0;30.0
C72;B11;X5;;1;11.91319;54.71;0.0;30.00;85.00;20.95;0.00;;30.0;30.0;30.0
C72;B12;X5;;1;11.91667;52.62;0.0;30.00;85.00;20.95;0.00;;30.0;30.0;30.0
C72;C01;X5;;1;11.92014;57.00;0.0;30.00;85.00;20.95;0.00;;30.0;30.0;30.0
C72;C02;X6;;1;11.92361;12.89;0.0;30.00;85.00;20.95;0.00;;30.0;30.0;30.0
C72;C03;X6;;1;11.92708;13.51;0.0;30.00;85.00;20.95;0.00;;30.0;30.0;30.0
C72;C04;X6;;1;11.93056;13.23;0.0;30.00;85.00;20.95;0.00;;30.0;30.0;30.0
C72;C05;X6;;1;11.93403;14.46;0.0;30.00;85.00;20.95;0.00;;30.0;30.0;30.0
C72;C06;X6;;1;11.93750;12.93;0.0;30.00;85.00;20.95;0.00;;30.0;30.0;30.0
C72;C07;X7;;1;11.94097;10.88;0.0;30.00;85.00;20.95;0.00;;30.0;30.0;30.0
C72;C08;X7;;1;11.94444;11.00;0.0;30.00;85.00;20.95;0.00;;30.0;30.0;30.0
C72;C09;X7;;1;11.94792;9.95;0.0;30.00;85.00;20.95;0.00;;30.0;30.0;30.0
C72;C10;X7;;1;11.95139;10.70;0.0;30.00;85.00;20.95;0.00;;30.0;30.0;30.0
C72;C11;X7;;1;11.95486;10.08;0.0;30.00;85.00;20.95;0.00;;30.0;30.0;30.0
C72;C12;X8;;1;11.95833;28.53;0.0;30.00;85.00;20.95;0.00;;30.0;30.0;30.0
C72;D01;X8;;1;11.96181;28.28;0.0;30.00;85.00;20.95;0.00;;30.0;30.0;30.0
C72;D02;X8;;1;11.96528;25.52;0.0;30.00;85.00;20.95;0.00;;30.0;30.0;30.0
C72;D03;X8;;1;11.96875;26.43;0.0;30.00;85.00;20.95;0.00;;30.0;30.0;30.0
C72;D04;X8;;1;11.97222;26.63;0.0;30.00;85.00;20.95;0.00;;30.0;30.0;30.0
C72;D05;B1;;1;11.97569;7.72;0.0;30.00;85.00;20.95;0.00;;30.0;30.0;30.0
C72;D06;B1;;1;11.97917;7.45;0.0;30.00;85.00;20.95;0.00;;30.0;30.0;30.0
C72;D07;B1;;1;11.98264;8.74;0.0;30.00;85.00;20.95;0.00;;30.0;30.0;30.0
R;;;;1;12.00000;176.47;0.0;30.00;85.00;20.95;0.00;test measure for referencing ;30.0;30.0;30.0
C73;A01;X1;;1;12.00347;14.96;0.0;30.00;85.00;20.95;0.00;;30.0;30.0;30.0
C73;A02;X1;;1;12.00694;15.80;0.0;30.00;85.00;20.95;0.00;;30.0;30.0;30.0
C73;A03;X1;;1;12.01042;17.00;0.0;30.00;85.00;20.95;0.00;;30.0;30.0;30.0
C73;A04;X1;;1;12.01389;16.28;0.0;30.00;85.00;20.95;0.00;;30.0;30.0;30.0
C73;A05;X1;;1;12.01736;14.38;0.0;30.00;85.00;20.95;0.00;;30.0;30.0;30.0
C73;A06;X2;;1;12.02083;10.55;0.0;30.00;85.00;20.95;0.00;;30.0;30.0;30.0
C73;A07;X2;;1;12.02431;10.09;0.0;30.00;85.00;20.95;0.00;;30.0;30.0;30.0
C73;A08;X2;;1;12.02778;10.53;0.0;30.00;85.00;20.95;0.00;;30.0;30.0;30.0
C73;A09;X2;;1;12.03125;10.46;0.0;30.00;85.00;20.95;0.00;;30.0;30.0;30.0
C73;A10;X2;;1;12.03472;10.80;0.0;30.00;85.00;20.95;0.00;;30.0;30.0;30.0
C73;A11;X3;;1;12.03819;10.44;0.0;30.00;85.00;20.95;0.00;;30.0;30.0;30.0
C73;A12;X3;;1;12.04167;10.49;0.0;30.00;85.00;20.95;0.00;;30.0;30.0;30.0
C73;B01;X3;;1;12.04514;10.08;0.0;30.00;85.00;20.95;0.00;;30.0;30.0;30.0
C73;B02;X3;;1;12.04861;10.45;0.0;30.00;85.00;20.95;0.00;;30.0;30.0;30.0
C73;B03;X3;;1;12.05208;9.87;0.0;30.00;85.00;20.95;0.00;;30.0;30.0;30.0
C73;B04;X4;;1;12.05556;13.33;0.0;30.00;85.00;20.95;0.00;;30.0;30.0;30.0
C73;B05;X4;;1;12.05903;11.77;0.0;30.00;85.00;20.95;0.00;;30.0;30.0;30.0
C73;B06;X4;;1;12.06250;13.52;0.0;30.00;85.00;20.95;0.00;;30.0;30.0;30.0
C73;B07;X4;;1;12.06597;11.59;0.0;30.00;85.00;20.95;0.00;;30.0;30.0;30.0
C73;B08;X4;;1;12.06944;11.85;0.0;30.00;85.00;20.95;0.00;;30.0;30.0;30.0
C73;B09;X5;;1;12.07292;53.02;0.0;30.00;85.00;20.95;0.00;;30.0;30.0;30.0
C73;B10;X5;;1;12.07639;52.75;0.0;30.00;85.00;20.95;0.00;;30.0;30.0;30.0
C73;B11;X5;;1;12.07986;55.61;0.0;30.00;85.00;20.95;0.00;;30.0;30.0;30.0
C73;B12;X5;;1;12.08333;54.11;0.0;30.00;85.00;20.95;0.00;;30.0;30.0;30.0
C73;C01;X5;;1;12.08681;57.65;0.0;30.00;85.00;20.95;0.00;;30.0;30.0;30.0
C73;C02;X6;;1;12.09028;12.22;0.0;30.00;85.00;20.95;0.00;;30.0;30.0;30.0
C73;C03;X6;;1;12.09375;13.99;0.0;30.00;85.00;20.95;0.00;;30.0;30.0;30.0
C73;C04;X6;;1;12.09722;13.11;0.0;30.00;85.00;20.95;0.00;;30.0;30.0;30.0
C73;C05;X6;;1;12.10069;14.25;0.0;30.00;85.00;20.95;0.00;;30.0;30.0;30.0
C73;C06;X6;;1;12.10417;12.46;0.0;30.00;85.00;20.95;0.00;;30.0;30.0;30.0
C73;C07;X7;;1;12.10764;10.22;0.0;30.00;85.00;20.95;0.00;;30.0;30.0;30.0
C73;C08;X7;;1;12.11111;10.61;0.0;30.00;85.00;20.95;0.00;;30.0;30.0;30.0
C73;C09;X7;;1;12.11458;9.57;0.0;30.00;85.00;20.95;0.00;;30.0;30.0;30.0
C73;C10;X7;;1;12.11806;10.92;0.0;30.00;85.00;20.95;0.00;;30.0;30.0;30.0
C73;C11;X7;;1;12.12153;10.97;0.0;30.00;85.00;20.95;0.00;;30.0;30.0;30.0
C73;C12;X8;;1;12.12500;28.78;0.0;30.00;85.00;20.95;0.00;;30.0;30.0;30.0
C73;D01;X8;;1;12.12847;28.17;0.0;30.00;85.00;20.95;0.00;;30.0;30.0;30.0
C73;D02;X8;;1;12.13194;26.59;0.0;30.00;85.00;20.95;0.00;;30.0;30.0;30.0
C73;D03;X8;;1;12.13542;26.45;0.0;30.00;85.00;20.95;0.00;;30.0;30.0;30.0
C73;D04;X8;;1;12.13889;27.04;0.0;30.00;85.00;20.95;0.00;;30.0;30.0;30.0
C73;D05;B1;;1;12.14236;8.10;0.0;30.00;85.00;20.95;0.00;;30.0;30.0;30.0
C73;D06;B1;;1;12.14583;8.15;0.0;30.00;85.00;20.95;0.00;;30.0;30.0;30.0
C73;D07;B1;;1;12.14931;7.62;0.0;30.00;85.00;20.95;0.00;;30.0;30.0;30.0
R;;;;1;12.16667;180.59;0.0;30.00;85.00;20.95;0.00;test measure for referencing ;30.0;30.0;30.0
C74;A01;X1;;1;12.17014;15.86;0.0;30.00;85.00;20.95;0.00;;30.0;30.0;30.0
C74;A02;X1;;1;12.17361;16.83;0.0;30.00;85.00;20.95;0.00;;30.0;30.0;30.0
C74;A03;X1;;1;12.17708;16.93;0.0;30.00;85.00;20.95;0.00;;30.0;30.0;30.0
C74;A04;X1;;1;12.18056;16.66;0.0;30.00;85.00;20.95;0.00;;30.0;30.0;30.0
C74;A05;X1;;1;12.18403;15.15;0.0;30.00;85.00;20.95;0.00;;30.0;30.0;30.0
C74;A06;X2;;1;12.18750;10.62;0.0;30.00;85.00;20.95;0.00;;30.0;30.0;30.0
C74;A07;X2;;1;12.19097;10.19;0.0;30.00;85.00;20.95;0.00;;30.0;30.0;30.0
C74;A08;X2;;1;12.19444;11.31;0.0;30.00;85.00;20.95;0.00;;30.0;30.0;30.0
C74;A09;X2;;1;12.19792;10.26;0.0;30.00;85.00;20.95;0.00;;30.0;30.0;30.0
C74;A10;X2;;1;12.20139;10.57;0.0;30.00;85.00;20.95;0.00;;30.0;30.0;30.0
C74;A11;X3;;1;12.20486;10.29;0.0;30.00;85.00;20.95;0.00;;30.0;30.0;30.0
C74;A12;X3;;1;12.20833;10.89;0.0;30.00;85.00;20.95;0.00;;30.0;30.0;30.0
C74;B01;X3;;1;12.21181;10.58;0.0;30.00;85.00;20.95;0.00;;30.0;30.0;30.0
C74;B02;X3;;1;12.21528;10.27;0.0;30.00;85.00;20.95;0.00;;30.0;30.0;30.0
C74;B03;X3;;1;12.21875;10.18;0.0;30.00;85.00;20.95;0.00;;30.0;30.0;30.0
C74;B04;X4;;1;12.22222;13.78;0.0;30.00;85.00;20.95;0.00;;30.0;30.0;30.0
C74;B05;X4;;1;12.22569;12.10;0.0;30.00;85.00;20.95;0.00;;30.0;30.0;30.0
C74;B06;X4;;1;12.22917;13.36;0.0;30.00;85.00;20.95;0.00;;30.0;30.0;30.0
C74;B07;X4;;1;12.23264;12.40;0.0;30.00;85.00;20.95;0.00;;30.0;30.0;30.0
C74;B08;X4;;1;12.23611;12.15;0.0;30.00;85.00;20.95;0.00;;30.0;30.0;30.0
C74;B09;X5;;1;12.23958;55.16;0.0;30.00;85.00;20.95;0.00;;30.0;30.0;30.0
C74;B10;X5;;1;12.24306;55.07;0.0;30.00;85.00;20.95;0.00;;30.0;30.0;30.0
C74;B11;X5;;1;12.24653;57.50;0.0;30.00;85.00;20.95;0.00;;30.0;30.0;30.0
C74;B12;X5;;1;12.25000;56.57;0.0;30.00;85.00;20.95;0.00;;30.0;30.0;30.0
C74;C01;X5;;1;12.25347;60.33;0.0;30.00;85.00;20.95;0.00;;30.0;30.0;30.0
C74;C02;X6;;1;12.25694;12.82;0.0;30.00;85.00;20.95;0.00;;30.0;30.0;30.0
C74;C03;X6;;1;12.26042;13.67;0.0;30.00;85.00;20.95;0.00;;30.0;30.0;30.0
C74;C04;X6;;1;12.26389;13.39;0.0;30.00;85.00;20.95;0.00;;30.0;30.0;30.0
C74;C05;X6;;1;12.26736;14.98;0.0;30.00;85.00;20.95;0.00;;30.0;30.0;30.0
C74;C06;X6;;1;12.27083;12.92;0.0;30.00;85.00;20.95;0.00;;30.0;30.0;30.0
C74;C07;X7;;1;12.27431;10.51;0.0;30.00;85.00;20.95;0.00;;30.0;30.0;30.0
C74;C08;X7;;1;12.27778;11.04;0.0;30.00;85.00;20.95;0.00;;30.0;30.0;30.0
C74;C09;X7;;1;12.28125;10.42;0.0;30.00;85.00;20.95;0.00;;30.0;30.0;30.0
C74;C10;X7;;1;12.28472;10.94;0.0;30.00;85.00;20.95;0.00;;30.0;30.0;30.0
C74;C11;X7;;1;12.28819;10.63;0.0;30.00;85.00;20.95;0.00;;30.0;30.0;30.0
C74;C12;X8;;1;12.29167;29.88;0.0;30.00;85.00;20.95;0.00;;30.0;30.0;30.0
C74;D01;X8;;1;12.29514;29.82;0.0;30.00;85.00;20.95;0.00;;30.0;30.0;30.0
C74;D02;X8;;1;12.29861;27.41;0.0;30.00;85.00;20.95;0.00;;30.0;30.0;30.0
C74;D03;X8;;1;12.30208;28.54;0.0;30.00;85.00;20.95;0.00;;30.0;30.0;30.0
C74;D04;X8;;1;12.30556;28.93;0.0;30.00;85.00;20.95;0.00;;30.0;30.0;30.0
C74;D05;B1;;1;12.30903;8.00;0.0;30.00;85.00;20.95;0.00;;30.0;30.0;30.0
C74;D06;B1;;1;12.31250;8.34;0.0;30.00;85.00;20.95;0.00;;30.0;30.0;30.0
C74;D07;B1;;1;12.31597;7.58;0.0;30.00;85.00;20.95;0.00;;30.0;30.0;30.0
R;;;;1;12.33333;180.64;0.0;30.00;85.00;20.95;0.00;test measure for referencing ;30.0;30.0;30.0
C75;A01;X1;;1;12.33681;16.04;0.0;30.00;85.00;20.95;0.00;;30.0;30.0;30.0
C75;A02;X1;;1;12.34028;16.21;0.0;30.00;85.00;20.95;0.00;;30.0;30.0;30.0
C75;A03;X1;;1;12.34375;17.23;0.0;30.00;85.00;20.95;0.00;;30.0;30.0;30.0
C75;A04;X1;;1;12.34722;17.23;0.0;30.00;85.00;20.95;0.00;;30.0;30.0;30.0
C75;A05;X1;;1;12.35069;15.49;0.0;30.00;85.00;20.95;0.00;;30.0;30.0;30.0
C75;A06;X2;;1;12.35417;10.73;0.0;30.00;85.00;20.95;0.00;;30.0;30.0;30.0
C75;A07;X2;;1;12.35764;10.94;0.0;30.00;85.00;20.95;0.00;;30.0;30.0;30.0
C75;A08;X2;;1;12.36111;10.89;0.0;30.00;85.00;20.95;0.00;;30.0;30.0;30.0
C75;A09;X2;;1;12.36458;10.28;0.0;30.00;85.00;20.95;0.00;;30.0;30.0;30.0
C75;A10;X2;;1;12.36806;10.87;0.0;30.00;85.00;20.95;0.00;;30.0;30.0;30.0
C75;A11;X3;;1;12.37153;10.59;0.0;30.00;85.00;20.95;0.00;;30.0;30.0;30.0
C75;A12;X3;;1;12.37500;10.67;0.0;30.00;85.00;20.95;0.00;;30.0;30.0;30.0
C75;B01;X3;;1;12.37847;10.38;0.0;30.00;85.00;20.95;0.00;;30.0;30.0;30.0
C75;B02;X3;;1;12.38194;10.60;0.0;30.00;85.00;20.95;0.00;;30.0;30.0;30.0
C75;B03;X3;;1;12.38542;9.50;0.0;30.00;85.00;20.95;0.00;;30.0;30.0;30.0
C75;B04;X4;;1;12.38889;13.70;0.0;30.00;85.00;20.95;0.00;;30.0;30.0;30.0
C75;B05;X4;;1;12.39236;11.97;0.0;30.00;85.00;20.95;0.00;;30.0;30.0;30.0
C75;B06;X4;;1;12.39583;13.14;0.0;30.00;85.00;20.95;0.00;;30.0;30.0;30.0
C75;B07;X4;;1;12.39931;12.88;0.0;30.00;85.00;20.95;0.00;;30.0;30.0;30.0
C75;B08;X4;;1;12.40278;12.41;0.0;30.00;85.00;20.95;0.00;;30.0;30.0;30.0
C75;B09;X5;;1;12.40625;56.00;0.0;30.00;85.00;20.95;0.00;;30.0;30.0;30.0
C75;B10;X5;;1;12.40972;55.53;0.0;30.00;85.00;20.95;0.00;;30.0;30.0;30.0
C75;B11;X5;;1;12.41319;58.88;0.0;30.00;85.00;20.95;0.00;;30.0;30.0;30.0
C75;B12;X5;;1;12.41667;57.75;0.0;30.00;85.00;20.95;0.00;;30.0;30.0;30.0
C75;C01;X5;;1;12.42014;61.09;0.0;30.00;85.00;20.95;0.00;;30.0;30.0;30.0
C75;C02;X6;;1;12.42361;13.31;0.0;30.00;85.00;20.95;0.00;;30.0;30.0;30.0
C75;C03;X6;;1;12.42708;14.34;0.0;30.00;85.00;20.95;0.00;;30.0;30.0;30.0
C75;C04;X6;;1;12.43056;13.69;0.0;30.00;85.00;20.95;0.00;;30.0;30.0;30.0
C75;C05;X6;;1;12.43403;14.70;0.0;30.00;85.00;20.95;0.00;;30.0;30.0;30.0
C75;C06;X6;;1;12.43750;13.24;0.0;30.00;85.00;20.95;0.00;;30.0;30.0;30.0
C75;C07;X7;;1;12.44097;10.27;0.0;30.00;85.00;20.95;0.00;;30.0;30.0;30.0
C75;C08;X7;;1;12.44444;10.95;0.0;30.00;85.00;20.95;0.00;;30.0;30.0;30.0
C75;C09;X7;;1;12.44792;10.35;0.0;30.00;85.00;20.95;0.00;;30.0;30.0;30.0
C75;C10;X7;;1;12.45139;10.77;0.0;30.00;85.00;20.95;0.00;;30.0;30.0;30.0
C75;C11;X7;;1;12.45486;10.75;0.0;30.00;85.00;20.95;0.00;;30.0;30.0;30.0
C75;C12;X8;;1;12.45833;30.16;0.0;30.00;85.00;20.95;0.00;;30.0;30.0;30.0
C75;D01;X8;;1;12.46181;30.15;0.0;30.00;85.00;20.95;0.00;;30.0;30.0;30.0
C75;D02;X8;;1;12.46528;28.48;0.0;30.00;85.00;20.95;0.00;;30.0;30.0;30.0
C75;D03;X8;;1;12.46875;28.18;0.0;30.00;85.00;20.95;0.00;;30.0;30.0;30.0
C75;D04;X8;;1;12.47222;30.04;0.0;30.00;85.00;20.95;0.00;;30.0;30.0;30.0
C75;D05;B1;;1;12.47569;7.98;0.0;30.00;85.00;20.95;0.00;;30.0;30.0;30.0
C75;D06;B1;;1;12.47917;7.72;0.0;30.00;85.00;20.95;0.00;;30.0;30.0;30.0
C75;D07;B1;;1;12.48264;7.94;0.0;30.00;85.00;20.95;0.00;;30.0;30.0;30.0
R;;;;1;12.50000;178.88;0.0;30.00;85.00;20.95;0.00;test measure for referencing ;30.0;30.0;30.0
C76;A01;X1;;1;12.50347;16.25;0.0;30.00;85.00;20.95;0.00;;30.0;30.0;30.0
C76;A02;X1;;1;12.50694;16.58;0.0;30.00;85.00;20.95;0.00;;30.0;30.0;30.0
C76;A03;X1;;1;12.51042;17.80;0.0;30.00;85.00;20.95;0.00;;30.0;30.0;30.0
C76;A04;X1;;1;12.51389;17.37;0.0;30.00;85.00;20.95;0.00;;30.0;30.0;30.0
C76;A05;X1;;1;12.51736;15.88;0.0;30.00;85.00;20.95;0.00;;30.0;30.0;30.0
C76;A06;X2;;1;12.52083;10.83;0.0;30.00;85.00;20.95;0.00;;30.0;30.0;30.0
C76;A07;X2;;1;12.52431;10.65;0.0;30.00;85.00;20.95;0.00;;30.0;30.0;30.0
C76;A08;X2;;1;12.52778;10.65;0.0;30.00;85.00;20.95;0.00;;30.0;30.0;30.0
C76;A09;X2;;1;12.53125;9.93;0.0;30.00;85.00;20.95;0.00;;30.0;30.0;30.0
C76;A10;X2;;1;12.53472;10.80;0.0;30.00;85.00;20.95;0.00;;30.0;30.0;30.0
C76;A11;X3;;1;12.53819;10.76;0.0;30.00;85.00;20.95;0.00;;30.0;30.0;30.0
C76;A12;X3;;1;12.54167;10.70;0.0;30.00;85.00;20.95;0.00;;30.0;30.0;30.0
C76;B01;X3;;1;12.54514;10.46;0.0;30.00;85.00;20.95;0.00;;30.0;30.0;30.0
C76;B02;X3;;1;12.54861;10.51;0.0;30.00;85.00;20.95;0.00;;30.0;30.0;30.0
C76;B03;X3;;1;12.55208;9.89;0.0;30.00;85.00;20.95;0.00;;30.0;30.0;30.0
C76;B04;X4;;1;12.55556;13.64;0.0;30.00;85.00;20.95;0.00;;30.0;30.0;30.0
C76;B05;X4;;1;12.55903;11.59;0.0;30.00;85.00;20.95;0.00;;30.0;30.0;30.0
C76;B06;X4;;1;12.56250;13.56;0.0;30.00;85.00;20.95;0.00;;30.0;30.0;30.0
C76;B07;X4;;1;12.56597;12.59;0.0;30.00;85.00;20.95;0.00;;30.0;30.0;30.0
C76;B08;X4;;1;12.56944;12.08;0.0;30.00;85.00;20.95;0.00;;30.0;30.0;30.0
C76;B09;X5;;1;12.57292;56.70;0.0;30.00;85.00;20.95;0.00;;30.0;30.0;30.0
C76;B10;X5;;1;12.57639;56.37;0.0;30.00;85.00;20.95;0.00;;30.0;30.0;30.0
C76;B11;X5;;1;12.57986;58.63;0.0;30.00;85.00;20.95;0.00;;30.0;30.0;30.0
C76;B12;X5;;1;12.58333;57.94;0.0;30.00;85.00;20.95;0.00;;30.0;30.0;30.0
C76;C01;X5;;1;12.58681;61.91;0.0;30.00;85.00;20.95;0.00;;30.0;30.0;30.0
C76;C02;X6;;1;12.59028;13.17;0.0;30.00;85.00;20.95;0.00;;30.0;30.0;30.0
C76;C03;X6;;1;12.59375;14.04;0.0;30.00;85.00;20.95;0.00;;30.0;30.0;30.0
C76;C04;X6;;1;12.59722;13.13;0.0;30.00;85.00;20.95;0.00;;30.0;30.0;30.0
C76;C05;X6;;1;12.60069;15.34;0.0;30.00;85.00;20.95;0.00;;30.0;30.0;30.0
C76;C06;X6;;1;12.60417;12.97;0.0;30.00;85.00;20.95;0.00;;30.0;30.0;30.0
C76;C07;X7;;1;12.60764;10.55;0.0;30.00;85.00;20.95;0.00;;30.0;30.0;30.0
C76;C08;X7;;1;12.61111;10.58;0.0;30.00;85.00;20.95;0.00;;30.0;30.0;30.0
C76;C09;X7;;1;12.61458;10.10;0.0;30.00;85.00;20.95;0.00;;30.0;30.0;30.0
C76;C10;X7;;1;12.61806;10.90;0.0;30.00;85.00;20.95;0.00;;30.0;30.0;30.0
C76;C11;X7;;1;12.62153;11.32;0.0;30.00;85.00;20.95;0.00;;30.0;30.0;30.0
C76;C12;X8;;1;12.62500;31.27;0.0;30.00;85.00;20.95;0.00;;30.0;30.0;30.0
C76;D01;X8;;1;12.62847;30.86;0.0;30.00;85.00;20.95;0.00;;30.0;30.0;30.0
C76;D02;X8;;1;12.63194;28.35;0.0;30.00;85.00;20.95;0.00;;30.0;30.0;30.0
C76;D03;X8;;1;12.63542;29.12;0.0;30.00;85.00;20.95;0.00;;30.0;30.0;30.0
C76;D04;X8;;1;12.63889;29.42;0.0;30.00;85.00;20.95;0.00;;30.0;30.0;30.0
C76;D05;B1;;1;12.64236;8.51;0.0;30.00;85.00;20.95;0.00;;30.0;30.0;30.0
C76;D06;B1;;1;12.64583;8.11;0.0;30.00;85.00;20.95;0.00;;30.0;30.0;30.0
C76;D07;B1;;1;12.64931;7.99;0.0;30.00;85.00;20.95;0.00;;30.0;30.0;30.0
R;;;;1;12.66667;176.91;0.0;30.00;85.00;20.95;0.00;test measure for referencing ;30.0;30.0;30.0
C77;A01;X1;;1;12.67014;16.30;0.0;30.00;85.00;20.95;0.00;;30.0;30.0;30.0
C77;A02;X1;;1;12.67361;16.17;0.0;30.00;85.00;20.95;0.00;;30.0;30.0;30.0
C77;A03;X1;;1;12.67708;18.13;0.0;30.00;85.00;20.95;0.00;;30.0;30.0;30.0
C77;A04;X1;;1;12.68056;16.54;0.0;30.00;85.00;20.95;0.00;;30.0;30.0;30.0
C77;A05;X1;;1;12.68403;15.49;0.0;30.00;85.00;20.95;0.00;;30.0;30.0;30.0
C77;A06;X2;;1;12.68750;11.42;0.0;30.00;85.00;20.95;0.00;;30.0;30.0;30.0
C77;A07;X2;;1;12.69097;10.31;0.0;30.00;85.00;20.95;0.00;;30.0;30.0;30.0
C77;A08;X2;;1;12.69444;11.01;0.0;30.00;85.00;20.95;0.00;;30.0;30.0;30.0
C77;A09;X2;;1;12.69792;10.35;0.0;30.00;85.00;20.95;0.00;;30.0;30.0;30.0
C77;A10;X2;;1;12.70139;10.94;0.0;30.00;85.00;20.95;0.00;;30.0;30.0;30.0
C77;A11;X3;;1;12.70486;10.23;0.0;30.00;85.00;20.95;0.00;;30.0;30.0;30.0
C77;A12;X3;;1;12.70833;11.12;0.0;30.00;85.00;20.95;0.00;;30.0;30.0;30.0
C77;B01;X3;;1;12.71181;10.62;0.0;30.00;85.00;20.95;0.00;;30.0;30.0;30.0
C77;B02;X3;;1;12.71528;10.22;0.0;30.00;85.00;20.95;0.00;;30.0;30.0;30.0
C77;B03;X3;;1;12.71875;10.04;0.0;30.00;85.00;20.95;0.00;;30.0;30.0;30.0
C77;B04;X4;;1;12.72222;14.17;0.0;30.00;85.00;20.95;0.00;;30.0;30.0;30.0
C77;B05;X4;;1;12.72569;11.38;0.0;30.00;85.00;20.95;0.00;;30.0;30.0;30.0
C77;B06;X4;;1;12.72917;13.36;0.0;30.00;85.00;20.95;0.00;;30.0;30.0;30.0
C77;B07;X4;;1;12.73264;12.65;0.0;30.00;85.00;20.95;0.00;;30.0;30.0;30.0
C77;B08;X4;;1;12.73611;12.25;0.0;30.00;85.00;20.95;0.00;;30.0;30.0;30.0
C77;B09;X5;;1;12.73958;56.41;0.0;30.00;85.00;20.95;0.00;;30.0;30.0;30.0
C77;B10;X5;;1;12.74306;56.22;0.0;30.00;85.00;20.95;0.00;;30.0;30.0;30.0
C77;B11;X5;;1;12.74653;59.19;0.0;30.00;85.00;20.95;0.00;;30.0;30.0;30.0
C77;B12;X5;;1;12.75000;57.45;0.0;30.00;85.00;20.95;0.00;;30.0;30.0;30.0
C77;C01;X5;;1;12.75347;61.47;0.0;30.00;85.00;20.95;0.00;;30.0;30.0;30.0
C77;C02;X6;;1;12.75694;12.73;0.0;30.00;85.00;20.95;0.00;;30.0;30.0;30.0
C77;C03;X6;;1;12.76042;14.15;0.0;30.00;85.00;20.95;0.00;;30.0;30.0;30.0
C77;C04;X6;;1;12.76389;13.90;0.0;30.00;85.00;20.95;0.00;;30.0;30.0;30.0
C77;C05;X6;;1;12.76736;14.39;0.0;30.00;85.00;20.95;0.00;;30.0;30.0;30.0
C77;C06;X6;;1;12.77083;13.38;0.0;30.00;85.00;20.95;0.00;;30.0;30.0;30.0
C77;C07;X7;;1;12.77431;10.84;0.0;30.00;85.00;20.95;0.00;;30.0;30.0;30.0
C77;C08;X7;;1;12.77778;10.92;0.0;30.00;85.00;20.95;0.00;;30.0;30.0;30.0
C77;C09;X7;;1;12.78125;10.27;0.0;30.00;85.00;20.95;0.00;;30.0;30.0;30.0
C77;C10;X7;;1;12.78472;11.56;0.0;30.00;85.00;20.95;0.00;;30.0;30.0;30.0
C77;C11;X7;;1;12.78819;11.01;0.0;30.00;85.00;20.95;0.00;;30.0;30.0;30.0
C77;C12;X8;;1;12.79167;30.96;0.0;30.00;85.00;20.95;0.00;;30.0;30.0;30.0
C77;D01;X8;;1;12.79514;31.37;0.0;30.00;85.00;20.95;0.00;;30.0;30.0;30.0
C77;D02;X8;;1;12.79861;28.84;0.0;30.00;85.00;20.95;0.00;;30.0;30.0;30.0
C77;D03;X8;;1;12.80208;29.33;0.0;30.00;85.00;20.95;0.00;;30.0;30.0;30.0
C77;D04;X8;;1;12.80556;29.56;0.0;30.00;85.00;20.95;0.00;;30.0;30.0;30.0
C77;D05;B1;;1;12.80903;7.96;0.0;30.00;85.00;20.95;0.00;;30.0;30.0;30.0
C77;D06;B1;;1;12.81250;7.84;0.0;30.00;85.00;20.95;0.00;;30.0;30.0;30.0
C77;D07;B1;;1;12.81597;8.15;0.0;30.00;85.00;20.95;0.00;;30.0;30.0;30.0
R;;;;1;12.83333;177.44;0.0;30.00;85.00;20.95;0.00;test measure for referencing ;30.0;30.0;30.0
C78;A01;X1;;1;12.83681;16.46;0.0;30.00;85.00;20.95;0.00;;30.0;30.0;30.0
C78;A02;X1;;1;12.84028;16.24;0.0;30.00;85.00;20.95;0.00;;30.0;30.0;30.0
C78;A03;X1;;1;12.84375;18.07;0.0;30.00;85.00;20.95;0.00;;30.0;30.0;30.0
C78;A04;X1;;1;12.84722;17.42;0.0;30.00;85.00;20.95;0.00;;30.0;30.0;30.0
C78;A05;X1;;1;12.85069;15.49;0.0;30.00;85.00;20.95;0.00;;30.0;30.0;30.0
C78;A06;X2;;1;12.85417;10.79;0.0;30.00;85.00;20.95;0.00;;30.0;30.0;30.0
C78;A07;X2;;1;12.85764;10.12;0.0;30.00;85.00;20.95;0.00;;30.0;30.0;30.0
C78;A08;X2;;1;12.86111;10.99;0.0;30.00;85.00;20.95;0.00;;30.0;30.0;30.0
C78;A09;X2;;1;12.86458;9.85;0.0;30.00;85.00;20.95;0.00;;30.0;30.0;30.0
C78;A10;X2;;1;12.86806;10.77;0.0;30.00;85.00;20.95;0.00;;30.0;30.0;30.0
C78;A11;X3;;1;12.87153;10.80;0.0;30.00;85.00;20.95;0.00;;30.0;30.0;30.0
C78;A12;X3;;1;12.87500;11.02;0.0;30.00;85.00;20.95;0.00;;30.0;30.0;30.0
C78;B01;X3;;1;12.87847;10.79;0.0;30.00;85.00;20.95;0.00;;30.0;30.0;30.0
C78;B02;X3;;1;12.88194;10.73;0.0;30.00;85.00;20.95;0.00;;30.0;30.0;30.0
C78;B03;X3;;1;12.88542;9.58;0.0;30.00;85.00;20.95;0.00;;30.0;30.0;30.0
C78;B04;X4;;1;12.88889;14.38;0.0;30.00;85.00;20.95;0.00;;30.0;30.0;30.0
C78;B05;X4;;1;12.89236;11.88;0.0;30.00;85.00;20.95;0.00;;30.0;30.0;30.0
C78;B06;X4;;1;12.89583;13.33;0.0;30.00;85.00;20.95;0.00;;30.0;30.0;30.0
C78;B07;X4;;1;12.89931;12.48;0.0;30.00;85.00;20.95;0.00;;30.0;30.0;30.0
C78;B08;X4;;1;12.90278;11.98;0.0;30.00;85.00;20.95;0.00;;30.0;30.0;30.0
C78;B09;X5;;1;12.90625;57.73;0.0;30.00;85.00;20.95;0.00;;30.0;30.0;30.0
C78;B10;X5;;1;12.90972;57.49;0.0;30.00;85.00;20.95;0.00;;30.0;30.0;30.0
C78;B11;X5;;1;12.91319;60.19;0.0;30.00;85.00;20.95;0.00;;30.0;30.0;30.0
C78;B12;X5;;1;12.91667;58.89;0.0;30.00;85.00;20.95;0.00;;30.0;30.0;30.0
C78;C01;X5;;1;12.92014;62.89;0.0;30.00;85.00;20.95;0.00;;30.0;30.0;30.0
C78;C02;X6;;1;12.92361;13.33;0.0;30.00;85.00;20.95;0.00;;30.0;30.0;30.0
C78;C03;X6;;1;12.92708;14.64;0.0;30.00;85.00;20.95;0.00;;30.0;30.0;30.0
C78;C04;X6;;1;12.93056;14.36;0.0;30.00;85.00;20.95;0.00;;30.0;30.0;30.0
C78;C05;X6;;1;12.93403;15.41;0.0;30.00;85.00;20.95;0.00;;30.0;30.0;30.0
C78;C06;X6;;1;12.93750;13.36;0.0;30.00;85.00;20.95;0.00;;30.0;30.0;30.0
C78;C07;X7;;1;12.94097;10.36;0.0;30.00;85.00;20.95;0.00;;30.0;30.0;30.0
C78;C08;X7;;1;12.94444;11.31;0.0;30.00;85.00;20.95;0.00;;30.0;30.0;30.0
C78;C09;X7;;1;12.94792;10.51;0.0;30.00;85.00;20.95;0.00;;30.0;30.0;30.0
C78;C10;X7;;1;12.95139;11.02;0.0;30.00;85.00;20.95;0.00;;30.0;30.0;30.0
C78;C11;X7;;1;12.95486;11.25;0.0;30.00;85.00;20.95;0.00;;30.0;30.0;30.0
C78;C12;X8;;1;12.95833;32.46;0.0;30.00;85.00;20.95;0.00;;30.0;30.0;30.0
C78;D01;X8;;1;12.96181;32.00;0.0;30.00;85.00;20.95;0.00;;30.0;30.0;30.0
C78;D02;X8;;1;12.96528;29.91;0.0;30.00;85.00;20.95;0.00;;30.0;30.0;30.0
C78;D03;X8;;1;12.96875;29.75;0.0;30.00;85.00;20.95;0.00;;30.0;30.0;30.0
C78;D04;X8;;1;12.97222;30.76;0.0;30.00;85.00;20.95;0.00;;30.0;30.0;30.0
C78;D05;B1;;1;12.97569;7.85;0.0;30.00;85.00;20.95;0.00;;30.0;30.0;30.0
C78;D06;B1;;1;12.97917;7.98;0.0;30.00;85.00;20.95;0.00;;30.0;30.0;30.0
C78;D07;B1;;1;12.98264;8.44;0.0;30.00;85.00;20.95;0.00;;30.0;30.0;30.0
R;;;;1;13.00000;176.77;0.0;30.00;85.00;20.95;0.00;test measure for referencing ;30.0;30.0;30.0
C79;A01;X1;;1;13.00347;15.86;0.0;30.00;85.00;20.95;0.00;;30.0;30.0;30.0
C79;A02;X1;;1;13.00694;17.28;0.0;30.00;85.00;20.95;0.00;;30.0;30.0;30.0
C79;A03;X1;;1;13.01042;18.26;0.0;30.00;85.00;20.95;0.00;;30.0;30.0;30.0
C79;A04;X1;;1;13.01389;17.94;0.0;30.00;85.00;20.95;0.00;;30.0;30.0;30.0
C79;A05;X1;;1;13.01736;16.34;0.0;30.00;85.00;20.95;0.00;;30.0;30.0;30.0
C79;A06;X2;;1;13.02083;11.29;0.0;30.00;85.00;20.95;0.00;;30.0;30.0;30.0
C79;A07;X2;;1;13.02431;9.96;0.0;30.00;85.00;20.95;0.00;;30.0;30.0;30.0
C79;A08;X2;;1;13.02778;11.32;0.0;30.00;85.00;20.95;0.00;;30.0;30.0;30.0
C79;A09;X2;;1;13.03125;10.10;0.0;30.00;85.00;20.95;0.00;;30.0;30.0;30.0
C79;A10;X2;;1;13.03472;10.77;0.0;30.00;85.00;20.95;0.00;;30.0;30.0;30.0
C79;A11;X3;;1;13.03819;10.78;0.0;30.00;85.00;20.95;0.00;;30.0;30.0;30.0
C79;A12;X3;;1;13.04167;11.22;0.0;30.00;85.00;20.95;0.00;;30.0;30.0;30.0
C79;B01;X3;;1;13.04514;9.95;0.0;30.00;85.00;20.95;0.00;;30.0;30.0;30.0
C79;B02;X3;;1;13.04861;10.25;0.0;30.00;85.00;20.95;0.00;;30.0;30.0;30.0
C79;B03;X3;;1;13.05208;10.04;0.0;30.00;85.00;20.95;0.00;;30.0;30.0;30.0
C79;B04;X4;;1;13.05556;13.59;0.0;30.00;85.00;20.95;0.00;;30.0;30.0;30.0
C79;B05;X4;;1;13.05903;11.98;0.0;30.00;85.00;20.95;0.00;;30.0;30.0;30.0
C79;B06;X4;;1;13.06250;13.57;0.0;30.00;85.00;20.95;0.00;;30.0;30.0;30.0
C79;B07;X4;;1;13.06597;12.64;0.0;30.00;85.00;20.95;0.00;;30.0;30.0;30.0
C79;B08;X4;;1;13.06944;12.26;0.0;30.00;85.00;20.95;0.00;;30.0;30.0;30.0
C79;B09;X5;;1;13.07292;58.40;0.0;30.00;85.00;20.95;0.00;;30.0;30.0;30.0
C79;B10;X5;;1;13.07639;58.08;0.0;30.00;85.00;20.95;0.00;;30.0;30.0;30.0
C79;B11;X5;;1;13.07986;60.38;0.0;30.00;85.00;20.95;0.00;;30.0;30.0;30.0
C79;B12;X5;;1;13.08333;59.70;0.0;30.00;85.00;20.95;0.00;;30.0;30.0;30.0
C79;C01;X5;;1;13.08681;62.90;0.0;30.00;85.00;20.95;0.00;;30.0;30.0;30.0
C79;C02;X6;;1;13.09028;13.50;0.0;30.00;85.00;20.95;0.00;;30.0;30.0;30.0
C79;C03;X6;;1;13.09375;14.84;0.0;30.00;85.00;20.95;0.00;;30.0;30.0;30.0
C79;C04;X6;;1;13.09722;13.78;0.0;30.00;85.00;20.95;0.00;;30.0;30.0;30.0
C79;C05;X6;;1;13.10069;15.60;0.0;30.00;85.00;20.95;0.00;;30.0;30.0;30.0
C79;C06;X6;;1;13.10417;13.58;0.0;30.00;85.00;20.95;0.00;;30.0;30.0;30.0
C79;C07;X7;;1;13.10764;10.61;0.0;30.00;85.00;20.95;0.00;;30.0;30.0;30.0
C79;C08;X7;;1;13.11111;10.57;0.0;30.00;85.00;20.95;0.00;;30.0;30.0;30.0
C79;C09;X7;;1;13.11458;10.20;0.0;30.00;85.00;20.95;0.00;;30.0;30.0;30.0
C79;C10;X7;;1;13.11806;11.10;0.0;30.00;85.00;20.95;0.00;;30.0;30.0;30.0
C79;C11;X7;;1;13.12153;10.96;0.0;30.00;85.00;20.95;0.00;;30.0;30.0;30.0
C79;C12;X8;;1;13.12500;32.75;0.0;30.00;85.00;20.95;0.00;;30.0;30.0;30.0
C79;D01;X8;;1;13.12847;32.95;0.0;30.00;85.00;20.95;0.00;;30.0;30.0;30.0
C79;D02;X8;;1;13.13194;29.99;0.0;30.00;85.00;20.95;0.00;;30.0;30.0;30.0
C79;D03;X8;;1;13.13542;30.22;0.0;30.00;85.00;20.95;0.00;;30.0;30.0;30.0
C79;D04;X8;;1;13.13889;31.20;0.0;30.00;85.00;20.95;0.00;;30.0;30.0;30.0
C79;D05;B1;;1;13.14236;7.17;0.0;30.00;85.00;20.95;0.00;;30.0;30.0;30.0
C79;D06;B1;;1;13.14583;7.84;0.0;30.00;85.00;20.95;0.00;;30.0;30.0;30.0
C79;D07;B1;;1;13.14931;7.96;0.0;30.00;85.00;20.95;0.00;;30.0;30.0;30.0
R;;;;1;13.16667;176.13;0.0;30.00;85.00;20.95;0.00;test measure for referencing ;30.0;30.0;30.0
C80;A01;X1;;1;13.17014;16.84;0.0;30.00;85.00;20.95;0.00;;30.0;30.0;30.0
C80;A02;X1;;1;13.17361;17.04;0.0;30.00;85.00;20.95;0.00;;30.0;30.0;30.0
C80;A03;X1;;1;13.17708;18.30;0.0;30.00;85.00;20.95;0.00;;30.0;30.0;30.0
C80;A04;X1;;1;13.18056;18.18;0.0;30.00;85.00;20.95;0.00;;30.0;30.0;30.0
C80;A05;X1;;1;13.18403;16.11;0.0;30.00;85.00;20.95;0.00;;30.0;30.0;30.0
C80;A06;X2;;1;13.18750;10.72;0.0;30.00;85.00;20.95;0.00;;30.0;30.0;30.0
C80;A07;X2;;1;13.19097;10.29;0.0;30.00;85.00;20.95;0.00;;30.0;30.0;30.0
C80;A08;X2;;1;13.19444;10.65;0.0;30.00;85.00;20.95;0.00;;30.0;30.0;30.0
C80;A09;X2;;1;13.19792;10.01;0.0;30.00;85.00;20.95;0.00;;30.0;30.0;30.0
C80;A10;X2;;1;13.20139;10.84;0.0;30.00;85.00;20.95;0.00;;30.0;30.0;30.0
C80;A11;X3;;1;13.20486;10.16;0.0;30.00;85.00;20.95;0.00;;30.0;30.0;30.0
C80;A12;X3;;1;13.20833;11.08;0.0;30.00;85.00;20.95;0.00;;30.0;30.0;30.0
C80;B01;X3;;1;13.21181;10.19;0.0;30.00;85.00;20.95;0.00;;30.0;30.0;30.0
C80;B02;X3;;1;13.21528;10.32;0.0;30.00;85.00;20.95;0.00;;30.0;30.0;30.0
C80;B03;X3;;1;13.21875;10.04;0.0;30.00;85.00;20.95;0.00;;30.0;30.0;30.0
C80;B04;X4;;1;13.22222;14.06;0.0;30.00;85.00;20.95;0.00;;30.0;30.0;30.0
C80;B05;X4;;1;13.22569;12.11;0.0;30.00;85.00;20.95;0.00;;30.0;30.0;30.0
C80;B06;X4;;1;13.22917;13.62;0.0;30.00;85.00;20.95;0.00;;30.0;30.0;30.0
C80;B07;X4;;1;13.23264;12.57;0.0;30.00;85.00;20.95;0.00;;30.0;30.0;30.0
C80;B08;X4;;1;13.23611;12.78;0.0;30.00;85.00;20.95;0.00;;30.0;30.0;30.0
C80;B09;X5;;1;13.23958;58.71;0.0;30.00;85.00;20.95;0.00;;30.0;30.0;30.0
C80;B10;X5;;1;13.24306;58.66;0.0;30.00;85.00;20.95;0.00;;30.0;30.0;30.0
C80;B11;X5;;1;13.24653;61.19;0.0;30.00;85.00;20.95;0.00;;30.0;30.0;30.0
C80;B12;X5;;1;13.25000;60.11;0.0;30.00;85.00;20.95;0.00;;30.0;30.0;30.0
C80;C01;X5;;1;13.25347;64.09;0.0;30.00;85.00;20.95;0.00;;30.0;30.0;30.0
C80;C02;X6;;1;13.25694;13.08;0.0;30.00;85.00;20.95;0.00;;30.0;30.0;30.0
C80;C03;X6;;1;13.26042;15.18;0.0;30.00;85.00;20.95;0.00;;30.0;30.0;30.0
C80;C04;X6;;1;13.26389;13.66;0.0;30.00;85.00;20.95;0.00;;30.0;30.0;30.0
C80;C05;X6;;1;13.26736;14.89;0.0;30.00;85.00;20.95;0.00;;30.0;30.0;30.0
C80;C06;X6;;1;13.27083;13.72;0.0;30.00;85.00;20.95;0.00;;30.0;30.0;30.0
C80;C07;X7;;1;13.27431;10.52;0.0;30.00;85.00;20.95;0.00;;30.0;30.0;30.0
C80;C08;X7;;1;13.27778;11.01;0.0;30.00;85.00;20.95;0.00;;30.0;30.0;30.0
C80;C09;X7;;1;13.28125;9.74;0.0;30.00;85.00;20.95;0.00;;30.0;30.0;30.0
C80;C10;X7;;1;13.28472;11.15;0.0;30.00;85.00;20.95;0.00;;30.0;30.0;30.0
C80;C11;X7;;1;13.28819;10.96;0.0;30.00;85.00;20.95;0.00;;30.0;30.0;30.0
C80;C12;X8;;1;13.29167;33.23;0.0;30.00;85.00;20.95;0.00;;30.0;30.0;30.0
C80;D01;X8;;1;13.29514;33.21;0.0;30.00;85.00;20.95;0.00;;30.0;30.0;30.0
C80;D02;X8;;1;13.29861;30.99;0.0;30.00;85.00;20.95;0.00;;30.0;30.0;30.0
C80;D03;X8;;1;13.30208;31.34;0.0;30.00;85.00;20.95;0.00;;30.0;30.0;30.0
C80;D04;X8;;1;13.30556;31.25;0.0;30.00;85.00;20.95;0.00;;30.0;30.0;30.0
C80;D05;B1;;1;13.30903;7.75;0.0;30.00;85.00;20.95;0.00;;30.0;30.0;30.0
C80;D06;B1;;1;13.31250;8.00;0.0;30.00;85.00;20.95;0.00;;30.0;30.0;30.0
C80;D07;B1;;1;13.31597;8.45;0.0;30.00;85.00;20.95;0.00;;30.0;30.0;30.0
R;;;;1;13.33333;177.07;0.0;30.00;85.00;20.95;0.00;test measure for referencing ;30.0;30.0;30.0
C81;A01;X1;;1;13.33681;17.27;0.0;30.00;85.00;20.95;0.00;;30.0;30.0;30.0
C81;A02;X1;;1;13.34028;17.26;0.0;30.00;85.00;20.95;0.00;;30.0;30.0;30.0
C81;A03;X1;;1;13.34375;18.60;0.0;30.00;85.00;20.95;0.00;;30.0;30.0;30.0
C81;A04;X1;;1;13.34722;17.99;0.0;30.00;85.00;20.95;0.00;;30.0;30.0;30.0
C81;A05;X1;;1;13.35069;17.04;0.0;30.00;85.00;20.95;0.00;;30.0;30.0;30.0
C81;A06;X2;;1;13.35417;10.98;0.0;30.00;85.00;20.95;0.00;;30.0;30.0;30.0
C81;A07;X2;;1;13.35764;10.84;0.0;30.00;85.00;20.95;0.00;;30.0;30.0;30.0
C81;A08;X2;;1;13.36111;10.85;0.0;30.00;85.00;20.95;0.00;;30.0;30.0;30.0
C81;A09;X2;;1;13.36458;10.45;0.0;30.00;85.00;20.95;0.00;;30.0;30.0;30.0
C81;A10;X2;;1;13.36806;10.94;0.0;30.00;85.00;20.95;0.00;;30.0;30.0;30.0
C81;A11;X3;;1;13.37153;10.52;0.0;30.00;85.00;20.95;0.00;;30.0;30.0;30.0
C81;A12;X3;;1;13.37500;10.42;0.0;30.00;85.00;20.95;0.00;;30.0;30.0;30.0
C81;B01;X3;;1;13.37847;10.09;0.0;30.00;85.00;20.95;0.00;;30.0;30.0;30.0
C81;B02;X3;;1;13.38194;10.62;0.0;30.00;85.00;20.95;0.00;;30.0;30.0;30.0
C81;B03;X3;;1;13.38542;10.25;0.0;30.00;85.00;20.95;0.00;;30.0;30.0;30.0
C81;B04;X4;;1;13.38889;14.75;0.0;30.00;85.00;20.95;0.00;;30.0;30.0;30.0
C81;B05;X4;;1;13.39236;11.73;0.0;30.00;85.00;20.95;0.00;;30.0;30.0;30.0
C81;B06;X4;;1;13.39583;13.54;0.0;30.00;85.00;20.95;0.00;;30.0;30.0;30.0
C81;B07;X4;;1;13.39931;12.78;0.0;30.00;85.00;20.95;0.00;;30.0;30.0;30.0
C81;B08;X4;;1;13.40278;13.33;0.0;30.00;85.00;20.95;0.00;;30.0;30.0;30.0
C81;B09;X5;;1;13.40625;59.43;0.0;30.00;85.00;20.95;0.00;;30.0;30.0;30.0
C81;B10;X5;;1;13.40972;59.69;0.0;30.00;85.00;20.95;0.00;;30.0;30.0;30.0
C81;B11;X5;;1;13.41319;62.57;0.0;30.00;85.00;20.95;0.00;;30.0;30.0;30.0
C81;B12;X5;;1;13.41667;61.23;0.0;30.00;85.00;20.95;0.00;;30.0;30.0;30.0
C81;C01;X5;;1;13.42014;64.57;0.0;30.00;85.00;20.95;0.00;;30.0;30.0;30.0
C81;C02;X6;;1;13.42361;14.53;0.0;30.00;85.00;20.95;0.00;;30.0;30.0;30.0
C81;C03;X6;;1;13.42708;14.41;0.0;30.00;85.00;20.95;0.00;;30.0;30.0;30.0
C81;C04;X6;;1;13.43056;14.58;0.0;30.00;85.00;20.95;0.00;;30.0;30.0;30.0
C81;C05;X6;;1;13.43403;15.38;0.0;30.00;85.00;20.95;0.00;;30.0;30.0;30.0
C81;C06;X6;;1;13.43750;13.35;0.0;30.00;85.00;20.95;0.00;;30.0;30.0;30.0
C81;C07;X7;;1;13.44097;10.54;0.0;30.00;85.00;20.95;0.00;;30.0;30.0;30.0
C81;C08;X7;;1;13.44444;10.77;0.0;30.00;85.00;20.95;0.00;;30.0;30.0;30.0
C81;C09;X7;;1;13.44792;9.81;0.0;30.00;85.00;20.95;0.00;;30.0;30.0;30.0
C81;C10;X7;;1;13.45139;11.06;0.0;30.00;85.00;20.95;0.00;;30.0;30.0;30.0
C81;C11;X7;;1;13.45486;10.81;0.0;30.00;85.00;20.95;0.00;;30.0;30.0;30.0
C81;C12;X8;;1;13.45833;34.42;0.0;30.00;85.00;20.95;0.00;;30.0;30.0;30.0
C81;D01;X8;;1;13.46181;33.67;0.0;30.00;85.00;20.95;0.00;;30.0;30.0;30.0
C81;D02;X8;;1;13.46528;31.61;0.0;30.00;85.00;20.95;0.00;;30.0;30.0;30.0
C81;D03;X8;;1;13.46875;32.04;0.0;30.00;85.00;20.95;0.00;;30.0;30.0;30.0
C81;D04;X8;;1;13.47222;33.13;0.0;30.00;85.00;20.95;0.00;;30.0;30.0;30.0
C81;D05;B1;;1;13.47569;8.37;0.0;30.00;85.00;20.95;0.00;;30.0;30.0;30.0
C81;D06;B1;;1;13.47917;7.22;0.0;30.00;85.00;20.95;0.00;;30.0;30.0;30.0
C81;D07;B1;;1;13.48264;7.68;0.0;30.00;85.00;20.95;0.00;;30.0;30.0;30.0
R;;;;1;13.50000;179.49;0.0;30.00;85.00;20.95;0.00;test measure for referencing ;30.0;30.0;30.0
C82;A01;X1;;1;13.50347;17.96;0.0;30.00;85.00;20.95;0.00;;30.0;30.0;30.0
C82;A02;X1;;1;13.50694;18.61;0.0;30.00;85.00;20.95;0.00;;30.0;30.0;30.0
C82;A03;X1;;1;13.51042;19.33;0.0;30.00;85.00;20.95;0.00;;30.0;30.0;30.0
C82;A04;X1;;1;13.51389;18.32;0.0;30.00;85.00;20.95;0.00;;30.0;30.0;30.0
C82;A05;X1;;1;13.51736;17.05;0.0;30.00;85.00;20.95;0.00;;30.0;30.0;30.0
C82;A06;X2;;1;13.52083;11.06;0.0;30.00;85.00;20.95;0.00;;30.0;30.0;30.0
C82;A07;X2;;1;13.52431;10.52;0.0;30.00;85.00;20.95;0.00;;30.0;30.0;30.0
C82;A08;X2;;1;13.52778;10.77;0.0;30.00;85.00;20.95;0.00;;30.0;30.0;30.0
C82;A09;X2;;1;13.53125;10.47;0.0;30.00;85.00;20.95;0.00;;30.0;30.0;30.0
C82;A10;X2;;1;13.53472;10.70;0.0;30.00;85.00;20.95;0.00;;30.0;30.0;30.0
C82;A11;X3;;1;13.53819;10.27;0.0;30.00;85.00;20.95;0.00;;30.0;30.0;30.0
C82;A12;X3;;1;13.54167;11.08;0.0;30.00;85.00;20.95;0.00;;30.0;30.0;30.0
C82;B01;X3;;1;13.54514;10.52;0.0;30.00;85.00;20.95;0.00;;30.0;30.0;30.0
C82;B02;X3;;1;13.54861;10.57;0.0;30.00;85.00;20.95;0.00;;30.0;30.0;30.0
C82;B03;X3;;1;13.55208;9.44;0.0;30.00;85.00;20.95;0.00;;30.0;30.0;30.0
C82;B04;X4;;1;13.55556;13.39;0.0;30.00;85.00;20.95;0.00;;30.0;30.0;30.0
C82;B05;X4;;1;13.55903;11.99;0.0;30.00;85.00;20.95;0.00;;30.0;30.0;30.0
C82;B06;X4;;1;13.56250;14.05;0.0;30.00;85.00;20.95;0.00;;30.0;30.0;30.0
C82;B07;X4;;1;13.56597;13.37;0.0;30.00;85.00;20.95;0.00;;30.0;30.0;30.0
C82;B08;X4;;1;13.56944;13.28;0.0;30.00;85.00;20.95;0.00;;30.0;30.0;30.0
C82;B09;X5;;1;13.57292;61.26;0.0;30.00;85.00;20.95;0.00;;30.0;30.0;30.0
C82;B10;X5;;1;13.57639;61.50;0.0;30.00;85.00;20.95;0.00;;30.0;30.0;30.0
C82;B11;X5;;1;13.57986;63.72;0.0;30.00;85.00;20.95;0.00;;30.0;30.0;30.0
C82;B12;X5;;1;13.58333;62.65;0.0;30.00;85.00;20.95;0.00;;30.0;30.0;30.0
C82;C01;X5;;1;13.58681;67.17;0.0;30.00;85.00;20.95;0.00;;30.0;30.0;30.0
C82;C02;X6;;1;13.59028;14.07;0.0;30.00;85.00;20.95;0.00;;30.0;30.0;30.0
C82;C03;X6;;1;13.59375;15.24;0.0;30.00;85.00;20.95;0.00;;30.0;30.0;30.0
C82;C04;X6;;1;13.59722;15.22;0.0;30.00;85.00;20.95;0.00;;30.0;30.0;30.0
C82;C05;X6;;1;13.60069;16.16;0.0;30.00;85.00;20.95;0.00;;30.0;30.0;30.0
C82;C06;X6;;1;13.60417;13.61;0.0;30.00;85.00;20.95;0.00;;30.0;30.0;30.0
C82;C07;X7;;1;13.60764;11.21;0.0;30.00;85.00;20.95;0.00;;30.0;30.0;30.0
C82;C08;X7;;1;13.61111;10.83;0.0;30.00;85.00;20.95;0.00;;30.0;30.0;30.0
C82;C09;X7;;1;13.61458;10.11;0.0;30.00;85.00;20.95;0.00;;30.0;30.0;30.0
C82;C10;X7;;1;13.61806;11.71;0.0;30.00;85.00;20.95;0.00;;30.0;30.0;30.0
C82;C11;X7;;1;13.62153;11.20;0.0;30.00;85.00;20.95;0.00;;30.0;30.0;30.0
C82;C12;X8;;1;13.62500;35.74;0.0;30.00;85.00;20.95;0.00;;30.0;30.0;30.0
C82;D01;X8;;1;13.62847;35.96;0.0;30.00;85.00;20.95;0.00;;30.0;30.0;30.0
C82;D02;X8;;1;13.63194;33.19;0.0;30.00;85.00;20.95;0.00;;30.0;30.0;30.0
C82;D03;X8;;1;13.63542;32.38;0.0;30.00;85.00;20.95;0.00;;30.0;30.0;30.0
C82;D04;X8;;1;13.63889;34.07;0.0;30.00;85.00;20.95;0.00;;30.0;30.0;30.0
C82;D05;B1;;1;13.64236;8.33;0.0;30.00;85.00;20.95;0.00;;30.0;30.0;30.0
C82;D06;B1;;1;13.64583;8.04;0.0;30.00;85.00;20.95;0.00;;30.0;30.0;30.0
C82;D07;B1;;1;13.64931;7.94;0.0;30.00;85.00;20.95;0.00;;30.0;30.0;30.0
R;;;;1;13.66667;179.54;0.0;30.00;85.00;20.95;0.00;test measure for referencing ;30.0;30.0;30.0
C83;A01;X1;;1;13.67014;18.08;0.0;30.00;85.00;20.95;0.00;;30.0;30.0;30.0
C83;A02;X1;;1;13.67361;18.35;0.0;30.00;85.00;20.95;0.00;;30.0;30.0;30.0
C83;A03;X1;;1;13.67708;19.70;0.0;30.00;85.00;20.95;0.00;;30.0;30.0;30.0
C83;A04;X1;;1;13.68056;18.67;0.0;30.00;85.00;20.95;0.00;;30.0;30.0;30.0
C83;A05;X1;;1;13.68403;17.33;0.0;30.00;85.00;20.95;0.00;;30.0;30.0;30.0
C83;A06;X2;;1;13.68750;10.79;0.0;30.00;85.00;20.95;0.00;;30.0;30.0;30.0
C83;A07;X2;;1;13.69097;10.98;0.0;30.00;85.00;20.95;0.00;;30.0;30.0;30.0
C83;A08;X2;;1;13.69444;10.92;0.0;30.00;85.00;20.95;0.00;;30.0;30.0;30.0
C83;A09;X2;;1;13.69792;10.18;0.0;30.00;85.00;20.95;0.00;;30.0;30.0;30.0
C83;A10;X2;;1;13.70139;10.72;0.0;30.00;85.00;20.95;0.00;;30.0;30.0;30.0
C83;A11;X3;;1;13.70486;10.36;0.0;30.00;85.00;20.95;0.00;;30.0;30.0;30.0
C83;A12;X3;;1;13.70833;11.16;0.0;30.00;85.00;20.95;0.00;;30.0;30.0;30.0
C83;B01;X3;;1;13.71181;10.12;0.0;30.00;85.00;20.95;0.00;;30.0;30.0;30.0
C83;B02;X3;;1;13.71528;10.90;0.0;30.00;85.00;20.95;0.00;;30.0;30.0;30.0
C83;B03;X3;;1;13.71875;9.75;0.0;30.00;85.00;20.95;0.00;;30.0;30.0;30.0
C83;B04;X4;;1;13.72222;14.50;0.0;30.00;85.00;20.95;0.00;;30.0;30.0;30.0
C83;B05;X4;;1;13.72569;12.56;0.0;30.00;85.00;20.95;0.00;;30.0;30.0;30.0
C83;B06;X4;;1;13.72917;14.05;0.0;30.00;85.00;20.95;0.00;;30.0;30.0;30.0
C83;B07;X4;;1;13.73264;12.60;0.0;30.00;85.00;20.95;0.00;;30.0;30.0;30.0
C83;B08;X4;;1;13.73611;13.20;0.0;30.00;85.00;20.95;0.00;;30.0;30.0;30.0
C83;B09;X5;;1;13.73958;61.92;0.0;30.00;85.00;20.95;0.00;;30.0;30.0;30.0
C83;B10;X5;;1;13.74306;61.69;0.0;30.00;85.00;20.95;0.00;;30.0;30.0;30.0
C83;B11;X5;;1;13.74653;63.44;0.0;30.00;85.00;20.95;0.00;;30.0;30.0;30.0
C83;B12;X5;;1;13.75000;61.99;0.0;30.00;85.00;20.95;0.00;;30.0;30.0;30.0
C83;C01;X5;;1;13.75347;66.66;0.0;30.00;85.00;20.95;0.00;;30.0;30.0;30.0
C83;C02;X6;;1;13.75694;14.67;0.0;30.00;85.00;20.95;0.00;;30.0;30.0;30.0
C83;C03;X6;;1;13.76042;15.86;0.0;30.00;85.00;20.95;0.00;;30.0;30.0;30.0
C83;C04;X6;;1;13.76389;15.05;0.0;30.00;85.00;20.95;0.00;;30.0;30.0;30.0
C83;C05;X6;;1;13.76736;16.05;0.0;30.00;85.00;20.95;0.00;;30.0;30.0;30.0
C83;C06;X6;;1;13.77083;13.57;0.0;30.00;85.00;20.95;0.00;;30.0;30.0;30.0
C83;C07;X7;;1;13.77431;10.80;0.0;30.00;85.00;20.95;0.00;;30.0;30.0;30.0
C83;C08;X7;;1;13.77778;10.77;0.0;30.00;85.00;20.95;0.00;;30.0;30.0;30.0
C83;C09;X7;;1;13.78125;10.26;0.0;30.00;85.00;20.95;0.00;;30.0;30.0;30.0
C83;C10;X7;;1;13.78472;11.08;0.0;30.00;85.00;20.95;0.00;;30.0;30.0;30.0
C83;C11;X7;;1;13.78819;11.28;0.0;30.00;85.00;20.95;0.00;;30.0;30.0;30.0
C83;C12;X8;;1;13.79167;36.19;0.0;30.00;85.00;20.95;0.00;;30.0;30.0;30.0
C83;D01;X8;;1;13.79514;36.34;0.0;30.00;85.00;20.95;0.00;;30.0;30.0;30.0
C83;D02;X8;;1;13.79861;33.52;0.0;30.00;85.00;20.95;0.00;;30.0;30.0;30.0
C83;D03;X8;;1;13.80208;33.59;0.0;30.00;85.00;20.95;0.00;;30.0;30.0;30.0
C83;D04;X8;;1;13.80556;34.19;0.0;30.00;85.00;20.95;0.00;;30.0;30.0;30.0
C83;D05;B1;;1;13.80903;7.49;0.0;30.00;85.00;20.95;0.00;;30.0;30.0;30.0
C83;D06;B1;;1;13.81250;7.63;0.0;30.00;85.00;20.95;0.00;;30.0;30.0;30.0
C83;D07;B1;;1;13.81597;8.03;0.0;30.00;85.00;20.95;0.00;;30.0;30.0;30.0
R;;;;1;13.83333;182.51;0.0;30.00;85.00;20.95;0.00;test measure for referencing ;30.0;30.0;30.0
C84;A01;X1;;1;13.83681;18.68;0.0;30.00;85.00;20.95;0.00;;30.0;30.0;30.0
C84;A02;X1;;1;13.84028;18.90;0.0;30.00;85.00;20.95;0.00;;30.0;30.0;30.0
C84;A03;X1;;1;13.84375;20.62;0.0;30.00;85.00;20.95;0.00;;30.0;30.0;30.0
C84;A04;X1;;1;13.84722;19.24;0.0;30.00;85.00;20.95;0.00;;30.0;30.0;30.0
C84;A05;X1;;1;13.85069;17.92;0.0;30.00;85.00;20.95;0.00;;30.0;30.0;30.0
C84;A06;X2;;1;13.85417;11.28;0.0;30.00;85.00;20.95;0.00;;30.0;30.0;30.0
C84;A07;X2;;1;13.85764;10.23;0.0;30.00;85.00;20.95;0.00;;30.0;30.0;30.0
C84;A08;X2;;1;13.86111;11.35;0.0;30.00;85.00;20.95;0.00;;30.0;30.0;30.0
C84;A09;X2;;1;13.86458;10.29;0.0;30.00;85.00;20.95;0.00;;30.0;30.0;30.0
C84;A10;X2;;1;13.86806;11.27;0.0;30.00;85.00;20.95;0.00;;30.0;30.0;30.0
C84;A11;X3;;1;13.87153;10.52;0.0;30.00;85.00;20.95;0.00;;30.0;30.0;30.0
C84;A12;X3;;1;13.87500;11.21;0.0;30.00;85.00;20.95;0.00;;30.0;30.0;30.0
C84;B01;X3;;1;13.87847;10.40;0.0;30.00;85.00;20.95;0.00;;30.0;30.0;30.0
C84;B02;X3;;1;13.88194;10.98;0.0;30.00;85.00;20.95;0.00;;30.0;30.0;30.0
C84;B03;X3;;1;13.88542;10.18;0.0;30.00;85.00;20.95;0.00;;30.0;30.0;30.0
C84;B04;X4;;1;13.88889;14.60;0.0;30.00;85.00;20.95;0.00;;30.0;30.0;30.0
C84;B05;X4;;1;13.89236;12.70;0.0;30.00;85.00;20.95;0.00;;30.0;30.0;30.0
C84;B06;X4;;1;13.89583;14.21;0.0;30.00;85.00;20.95;0.00;;30.0;30.0;30.0
C84;B07;X4;;1;13.89931;13.90;0.0;30.00;85.00;20.95;0.00;;30.0;30.0;30.0
C84;B08;X4;;1;13.90278;12.96;0.0;30.00;85.00;20.95;0.00;;30.0;30.0;30.0
C84;B09;X5;;1;13.90625;63.39;0.0;30.00;85.00;20.95;0.00;;30.0;30.0;30.0
C84;B10;X5;;1;13.90972;63.26;0.0;30.00;85.00;20.95;0.00;;30.0;30.0;30.0
C84;B11;X5;;1;13.91319;65.63;0.0;30.00;85.00;20.95;0.00;;30.0;30.0;30.0
C84;B12;X5;;1;13.91667;65.14;0.0;30.00;85.00;20.95;0.00;;30.0;30.0;30.0
C84;C01;X5;;1;13.92014;69.05;0.0;30.00;85.00;20.95;0.00;;30.0;30.0;30.0
C84;C02;X6;;1;13.92361;14.47;0.0;30.00;85.00;20.95;0.00;;30.0;30.0;30.0
C84;C03;X6;;1;13.92708;16.28;0.0;30.00;85.00;20.95;0.00;;30.0;30.0;30.0
C84;C04;X6;;1;13.93056;15.75;0.0;30.00;85.00;20.95;0.00;;30.0;30.0;30.0
C84;C05;X6;;1;13.93403;16.05;0.0;30.00;85.00;20.95;0.00;;30.0;30.0;30.0
C84;C06;X6;;1;13.93750;14.60;0.0;30.00;85.00;20.95;0.00;;30.0;30.0;30.0
C84;C07;X7;;1;13.94097;10.93;0.0;30.00;85.00;20.95;0.00;;30.0;30.0;30.0
C84;C08;X7;;1;13.94444;11.20;0.0;30.00;85.00;20.95;0.00;;30.0;30.0;30.0
C84;C09;X7;;1;13.94792;10.48;0.0;30.00;85.00;20.95;0.00;;30.0;30.0;30.0
C84;C10;X7;;1;13.95139;11.48;0.0;30.00;85.00;20.95;0.00;;30.0;30.0;30.0
C84;C11;X7;;1;13.95486;10.71;0.0;30.00;85.00;20.95;0.00;;30.0;30.0;30.0
C84;C12;X8;;1;13.95833;37.63;0.0;30.00;85.00;20.95;0.00;;30.0;30.0;30.0
C84;D01;X8;;1;13.96181;37.16;0.0;30.00;85.00;20.95;0.00;;30.0;30.0;30.0
C84;D02;X8;;1;13.96528;34.59;0.0;30.00;85.00;20.95;0.00;;30.0;30.0;30.0
C84;D03;X8;;1;13.96875;35.21;0.0;30.00;85.00;20.95;0.00;;30.0;30.0;30.0
C84;D04;X8;;1;13.97222;36.50;0.0;30.00;85.00;20.95;0.00;;30.0;30.0;30.0
C84;D05;B1;;1;13.97569;8.71;0.0;30.00;85.00;20.95;0.00;;30.0;30.0;30.0
C84;D06;B1;;1;13.97917;7.86;0.0;30.00;85.00;20.95;0.00;;30.0;30.0;30.0
C84;D07;B1;;1;13.98264;8.07;0.0;30.00;85.00;20.95;0.00;;30.0;30.0;30.0
R;;;;1;14.00000;181.47;0.0;30.00;85.00;20.95;0.00;test measure for referencing ;30.0;30.0;30.0
C85;A01;X1;;1;14.00347;18.93;0.0;30.00;85.00;20.95;0.00;;30.0;30.0;30.0
C85;A02;X1;;1;14.00694;19.41;0.0;30.00;85.00;20.95;0.00;;30.0;30.0;30.0
C85;A03;X1;;1;14.01042;20.31;0.0;30.00;85.00;20.95;0.00;;30.0;30.0;30.0
C85;A04;X1;;1;14.01389;19.97;0.0;30.00;85.00;20.95;0.00;;30.0;30.0;30.0
C85;A05;X1;;1;14.01736;18.23;0.0;30.00;85.00;20.95;0.00;;30.0;30.0;30.0
C85;A06;X2;;1;14.02083;11.60;0.0;30.00;85.00;20.95;0.00;;30.0;30.0;30.0
C85;A07;X2;;1;14.02431;11.45;0.0;30.00;85.00;20.95;0.00;;30.0;30.0;30.0
C85;A08;X2;;1;14.02778;11.05;0.0;30.00;85.00;20.95;0.00;;30.0;30.0;30.0
C85;A09;X2;;1;14.03125;10.91;0.0;30.00;85.00;20.95;0.00;;30.0;30.0;30.0
C85;A10;X2;;1;14.03472;11.22;0.0;30.00;85.00;20.95;0.00;;30.0;30.0;30.0
C85;A11;X3;;1;14.03819;10.62;0.0;30.00;85.00;20.95;0.00;;30.0;30.0;30.0
C85;A12;X3;;1;14.04167;11.60;0.0;30.00;85.00;20.95;0.00;;30.0;30.0;30.0
C85;B01;X3;;1;14.04514;10.69;0.0;30.00;85.00;20.95;0.00;;30.0;30.0;30.0
C85;B02;X3;;1;14.04861;10.88;0.0;30.00;85.00;20.95;0.00;;30.0;30.0;30.0
C85;B03;X3;;1;14.05208;10.39;0.0;30.00;85.00;20.95;0.00;;30.0;30.0;30.0
C85;B04;X4;;1;14.05556;15.68;0.0;30.00;85.00;20.95;0.00;;30.0;30.0;30.0
C85;B05;X4;;1;14.05903;12.92;0.0;30.00;85.00;20.95;0.00;;30.0;30.0;30.0
C85;B06;X4;;1;14.06250;14.06;0.0;30.00;85.00;20.95;0.00;;30.0;30.0;30.0
C85;B07;X4;;1;14.06597;13.64;0.0;30.00;85.00;20.95;0.00;;30.0;30.0;30.0
C85;B08;X4;;1;14.06944;13.10;0.0;30.00;85.00;20.95;0.00;;30.0;30.0;30.0
C85;B09;X5;;1;14.07292;63.48;0.0;30.00;85.00;20.95;0.00;;30.0;30.0;30.0
C85;B10;X5;;1;14.07639;63.67;0.0;30.00;85.00;20.95;0.00;;30.0;30.0;30.0
C85;B11;X5;;1;14.07986;66.23;0.0;30.00;85.00;20.95;0.00;;30.0;30.0;30.0
C85;B12;X5;;1;14.08333;65.04;0.0;30.00;85.00;20.95;0.00;;30.0;30.0;30.0
C85;C01;X5;;1;14.08681;69.17;0.0;30.00;85.00;20.95;0.00;;30.0;30.0;30.0
C85;C02;X6;;1;14.09028;14.90;0.0;30.00;85.00;20.95;0.00;;30.0;30.0;30.0
C85;C03;X6;;1;14.09375;15.55;0.0;30.00;85.00;20.95;0.00;;30.0;30.0;30.0
C85;C04;X6;;1;14.09722;15.47;0.0;30.00;85.00;20.95;0.00;;30.0;30.0;30.0
C85;C05;X6;;1;14.10069;16.58;0.0;30.00;85.00;20.95;0.00;;30.0;30.0;30.0
C85;C06;X6;;1;14.10417;15.24;0.0;30.00;85.00;20.95;0.00;;30.0;30.0;30.0
C85;C07;X7;;1;14.10764;11.23;0.0;30.00;85.00;20.95;0.00;;30.0;30.0;30.0
C85;C08;X7;;1;14.11111;11.31;0.0;30.00;85.00;20.95;0.00;;30.0;30.0;30.0
C85;C09;X7;;1;14.11458;10.29;0.0;30.00;85.00;20.95;0.00;;30.0;30.0;30.0
C85;C10;X7;;1;14.11806;11.72;0.0;30.00;85.00;20.95;0.00;;30.0;30.0;30.0
C85;C11;X7;;1;14.12153;10.77;0.0;30.00;85.00;20.95;0.00;;30.0;30.0;30.0
C85;C12;X8;;1;14.12500;38.32;0.0;30.00;85.00;20.95;0.00;;30.0;30.0;30.0
C85;D01;X8;;1;14.12847;37.85;0.0;30.00;85.00;20.95;0.00;;30.0;30.0;30.0
C85;D02;X8;;1;14.13194;35.03;0.0;30.00;85.00;20.95;0.00;;30.0;30.0;30.0
C85;D03;X8;;1;14.13542;35.87;0.0;30.00;85.00;20.95;0.00;;30.0;30.0;30.0
C85;D04;X8;;1;14.13889;36.41;0.0;30.00;85.00;20.95;0.00;;30.0;30.0;30.0
C85;D05;B1;;1;14.14236;8.02;0.0;30.00;85.00;20.95;0.00;;30.0;30.0;30.0
C85;D06;B1;;1;14.14583;7.60;0.0;30.00;85.00;20.95;0.00;;30.0;30.0;30.0
C85;D07;B1;;1;14.14931;8.62;0.0;30.00;85.00;20.95;0.00;;30.0;30.0;30.0
R;;;;1;14.16667;174.26;0.0;30.00;85.00;20.95;0.00;test measure for referencing ;30.0;30.0;30.0
C86;A01;X1;;1;14.17014;18.41;0.0;30.00;85.00;20.95;0.00;;30.0;30.0;30.0
C86;A02;X1;;1;14.17361;18.72;0.0;30.00;85.00;20.95;0.00;;30.0;30.0;30.0
C86;A03;X1;;1;14.17708;20.16;0.0;30.00;85.00;20.95;0.00;;30.0;30.0;30.0
C86;A04;X1;;1;14.18056;19.09;0.0;30.00;85.00;20.95;0.00;;30.0;30.0;30.0
C86;A05;X1;;1;14.18403;17.25;0.0;30.00;85.00;20.95;0.00;;30.0;30.0;30.0
C86;A06;X2;;1;14.18750;11.24;0.0;30.00;85.00;20.95;0.00;;30.0;30.0;30.0
C86;A07;X2;;1;14.19097;10.60;0.0;30.00;85.00;20.95;0.00;;30.0;30.0;30.0
C86;A08;X2;;1;14.19444;11.07;0.0;30.00;85.00;20.95;0.00;;30.0;30.0;30.0
C86;A09;X2;;1;14.19792;9.56;0.0;30.00;85.00;20.95;0.00;;30.0;30.0;30.0
C86;A10;X2;;1;14.20139;11.13;0.0;30.00;85.00;20.95;0.00;;30.0;30.0;30.0
C86;A11;X3;;1;14.20486;10.58;0.0;30.00;85.00;20.95;0.00;;30.0;30.0;30.0
C86;A12;X3;;1;14.20833;10.92;0.0;30.00;85.00;20.95;0.00;;30.0;30.0;30.0
C86;B01;X3;;1;14.21181;9.67;0.0;30.00;85.00;20.95;0.00;;30.0;30.0;30.0
C86;B02;X3;;1;14.21528;9.90;0.0;30.00;85.00;20.95;0.00;;30.0;30.0;30.0
C86;B03;X3;;1;14.21875;8.67;0.0;30.00;85.00;20.95;0.00;;30.0;30.0;30.0
C86;B04;X4;;1;14.22222;14.53;0.0;30.00;85.00;20.95;0.00;;30.0;30.0;30.0
C86;B05;X4;;1;14.22569;12.53;0.0;30.00;85.00;20.95;0.00;;30.0;30.0;30.0
C86;B06;X4;;1;14.22917;13.93;0.0;30.00;85.00;20.95;0.00;;30.0;30.0;30.0
C86;B07;X4;;1;14.23264;12.94;0.0;30.00;85.00;20.95;0.00;;30.0;30.0;30.0
C86;B08;X4;;1;14.23611;12.51;0.0;30.00;85.00;20.95;0.00;;30.0;30.0;30.0
C86;B09;X5;;1;14.23958;61.76;0.0;30.00;85.00;20.95;0.00;;30.0;30.0;30.0
C86;B10;X5;;1;14.24306;61.19;0.0;30.00;85.00;20.95;0.00;;30.0;30.0;30.0
C86;B11;X5;;1;14.24653;64.72;0.0;30.00;85.00;20.95;0.00;;30.0;30.0;30.0
C86;B12;X5;;1;14.25000;63.10;0.0;30.00;85.00;20.95;0.00;;30.0;30.0;30.0
C86;C01;X5;;1;14.25347;67.40;0.0;30.00;85.00;20.95;0.00;;30.0;30.0;30.0
C86;C02;X6;;1;14.25694;14.56;0.0;30.00;85.00;20.95;0.00;;30.0;30.0;30.0
C86;C03;X6;;1;14.26042;15.60;0.0;30.00;85.00;20.95;0.00;;30.0;30.0;30.0
C86;C04;X6;;1;14.26389;15.26;0.0;30.00;85.00;20.95;0.00;;30.0;30.0;30.0
C86;C05;X6;;1;14.26736;15.93;0.0;30.00;85.00;20.95;0.00;;30.0;30.0;30.0
C86;C06;X6;;1;14.27083;14.29;0.0;30.00;85.00;20.95;0.00;;30.0;30.0;30.0
C86;C07;X7;;1;14.27431;10.54;0.0;30.00;85.00;20.95;0.00;;30.0;30.0;30.0
C86;C08;X7;;1;14.27778;10.53;0.0;30.00;85.00;20.95;0.00;;30.0;30.0;30.0
C86;C09;X7;;1;14.28125;10.23;0.0;30.00;85.00;20.95;0.00;;30.0;30.0;30.0
C86;C10;X7;;1;14.28472;10.81;0.0;30.00;85.00;20.95;0.00;;30.0;30.0;30.0
C86;C11;X7;;1;14.28819;10.22;0.0;30.00;85.00;20.95;0.00;;30.0;30.0;30.0
C86;C12;X8;;1;14.29167;37.20;0.0;30.00;85.00;20.95;0.00;;30.0;30.0;30.0
C86;D01;X8;;1;14.29514;37.19;0.0;30.00;85.00;20.95;0.00;;30.0;30.0;30.0
C86;D02;X8;;1;14.29861;34.36;0.0;30.00;85.00;20.95;0.00;;30.0;30.0;30.0
C86;D03;X8;;1;14.30208;34.72;0.0;30.00;85.00;20.95;0.00;;30.0;30.0;30.0
C86;D04;X8;;1;14.30556;35.64;0.0;30.00;85.00;20.95;0.00;;30.0;30.0;30.0
C86;D05;B1;;1;14.30903;7.85;0.0;30.00;85.00;20.95;0.00;;30.0;30.0;30.0
C86;D06;B1;;1;14.31250;7.75;0.0;30.00;85.00;20.95;0.00;;30.0;30.0;30.0
C86;D07;B1;;1;14.31597;7.73;0.0;30.00;85.00;20.95;0.00;;30.0;30.0;30.0
R;;;;1;14.33333;175.89;0.0;30.00;85.00;20.95;0.00;test measure for referencing ;30.0;30.0;30.0
C87;A01;X1;;1;14.33681;18.85;0.0;30.00;85.00;20.95;0.00;;30.0;30.0;30.0
C87;A02;X1;;1;14.34028;19.39;0.0;30.00;85.00;20.95;0.00;;30.0;30.0;30.0
C87;A03;X1;;1;14.34375;20.39;0.0;30.00;85.00;20.95;0.00;;30.0;30.0;30.0
C87;A04;X1;;1;14.34722;19.50;0.0;30.00;85.00;20.95;0.00;;30.0;30.0;30.0
C87;A05;X1;;1;14.35069;18.25;0.0;30.00;85.00;20.95;0.00;;30.0;30.0;30.0
C87;A06;X2;;1;14.35417;10.65;0.0;30.00;85.00;20.95;0.00;;30.0;30.0;30.0
C87;A07;X2;;1;14.35764;10.63;0.0;30.00;85.00;20.95;0.00;;30.0;30.0;30.0
C87;A08;X2;;1;14.36111;11.06;0.0;30.00;85.00;20.95;0.00;;30.0;30.0;30.0
C87;A09;X2;;1;14.36458;10.49;0.0;30.00;85.00;20.95;0.00;;30.0;30.0;30.0
C87;A10;X2;;1;14.36806;11.89;0.0;30.00;85.00;20.95;0.00;;30.0;30.0;30.0
C87;A11;X3;;1;14.37153;10.19;0.0;30.00;85.00;20.95;0.00;;30.0;30.0;30.0
C87;A12;X3;;1;14.37500;9.81;0.0;30.00;85.00;20.95;0.00;;30.0;30.0;30.0
C87;B01;X3;;1;14.37847;10.32;0.0;30.00;85.00;20.95;0.00;;30.0;30.0;30.0
C87;B02;X3;;1;14.38194;10.13;0.0;30.00;85.00;20.95;0.00;;30.0;30.0;30.0
C87;B03;X3;;1;14.38542;9.75;0.0;30.00;85.00;20.95;0.00;;30.0;30.0;30.0
C87;B04;X4;;1;14.38889;14.84;0.0;30.00;85.00;20.95;0.00;;30.0;30.0;30.0
C87;B05;X4;;1;14.39236;12.75;0.0;30.00;85.00;20.95;0.00;;30.0;30.0;30.0
C87;B06;X4;;1;14.39583;14.10;0.0;30.00;85.00;20.95;0.00;;30.0;30.0;30.0
C87;B07;X4;;1;14.39931;13.61;0.0;30.00;85.00;20.95;0.00;;30.0;30.0;30.0
C87;B08;X4;;1;14.40278;12.90;0.0;30.00;85.00;20.95;0.00;;30.0;30.0;30.0
C87;B09;X5;;1;14.40625;62.83;0.0;30.00;85.00;20.95;0.00;;30.0;30.0;30.0
C87;B10;X5;;1;14.40972;62.25;0.0;30.00;85.00;20.95;0.00;;30.0;30.0;30.0
C87;B11;X5;;1;14.41319;65.02;0.0;30.00;85.00;20.95;0.00;;30.0;30.0;30.0
C87;B12;X5;;1;14.41667;64.00;0.0;30.00;85.00;20.95;0.00;;30.0;30.0;30.0
C87;C01;X5;;1;14.42014;68.34;0.0;30.00;85.00;20.95;0.00;;30.0;30.0;30.0
C87;C02;X6;;1;14.42361;14.55;0.0;30.00;85.00;20.95;0.00;;30.0;30.0;30.0
C87;C03;X6;;1;14.42708;16.02;0.0;30.00;85.00;20.95;0.00;;30.0;30.0;30.0
C87;C04;X6;;1;14.43056;15.64;0.0;30.00;85.00;20.95;0.00;;30.0;30.0;30.0
C87;C05;X6;;1;14.43403;16.73;0.0;30.00;85.00;20.95;0.00;;30.0;30.0;30.0
C87;C06;X6;;1;14.43750;14.33;0.0;30.00;85.00;20.95;0.00;;30.0;30.0;30.0
C87;C07;X7;;1;14.44097;11.26;0.0;30.00;85.00;20.95;0.00;;30.0;30.0;30.0
C87;C08;X7;;1;14.44444;10.83;0.0;30.00;85.00;20.95;0.00;;30.0;30.0;30.0
C87;C09;X7;;1;14.44792;10.33;0.0;30.00;85.00;20.95;0.00;;30.0;30.0;30.0
C87;C10;X7;;1;14.45139;11.74;0.0;30.00;85.00;20.95;0.00;;30.0;30.0;30.0
C87;C11;X7;;1;14.45486;10.71;0.0;30.00;85.00;20.95;0.00;;30.0;30.0;30.0
C87;C12;X8;;1;14.45833;37.76;0.0;30.00;85.00;20.95;0.00;;30.0;30.0;30.0
C87;D01;X8;;1;14.46181;38.65;0.0;30.00;85.00;20.95;0.00;;30.0;30.0;30.0
C87;D02;X8;;1;14.46528;35.01;0.0;30.00;85.00;20.95;0.00;;30.0;30.0;30.0
C87;D03;X8;;1;14.46875;35.76;0.0;30.00;85.00;20.95;0.00;;30.0;30.0;30.0
C87;D04;X8;;1;14.47222;36.35;0.0;30.00;85.00;20.95;0.00;;30.0;30.0;30.0
C87;D05;B1;;1;14.47569;8.63;0.0;30.00;85.00;20.95;0.00;;30.0;30.0;30.0
C87;D06;B1;;1;14.47917;8.01;0.0;30.00;85.00;20.95;0.00;;30.0;30.0;30.0
C87;D07;B1;;1;14.48264;8.57;0.0;30.00;85.00;20.95;0.00;;30.0;30.0;30.0
R;;;;1;14.50000;179.99;0.0;30.00;85.00;20.95;0.00;test measure for referencing ;30.0;30.0;30.0
C88;A01;X1;;1;14.50347;19.32;0.0;30.00;85.00;20.95;0.00;;30.0;30.0;30.0
C88;A02;X1;;1;14.50694;20.15;0.0;30.00;85.00;20.95;0.00;;30.0;30.0;30.0
C88;A03;X1;;1;14.51042;21.04;0.0;30.00;85.00;20.95;0.00;;30.0;30.0;30.0
C88;A04;X1;;1;14.51389;20.38;0.0;30.00;85.00;20.95;0.00;;30.0;30.0;30.0
C88;A05;X1;;1;14.51736;19.00;0.0;30.00;85.00;20.95;0.00;;30.0;30.0;30.0
C88;A06;X2;;1;14.52083;11.37;0.0;30.00;85.00;20.95;0.00;;30.0;30.0;30.0
C88;A07;X2;;1;14.52431;10.57;0.0;30.00;85.00;20.95;0.00;;30.0;30.0;30.0
C88;A08;X2;;1;14.52778;11.16;0.0;30.00;85.00;20.95;0.00;;30.0;30.0;30.0
C88;A09;X2;;1;14.53125;10.36;0.0;30.00;85.00;20.95;0.00;;30.0;30.0;30.0
C88;A10;X2;;1;14.53472;10.85;0.0;30.00;85.00;20.95;0.00;;30.0;30.0;30.0
C88;A11;X3;;1;14.53819;10.84;0.0;30.00;85.00;20.95;0.00;;30.0;30.0;30.0
C88;A12;X3;;1;14.54167;10.65;0.0;30.00;85.00;20.95;0.00;;30.0;30.0;30.0
C88;B01;X3;;1;14.54514;10.48;0.0;30.00;85.00;20.95;0.00;;30.0;30.0;30.0
C88;B02;X3;;1;14.54861;10.59;0.0;30.00;85.00;20.95;0.00;;30.0;30.0;30.0
C88;B03;X3;;1;14.55208;9.79;0.0;30.00;85.00;20.95;0.00;;30.0;30.0;30.0
C88;B04;X4;;1;14.55556;14.21;0.0;30.00;85.00;20.95;0.00;;30.0;30.0;30.0
C88;B05;X4;;1;14.55903;12.90;0.0;30.00;85.00;20.95;0.00;;30.0;30.0;30.0
C88;B06;X4;;1;14.56250;14.35;0.0;30.00;85.00;20.95;0.00;;30.0;30.0;30.0
C88;B07;X4;;1;14.56597;14.15;0.0;30.00;85.00;20.95;0.00;;30.0;30.0;30.0
C88;B08;X4;;1;14.56944;12.98;0.0;30.00;85.00;20.95;0.00;;30.0;30.0;30.0
C88;B09;X5;;1;14.57292;64.81;0.0;30.00;85.00;20.95;0.00;;30.0;30.0;30.0
C88;B10;X5;;1;14.57639;64.65;0.0;30.00;85.00;20.95;0.00;;30.0;30.0;30.0
C88;B11;X5;;1;14.57986;67.03;0.0;30.00;85.00;20.95;0.00;;30.0;30.0;30.0
C88;B12;X5;;1;14.58333;66.05;0.0;30.00;85.00;20.95;0.00;;30.0;30.0;30.0
C88;C01;X5;;1;14.58681;70.43;0.0;30.00;85.00;20.95;0.00;;30.0;30.0;30.0
C88;C02;X6;;1;14.59028;14.97;0.0;30.00;85.00;20.95;0.00;;30.0;30.0;30.0
C88;C03;X6;;1;14.59375;16.04;0.0;30.00;85.00;20.95;0.00;;30.0;30.0;30.0
C88;C04;X6;;1;14.59722;15.89;0.0;30.00;85.00;20.95;0.00;;30.0;30.0;30.0
C88;C05;X6;;1;14.60069;17.31;0.0;30.00;85.00;20.95;0.00;;30.0;30.0;30.0
C88;C06;X6;;1;14.60417;15.31;0.0;30.00;85.00;20.95;0.00;;30.0;30.0;30.0
C88;C07;X7;;1;14.60764;11.01;0.0;30.00;85.00;20.95;0.00;;30.0;30.0;30.0
C88;C08;X7;;1;14.61111;11.05;0.0;30.00;85.00;20.95;0.00;;30.0;30.0;30.0
C88;C09;X7;;1;14.61458;10.32;0.0;30.00;85.00;20.95;0.00;;30.0;30.0;30.0
C88;C10;X7;;1;14.61806;11.85;0.0;30.00;85.00;20.95;0.00;;30.0;30.0;30.0
C88;C11;X7;;1;14.62153;11.38;0.0;30.00;85.00;20.95;0.00;;30.0;30.0;30.0
C88;C12;X8;;1;14.62500;40.44;0.0;30.00;85.00;20.95;0.00;;30.0;30.0;30.0
C88;D01;X8;;1;14.62847;40.07;0.0;30.00;85.00;20.95;0.00;;30.0;30.0;30.0
C88;D02;X8;;1;14.63194;36.96;0.0;30.00;85.00;20.95;0.00;;30.0;30.0;30.0
C88;D03;X8;;1;14.63542;37.09;0.0;30.00;85.00;20.95;0.00;;30.0;30.0;30.0
C88;D04;X8;;1;14.63889;38.13;0.0;30.00;85.00;20.95;0.00;;30.0;30.0;30.0
C88;D05;B1;;1;14.64236;8.69;0.0;30.00;85.00;20.95;0.00;;30.0;30.0;30.0
C88;D06;B1;;1;14.64583;7.87;0.0;30.00;85.00;20.95;0.00;;30.0;30.0;30.0
C88;D07;B1;;1;14.64931;7.94;0.0;30.00;85.00;20.95;0.00;;30.0;30.0;30.0
R;;;;1;14.66667;179.61;0.0;30.00;85.00;20.95;0.00;test measure for referencing ;30.0;30.0;30.0
C89;A01;X1;;1;14.67014;19.91;0.0;30.00;85.00;20.95;0.00;;30.0;30.0;30.0
C89;A02;X1;;1;14.67361;20.57;0.0;30.00;85.00;20.95;0.00;;30.0;30.0;30.0
C89;A03;X1;;1;14.67708;21.61;0.0;30.00;85.00;20.95;0.00;;30.0;30.0;30.0
C89;A04;X1;;1;14.68056;21.52;0.0;30.00;85.00;20.95;0.00;;30.0;30.0;30.0
C89;A05;X1;;1;14.68403;19.01;0.0;30.00;85.00;20.95;0.00;;30.0;30.0;30.0
C89;A06;X2;;1;14.68750;11.23;0.0;30.00;85.00;20.95;0.00;;30.0;30.0;30.0
C89;A07;X2;;1;14.69097;10.98;0.0;30.00;85.00;20.95;0.00;;30.0;30.0;30.0
C89;A08;X2;;1;14.69444;11.66;0.0;30.00;85.00;20.95;0.00;;30.0;30.0;30.0
C89;A09;X2;;1;14.69792;10.74;0.0;30.00;85.00;20.95;0.00;;30.0;30.0;30.0
C89;A10;X2;;1;14.70139;11.34;0.0;30.00;85.00;20.95;0.00;;30.0;30.0;30.0
C89;A11;X3;;1;14.70486;10.18;0.0;30.00;85.00;20.95;0.00;;30.0;30.0;30.0
C89;A12;X3;;1;14.70833;10.65;0.0;30.00;85.00;20.95;0.00;;30.0;30.0;30.0
C89;B01;X3;;1;14.71181;10.62;0.0;30.00;85.00;20.95;0.00;;30.0;30.0;30.0
C89;B02;X3;;1;14.71528;10.70;0.0;30.00;85.00;20.95;0.00;;30.0;30.0;30.0
C89;B03;X3;;1;14.71875;9.73;0.0;30.00;85.00;20.95;0.00;;30.0;30.0;30.0
C89;B04;X4;;1;14.72222;15.36;0.0;30.00;85.00;20.95;0.00;;30.0;30.0;30.0
C89;B05;X4;;1;14.72569;12.75;0.0;30.00;85.00;20.95;0.00;;30.0;30.0;30.0
C89;B06;X4;;1;14.72917;14.73;0.0;30.00;85.00;20.95;0.00;;30.0;30.0;30.0
C89;B07;X4;;1;14.73264;14.26;0.0;30.00;85.00;20.95;0.00;;30.0;30.0;30.0
C89;B08;X4;;1;14.73611;13.69;0.0;30.00;85.00;20.95;0.00;;30.0;30.0;30.0
C89;B09;X5;;1;14.73958;64.86;0.0;30.00;85.00;20.95;0.00;;30.0;30.0;30.0
C89;B10;X5;;1;14.74306;64.85;0.0;30.00;85.00;20.95;0.00;;30.0;30.0;30.0
C89;B11;X5;;1;14.74653;67.91;0.0;30.00;85.00;20.95;0.00;;30.0;30.0;30.0
C89;B12;X5;;1;14.75000;66.12;0.0;30.00;85.00;20.95;0.00;;30.0;30.0;30.0
C89;C01;X5;;1;14.75347;70.43;0.0;30.00;85.00;20.95;0.00;;30.0;30.0;30.0
C89;C02;X6;;1;14.75694;15.31;0.0;30.00;85.00;20.95;0.00;;30.0;30.0;30.0
C89;C03;X6;;1;14.76042;16.24;0.0;30.00;85.00;20.95;0.00;;30.0;30.0;30.0
C89;C04;X6;;1;14.76389;16.58;0.0;30.00;85.00;20.95;0.00;;30.0;30.0;30.0
C89;C05;X6;;1;14.76736;17.52;0.0;30.00;85.00;20.95;0.00;;30.0;30.0;30.0
C89;C06;X6;;1;14.77083;15.13;0.0;30.00;85.00;20.95;0.00;;30.0;30.0;30.0
C89;C07;X7;;1;14.77431;11.56;0.0;30.00;85.00;20.95;0.00;;30.0;30.0;30.0
C89;C08;X7;;1;14.77778;11.03;0.0;30.00;85.00;20.95;0.00;;30.0;30.0;30.0
C89;C09;X7;;1;14.78125;10.63;0.0;30.00;85.00;20.95;0.00;;30.0;30.0;30.0
C89;C10;X7;;1;14.78472;11.37;0.0;30.00;85.00;20.95;0.00;;30.0;30.0;30.0
C89;C11;X7;;1;14.78819;11.66;0.0;30.00;85.00;20.95;0.00;;30.0;30.0;30.0
C89;C12;X8;;1;14.79167;40.68;0.0;30.00;85.00;20.95;0.00;;30.0;30.0;30.0
C89;D01;X8;;1;14.79514;40.68;0.0;30.00;85.00;20.95;0.00;;30.0;30.0;30.0
C89;D02;X8;;1;14.79861;37.66;0.0;30.00;85.00;20.95;0.00;;30.0;30.0;30.0
C89;D03;X8;;1;14.80208;38.46;0.0;30.00;85.00;20.95;0.00;;30.0;30.0;30.0
C89;D04;X8;;1;14.80556;38.00;0.0;30.00;85.00;20.95;0.00;;30.0;30.0;30.0
C89;D05;B1;;1;14.80903;7.89;0.0;30.00;85.00;20.95;0.00;;30.0;30.0;30.0
C89;D06;B1;;1;14.81250;8.11;0.0;30.00;85.00;20.95;0.00;;30.0;30.0;30.0
C89;D07;B1;;1;14.81597;8.30;0.0;30.00;85.00;20.95;0.00;;30.0;30.0;30.0
R;;;;1;14.83333;179.06;0.0;30.00;85.00;20.95;0.00;test measure for referencing ;30.0;30.0;30.0
C90;A01;X1;;1;14.83681;20.03;0.0;30.00;85.00;20.95;0.00;;30.0;30.0;30.0
C90;A02;X1;;1;14.84028;20.69;0.0;30.00;85.00;20.95;0.00;;30.0;30.0;30.0
C90;A03;X1;;1;14.84375;22.23;0.0;30.00;85.00;20.95;0.00;;30.0;30.0;30.0
C90;A04;X1;;1;14.84722;20.97;0.0;30.00;85.00;20.95;0.00;;30.0;30.0;30.0
C90;A05;X1;;1;14.85069;19.63;0.0;30.00;85.00;20.95;0.00;;30.0;30.0;30.0
C90;A06;X2;;1;14.85417;11.19;0.0;30.00;85.00;20.95;0.00;;30.0;30.0;30.0
C90;A07;X2;;1;14.85764;10.98;0.0;30.00;85.00;20.95;0.00;;30.0;30.0;30.0
C90;A08;X2;;1;14.86111;11.90;0.0;30.00;85.00;20.95;0.00;;30.0;30.0;30.0
C90;A09;X2;;1;14.86458;10.94;0.0;30.00;85.00;20.95;0.00;;30.0;30.0;30.0
C90;A10;X2;;1;14.86806;10.71;0.0;30.00;85.00;20.95;0.00;;30.0;30.0;30.0
C90;A11;X3;;1;14.87153;10.73;0.0;30.00;85.00;20.95;0.00;;30.0;30.0;30.0
C90;A12;X3;;1;14.87500;11.35;0.0;30.00;85.00;20.95;0.00;;30.0;30.0;30.0
C90;B01;X3;;1;14.87847;10.65;0.0;30.00;85.00;20.95;0.00;;30.0;30.0;30.0
C90;B02;X3;;1;14.88194;10.43;0.0;30.00;85.00;20.95;0.00;;30.0;30.0;30.0
C90;B03;X3;;1;14.88542;10.24;0.0;30.00;85.00;20.95;0.00;;30.0;30.0;30.0
C90;B04;X4;;1;14.88889;15.25;0.0;30.00;85.00;20.95;0.00;;30.0;30.0;30.0
C90;B05;X4;;1;14.89236;13.05;0.0;30.00;85.00;20.95;0.00;;30.0;30.0;30.0
C90;B06;X4;;1;14.89583;14.53;0.0;30.00;85.00;20.95;0.00;;30.0;30.0;30.0
C90;B07;X4;;1;14.89931;13.89;0.0;30.00;85.00;20.95;0.00;;30.0;30.0;30.0
C90;B08;X4;;1;14.90278;13.18;0.0;30.00;85.00;20.95;0.00;;30.0;30.0;30.0
C90;B09;X5;;1;14.90625;65.41;0.0;30.00;85.00;20.95;0.00;;30.0;30.0;30.0
C90;B10;X5;;1;14.90972;64.83;0.0;30.00;85.00;20.95;0.00;;30.0;30.0;30.0
C90;B11;X5;;1;14.91319;67.85;0.0;30.00;85.00;20.95;0.00;;30.0;30.0;30.0
C90;B12;X5;;1;14.91667;66.41;0.0;30.00;85.00;20.95;0.00;;30.0;30.0;30.0
C90;C01;X5;;1;14.92014;71.26;0.0;30.00;85.00;20.95;0.00;;30.0;30.0;30.0
C90;C02;X6;;1;14.92361;16.36;0.0;30.00;85.00;20.95;0.00;;30.0;30.0;30.0
C90;C03;X6;;1;14.92708;17.10;0.0;30.00;85.00;20.95;0.00;;30.0;30.0;30.0
C90;C04;X6;;1;14.93056;16.41;0.0;30.00;85.00;20.95;0.00;;30.0;30.0;30.0
C90;C05;X6;;1;14.93403;17.56;0.0;30.00;85.00;20.95;0.00;;30.0;30.0;30.0
C90;C06;X6;;1;14.93750;15.24;0.0;30.00;85.00;20.95;0.00;;30.0;30.0;30.0
C90;C07;X7;;1;14.94097;10.71;0.0;30.00;85.00;20.95;0.00;;30.0;30.0;30.0
C90;C08;X7;;1;14.94444;11.08;0.0;30.00;85.00;20.95;0.00;;30.0;30.0;30.0
C90;C09;X7;;1;14.94792;10.53;0.0;30.00;85.00;20.95;0.00;;30.0;30.0;30.0
C90;C10;X7;;1;14.95139;11.40;0.0;30.00;85.00;20.95;0.00;;30.0;30.0;30.0
C90;C11;X7;;1;14.95486;11.15;0.0;30.00;85.00;20.95;0.00;;30.0;30.0;30.0
C90;C12;X8;;1;14.95833;41.08;0.0;30.00;85.00;20.95;0.00;;30.0;30.0;30.0
C90;D01;X8;;1;14.96181;41.20;0.0;30.00;85.00;20.95;0.00;;30.0;30.0;30.0
C90;D02;X8;;1;14.96528;37.99;0.0;30.00;85.00;20.95;0.00;;30.0;30.0;30.0
C90;D03;X8;;1;14.96875;38.07;0.0;30.00;85.00;20.95;0.00;;30.0;30.0;30.0
C90;D04;X8;;1;14.97222;39.18;0.0;30.00;85.00;20.95;0.00;;30.0;30.0;30.0
C90;D05;B1;;1;14.97569;7.48;0.0;30.00;85.00;20.95;0.00;;30.0;30.0;30.0
C90;D06;B1;;1;14.97917;8.49;0.0;30.00;85.00;20.95;0.00;;30.0;30.0;30.0
C90;D07;B1;;1;14.98264;8.32;0.0;30.00;85.00;20.95;0.00;;30.0;30.0;30.0
R;;;;1;15.00000;179.91;0.0;30.00;85.00;20.95;0.00;test measure for referencing ;30.0;30.0;30.0
C91;A01;X1;;1;15.00347;19.88;0.0;30.00;85.00;20.95;0.00;;30.0;30.0;30.0
C91;A02;X1;;1;15.00694;20.71;0.0;30.00;85.00;20.95;0.00;;30.0;30.0;30.0
C91;A03;X1;;1;15.01042;22.40;0.0;30.00;85.00;20.95;0.00;;30.0;30.0;30.0
C91;A04;X1;;1;15.01389;21.40;0.0;30.00;85.00;20.95;0.00;;30.0;30.0;30.0
C91;A05;X1;;1;15.01736;19.81;0.0;30.00;85.00;20.95;0.00;;30.0;30.0;30.0
C91;A06;X2;;1;15.02083;10.75;0.0;30.00;85.00;20.95;0.00;;30.0;30.0;30.0
C91;A07;X2;;1;15.02431;11.10;0.0;30.00;85.00;20.95;0.00;;30.0;30.0;30.0
C91;A08;X2;;1;15.02778;11.62;0.0;30.00;85.00;20.95;0.00;;30.0;30.0;30.0
C91;A09;X2;;1;15.03125;10.34;0.0;30.00;85.00;20.95;0.00;;30.0;30.0;30.0
C91;A10;X2;;1;15.03472;11.15;0.0;30.00;85.00;20.95;0.00;;30.0;30.0;30.0
C91;A11;X3;;1;15.03819;10.14;0.0;30.00;85.00;20.95;0.00;;30.0;30.0;30.0
C91;A12;X3;;1;15.04167;11.22;0.0;30.00;85.00;20.95;0.00;;30.0;30.0;30.0
C91;B01;X3;;1;15.04514;10.47;0.0;30.00;85.00;20.95;0.00;;30.0;30.0;30.0
C91;B02;X3;;1;15.04861;10.60;0.0;30.00;85.00;20.95;0.00;;30.0;30.0;30.0
C91;B03;X3;;1;15.05208;9.56;0.0;30.00;85.00;20.95;0.00;;30.0;30.0;30.0
C91;B04;X4;;1;15.05556;15.70;0.0;30.00;85.00;20.95;0.00;;30.0;30.0;30.0
C91;B05;X4;;1;15.05903;13.18;0.0;30.00;85.00;20.95;0.00;;30.0;30.0;30.0
C91;B06;X4;;1;15.06250;14.84;0.0;30.00;85.00;20.95;0.00;;30.0;30.0;30.0
C91;B07;X4;;1;15.06597;13.96;0.0;30.00;85.00;20.95;0.00;;30.0;30.0;30.0
C91;B08;X4;;1;15.06944;13.88;0.0;30.00;85.00;20.95;0.00;;30.0;30.0;30.0
C91;B09;X5;;1;15.07292;65.56;0.0;30.00;85.00;20.95;0.00;;30.0;30.0;30.0
C91;B10;X5;;1;15.07639;65.45;0.0;30.00;85.00;20.95;0.00;;30.0;30.0;30.0
C91;B11;X5;;1;15.07986;68.34;0.0;30.00;85.00;20.95;0.00;;30.0;30.0;30.0
C91;B12;X5;;1;15.08333;67.03;0.0;30.00;85.00;20.95;0.00;;30.0;30.0;30.0
C91;C01;X5;;1;15.08681;71.14;0.0;30.00;85.00;20.95;0.00;;30.0;30.0;30.0
C91;C02;X6;;1;15.09028;16.47;0.0;30.00;85.00;20.95;0.00;;30.0;30.0;30.0
C91;C03;X6;;1;15.09375;17.67;0.0;30.00;85.00;20.95;0.00;;30.0;30.0;30.0
C91;C04;X6;;1;15.09722;16.09;0.0;30.00;85.00;20.95;0.00;;30.0;30.0;30.0
C91;C05;X6;;1;15.10069;17.52;0.0;30.00;85.00;20.95;0.00;;30.0;30.0;30.0
C91;C06;X6;;1;15.10417;15.46;0.0;30.00;85.00;20.95;0.00;;30.0;30.0;30.0
C91;C07;X7;;1;15.10764;11.53;0.0;30.00;85.00;20.95;0.00;;30.0;30.0;30.0
C91;C08;X7;;1;15.11111;11.15;0.0;30.00;85.00;20.95;0.00;;30.0;30.0;30.0
C91;C09;X7;;1;15.11458;10.68;0.0;30.00;85.00;20.95;0.00;;30.0;30.0;30.0
C91;C10;X7;;1;15.11806;11.39;0.0;30.00;85.00;20.95;0.00;;30.0;30.0;30.0
C91;C11;X7;;1;15.12153;11.21;0.0;30.00;85.00;20.95;0.00;;30.0;30.0;30.0
C91;C12;X8;;1;15.12500;42.14;0.0;30.00;85.00;20.95;0.00;;30.0;30.0;30.0
C91;D01;X8;;1;15.12847;42.47;0.0;30.00;85.00;20.95;0.00;;30.0;30.0;30.0
C91;D02;X8;;1;15.13194;38.76;0.0;30.00;85.00;20.95;0.00;;30.0;30.0;30.0
C91;D03;X8;;1;15.13542;39.45;0.0;30.00;85.00;20.95;0.00;;30.0;30.0;30.0
C91;D04;X8;;1;15.13889;40.48;0.0;30.00;85.00;20.95;0.00;;30.0;30.0;30.0
C91;D05;B1;;1;15.14236;8.59;0.0;30.00;85.00;20.95;0.00;;30.0;30.0;30.0
C91;D06;B1;;1;15.14583;8.58;0.0;30.00;85.00;20.95;0.00;;30.0;30.0;30.0
C91;D07;B1;;1;15.14931;7.77;0.0;30.00;85.00;20.95;0.00;;30.0;30.0;30.0
R;;;;1;15.16667;181.00;0.0;30.00;85.00;20.95;0.00;test measure for referencing ;30.0;30.0;30.0
C92;A01;X1;;1;15.17014;20.92;0.0;30.00;85.00;20.95;0.00;;30.0;30.0;30.0
C92;A02;X1;;1;15.17361;20.67;0.0;30.00;85.00;20.95;0.00;;30.0;30.0;30.0
C92;A03;X1;;1;15.17708;23.04;0.0;30.00;85.00;20.95;0.00;;30.0;30.0;30.0
C92;A04;X1;;1;15.18056;22.02;0.0;30.00;85.00;20.95;0.00;;30.0;30.0;30.0
C92;A05;X1;;1;15.18403;19.79;0.0;30.00;85.00;20.95;0.00;;30.0;30.0;30.0
C92;A06;X2;;1;15.18750;11.52;0.0;30.00;85.00;20.95;0.00;;30.0;30.0;30.0
C92;A07;X2;;1;15.19097;10.78;0.0;30.00;85.00;20.95;0.00;;30.0;30.0;30.0
C92;A08;X2;;1;15.19444;11.25;0.0;30.00;85.00;20.95;0.00;;30.0;30.0;30.0
C92;A09;X2;;1;15.19792;10.42;0.0;30.00;85.00;20.95;0.00;;30.0;30.0;30.0
C92;A10;X2;;1;15.20139;11.85;0.0;30.00;85.00;20.95;0.00;;30.0;30.0;30.0
C92;A11;X3;;1;15.20486;10.39;0.0;30.00;85.00;20.95;0.00;;30.0;30.0;30.0
C92;A12;X3;;1;15.20833;11.68;0.0;30.00;85.00;20.95;0.00;;30.0;30.0;30.0
C92;B01;X3;;1;15.21181;10.78;0.0;30.00;85.00;20.95;0.00;;30.0;30.0;30.0
C92;B02;X3;;1;15.21528;11.10;0.0;30.00;85.00;20.95;0.00;;30.0;30.0;30.0
C92;B03;X3;;1;15.21875;9.91;0.0;30.00;85.00;20.95;0.00;;30.0;30.0;30.0
C92;B04;X4;;1;15.22222;15.83;0.0;30.00;85.00;20.95;0.00;;30.0;30.0;30.0
C92;B05;X4;;1;15.22569;13.45;0.0;30.00;85.00;20.95;0.00;;30.0;30.0;30.0
C92;B06;X4;;1;15.22917;15.40;0.0;30.00;85.00;20.95;0.00;;30.0;30.0;30.0
C92;B07;X4;;1;15.23264;14.44;0.0;30.00;85.00;20.95;0.00;;30.0;30.0;30.0
C92;B08;X4;;1;15.23611;14.26;0.0;30.00;85.00;20.95;0.00;;30.0;30.0;30.0
C92;B09;X5;;1;15.23958;66.15;0.0;30.00;85.00;20.95;0.00;;30.0;30.0;30.0
C92;B10;X5;;1;15.24306;66.78;0.0;30.00;85.00;20.95;0.00;;30.0;30.0;30.0
C92;B11;X5;;1;15.24653;69.78;0.0;30.00;85.00;20.95;0.00;;30.0;30.0;30.0
C92;B12;X5;;1;15.25000;68.21;0.0;30.00;85.00;20.95;0.00;;30.0;30.0;30.0
C92;C01;X5;;1;15.25347;72.54;0.0;30.00;85.00;20.95;0.00;;30.0;30.0;30.0
C92;C02;X6;;1;15.25694;16.41;0.0;30.00;85.00;20.95;0.00;;30.0;30.0;30.0
C92;C03;X6;;1;15.26042;17.39;0.0;30.00;85.00;20.95;0.00;;30.0;30.0;30.0
C92;C04;X6;;1;15.26389;16.62;0.0;30.00;85.00;20.95;0.00;;30.0;30.0;30.0
C92;C05;X6;;1;15.26736;18.06;0.0;30.00;85.00;20.95;0.00;;30.0;30.0;30.0
C92;C06;X6;;1;15.27083;16.11;0.0;30.00;85.00;20.95;0.00;;30.0;30.0;30.0
C92;C07;X7;;1;15.27431;11.12;0.0;30.00;85.00;20.95;0.00;;30.0;30.0;30.0
C92;C08;X7;;1;15.27778;11.57;0.0;30.00;85.00;20.95;0.00;;30.0;30.0;30.0
C92;C09;X7;;1;15.28125;10.48;0.0;30.00;85.00;20.95;0.00;;30.0;30.0;30.0
C92;C10;X7;;1;15.28472;11.77;0.0;30.00;85.00;20.95;0.00;;30.0;30.0;30.0
C92;C11;X7;;1;15.28819;11.13;0.0;30.00;85.00;20.95;0.00;;30.0;30.0;30.0
C92;C12;X8;;1;15.29167;42.44;0.0;30.00;85.00;20.95;0.00;;30.0;30.0;30.0
C92;D01;X8;;1;15.29514;43.18;0.0;30.00;85.00;20.95;0.00;;30.0;30.0;30.0
C92;D02;X8;;1;15.29861;39.64;0.0;30.00;85.00;20.95;0.00;;30.0;30.0;30.0
C92;D03;X8;;1;15.30208;39.82;0.0;30.00;85.00;20.95;0.00;;30.0;30.0;30.0
C92;D04;X8;;1;15.30556;40.56;0.0;30.00;85.00;20.95;0.00;;30.0;30.0;30.0
C92;D05;B1;;1;15.30903;8.29;0.0;30.00;85.00;20.95;0.00;;30.0;30.0;30.0
C92;D06;B1;;1;15.31250;8.88;0.0;30.00;85.00;20.95;0.00;;30.0;30.0;30.0
C92;D07;B1;;1;15.31597;7.82;0.0;30.00;85.00;20.95;0.00;;30.0;30.0;30.0
R;;;;1;15.33333;178.47;0.0;30.00;85.00;20.95;0.00;test measure for referencing ;30.0;30.0;30.0
C93;A01;X1;;1;15.33681;21.01;0.0;30.00;85.00;20.95;0.00;;30.0;30.0;30.0
C93;A02;X1;;1;15.34028;21.01;0.0;30.00;85.00;20.95;0.00;;30.0;30.0;30.0
C93;A03;X1;;1;15.34375;22.28;0.0;30.00;85.00;20.95;0.00;;30.0;30.0;30.0
C93;A04;X1;;1;15.34722;22.23;0.0;30.00;85.00;20.95;0.00;;30.0;30.0;30.0
C93;A05;X1;;1;15.35069;20.00;0.0;30.00;85.00;20.95;0.00;;30.0;30.0;30.0
C93;A06;X2;;1;15.35417;11.49;0.0;30.00;85.00;20.95;0.00;;30.0;30.0;30.0
C93;A07;X2;;1;15.35764;11.16;0.0;30.00;85.00;20.95;0.00;;30.0;30.0;30.0
C93;A08;X2;;1;15.36111;11.27;0.0;30.00;85.00;20.95;0.00;;30.0;30.0;30.0
C93;A09;X2;;1;15.36458;10.02;0.0;30.00;85.00;20.95;0.00;;30.0;30.0;30.0
C93;A10;X2;;1;15.36806;11.67;0.0;30.00;85.00;20.95;0.00;;30.0;30.0;30.0
C93;A11;X3;;1;15.37153;10.59;0.0;30.00;85.00;20.95;0.00;;30.0;30.0;30.0
C93;A12;X3;;1;15.37500;11.05;0.0;30.00;85.00;20.95;0.00;;30.0;30.0;30.0
C93;B01;X3;;1;15.37847;10.51;0.0;30.00;85.00;20.95;0.00;;30.0;30.0;30.0
C93;B02;X3;;1;15.38194;10.57;0.0;30.00;85.00;20.95;0.00;;30.0;30.0;30.0
C93;B03;X3;;1;15.38542;9.88;0.0;30.00;85.00;20.95;0.00;;30.0;30.0;30.0
C93;B04;X4;;1;15.38889;15.36;0.0;30.00;85.00;20.95;0.00;;30.0;30.0;30.0
C93;B05;X4;;1;15.39236;13.36;0.0;30.00;85.00;20.95;0.00;;30.0;30.0;30.0
C93;B06;X4;;1;15.39583;14.74;0.0;30.00;85.00;20.95;0.00;;30.0;30.0;30.0
C93;B07;X4;;1;15.39931;13.97;0.0;30.00;85.00;20.95;0.00;;30.0;30.0;30.0
C93;B08;X4;;1;15.40278;13.90;0.0;30.00;85.00;20.95;0.00;;30.0;30.0;30.0
C93;B09;X5;;1;15.40625;65.71;0.0;30.00;85.00;20.95;0.00;;30.0;30.0;30.0
C93;B10;X5;;1;15.40972;65.84;0.0;30.00;85.00;20.95;0.00;;30.0;30.0;30.0
C93;B11;X5;;1;15.41319;68.65;0.0;30.00;85.00;20.95;0.00;;30.0;30.0;30.0
C93;B12;X5;;1;15.41667;67.16;0.0;30.00;85.00;20.95;0.00;;30.0;30.0;30.0
C93;C01;X5;;1;15.42014;71.86;0.0;30.00;85.00;20.95;0.00;;30.0;30.0;30.0
C93;C02;X6;;1;15.42361;16.35;0.0;30.00;85.00;20.95;0.00;;30.0;30.0;30.0
C93;C03;X6;;1;15.42708;17.40;0.0;30.00;85.00;20.95;0.00;;30.0;30.0;30.0
C93;C04;X6;;1;15.43056;16.65;0.0;30.00;85.00;20.95;0.00;;30.0;30.0;30.0
C93;C05;X6;;1;15.43403;18.48;0.0;30.00;85.00;20.95;0.00;;30.0;30.0;30.0
C93;C06;X6;;1;15.43750;15.60;0.0;30.00;85.00;20.95;0.00;;30.0;30.0;30.0
C93;C07;X7;;1;15.44097;11.20;0.0;30.00;85.00;20.95;0.00;;30.0;30.0;30.0
C93;C08;X7;;1;15.44444;11.07;0.0;30.00;85.00;20.95;0.00;;30.0;30.0;30.0
C93;C09;X7;;1;15.44792;10.76;0.0;30.00;85.00;20.95;0.00;;30.0;30.0;30.0
C93;C10;X7;;1;15.45139;11.58;0.0;30.00;85.00;20.95;0.00;;30.0;30.0;30.0
C93;C11;X7;;1;15.45486;11.81;0.0;30.00;85.00;20.95;0.00;;30.0;30.0;30.0
C93;C12;X8;;1;15.45833;42.93;0.0;30.00;85.00;20.95;0.00;;30.0;30.0;30.0
C93;D01;X8;;1;15.46181;42.63;0.0;30.00;85.00;20.95;0.00;;30.0;30.0;30.0
C93;D02;X8;;1;15.46528;39.33;0.0;30.00;85.00;20.95;0.00;;30.0;30.0;30.0
C93;D03;X8;;1;15.46875;40.04;0.0;30.00;85.00;20.95;0.00;;30.0;30.0;30.0
C93;D04;X8;;1;15.47222;40.83;0.0;30.00;85.00;20.95;0.00;;30.0;30.0;30.0
C93;D05;B1;;1;15.47569;7.31;0.0;30.00;85.00;20.95;0.00;;30.0;30.0;30.0
C93;D06;B1;;1;15.47917;7.48;0.0;30.00;85.00;20.95;0.00;;30.0;30.0;30.0
C93;D07;B1;;1;15.48264;7.27;0.0;30.00;85.00;20.95;0.00;;30.0;30.0;30.0
R;;;;1;15.50000;181.89;0.0;30.00;85.00;20.95;0.00;test measure for referencing ;30.0;30.0;30.0
C94;A01;X1;;1;15.50347;22.03;0.0;30.00;85.00;20.95;0.00;;30.0;30.0;30.0
C94;A02;X1;;1;15.50694;21.99;0.0;30.00;85.00;20.95;0.00;;30.0;30.0;30.0
C94;A03;X1;;1;15.51042;24.01;0.0;30.00;85.00;20.95;0.00;;30.0;30.0;30.0
C94;A04;X1;;1;15.51389;22.72;0.0;30.00;85.00;20.95;0.00;;30.0;30.0;30.0
C94;A05;X1;;1;15.51736;20.68;0.0;30.00;85.00;20.95;0.00;;30.0;30.0;30.0
C94;A06;X2;;1;15.52083;11.36;0.0;30.00;85.00;20.95;0.00;;30.0;30.0;30.0
C94;A07;X2;;1;15.52431;11.31;0.0;30.00;85.00;20.95;0.00;;30.0;30.0;30.0
C94;A08;X2;;1;15.52778;11.29;0.0;30.00;85.00;20.95;0.00;;30.0;30.0;30.0
C94;A09;X2;;1;15.53125;10.79;0.0;30.00;85.00;20.95;0.00;;30.0;30.0;30.0
C94;A10;X2;;1;15.53472;11.50;0.0;30.00;85.00;20.95;0.00;;30.0;30.0;30.0
C94;A11;X3;;1;15.53819;10.05;0.0;30.00;85.00;20.95;0.00;;30.0;30.0;30.0
C94;A12;X3;;1;15.54167;10.75;0.0;30.00;85.00;20.95;0.00;;30.0;30.0;30.0
C94;B01;X3;;1;15.54514;10.89;0.0;30.00;85.00;20.95;0.00;;30.0;30.0;30.0
C94;B02;X3;;1;15.54861;10.67;0.0;30.00;85.00;20.95;0.00;;30.0;30.0;30.0
C94;B03;X3;;1;15.55208;9.74;0.0;30.00;85.00;20.95;0.00;;30.0;30.0;30.0
C94;B04;X4;;1;15.55556;16.09;0.0;30.00;85.00;20.95;0.00;;30.0;30.0;30.0
C94;B05;X4;;1;15.55903;13.55;0.0;30.00;85.00;20.95;0.00;;30.0;30.0;30.0
C94;B06;X4;;1;15.56250;15.42;0.0;30.00;85.00;20.95;0.00;;30.0;30.0;30.0
C94;B07;X4;;1;15.56597;14.86;0.0;30.00;85.00;20.95;0.00;;30.0;30.0;30.0
C94;B08;X4;;1;15.56944;14.12;0.0;30.00;85.00;20.95;0.00;;30.0;30.0;30.0
C94;B09;X5;;1;15.57292;67.50;0.0;30.00;85.00;20.95;0.00;;30.0;30.0;30.0
C94;B10;X5;;1;15.57639;67.67;0.0;30.00;85.00;20.95;0.00;;30.0;30.0;30.0
C94;B11;X5;;1;15.57986;70.35;0.0;30.00;85.00;20.95;0.00;;30.0;30.0;30.0
C94;B12;X5;;1;15.58333;68.28;0.0;30.00;85.00;20.95;0.00;;30.0;30.0;30.0
C94;C01;X5;;1;15.58681;73.74;0.0;30.00;85.00;20.95;0.00;;30.0;30.0;30.0
C94;C02;X6;;1;15.59028;16.37;0.0;30.00;85.00;20.95;0.00;;30.0;30.0;30.0
C94;C03;X6;;1;15.59375;17.88;0.0;30.00;85.00;20.95;0.00;;30.0;30.0;30.0
C94;C04;X6;;1;15.59722;17.58;0.0;30.00;85.00;20.95;0.00;;30.0;30.0;30.0
C94;C05;X6;;1;15.60069;19.18;0.0;30.00;85.00;20.95;0.00;;30.0;30.0;30.0
C94;C06;X6;;1;15.60417;16.73;0.0;30.00;85.00;20.95;0.00;;30.0;30.0;30.0
C94;C07;X7;;1;15.60764;11.30;0.0;30.00;85.00;20.95;0.00;;30.0;30.0;30.0
C94;C08;X7;;1;15.61111;11.41;0.0;30.00;85.00;20.95;0.00;;30.0;30.0;30.0
C94;C09;X7;;1;15.61458;10.57;0.0;30.00;85.00;20.95;0.00;;30.0;30.0;30.0
C94;C10;X7;;1;15.61806;11.57;0.0;30.00;85.00;20.95;0.00;;30.0;30.0;30.0
C94;C11;X7;;1;15.62153;11.76;0.0;30.00;85.00;20.95;0.00;;30.0;30.0;30.0
C94;C12;X8;;1;15.62500;44.17;0.0;30.00;85.00;20.95;0.00;;30.0;30.0;30.0
C94;D01;X8;;1;15.62847;44.17;0.0;30.00;85.00;20.95;0.00;;30.0;30.0;30.0
C94;D02;X8;;1;15.63194;40.43;0.0;30.00;85.00;20.95;0.00;;30.0;30.0;30.0
C94;D03;X8;;1;15.63542;41.23;0.0;30.00;85.00;20.95;0.00;;30.0;30.0;30.0
C94;D04;X8;;1;15.63889;41.69;0.0;30.00;85.00;20.95;0.00;;30.0;30.0;30.0
C94;D05;B1;;1;15.64236;8.32;0.0;30.00;85.00;20.95;0.00;;30.0;30.0;30.0
C94;D06;B1;;1;15.64583;8.86;0.0;30.00;85.00;20.95;0.00;;30.0;30.0;30.0
C94;D07;B1;;1;15.64931;7.73;0.0;30.00;85.00;20.95;0.00;;30.0;30.0;30.0
R;;;;1;15.66667;176.79;0.0;30.00;85.00;20.95;0.00;test measure for referencing ;30.0;30.0;30.0
C95;A01;X1;;1;15.67014;21.69;0.0;30.00;85.00;20.95;0.00;;30.0;30.0;30.0
C95;A02;X1;;1;15.67361;21.57;0.0;30.00;85.00;20.95;0.00;;30.0;30.0;30.0
C95;A03;X1;;1;15.67708;23.71;0.0;30.00;85.00;20.95;0.00;;30.0;30.0;30.0
C95;A04;X1;;1;15.68056;22.09;0.0;30.00;85.00;20.95;0.00;;30.0;30.0;30.0
C95;A05;X1;;1;15.68403;20.57;0.0;30.00;85.00;20.95;0.00;;30.0;30.0;30.0
C95;A06;X2;;1;15.68750;11.38;0.0;30.00;85.00;20.95;0.00;;30.0;30.0;30.0
C95;A07;X2;;1;15.69097;10.93;0.0;30.00;85.00;20.95;0.00;;30.0;30.0;30.0
C95;A08;X2;;1;15.69444;10.89;0.0;30.00;85.00;20.95;0.00;;30.0;30.0;30.0
C95;A09;X2;;1;15.69792;9.59;0.0;30.00;85.00;20.95;0.00;;30.0;30.0;30.0
C95;A10;X2;;1;15.70139;11.18;0.0;30.00;85.00;20.95;0.00;;30.0;30.0;30.0
C95;A11;X3;;1;15.70486;10.10;0.0;30.00;85.00;20.95;0.00;;30.0;30.0;30.0
C95;A12;X3;;1;15.70833;10.90;0.0;30.00;85.00;20.95;0.00;;30.0;30.0;30.0
C95;B01;X3;;1;15.71181;10.85;0.0;30.00;85.00;20.95;0.00;;30.0;30.0;30.0
C95;B02;X3;;1;15.71528;9.98;0.0;30.00;85.00;20.95;0.00;;30.0;30.0;30.0
C95;B03;X3;;1;15.71875;9.51;0.0;30.00;85.00;20.95;0.00;;30.0;30.0;30.0
C95;B04;X4;;1;15.72222;16.00;0.0;30.00;85.00;20.95;0.00;;30.0;30.0;30.0
C95;B05;X4;;1;15.72569;13.98;0.0;30.00;85.00;20.95;0.00;;30.0;30.0;30.0
C95;B06;X4;;1;15.72917;15.17;0.0;30.00;85.00;20.95;0.00;;30.0;30.0;30.0
C95;B07;X4;;1;15.73264;14.66;0.0;30.00;85.00;20.95;0.00;;30.0;30.0;30.0
C95;B08;X4;;1;15.73611;13.74;0.0;30.00;85.00;20.95;0.00;;30.0;30.0;30.0
C95;B09;X5;;1;15.73958;65.82;0.0;30.00;85.00;20.95;0.00;;30.0;30.0;30.0
C95;B10;X5;;1;15.74306;65.76;0.0;30.00;85.00;20.95;0.00;;30.0;30.0;30.0
C95;B11;X5;;1;15.74653;68.81;0.0;30.00;85.00;20.95;0.00;;30.0;30.0;30.0
C95;B12;X5;;1;15.75000;67.28;0.0;30.00;85.00;20.95;0.00;;30.0;30.0;30.0
C95;C01;X5;;1;15.75347;71.57;0.0;30.00;85.00;20.95;0.00;;30.0;30.0;30.0
C95;C02;X6;;1;15.75694;16.77;0.0;30.00;85.00;20.95;0.00;;30.0;30.0;30.0
C95;C03;X6;;1;15.76042;17.77;0.0;30.00;85.00;20.95;0.00;;30.0;30.0;30.0
C95;C04;X6;;1;15.76389;17.09;0.0;30.00;85.00;20.95;0.00;;30.0;30.0;30.0
C95;C05;X6;;1;15.76736;18.39;0.0;30.00;85.00;20.95;0.00;;30.0;30.0;30.0
C95;C06;X6;;1;15.77083;16.23;0.0;30.00;85.00;20.95;0.00;;30.0;30.0;30.0
C95;C07;X7;;1;15.77431;11.28;0.0;30.00;85.00;20.95;0.00;;30.0;30.0;30.0
C95;C08;X7;;1;15.77778;11.42;0.0;30.00;85.00;20.95;0.00;;30.0;30.0;30.0
C95;C09;X7;;1;15.78125;10.22;0.0;30.00;85.00;20.95;0.00;;30.0;30.0;30.0
C95;C10;X7;;1;15.78472;11.59;0.0;30.00;85.00;20.95;0.00;;30.0;30.0;30.0
C95;C11;X7;;1;15.78819;10.72;0.0;30.00;85.00;20.95;0.00;;30.0;30.0;30.0
C95;C12;X8;;1;15.79167;43.28;0.0;30.00;85.00;20.95;0.00;;30.0;30.0;30.0
C95;D01;X8;;1;15.79514;43.48;0.0;30.00;85.00;20.95;0.00;;30.0;30.0;30.0
C95;D02;X8;;1;15.79861;40.63;0.0;30.00;85.00;20.95;0.00;;30.0;30.0;30.0
C95;D03;X8;;1;15.80208;40.67;0.0;30.00;85.00;20.95;0.00;;30.0;30.0;30.0
C95;D04;X8;;1;15.80556;41.88;0.0;30.00;85.00;20.95;0.00;;30.0;30.0;30.0
C95;D05;B1;;1;15.80903;7.64;0.0;30.00;85.00;20.95;0.00;;30.0;30.0;30.0
C95;D06;B1;;1;15.81250;8.43;0.0;30.00;85.00;20.95;0.00;;30.0;30.0;30.0
C95;D07;B1;;1;15.81597;8.14;0.0;30.00;85.00;20.95;0.00;;30.0;30.0;30.0
R;;;;1;15.83333;178.13;0.0;30.00;85.00;20.95;0.00;test measure for referencing ;30.0;30.0;30.0
C96;A01;X1;;1;15.83681;21.69;0.0;30.00;85.00;20.95;0.00;;30.0;30.0;30.0
C96;A02;X1;;1;15.84028;22.20;0.0;30.00;85.00;20.95;0.00;;30.0;30.0;30.0
C96;A03;X1;;1;15.84375;23.48;0.0;30.00;85.00;20.95;0.00;;30.0;30.0;30.0
C96;A04;X1;;1;15.84722;22.57;0.0;30.00;85.00;20.95;0.00;;30.0;30.0;30.0
C96;A05;X1;;1;15.85069;20.74;0.0;30.00;85.00;20.95;0.00;;30.0;30.0;30.0
C96;A06;X2;;1;15.85417;11.30;0.0;30.00;85.00;20.95;0.00;;30.0;30.0;30.0
C96;A07;X2;;1;15.85764;10.91;0.0;30.00;85.00;20.95;0.00;;30.0;30.0;30.0
C96;A08;X2;;1;15.86111;11.79;0.0;30.00;85.00;20.95;0.00;;30.0;30.0;30.0
C96;A09;X2;;1;15.86458;10.81;0.0;30.00;85.00;20.95;0.00;;30.0;30.0;30.0
C96;A10;X2;;1;15.86806;11.23;0.0;30.00;85.00;20.95;0.00;;30.0;30.0;30.0
C96;A11;X3;;1;15.87153;10.77;0.0;30.00;85.00;20.95;0.00;;30.0;30.0;30.0
C96;A12;X3;;1;15.87500;10.86;0.0;30.00;85.00;20.95;0.00;;30.0;30.0;30.0
C96;B01;X3;;1;15.87847;10.39;0.0;30.00;85.00;20.95;0.00;;30.0;30.0;30.0
C96;B02;X3;;1;15.88194;10.70;0.0;30.00;85.00;20.95;0.00;;30.0;30.0;30.0
C96;B03;X3;;1;15.88542;10.45;0.0;30.00;85.00;20.95;0.00;;30.0;30.0;30.0
C96;B04;X4;;1;15.88889;16.05;0.0;30.00;85.00;20.95;0.00;;30.0;30.0;30.0
C96;B05;X4;;1;15.89236;14.21;0.0;30.00;85.00;20.95;0.00;;30.0;30.0;30.0
C96;B06;X4;;1;15.89583;15.36;0.0;30.00;85.00;20.95;0.00;;30.0;30.0;30.0
C96;B07;X4;;1;15.89931;14.92;0.0;30.00;85.00;20.95;0.00;;30.0;30.0;30.0
C96;B08;X4;;1;15.90278;14.63;0.0;30.00;85.00;20.95;0.00;;30.0;30.0;30.0
C96;B09;X5;;1;15.90625;66.80;0.0;30.00;85.00;20.95;0.00;;30.0;30.0;30.0
C96;B10;X5;;1;15.90972;66.77;0.0;30.00;85.00;20.95;0.00;;30.0;30.0;30.0
C96;B11;X5;;1;15.91319;69.37;0.0;30.00;85.00;20.95;0.00;;30.0;30.0;30.0
C96;B12;X5;;1;15.91667;67.62;0.0;30.00;85.00;20.95;0.00;;30.0;30.0;30.0
C96;C01;X5;;1;15.92014;72.48;0.0;30.00;85.00;20.95;0.00;;30.0;30.0;30.0
C96;C02;X6;;1;15.92361;16.83;0.0;30.00;85.00;20.95;0.00;;30.0;30.0;30.0
C96;C03;X6;;1;15.92708;18.68;0.0;30.00;85.00;20.95;0.00;;30.0;30.0;30.0
C96;C04;X6;;1;15.93056;17.54;0.0;30.00;85.00;20.95;0.00;;30.0;30.0;30.0
C96;C05;X6;;1;15.93403;18.82;0.0;30.00;85.00;20.95;0.00;;30.0;30.0;30.0
C96;C06;X6;;1;15.93750;16.79;0.0;30.00;85.00;20.95;0.00;;30.0;30.0;30.0
C96;C07;X7;;1;15.94097;10.94;0.0;30.00;85.00;20.95;0.00;;30.0;30.0;30.0
C96;C08;X7;;1;15.94444;11.45;0.0;30.00;85.00;20.95;0.00;;30.0;30.0;30.0
C96;C09;X7;;1;15.94792;10.94;0.0;30.00;85.00;20.95;0.00;;30.0;30.0;30.0
C96;C10;X7;;1;15.95139;11.69;0.0;30.00;85.00;20.95;0.00;;30.0;30.0;30.0
C96;C11;X7;;1;15.95486;11.04;0.0;30.00;85.00;20.95;0.00;;30.0;30.0;30.0
C96;C12;X8;;1;15.95833;44.49;0.0;30.00;85.00;20.95;0.00;;30.0;30.0;30.0
C96;D01;X8;;1;15.96181;44.71;0.0;30.00;85.00;20.95;0.00;;30.0;30.0;30.0
C96;D02;X8;;1;15.96528;41.06;0.0;30.00;85.00;20.95;0.00;;30.0;30.0;30.0
C96;D03;X8;;1;15.96875;41.27;0.0;30.00;85.00;20.95;0.00;;30.0;30.0;30.0
C96;D04;X8;;1;15.97222;42.68;0.0;30.00;85.00;20.95;0.00;;30.0;30.0;30.0
C96;D05;B1;;1;15.97569;7.39;0.0;30.00;85.00;20.95;0.00;;30.0;30.0;30.0
C96;D06;B1;;1;15.97917;8.01;0.0;30.00;85.00;20.95;0.00;;30.0;30.0;30.0
C96;D07;B1;;1;15.98264;7.99;0.0;30.00;85.00;20.95;0.00;;30.0;30.0;30.0
R;;;;1;16.00000;177.64;0.0;30.00;85.00;20.95;0.00;test measure for referencing ;30.0;30.0;30.0
C97;A01;X1;;1;16.00347;22.08;0.0;30.00;85.00;20.95;0.00;;30.0;30.0;30.0
C97;A02;X1;;1;16.00694;22.84;0.0;30.00;85.00;20.95;0.00;;30.0;30.0;30.0
C97;A03;X1;;1;16.01042;24.49;0.0;30.00;85.00;20.95;0.00;;30.0;30.0;30.0
C97;A04;X1;;1;16.01389;23.37;0.0;30.00;85.00;20.95;0.00;;30.0;30.0;30.0
C97;A05;X1;;1;16.01736;21.57;0.0;30.00;85.00;20.95;0.00;;30.0;30.0;30.0
C97;A06;X2;;1;16.02083;11.42;0.0;30.00;85.00;20.95;0.00;;30.0;30.0;30.0
C97;A07;X2;;1;16.02431;10.59;0.0;30.00;85.00;20.95;0.00;;30.0;30.0;30.0
C97;A08;X2;;1;16.02778;11.59;0.0;30.00;85.00;20.95;0.00;;30.0;30.0;30.0
C97;A09;X2;;1;16.03125;10.50;0.0;30.00;85.00;20.95;0.00;;30.0;30.0;30.0
C97;A10;X2;;1;16.03472;11.38;0.0;30.00;85.00;20.95;0.00;;30.0;30.0;30.0
C97;A11;X3;;1;16.03819;10.46;0.0;30.00;85.00;20.95;0.00;;30.0;30.0;30.0
C97;A12;X3;;1;16.04167;11.39;0.0;30.00;85.00;20.95;0.00;;30.0;30.0;30.0
C97;B01;X3;;1;16.04514;10.31;0.0;30.00;85.00;20.95;0.00;;30.0;30.0;30.0
C97;B02;X3;;1;16.04861;10.70;0.0;30.00;85.00;20.95;0.00;;30.0;30.0;30.0
C97;B03;X3;;1;16.05208;9.69;0.0;30.00;85.00;20.95;0.00;;30.0;30.0;30.0
C97;B04;X4;;1;16.05556;16.04;0.0;30.00;85.00;20.95;0.00;;30.0;30.0;30.0
C97;B05;X4;;1;16.05903;13.25;0.0;30.00;85.00;20.95;0.00;;30.0;30.0;30.0
C97;B06;X4;;1;16.06250;15.72;0.0;30.00;85.00;20.95;0.00;;30.0;30.0;30.0
C97;B07;X4;;1;16.06597;14.52;0.0;30.00;85.00;20.95;0.00;;30.0;30.0;30.0
C97;B08;X4;;1;16.06944;14.23;0.0;30.00;85.00;20.95;0.00;;30.0;30.0;30.0
C97;B09;X5;;1;16.07292;66.61;0.0;30.00;85.00;20.95;0.00;;30.0;30.0;30.0
C97;B10;X5;;1;16.07639;66.42;0.0;30.00;85.00;20.95;0.00;;30.0;30.0;30.0
C97;B11;X5;;1;16.07986;69.00;0.0;30.00;85.00;20.95;0.00;;30.0;30.0;30.0
C97;B12;X5;;1;16.08333;68.61;0.0;30.00;85.00;20.95;0.00;;30.0;30.0;30.0
C97;C01;X5;;1;16.08681;72.71;0.0;30.00;85.00;20.95;0.00;;30.0;30.0;30.0
C97;C02;X6;;1;16.09028;17.18;0.0;30.00;85.00;20.95;0.00;;30.0;30.0;30.0
C97;C03;X6;;1;16.09375;18.37;0.0;30.00;85.00;20.95;0.00;;30.0;30.0;30.0
C97;C04;X6;;1;16.09722;17.63;0.0;30.00;85.00;20.95;0.00;;30.0;30.0;30.0
C97;C05;X6;;1;16.10069;18.95;0.0;30.00;85.00;20.95;0.00;;30.0;30.0;30.0
C97;C06;X6;;1;16.10417;16.88;0.0;30.00;85.00;20.95;0.00;;30.0;30.0;30.0
C97;C07;X7;;1;16.10764;11.26;0.0;30.00;85.00;20.95;0.00;;30.0;30.0;30.0
C97;C08;X7;;1;16.11111;11.86;0.0;30.00;85.00;20.95;0.00;;30.0;30.0;30.0
C97;C09;X7;;1;16.11458;10.31;0.0;30.00;85.00;20.95;0.00;;30.0;30.0;30.0
C97;C10;X7;;1;16.11806;11.31;0.0;30.00;85.00;20.95;0.00;;30.0;30.0;30.0
C97;C11;X7;;1;16.12153;11.22;0.0;30.00;85.00;20.95;0.00;;30.0;30.0;30.0
C97;C12;X8;;1;16.12500;45.05;0.0;30.00;85.00;20.95;0.00;;30.0;30.0;30.0
C97;D01;X8;;1;16.12847;44.86;0.0;30.00;85.00;20.95;0.00;;30.0;30.0;30.0
C97;D02;X8;;1;16.13194;40.90;0.0;30.00;85.00;20.95;0.00;;30.0;30.0;30.0
C97;D03;X8;;1;16.13542;41.96;0.0;30.00;85.00;20.95;0.00;;30.0;30.0;30.0
C97;D04;X8;;1;16.13889;43.25;0.0;30.00;85.00;20.95;0.00;;30.0;30.0;30.0
C97;D05;B1;;1;16.14236;7.85;0.0;30.00;85.00;20.95;0.00;;30.0;30.0;30.0
C97;D06;B1;;1;16.14583;8.24;0.0;30.00;85.00;20.95;0.00;;30.0;30.0;30.0
C97;D07;B1;;1;16.14931;8.04;0.0;30.00;85.00;20.95;0.00;;30.0;30.0;30.0
R;;;;1;16.16667;177.93;0.0;30.00;85.00;20.95;0.00;test measure for referencing ;30.0;30.0;30.0
C98;A01;X1;;1;16.17014;22.83;0.0;30.00;85.00;20.95;0.00;;30.0;30.0;30.0
C98;A02;X1;;1;16.17361;22.91;0.0;30.00;85.00;20.95;0.00;;30.0;30.0;30.0
C98;A03;X1;;1;16.17708;24.22;0.0;30.00;85.00;20.95;0.00;;30.0;30.0;30.0
C98;A04;X1;;1;16.18056;23.98;0.0;30.00;85.00;20.95;0.00;;30.0;30.0;30.0
C98;A05;X1;;1;16.18403;20.97;0.0;30.00;85.00;20.95;0.00;;30.0;30.0;30.0
C98;A06;X2;;1;16.18750;11.85;0.0;30.00;85.00;20.95;0.00;;30.0;30.0;30.0
C98;A07;X2;;1;16.19097;10.31;0.0;30.00;85.00;20.95;0.00;;30.0;30.0;30.0
C98;A08;X2;;1;16.19444;11.10;0.0;30.00;85.00;20.95;0.00;;30.0;30.0;30.0
C98;A09;X2;;1;16.19792;9.96;0.0;30.00;85.00;20.95;0.00;;30.0;30.0;30.0
C98;A10;X2;;1;16.20139;11.51;0.0;30.00;85.00;20.95;0.00;;30.0;30.0;30.0
C98;A11;X3;;1;16.20486;10.78;0.0;30.00;85.00;20.95;0.00;;30.0;30.0;30.0
C98;A12;X3;;1;16.20833;10.54;0.0;30.00;85.00;20.95;0.00;;30.0;30.0;30.0
C98;B01;X3;;1;16.21181;10.55;0.0;30.00;85.00;20.95;0.00;;30.0;30.0;30.0
C98;B02;X3;;1;16.21528;10.13;0.0;30.00;85.00;20.95;0.00;;30.0;30.0;30.0
C98;B03;X3;;1;16.21875;9.14;0.0;30.00;85.00;20.95;0.00;;30.0;30.0;30.0
C98;B04;X4;;1;16.22222;16.36;0.0;30.00;85.00;20.95;0.00;;30.0;30.0;30.0
C98;B05;X4;;1;16.22569;14.16;0.0;30.00;85.00;20.95;0.00;;30.0;30.0;30.0
C98;B06;X4;;1;16.22917;15.65;0.0;30.00;85.00;20.95;0.00;;30.0;30.0;30.0
C98;B07;X4;;1;16.23264;14.80;0.0;30.00;85.00;20.95;0.00;;30.0;30.0;30.0
C98;B08;X4;;1;16.23611;14.73;0.0;30.00;85.00;20.95;0.00;;30.0;30.0;30.0
C98;B09;X5;;1;16.23958;67.03;0.0;30.00;85.00;20.95;0.00;;30.0;30.0;30.0
C98;B10;X5;;1;16.24306;67.16;0.0;30.00;85.00;20.95;0.00;;30.0;30.0;30.0
C98;B11;X5;;1;16.24653;70.07;0.0;30.00;85.00;20.95;0.00;;30.0;30.0;30.0
C98;B12;X5;;1;16.25000;68.60;0.0;30.00;85.00;20.95;0.00;;30.0;30.0;30.0
C98;C01;X5;;1;16.25347;73.00;0.0;30.00;85.00;20.95;0.00;;30.0;30.0;30.0
C98;C02;X6;;1;16.25694;17.38;0.0;30.00;85.00;20.95;0.00;;30.0;30.0;30.0
C98;C03;X6;;1;16.26042;18.50;0.0;30.00;85.00;20.95;0.00;;30.0;30.0;30.0
C98;C04;X6;;1;16.26389;17.80;0.0;30.00;85.00;20.95;0.00;;30.0;30.0;30.0
C98;C05;X6;;1;16.26736;18.93;0.0;30.00;85.00;20.95;0.00;;30.0;30.0;30.0
C98;C06;X6;;1;16.27083;17.23;0.0;30.00;85.00;20.95;0.00;;30.0;30.0;30.0
C98;C07;X7;;1;16.27431;11.01;0.0;30.00;85.00;20.95;0.00;;30.0;30.0;30.0
C98;C08;X7;;1;16.27778;11.74;0.0;30.00;85.00;20.95;0.00;;30.0;30.0;30.0
C98;C09;X7;;1;16.28125;11.03;0.0;30.00;85.00;20.95;0.00;;30.0;30.0;30.0
C98;C10;X7;;1;16.28472;11.77;0.0;30.00;85.00;20.95;0.00;;30.0;30.0;30.0
C98;C11;X7;;1;16.28819;11.41;0.0;30.00;85.00;20.95;0.00;;30.0;30.0;30.0
C98;C12;X8;;1;16.29167;45.91;0.0;30.00;85.00;20.95;0.00;;30.0;30.0;30.0
C98;D01;X8;;1;16.29514;45.48;0.0;30.00;85.00;20.95;0.00;;30.0;30.0;30.0
C98;D02;X8;;1;16.29861;42.61;0.0;30.00;85.00;20.95;0.00;;30.0;30.0;30.0
C98;D03;X8;;1;16.30208;42.02;0.0;30.00;85.00;20.95;0.00;;30.0;30.0;30.0
C98;D04;X8;;1;16.30556;42.97;0.0;30.00;85.00;20.95;0.00;;30.0;30.0;30.0
C98;D05;B1;;1;16.30903;8.09;0.0;30.00;85.00;20.95;0.00;;30.0;30.0;30.0
C98;D06;B1;;1;16.31250;8.08;0.0;30.00;85.00;20.95;0.00;;30.0;30.0;30.0
C98;D07;B1;;1;16.31597;7.86;0.0;30.00;85.00;20.95;0.00;;30.0;30.0;30.0
R;;;;1;16.33333;176.55;0.0;30.00;85.00;20.95;0.00;test measure for referencing ;30.0;30.0;30.0
C99;A01;X1;;1;16.33681;22.65;0.0;30.00;85.00;20.95;0.00;;30.0;30.0;30.0
C99;A02;X1;;1;16.34028;22.98;0.0;30.00;85.00;20.95;0.00;;30.0;30.0;30.0
C99;A03;X1;;1;16.34375;24.98;0.0;30.00;85.00;20.95;0.00;;30.0;30.0;30.0
C99;A04;X1;;1;16.34722;23.97;0.0;30.00;85.00;20.95;0.00;;30.0;30.0;30.0
C99;A05;X1;;1;16.35069;21.54;0.0;30.00;85.00;20.95;0.00;;30.0;30.0;30.0
C99;A06;X2;;1;16.35417;11.11;0.0;30.00;85.00;20.95;0.00;;30.0;30.0;30.0
C99;A07;X2;;1;16.35764;11.19;0.0;30.00;85.00;20.95;0.00;;30.0;30.0;30.0
C99;A08;X2;;1;16.36111;11.24;0.0;30.00;85.00;20.95;0.00;;30.0;30.0;30.0
C99;A09;X2;;1;16.36458;10.28;0.0;30.00;85.00;20.95;0.00;;30.0;30.0;30.0
C99;A10;X2;;1;16.36806;11.22;0.0;30.00;85.00;20.95;0.00;;30.0;30.0;30.0
C99;A11;X3;;1;16.37153;10.87;0.0;30.00;85.00;20.95;0.00;;30.0;30.0;30.0
C99;A12;X3;;1;16.37500;11.54;0.0;30.00;85.00;20.95;0.00;;30.0;30.0;30.0
C99;B01;X3;;1;16.37847;10.55;0.0;30.00;85.00;20.95;0.00;;30.0;30.0;30.0
C99;B02;X3;;1;16.38194;10.69;0.0;30.00;85.00;20.95;0.00;;30.0;30.0;30.0
C99;B03;X3;;1;16.38542;9.80;0.0;30.00;85.00;20.95;0.00;;30.0;30.0;30.0
C99;B04;X4;;1;16.38889;16.47;0.0;30.00;85.00;20.95;0.00;;30.0;30.0;30.0
C99;B05;X4;;1;16.39236;13.28;0.0;30.00;85.00;20.95;0.00;;30.0;30.0;30.0
C99;B06;X4;;1;16.39583;16.35;0.0;30.00;85.00;20.95;0.00;;30.0;30.0;30.0
C99;B07;X4;;1;16.39931;14.77;0.0;30.00;85.00;20.95;0.00;;30.0;30.0;30.0
C99;B08;X4;;1;16.40278;14.63;0.0;30.00;85.00;20.95;0.00;;30.0;30.0;30.0
C99;B09;X5;;1;16.40625;66.82;0.0;30.00;85.00;20.95;0.00;;30.0;30.0;30.0
C99;B10;X5;;1;16.40972;66.36;0.0;30.00;85.00;20.95;0.00;;30.0;30.0;30.0
C99;B11;X5;;1;16.41319;69.07;0.0;30.00;85.00;20.95;0.00;;30.0;30.0;30.0
C99;B12;X5;;1;16.41667;68.33;0.0;30.00;85.00;20.95;0.00;;30.0;30.0;30.0
C99;C01;X5;;1;16.42014;72.61;0.0;30.00;85.00;20.95;0.00;;30.0;30.0;30.0
C99;C02;X6;;1;16.42361;17.45;0.0;30.00;85.00;20.95;0.00;;30.0;30.0;30.0
C99;C03;X6;;1;16.42708;19.10;0.0;30.00;85.00;20.95;0.00;;30.0;30.0;30.0
C99;C04;X6;;1;16.43056;17.66;0.0;30.00;85.00;20.95;0.00;;30.0;30.0;30.0
C99;C05;X6;;1;16.43403;19.00;0.0;30.00;85.00;20.95;0.00;;30.0;30.0;30.0
C99;C06;X6;;1;16.43750;17.17;0.0;30.00;85.00;20.95;0.00;;30.0;30.0;30.0
C99;C07;X7;;1;16.44097;11.43;0.0;30.00;85.00;20.95;0.00;;30.0;30.0;30.0
C99;C08;X7;;1;16.44444;11.73;0.0;30.00;85.00;20.95;0.00;;30.0;30.0;30.0
C99;C09;X7;;1;16.44792;10.36;0.0;30.00;85.00;20.95;0.00;;30.0;30.0;30.0
C99;C10;X7;;1;16.45139;11.62;0.0;30.00;85.00;20.95;0.00;;30.0;30.0;30.0
C99;C11;X7;;1;16.45486;11.19;0.0;30.00;85.00;20.95;0.00;;30.0;30.0;30.0
C99;C12;X8;;1;16.45833;45.35;0.0;30.00;85.00;20.95;0.00;;30.0;30.0;30.0
C99;D01;X8;;1;16.46181;45.65;0.0;30.00;85.00;20.95;0.00;;30.0;30.0;30.0
C99;D02;X8;;1;16.46528;41.78;0.0;30.00;85.00;20.95;0.00;;30.0;30.0;30.0
C99;D03;X8;;1;16.46875;42.65;0.0;30.00;85.00;20.95;0.00;;30.0;30.0;30.0
C99;D04;X8;;1;16.47222;43.28;0.0;30.00;85.00;20.95;0.00;;30.0;30.0;30.0
C99;D05;B1;;1;16.47569;8.65;0.0;30.00;85.00;20.95;0.00;;30.0;30.0;30.0
C99;D06;B1;;1;16.47917;7.70;0.0;30.00;85.00;20.95;0.00;;30.0;30.0;30.0
C99;D07;B1;;1;16.48264;8.27;0.0;30.00;85.00;20.95;0.00;;30.0;30.0;30.0
R;;;;1;16.50000;181.06;0.0;30.00;85.00;20.95;0.00;test measure for referencing ;30.0;30.0;30.0
C100;A01;X1;;1;16.50347;23.43;0.0;30.00;85.00;20.95;0.00;;30.0;30.0;30.0
C100;A02;X1;;1;16.50694;24.18;0.0;30.00;85.00;20.95;0.00;;30.0;30.0;30.0
C100;A03;X1;;1;16.51042;25.93;0.0;30.00;85.00;20.95;0.00;;30.0;30.0;30.0
C100;A04;X1;;1;16.51389;24.63;0.0;30.00;85.00;20.95;0.00;;30.0;30.0;30.0
C100;A05;X1;;1;16.51736;22.57;0.0;30.00;85.00;20.95;0.00;;30.0;30.0;30.0
C100;A06;X2;;1;16.52083;12.18;0.0;30.00;85.00;20.95;0.00;;30.0;30.0;30.0
C100;A07;X2;;1;16.52431;11.38;0.0;30.00;85.00;20.95;0.00;;30.0;30.0;30.0
C100;A08;X2;;1;16.52778;11.79;0.0;30.00;85.00;20.95;0.00;;30.0;30.0;30.0
C100;A09;X2;;1;16.53125;10.26;0.0;30.00;85.00;20.95;0.00;;30.0;30.0;30.0
C100;A10;X2;;1;16.53472;11.06;0.0;30.00;85.00;20.95;0.00;;30.0;30.0;30.0
C100;A11;X3;;1;16.53819;10.77;0.0;30.00;85.00;20.95;0.00;;30.0;30.0;30.0
C100;A12;X3;;1;16.54167;11.07;0.0;30.00;85.00;20.95;0.00;;30.0;30.0;30.0
C100;B01;X3;;1;16.54514;10.24;0.0;30.00;85.00;20.95;0.00;;30.0;30.0;30.0
C100;B02;X3;;1;16.54861;10.47;0.0;30.00;85.00;20.95;0.00;;30.0;30.0;30.0
C100;B03;X3;;1;16.55208;9.67;0.0;30.00;85.00;20.95;0.00;;30.0;30.0;30.0
C100;B04;X4;;1;16.55556;16.36;0.0;30.00;85.00;20.95;0.00;;30.0;30.0;30.0
C100;B05;X4;;1;16.55903;14.58;0.0;30.00;85.00;20.95;0.00;;30.0;30.0;30.0
C100;B06;X4;;1;16.56250;15.59;0.0;30.00;85.00;20.95;0.00;;30.0;30.0;30.0
C100;B07;X4;;1;16.56597;15.94;0.0;30.00;85.00;20.95;0.00;;30.0;30.0;30.0
C100;B08;X4;;1;16.56944;14.43;0.0;30.00;85.00;20.95;0.00;;30.0;30.0;30.0
C100;B09;X5;;1;16.57292;68.28;0.0;30.00;85.00;20.95;0.00;;30.0;30.0;30.0
C100;B10;X5;;1;16.57639;68.69;0.0;30.00;85.00;20.95;0.00;;30.0;30.0;30.0
C100;B11;X5;;1;16.57986;71.53;0.0;30.00;85.00;20.95;0.00;;30.0;30.0;30.0
C100;B12;X5;;1;16.58333;70.38;0.0;30.00;85.00;20.95;0.00;;30.0;30.0;30.0
C100;C01;X5;;1;16.58681;74.35;0.0;30.00;85.00;20.95;0.00;;30.0;30.0;30.0
C100;C02;X6;;1;16.59028;17.29;0.0;30.00;85.00;20.95;0.00;;30.0;30.0;30.0
C100;C03;X6;;1;16.59375;19.60;0.0;30.00;85.00;20.95;0.00;;30.0;30.0;30.0
C100;C04;X6;;1;16.59722;18.40;0.0;30.00;85.00;20.95;0.00;;30.0;30.0;30.0
C100;C05;X6;;1;16.60069;20.02;0.0;30.00;85.00;20.95;0.00;;30.0;30.0;30.0
C100;C06;X6;;1;16.60417;18.11;0.0;30.00;85.00;20.95;0.00;;30.0;30.0;30.0
C100;C07;X7;;1;16.60764;11.94;0.0;30.00;85.00;20.95;0.00;;30.0;30.0;30.0
C100;C08;X7;;1;16.61111;11.04;0.0;30.00;85.00;20.95;0.00;;30.0;30.0;30.0
C100;C09;X7;;1;16.61458;11.04;0.0;30.00;85.00;20.95;0.00;;30.0;30.0;30.0
C100;C10;X7;;1;16.61806;11.60;0.0;30.00;85.00;20.95;0.00;;30.0;30.0;30.0
C100;C11;X7;;1;16.62153;11.44;0.0;30.00;85.00;20.95;0.00;;30.0;30.0;30.0
C100;C12;X8;;1;16.62500;46.95;0.0;30.00;85.00;20.95;0.00;;30.0;30.0;30.0
C100;D01;X8;;1;16.62847;47.66;0.0;30.00;85.00;20.95;0.00;;30.0;30.0;30.0
C100;D02;X8;;1;16.63194;43.73;0.0;30.00;85.00;20.95;0.00;;30.0;30.0;30.0
C100;D03;X8;;1;16.63542;43.74;0.0;30.00;85.00;20.95;0.00;;30.0;30.0;30.0
C100;D04;X8;;1;16.63889;45.39;0.0;30.00;85.00;20.95;0.00;;30.0;30.0;30.0
C100;D05;B1;;1;16.64236;7.72;0.0;30.00;85.00;20.95;0.00;;30.0;30.0;30.0
C100;D06;B1;;1;16.64583;8.66;0.0;30.00;85.00;20.95;0.00;;30.0;30.0;30.0
C100;D07;B1;;1;16.64931;7.89;0.0;30.00;85.00;20.95;0.00;;30.0;30.0;30.0
R;;;;1;16.66667;180.00;0.0;30.00;85.00;20.95;0.00;test measure for referencing ;30.0;30.0;30.0
C101;A01;X1;;1;16.67014;24.14;0.0;30.00;85.00;20.95;0.00;;30.0;30.0;30.0
C101;A02;X1;;1;16.67361;23.93;0.0;30.00;85.00;20.95;0.00;;30.0;30.0;30.0
C101;A03;X1;;1;16.67708;26.28;0.0;30.00;85.00;20.95;0.00;;30.0;30.0;30.0
C101;A04;X1;;1;16.68056;25.23;0.0;30.00;85.00;20.95;0.00;;30.0;30.0;30.0
C101;A05;X1;;1;16.68403;22.96;0.0;30.00;85.00;20.95;0.00;;30.0;30.0;30.0
C101;A06;X2;;1;16.68750;11.18;0.0;30.00;85.00;20.95;0.00;;30.0;30.0;30.0
C101;A07;X2;;1;16.69097;11.30;0.0;30.00;85.00;20.95;0.00;;30.0;30.0;30.0
C101;A08;X2;;1;16.69444;11.39;0.0;30.00;85.00;20.95;0.00;;30.0;30.0;30.0
C101;A09;X2;;1;16.69792;10.92;0.0;30.00;85.00;20.95;0.00;;30.0;30.0;30.0
C101;A10;X2;;1;16.70139;11.04;0.0;30.00;85.00;20.95;0.00;;30.0;30.0;30.0
C101;A11;X3;;1;16.70486;10.55;0.0;30.00;85.00;20.95;0.00;;30.0;30.0;30.0
C101;A12;X3;;1;16.70833;10.90;0.0;30.00;85.00;20.95;0.00;;30.0;30.0;30.0
C101;B01;X3;;1;16.71181;10.25;0.0;30.00;85.00;20.95;0.00;;30.0;30.0;30.0
C101;B02;X3;;1;16.71528;11.08;0.0;30.00;85.00;20.95;0.00;;30.0;30.0;30.0
C101;B03;X3;;1;16.71875;9.54;0.0;30.00;85.00;20.95;0.00;;30.0;30.0;30.0
C101;B04;X4;;1;16.72222;16.87;0.0;30.00;85.00;20.95;0.00;;30.0;30.0;30.0
C101;B05;X4;;1;16.72569;14.59;0.0;30.00;85.00;20.95;0.00;;30.0;30.0;30.0
C101;B06;X4;;1;16.72917;16.02;0.0;30.00;85.00;20.95;0.00;;30.0;30.0;30.0
C101;B07;X4;;1;16.73264;15.75;0.0;30.00;85.00;20.95;0.00;;30.0;30.0;30.0
C101;B08;X4;;1;16.73611;14.79;0.0;30.00;85.00;20.95;0.00;;30.0;30.0;30.0
C101;B09;X5;;1;16.73958;68.04;0.0;30.00;85.00;20.95;0.00;;30.0;30.0;30.0
C101;B10;X5;;1;16.74306;68.15;0.0;30.00;85.00;20.95;0.00;;30.0;30.0;30.0
C101;B11;X5;;1;16.74653;71.14;0.0;30.00;85.00;20.95;0.00;;30.0;30.0;30.0
C101;B12;X5;;1;16.75000;70.38;0.0;30.00;85.00;20.95;0.00;;30.0;30.0;30.0
C101;C01;X5;;1;16.75347;74.65;0.0;30.00;85.00;20.95;0.00;;30.0;30.0;30.0
C101;C02;X6;;1;16.75694;17.94;0.0;30.00;85.00;20.95;0.00;;30.0;30.0;30.0
C101;C03;X6;;1;16.76042;19.73;0.0;30.00;85.00;20.95;0.00;;30.0;30.0;30.0
C101;C04;X6;;1;16.76389;18.50;0.0;30.00;85.00;20.95;0.00;;30.0;30.0;30.0
C101;C05;X6;;1;16.76736;20.21;0.0;30.00;85.00;20.95;0.00;;30.0;30.0;30.0
C101;C06;X6;;1;16.77083;17.79;0.0;30.00;85.00;20.95;0.00;;30.0;30.0;30.0
C101;C07;X7;;1;16.77431;11.23;0.0;30.00;85.00;20.95;0.00;;30.0;30.0;30.0
C101;C08;X7;;1;16.77778;12.07;0.0;30.00;85.00;20.95;0.00;;30.0;30.0;30.0
C101;C09;X7;;1;16.78125;11.01;0.0;30.00;85.00;20.95;0.00;;30.0;30.0;30.0
C101;C10;X7;;1;16.78472;12.11;0.0;30.00;85.00;20.95;0.00;;30.0;30.0;30.0
C101;C11;X7;;1;16.78819;11.18;0.0;30.00;85.00;20.95;0.00;;30.0;30.0;30.0
C101;C12;X8;;1;16.79167;47.42;0.0;30.00;85.00;20.95;0.00;;30.0;30.0;30.0
C101;D01;X8;;1;16.79514;47.49;0.0;30.00;85.00;20.95;0.00;;30.0;30.0;30.0
C101;D02;X8;;1;16.79861;43.21;0.0;30.00;85.00;20.95;0.00;;30.0;30.0;30.0
C101;D03;X8;;1;16.80208;44.47;0.0;30.00;85.00;20.95;0.00;;30.0;30.0;30.0
C101;D04;X8;;1;16.80556;45.25;0.0;30.00;85.00;20.95;0.00;;30.0;30.0;30.0
C101;D05;B1;;1;16.80903;8.08;0.0;30.00;85.00;20.95;0.00;;30.0;30.0;30.0
C101;D06;B1;;1;16.81250;7.64;0.0;30.00;85.00;20.95;0.00;;30.0;30.0;30.0
C101;D07;B1;;1;16.81597;7.28;0.0;30.00;85.00;20.95;0.00;;30.0;30.0;30.0
R;;;;1;16.83333;178.34;0.0;30.00;85.00;20.95;0.00;test measure for referencing ;30.0;30.0;30.0
C102;A01;X1;;1;16.83681;23.77;0.0;30.00;85.00;20.95;0.00;;30.0;30.0;30.0
C102;A02;X1;;1;16.84028;24.30;0.0;30.00;85.00;20.95;0.00;;30.0;30.0;30.0
C102;A03;X1;;1;16.84375;26.78;0.0;30.00;85.00;20.95;0.00;;30.0;30.0;30.0
C102;A04;X1;;1;16.84722;25.11;0.0;30.00;85.00;20.95;0.00;;30.0;30.0;30.0
C102;A05;X1;;1;16.85069;23.53;0.0;30.00;85.00;20.95;0.00;;30.0;30.0;30.0
C102;A06;X2;;1;16.85417;11.27;0.0;30.00;85.00;20.95;0.00;;30.0;30.0;30.0
C102;A07;X2;;1;16.85764;11.42;0.0;30.00;85.00;20.95;0.00;;30.0;30.0;30.0
C102;A08;X2;;1;16.86111;11.30;0.0;30.00;85.00;20.95;0.00;;30.0;30.0;30.0
C102;A09;X2;;1;16.86458;10.58;0.0;30.00;85.00;20.95;0.00;;30.0;30.0;30.0
C102;A10;X2;;1;16.86806;12.05;0.0;30.00;85.00;20.95;0.00;;30.0;30.0;30.0
C102;A11;X3;;1;16.87153;10.67;0.0;30.00;85.00;20.95;0.00;;30.0;30.0;30.0
C102;A12;X3;;1;16.87500;10.61;0.0;30.00;85.00;20.95;0.00;;30.0;30.0;30.0
C102;B01;X3;;1;16.87847;10.75;0.0;30.00;85.00;20.95;0.00;;30.0;30.0;30.0
C102;B02;X3;;1;16.88194;10.91;0.0;30.00;85.00;20.95;0.00;;30.0;30.0;30.0
C102;B03;X3;;1;16.88542;9.88;0.0;30.00;85.00;20.95;0.00;;30.0;30.0;30.0
C102;B04;X4;;1;16.88889;16.79;0.0;30.00;85.00;20.95;0.00;;30.0;30.0;30.0
C102;B05;X4;;1;16.89236;14.34;0.0;30.00;85.00;20.95;0.00;;30.0;30.0;30.0
C102;B06;X4;;1;16.89583;16.45;0.0;30.00;85.00;20.95;0.00;;30.0;30.0;30.0
C102;B07;X4;;1;16.89931;15.46;0.0;30.00;85.00;20.95;0.00;;30.0;30.0;30.0
C102;B08;X4;;1;16.90278;15.08;0.0;30.00;85.00;20.95;0.00;;30.0;30.0;30.0
C102;B09;X5;;1;16.90625;67.52;0.0;30.00;85.00;20.95;0.00;;30.0;30.0;30.0
C102;B10;X5;;1;16.90972;68.35;0.0;30.00;85.00;20.95;0.00;;30.0;30.0;30.0
C102;B11;X5;;1;16.91319;71.00;0.0;30.00;85.00;20.95;0.00;;30.0;30.0;30.0
C102;B12;X5;;1;16.91667;69.10;0.0;30.00;85.00;20.95;0.00;;30.0;30.0;30.0
C102;C01;X5;;1;16.92014;73.39;0.0;30.00;85.00;20.95;0.00;;30.0;30.0;30.0
C102;C02;X6;;1;16.92361;18.32;0.0;30.00;85.00;20.95;0.00;;30.0;30.0;30.0
C102;C03;X6;;1;16.92708;19.46;0.0;30.00;85.00;20.95;0.00;;30.0;30.0;30.0
C102;C04;X6;;1;16.93056;18.16;0.0;30.00;85.00;20.95;0.00;;30.0;30.0;30.0
C102;C05;X6;;1;16.93403;20.16;0.0;30.00;85.00;20.95;0.00;;30.0;30.0;30.0
C102;C06;X6;;1;16.93750;17.93;0.0;30.00;85.00;20.95;0.00;;30.0;30.0;30.0
C102;C07;X7;;1;16.94097;11.06;0.0;30.00;85.00;20.95;0.00;;30.0;30.0;30.0
C102;C08;X7;;1;16.94444;11.32;0.0;30.00;85.00;20.95;0.00;;30.0;30.0;30.0
C102;C09;X7;;1;16.94792;11.04;0.0;30.00;85.00;20.95;0.00;;30.0;30.0;30.0
C102;C10;X7;;1;16.95139;11.60;0.0;30.00;85.00;20.95;0.00;;30.0;30.0;30.0
C102;C11;X7;;1;16.95486;11.18;0.0;30.00;85.00;20.95;0.00;;30.0;30.0;30.0
C102;C12;X8;;1;16.95833;46.86;0.0;30.00;85.00;20.95;0.00;;30.0;30.0;30.0
C102;D01;X8;;1;16.96181;47.42;0.0;30.00;85.00;20.95;0.00;;30.0;30.0;30.0
C102;D02;X8;;1;16.96528;44.28;0.0;30.00;85.00;20.95;0.00;;30.0;30.0;30.0
C102;D03;X8;;1;16.96875;44.23;0.0;30.00;85.00;20.95;0.00;;30.0;30.0;30.0
C102;D04;X8;;1;16.97222;44.87;0.0;30.00;85.00;20.95;0.00;;30.0;30.0;30.0
C102;D05;B1;;1;16.97569;8.08;0.0;30.00;85.00;20.95;0.00;;30.0;30.0;30.0
C102;D06;B1;;1;16.97917;8.33;0.0;30.00;85.00;20.95;0.00;;30.0;30.0;30.0
C102;D07;B1;;1;16.98264;7.74;0.0;30.00;85.00;20.95;0.00;;30.0;30.0;30.0
R;;;;1;17.00000;179.78;0.0;30.00;85.00;20.95;0.00;test measure for referencing ;30.0;30.0;30.0
C103;A01;X1;;1;17.00347;24.39;0.0;30.00;85.00;20.95;0.00;;30.0;30.0;30.0
C103;A02;X1;;1;17.00694;25.57;0.0;30.00;85.00;20.95;0.00;;30.0;30.0;30.0
C103;A03;X1;;1;17.01042;26.52;0.0;30.00;85.00;20.95;0.00;;30.0;30.0;30.0
C103;A04;X1;;1;17.01389;25.24;0.0;30.00;85.00;20.95;0.00;;30.0;30.0;30.0
C103;A05;X1;;1;17.01736;23.40;0.0;30.00;85.00;20.95;0.00;;30.0;30.0;30.0
C103;A06;X2;;1;17.02083;11.90;0.0;30.00;85.00;20.95;0.00;;30.0;30.0;30.0
C103;A07;X2;;1;17.02431;11.26;0.0;30.00;85.00;20.95;0.00;;30.0;30.0;30.0
C103;A08;X2;;1;17.02778;11.94;0.0;30.00;85.00;20.95;0.00;;30.0;30.0;30.0
C103;A09;X2;;1;17.03125;10.89;0.0;30.00;85.00;20.95;0.00;;30.0;30.0;30.0
C103;A10;X2;;1;17.03472;12.02;0.0;30.00;85.00;20.95;0.00;;30.0;30.0;30.0
C103;A11;X3;;1;17.03819;10.50;0.0;30.00;85.00;20.95;0.00;;30.0;30.0;30.0
C103;A12;X3;;1;17.04167;10.88;0.0;30.00;85.00;20.95;0.00;;30.0;30.0;30.0
C103;B01;X3;;1;17.04514;10.31;0.0;30.00;85.00;20.95;0.00;;30.0;30.0;30.0
C103;B02;X3;;1;17.04861;10.50;0.0;30.00;85.00;20.95;0.00;;30.0;30.0;30.0
C103;B03;X3;;1;17.05208;9.92;0.0;30.00;85.00;20.95;0.00;;30.0;30.0;30.0
C103;B04;X4;;1;17.05556;17.57;0.0;30.00;85.00;20.95;0.00;;30.0;30.0;30.0
C103;B05;X4;;1;17.05903;14.47;0.0;30.00;85.00;20.95;0.00;;30.0;30.0;30.0
C103;B06;X4;;1;17.06250;16.96;0.0;30.00;85.00;20.95;0.00;;30.0;30.0;30.0
C103;B07;X4;;1;17.06597;15.52;0.0;30.00;85.00;20.95;0.00;;30.0;30.0;30.0
C103;B08;X4;;1;17.06944;15.65;0.0;30.00;85.00;20.95;0.00;;30.0;30.0;30.0
C103;B09;X5;;1;17.07292;68.36;0.0;30.00;85.00;20.95;0.00;;30.0;30.0;30.0
C103;B10;X5;;1;17.07639;68.47;0.0;30.00;85.00;20.95;0.00;;30.0;30.0;30.0
C103;B11;X5;;1;17.07986;71.69;0.0;30.00;85.00;20.95;0.00;;30.0;30.0;30.0
C103;B12;X5;;1;17.08333;70.05;0.0;30.00;85.00;20.95;0.00;;30.0;30.0;30.0
C103;C01;X5;;1;17.08681;75.53;0.0;30.00;85.00;20.95;0.00;;30.0;30.0;30.0
C103;C02;X6;;1;17.09028;18.57;0.0;30.00;85.00;20.95;0.00;;30.0;30.0;30.0
C103;C03;X6;;1;17.09375;20.14;0.0;30.00;85.00;20.95;0.00;;30.0;30.0;30.0
C103;C04;X6;;1;17.09722;18.88;0.0;30.00;85.00;20.95;0.00;;30.0;30.0;30.0
C103;C05;X6;;1;17.10069;20.42;0.0;30.00;85.00;20.95;0.00;;30.0;30.0;30.0
C103;C06;X6;;1;17.10417;18.61;0.0;30.00;85.00;20.95;0.00;;30.0;30.0;30.0
C103;C07;X7;;1;17.10764;11.79;0.0;30.00;85.00;20.95;0.00;;30.0;30.0;30.0
C103;C08;X7;;1;17.11111;11.86;0.0;30.00;85.00;20.95;0.00;;30.0;30.0;30.0
C103;C09;X7;;1;17.11458;11.04;0.0;30.00;85.00;20.95;0.00;;30.0;30.0;30.0
C103;C10;X7;;1;17.11806;11.87;0.0;30.00;85.00;20.95;0.00;;30.0;30.0;30.0
C103;C11;X7;;1;17.12153;11.76;0.0;30.00;85.00;20.95;0.00;;30.0;30.0;30.0
C103;C12;X8;;1;17.12500;48.12;0.0;30.00;85.00;20.95;0.00;;30.0;30.0;30.0
C103;D01;X8;;1;17.12847;47.86;0.0;30.00;85.00;20.95;0.00;;30.0;30.0;30.0
C103;D02;X8;;1;17.13194;44.58;0.0;30.00;85.00;20.95;0.00;;30.0;30.0;30.0
C103;D03;X8;;1;17.13542;45.49;0.0;30.00;85.00;20.95;0.00;;30.0;30.0;30.0
C103;D04;X8;;1;17.13889;46.04;0.0;30.00;85.00;20.95;0.00;;30.0;30.0;30.0
C103;D05;B1;;1;17.14236;8.27;0.0;30.00;85.00;20.95;0.00;;30.0;30.0;30.0
C103;D06;B1;;1;17.14583;7.73;0.0;30.00;85.00;20.95;0.00;;30.0;30.0;30.0
C103;D07;B1;;1;17.14931;7.99;0.0;30.00;85.00;20.95;0.00;;30.0;30.0;30.0
R;;;;1;17.16667;181.26;0.0;30.00;85.00;20.95;0.00;test measure for referencing ;30.0;30.0;30.0
C104;A01;X1;;1;17.17014;25.09;0.0;30.00;85.00;20.95;0.00;;30.0;30.0;30.0
C104;A02;X1;;1;17.17361;25.41;0.0;30.00;85.00;20.95;0.00;;30.0;30.0;30.0
C104;A03;X1;;1;17.17708;27.79;0.0;30.00;85.00;20.95;0.00;;30.0;30.0;30.0
C104;A04;X1;;1;17.18056;26.42;0.0;30.00;85.00;20.95;0.00;;30.0;30.0;30.0
C104;A05;X1;;1;17.18403;24.28;0.0;30.00;85.00;20.95;0.00;;30.0;30.0;30.0
C104;A06;X2;;1;17.18750;12.32;0.0;30.00;85.00;20.95;0.00;;30.0;30.0;30.0
C104;A07;X2;;1;17.19097;12.09;0.0;30.00;85.00;20.95;0.00;;30.0;30.0;30.0
C104;A08;X2;;1;17.19444;11.43;0.0;30.00;85.00;20.95;0.00;;30.0;30.0;30.0
C104;A09;X2;;1;17.19792;11.04;0.0;30.00;85.00;20.95;0.00;;30.0;30.0;30.0
C104;A10;X2;;1;17.20139;11.50;0.0;30.00;85.00;20.95;0.00;;30.0;30.0;30.0
C104;A11;X3;;1;17.20486;10.66;0.0;30.00;85.00;20.95;0.00;;30.0;30.0;30.0
C104;A12;X3;;1;17.20833;11.37;0.0;30.00;85.00;20.95;0.00;;30.0;30.0;30.0
C104;B01;X3;;1;17.21181;10.56;0.0;30.00;85.00;20.95;0.00;;30.0;30.0;30.0
C104;B02;X3;;1;17.21528;11.19;0.0;30.00;85.00;20.95;0.00;;30.0;30.0;30.0
C104;B03;X3;;1;17.21875;9.93;0.0;30.00;85.00;20.95;0.00;;30.0;30.0;30.0
C104;B04;X4;;1;17.22222;17.12;0.0;30.00;85.00;20.95;0.00;;30.0;30.0;30.0
C104;B05;X4;;1;17.22569;14.96;0.0;30.00;85.00;20.95;0.00;;30.0;30.0;30.0
C104;B06;X4;;1;17.22917;16.49;0.0;30.00;85.00;20.95;0.00;;30.0;30.0;30.0
C104;B07;X4;;1;17.23264;15.80;0.0;30.00;85.00;20.95;0.00;;30.0;30.0;30.0
C104;B08;X4;;1;17.23611;15.36;0.0;30.00;85.00;20.95;0.00;;30.0;30.0;30.0
C104;B09;X5;;1;17.23958;69.28;0.0;30.00;85.00;20.95;0.00;;30.0;30.0;30.0
C104;B10;X5;;1;17.24306;68.70;0.0;30.00;85.00;20.95;0.00;;30.0;30.0;30.0
C104;B11;X5;;1;17.24653;72.07;0.0;30.00;85.00;20.95;0.00;;30.0;30.0;30.0
C104;B12;X5;;1;17.25000;70.91;0.0;30.00;85.00;20.95;0.00;;30.0;30.0;30.0
C104;C01;X5;;1;17.25347;75.16;0.0;30.00;85.00;20.95;0.00;;30.0;30.0;30.0
C104;C02;X6;;1;17.25694;18.28;0.0;30.00;85.00;20.95;0.00;;30.0;30.0;30.0
C104;C03;X6;;1;17.26042;20.40;0.0;30.00;85.00;20.95;0.00;;30.0;30.0;30.0
C104;C04;X6;;1;17.26389;19.51;0.0;30.00;85.00;20.95;0.00;;30.0;30.0;30.0
C104;C05;X6;;1;17.26736;20.57;0.0;30.00;85.00;20.95;0.00;;30.0;30.0;30.0
C104;C06;X6;;1;17.27083;18.16;0.0;30.00;85.00;20.95;0.00;;30.0;30.0;30.0
C104;C07;X7;;1;17.27431;11.47;0.0;30.00;85.00;20.95;0.00;;30.0;30.0;30.0
C104;C08;X7;;1;17.27778;12.01;0.0;30.00;85.00;20.95;0.00;;30.0;30.0;30.0
C104;C09;X7;;1;17.28125;10.67;0.0;30.00;85.00;20.95;0.00;;30.0;30.0;30.0
C104;C10;X7;;1;17.28472;12.05;0.0;30.00;85.00;20.95;0.00;;30.0;30.0;30.0
C104;C11;X7;;1;17.28819;12.26;0.0;30.00;85.00;20.95;0.00;;30.0;30.0;30.0
C104;C12;X8;;1;17.29167;49.09;0.0;30.00;85.00;20.95;0.00;;30.0;30.0;30.0
C104;D01;X8;;1;17.29514;49.09;0.0;30.00;85.00;20.95;0.00;;30.0;30.0;30.0
C104;D02;X8;;1;17.29861;45.37;0.0;30.00;85.00;20.95;0.00;;30.0;30.0;30.0
C104;D03;X8;;1;17.30208;46.15;0.0;30.00;85.00;20.95;0.00;;30.0;30.0;30.0
C104;D04;X8;;1;17.30556;46.58;0.0;30.00;85.00;20.95;0.00;;30.0;30.0;30.0
C104;D05;B1;;1;17.30903;8.12;0.0;30.00;85.00;20.95;0.00;;30.0;30.0;30.0
C104;D06;B1;;1;17.31250;8.14;0.0;30.00;85.00;20.95;0.00;;30.0;30.0;30.0
C104;D07;B1;;1;17.31597;8.35;0.0;30.00;85.00;20.95;0.00;;30.0;30.0;30.0
R;;;;1;17.33333;178.64;0.0;30.00;85.00;20.95;0.00;test measure for referencing ;30.0;30.0;30.0
C105;A01;X1;;1;17.33681;24.29;0.0;30.00;85.00;20.95;0.00;;30.0;30.0;30.0
C105;A02;X1;;1;17.34028;25.16;0.0;30.00;85.00;20.95;0.00;;30.0;30.0;30.0
C105;A03;X1;;1;17.34375;27.34;0.0;30.00;85.00;20.95;0.00;;30.0;30.0;30.0
C105;A04;X1;;1;17.34722;26.74;0.0;30.00;85.00;20.95;0.00;;30.0;30.0;30.0
C105;A05;X1;;1;17.35069;23.69;0.0;30.00;85.00;20.95;0.00;;30.0;30.0;30.0
C105;A06;X2;;1;17.35417;11.92;0.0;30.00;85.00;20.95;0.00;;30.0;30.0;30.0
C105;A07;X2;;1;17.35764;11.12;0.0;30.00;85.00;20.95;0.00;;30.0;30.0;30.0
C105;A08;X2;;1;17.36111;11.75;0.0;30.00;85.00;20.95;0.00;;30.0;30.0;30.0
C105;A09;X2;;1;17.36458;10.87;0.0;30.00;85.00;20.95;0.00;;30.0;30.0;30.0
C105;A10;X2;;1;17.36806;11.33;0.0;30.00;85.00;20.95;0.00;;30.0;30.0;30.0
C105;A11;X3;;1;17.37153;10.56;0.0;30.00;85.00;20.95;0.00;;30.0;30.0;30.0
C105;A12;X3;;1;17.37500;10.90;0.0;30.00;85.00;20.95;0.00;;30.0;30.0;30.0
C105;B01;X3;;1;17.37847;10.90;0.0;30.00;85.00;20.95;0.00;;30.0;30.0;30.0
C105;B02;X3;;1;17.38194;11.00;0.0;30.00;85.00;20.95;0.00;;30.0;30.0;30.0
C105;B03;X3;;1;17.38542;9.88;0.0;30.00;85.00;20.95;0.00;;30.0;30.0;30.0
C105;B04;X4;;1;17.38889;17.59;0.0;30.00;85.00;20.95;0.00;;30.0;30.0;30.0
C105;B05;X4;;1;17.39236;14.91;0.0;30.00;85.00;20.95;0.00;;30.0;30.0;30.0
C105;B06;X4;;1;17.39583;17.17;0.0;30.00;85.00;20.95;0.00;;30.0;30.0;30.0
C105;B07;X4;;1;17.39931;15.94;0.0;30.00;85.00;20.95;0.00;;30.0;30.0;30.0
C105;B08;X4;;1;17.40278;15.16;0.0;30.00;85.00;20.95;0.00;;30.0;30.0;30.0
C105;B09;X5;;1;17.40625;68.51;0.0;30.00;85.00;20.95;0.00;;30.0;30.0;30.0
C105;B10;X5;;1;17.40972;69.31;0.0;30.00;85.00;20.95;0.00;;30.0;30.0;30.0
C105;B11;X5;;1;17.41319;71.02;0.0;30.00;85.00;20.95;0.00;;30.0;30.0;30.0
C105;B12;X5;;1;17.41667;70.16;0.0;30.00;85.00;20.95;0.00;;30.0;30.0;30.0
C105;C01;X5;;1;17.42014;74.46;0.0;30.00;85.00;20.95;0.00;;30.0;30.0;30.0
C105;C02;X6;;1;17.42361;19.13;0.0;30.00;85.00;20.95;0.00;;30.0;30.0;30.0
C105;C03;X6;;1;17.42708;20.60;0.0;30.00;85.00;20.95;0.00;;30.0;30.0;30.0
C105;C04;X6;;1;17.43056;19.43;0.0;30.00;85.00;20.95;0.00;;30.0;30.0;30.0
C105;C05;X6;;1;17.43403;21.10;0.0;30.00;85.00;20.95;0.00;;30.0;30.0;30.0
C105;C06;X6;;1;17.43750;18.19;0.0;30.00;85.00;20.95;0.00;;30.0;30.0;30.0
C105;C07;X7;;1;17.44097;11.55;0.0;30.00;85.00;20.95;0.00;;30.0;30.0;30.0
C105;C08;X7;;1;17.44444;11.25;0.0;30.00;85.00;20.95;0.00;;30.0;30.0;30.0
C105;C09;X7;;1;17.44792;11.23;0.0;30.00;85.00;20.95;0.00;;30.0;30.0;30.0
C105;C10;X7;;1;17.45139;11.91;0.0;30.00;85.00;20.95;0.00;;30.0;30.0;30.0
C105;C11;X7;;1;17.45486;11.84;0.0;30.00;85.00;20.95;0.00;;30.0;30.0;30.0
C105;C12;X8;;1;17.45833;48.63;0.0;30.00;85.00;20.95;0.00;;30.0;30.0;30.0
C105;D01;X8;;1;17.46181;48.95;0.0;30.00;85.00;20.95;0.00;;30.0;30.0;30.0
C105;D02;X8;;1;17.46528;45.10;0.0;30.00;85.00;20.95;0.00;;30.0;30.0;30.0
C105;D03;X8;;1;17.46875;45.22;0.0;30.00;85.00;20.95;0.00;;30.0;30.0;30.0
C105;D04;X8;;1;17.47222;46.67;0.0;30.00;85.00;20.95;0.00;;30.0;30.0;30.0
C105;D05;B1;;1;17.47569;7.97;0.0;30.00;85.00;20.95;0.00;;30.0;30.0;30.0
C105;D06;B1;;1;17.47917;7.71;0.0;30.00;85.00;20.95;0.00;;30.0;30.0;30.0
C105;D07;B1;;1;17.48264;7.78;0.0;30.00;85.00;20.95;0.00;;30.0;30.0;30.0
R;;;;1;17.50000;179.71;0.0;30.00;85.00;20.95;0.00;test measure for referencing ;30.0;30.0;30.0
C106;A01;X1;;1;17.50347;25.21;0.0;30.00;85.00;20.95;0.00;;30.0;30.0;30.0
C106;A02;X1;;1;17.50694;26.12;0.0;30.00;85.00;20.95;0.00;;30.0;30.0;30.0
C106;A03;X1;;1;17.51042;28.06;0.0;30.00;85.00;20.95;0.00;;30.0;30.0;30.0
C106;A04;X1;;1;17.51389;26.76;0.0;30.00;85.00;20.95;0.00;;30.0;30.0;30.0
C106;A05;X1;;1;17.51736;24.61;0.0;30.00;85.00;20.95;0.00;;30.0;30.0;30.0
C106;A06;X2;;1;17.52083;11.32;0.0;30.00;85.00;20.95;0.00;;30.0;30.0;30.0
C106;A07;X2;;1;17.52431;11.38;0.0;30.00;85.00;20.95;0.00;;30.0;30.0;30.0
C106;A08;X2;;1;17.52778;11.54;0.0;30.00;85.00;20.95;0.00;;30.0;30.0;30.0
C106;A09;X2;;1;17.53125;11.12;0.0;30.00;85.00;20.95;0.00;;30.0;30.0;30.0
C106;A10;X2;;1;17.53472;11.94;0.0;30.00;85.00;20.95;0.00;;30.0;30.0;30.0
C106;A11;X3;;1;17.53819;11.25;0.0;30.00;85.00;20.95;0.00;;30.0;30.0;30.0
C106;A12;X3;;1;17.54167;10.99;0.0;30.00;85.00;20.95;0.00;;30.0;30.0;30.0
C106;B01;X3;;1;17.54514;10.83;0.0;30.00;85.00;20.95;0.00;;30.0;30.0;30.0
C106;B02;X3;;1;17.54861;10.60;0.0;30.00;85.00;20.95;0.00;;30.0;30.0;30.0
C106;B03;X3;;1;17.55208;10.06;0.0;30.00;85.00;20.95;0.00;;30.0;30.0;30.0
C106;B04;X4;;1;17.55556;18.41;0.0;30.00;85.00;20.95;0.00;;30.0;30.0;30.0
C106;B05;X4;;1;17.55903;15.43;0.0;30.00;85.00;20.95;0.00;;30.0;30.0;30.0
C106;B06;X4;;1;17.56250;17.09;0.0;30.00;85.00;20.95;0.00;;30.0;30.0;30.0
C106;B07;X4;;1;17.56597;16.14;0.0;30.00;85.00;20.95;0.00;;30.0;30.0;30.0
C106;B08;X4;;1;17.56944;15.43;0.0;30.00;85.00;20.95;0.00;;30.0;30.0;30.0
C106;B09;X5;;1;17.57292;68.50;0.0;30.00;85.00;20.95;0.00;;30.0;30.0;30.0
C106;B10;X5;;1;17.57639;68.93;0.0;30.00;85.00;20.95;0.00;;30.0;30.0;30.0
C106;B11;X5;;1;17.57986;71.69;0.0;30.00;85.00;20.95;0.00;;30.0;30.0;30.0
C106;B12;X5;;1;17.58333;70.70;0.0;30.00;85.00;20.95;0.00;;30.0;30.0;30.0
C106;C01;X5;;1;17.58681;74.89;0.0;30.00;85.00;20.95;0.00;;30.0;30.0;30.0
C106;C02;X6;;1;17.59028;19.35;0.0;30.00;85.00;20.95;0.00;;30.0;30.0;30.0
C106;C03;X6;;1;17.59375;20.39;0.0;30.00;85.00;20.95;0.00;;30.0;30.0;30.0
C106;C04;X6;;1;17.59722;19.63;0.0;30.00;85.00;20.95;0.00;;30.0;30.0;30.0
C106;C05;X6;;1;17.60069;21.74;0.0;30.00;85.00;20.95;0.00;;30.0;30.0;30.0
C106;C06;X6;;1;17.60417;18.65;0.0;30.00;85.00;20.95;0.00;;30.0;30.0;30.0
C106;C07;X7;;1;17.60764;11.57;0.0;30.00;85.00;20.95;0.00;;30.0;30.0;30.0
C106;C08;X7;;1;17.61111;11.88;0.0;30.00;85.00;20.95;0.00;;30.0;30.0;30.0
C106;C09;X7;;1;17.61458;11.18;0.0;30.00;85.00;20.95;0.00;;30.0;30.0;30.0
C106;C10;X7;;1;17.61806;11.53;0.0;30.00;85.00;20.95;0.00;;30.0;30.0;30.0
C106;C11;X7;;1;17.62153;11.97;0.0;30.00;85.00;20.95;0.00;;30.0;30.0;30.0
C106;C12;X8;;1;17.62500;49.20;0.0;30.00;85.00;20.95;0.00;;30.0;30.0;30.0
C106;D01;X8;;1;17.62847;48.92;0.0;30.00;85.00;20.95;0.00;;30.0;30.0;30.0
C106;D02;X8;;1;17.63194;45.97;0.0;30.00;85.00;20.95;0.00;;30.0;30.0;30.0
C106;D03;X8;;1;17.63542;45.73;0.0;30.00;85.00;20.95;0.00;;30.0;30.0;30.0
C106;D04;X8;;1;17.63889;47.44;0.0;30.00;85.00;20.95;0.00;;30.0;30.0;30.0
C106;D05;B1;;1;17.64236;8.53;0.0;30.00;85.00;20.95;0.00;;30.0;30.0;30.0
C106;D06;B1;;1;17.64583;7.96;0.0;30.00;85.00;20.95;0.00;;30.0;30.0;30.0
C106;D07;B1;;1;17.64931;8.00;0.0;30.00;85.00;20.95;0.00;;30.0;30.0;30.0
R;;;;1;17.66667;176.01;0.0;30.00;85.00;20.95;0.00;test measure for referencing ;30.0;30.0;30.0
C107;A01;X1;;1;17.67014;25.09;0.0;30.00;85.00;20.95;0.00;;30.0;30.0;30.0
C107;A02;X1;;1;17.67361;26.36;0.0;30.00;85.00;20.95;0.00;;30.0;30.0;30.0
C107;A03;X1;;1;17.67708;27.90;0.0;30.00;85.00;20.95;0.00;;30.0;30.0;30.0
C107;A04;X1;;1;17.68056;26.91;0.0;30.00;85.00;20.95;0.00;;30.0;30.0;30.0
C107;A05;X1;;1;17.68403;24.54;0.0;30.00;85.00;20.95;0.00;;30.0;30.0;30.0
C107;A06;X2;;1;17.68750;11.58;0.0;30.00;85.00;20.95;0.00;;30.0;30.0;30.0
C107;A07;X2;;1;17.69097;11.32;0.0;30.00;85.00;20.95;0.00;;30.0;30.0;30.0
C107;A08;X2;;1;17.69444;11.70;0.0;30.00;85.00;20.95;0.00;;30.0;30.0;30.0
C107;A09;X2;;1;17.69792;10.24;0.0;30.00;85.00;20.95;0.00;;30.0;30.0;30.0
C107;A10;X2;;1;17.70139;11.08;0.0;30.00;85.00;20.95;0.00;;30.0;30.0;30.0
C107;A11;X3;;1;17.70486;10.23;0.0;30.00;85.00;20.95;0.00;;30.0;30.0;30.0
C107;A12;X3;;1;17.70833;11.08;0.0;30.00;85.00;20.95;0.00;;30.0;30.0;30.0
C107;B01;X3;;1;17.71181;9.98;0.0;30.00;85.00;20.95;0.00;;30.0;30.0;30.0
C107;B02;X3;;1;17.71528;10.66;0.0;30.00;85.00;20.95;0.00;;30.0;30.0;30.0
C107;B03;X3;;1;17.71875;9.36;0.0;30.00;85.00;20.95;0.00;;30.0;30.0;30.0
C107;B04;X4;;1;17.72222;18.12;0.0;30.00;85.00;20.95;0.00;;30.0;30.0;30.0
C107;B05;X4;;1;17.72569;15.16;0.0;30.00;85.00;20.95;0.00;;30.0;30.0;30.0
C107;B06;X4;;1;17.72917;17.53;0.0;30.00;85.00;20.95;0.00;;30.0;30.0;30.0
C107;B07;X4;;1;17.73264;16.29;0.0;30.00;85.00;20.95;0.00;;30.0;30.0;30.0
C107;B08;X4;;1;17.73611;15.14;0.0;30.00;85.00;20.95;0.00;;30.0;30.0;30.0
C107;B09;X5;;1;17.73958;67.60;0.0;30.00;85.00;20.95;0.00;;30.0;30.0;30.0
C107;B10;X5;;1;17.74306;67.75;0.0;30.00;85.00;20.95;0.00;;30.0;30.0;30.0
C107;B11;X5;;1;17.74653;70.66;0.0;30.00;85.00;20.95;0.00;;30.0;30.0;30.0
C107;B12;X5;;1;17.75000;69.01;0.0;30.00;85.00;20.95;0.00;;30.0;30.0;30.0
C107;C01;X5;;1;17.75347;73.14;0.0;30.00;85.00;20.95;0.00;;30.0;30.0;30.0
C107;C02;X6;;1;17.75694;18.58;0.0;30.00;85.00;20.95;0.00;;30.0;30.0;30.0
C107;C03;X6;;1;17.76042;20.24;0.0;30.00;85.00;20.95;0.00;;30.0;30.0;30.0
C107;C04;X6;;1;17.76389;19.58;0.0;30.00;85.00;20.95;0.00;;30.0;30.0;30.0
C107;C05;X6;;1;17.76736;20.81;0.0;30.00;85.00;20.95;0.00;;30.0;30.0;30.0
C107;C06;X6;;1;17.77083;18.46;0.0;30.00;85.00;20.95;0.00;;30.0;30.0;30.0
C107;C07;X7;;1;17.77431;11.28;0.0;30.00;85.00;20.95;0.00;;30.0;30.0;30.0
C107;C08;X7;;1;17.77778;11.76;0.0;30.00;85.00;20.95;0.00;;30.0;30.0;30.0
C107;C09;X7;;1;17.78125;10.56;0.0;30.00;85.00;20.95;0.00;;30.0;30.0;30.0
C107;C10;X7;;1;17.78472;11.93;0.0;30.00;85.00;20.95;0.00;;30.0;30.0;30.0
C107;C11;X7;;1;17.78819;11.80;0.0;30.00;85.00;20.95;0.00;;30.0;30.0;30.0
C107;C12;X8;;1;17.79167;48.60;0.0;30.00;85.00;20.95;0.00;;30.0;30.0;30.0
C107;D01;X8;;1;17.79514;48.63;0.0;30.00;85.00;20.95;0.00;;30.0;30.0;30.0
C107;D02;X8;;1;17.79861;44.67;0.0;30.00;85.00;20.95;0.00;;30.0;30.0;30.0
C107;D03;X8;;1;17.80208;45.38;0.0;30.00;85.00;20.95;0.00;;30.0;30.0;30.0
C107;D04;X8;;1;17.80556;46.51;0.0;30.00;85.00;20.95;0.00;;30.0;30.0;30.0
C107;D05;B1;;1;17.80903;8.13;0.0;30.00;85.00;20.95;0.00;;30.0;30.0;30.0
C107;D06;B1;;1;17.81250;7.87;0.0;30.00;85.00;20.95;0.00;;30.0;30.0;30.0
C107;D07;B1;;1;17.81597;7.38;0.0;30.00;85.00;20.95;0.00;;30.0;30.0;30.0
R;;;;1;17.83333;179.30;0.0;30.00;85.00;20.95;0.00;test measure for referencing ;30.0;30.0;30.0
C108;A01;X1;;1;17.83681;25.78;0.0;30.00;85.00;20.95;0.00;;30.0;30.0;30.0
C108;A02;X1;;1;17.84028;26.41;0.0;30.00;85.00;20.95;0.00;;30.0;30.0;30.0
C108;A03;X1;;1;17.84375;28.41;0.0;30.00;85.00;20.95;0.00;;30.0;30.0;30.0
C108;A04;X1;;1;17.84722;28.14;0.0;30.00;85.00;20.95;0.00;;30.0;30.0;30.0
C108;A05;X1;;1;17.85069;25.48;0.0;30.00;85.00;20.95;0.00;;30.0;30.0;30.0
C108;A06;X2;;1;17.85417;11.18;0.0;30.00;85.00;20.95;0.00;;30.0;30.0;30.0
C108;A07;X2;;1;17.85764;11.46;0.0;30.00;85.00;20.95;0.00;;30.0;30.0;30.0
C108;A08;X2;;1;17.86111;12.02;0.0;30.00;85.00;20.95;0.00;;30.0;30.0;30.0
C108;A09;X2;;1;17.86458;11.15;0.0;30.00;85.00;20.95;0.00;;30.0;30.0;30.0
C108;A10;X2;;1;17.86806;11.75;0.0;30.00;85.00;20.95;0.00;;30.0;30.0;30.0
C108;A11;X3;;1;17.87153;10.56;0.0;30.00;85.00;20.95;0.00;;30.0;30.0;30.0
C108;A12;X3;;1;17.87500;11.07;0.0;30.00;85.00;20.95;0.00;;30.0;30.0;30.0
C108;B01;X3;;1;17.87847;10.56;0.0;30.00;85.00;20.95;0.00;;30.0;30.0;30.0
C108;B02;X3;;1;17.88194;10.57;0.0;30.00;85.00;20.95;0.00;;30.0;30.0;30.0
C108;B03;X3;;1;17.88542;9.47;0.0;30.00;85.00;20.95;0.00;;30.0;30.0;30.0
C108;B04;X4;;1;17.88889;18.32;0.0;30.00;85.00;20.95;0.00;;30.0;30.0;30.0
C108;B05;X4;;1;17.89236;15.17;0.0;30.00;85.00;20.95;0.00;;30.0;30.0;30.0
C108;B06;X4;;1;17.89583;17.94;0.0;30.00;85.00;20.95;0.00;;30.0;30.0;30.0
C108;B07;X4;;1;17.89931;16.46;0.0;30.00;85.00;20.95;0.00;;30.0;30.0;30.0
C108;B08;X4;;1;17.90278;16.08;0.0;30.00;85.00;20.95;0.00;;30.0;30.0;30.0
C108;B09;X5;;1;17.90625;69.33;0.0;30.00;85.00;20.95;0.00;;30.0;30.0;30.0
C108;B10;X5;;1;17.90972;69.08;0.0;30.00;85.00;20.95;0.00;;30.0;30.0;30.0
C108;B11;X5;;1;17.91319;72.00;0.0;30.00;85.00;20.95;0.00;;30.0;30.0;30.0
C108;B12;X5;;1;17.91667;70.22;0.0;30.00;85.00;20.95;0.00;;30.0;30.0;30.0
C108;C01;X5;;1;17.92014;74.72;0.0;30.00;85.00;20.95;0.00;;30.0;30.0;30.0
C108;C02;X6;;1;17.92361;19.05;0.0;30.00;85.00;20.95;0.00;;30.0;30.0;30.0
C108;C03;X6;;1;17.92708;21.29;0.0;30.00;85.00;20.95;0.00;;30.0;30.0;30.0
C108;C04;X6;;1;17.93056;20.07;0.0;30.00;85.00;20.95;0.00;;30.0;30.0;30.0
C108;C05;X6;;1;17.93403;21.64;0.0;30.00;85.00;20.95;0.00;;30.0;30.0;30.0
C108;C06;X6;;1;17.93750;19.28;0.0;30.00;85.00;20.95;0.00;;30.0;30.0;30.0
C108;C07;X7;;1;17.94097;11.35;0.0;30.00;85.00;20.95;0.00;;30.0;30.0;30.0
C108;C08;X7;;1;17.94444;11.86;0.0;30.00;85.00;20.95;0.00;;30.0;30.0;30.0
C108;C09;X7;;1;17.94792;10.93;0.0;30.00;85.00;20.95;0.00;;30.0;30.0;30.0
C108;C10;X7;;1;17.95139;11.94;0.0;30.00;85.00;20.95;0.00;;30.0;30.0;30.0
C108;C11;X7;;1;17.95486;11.73;0.0;30.00;85.00;20.95;0.00;;30.0;30.0;30.0
C108;C12;X8;;1;17.95833;49.76;0.0;30.00;85.00;20.95;0.00;;30.0;30.0;30.0
C108;D01;X8;;1;17.96181;49.95;0.0;30.00;85.00;20.95;0.00;;30.0;30.0;30.0
C108;D02;X8;;1;17.96528;46.20;0.0;30.00;85.00;20.95;0.00;;30.0;30.0;30.0
C108;D03;X8;;1;17.96875;46.65;0.0;30.00;85.00;20.95;0.00;;30.0;30.0;30.0
C108;D04;X8;;1;17.97222;48.24;0.0;30.00;85.00;20.95;0.00;;30.0;30.0;30.0
C108;D05;B1;;1;17.97569;7.96;0.0;30.00;85.00;20.95;0.00;;30.0;30.0;30.0
C108;D06;B1;;1;17.97917;8.52;0.0;30.00;85.00;20.95;0.00;;30.0;30.0;30.0
C108;D07;B1;;1;17.98264;8.47;0.0;30.00;85.00;20.95;0.00;;30.0;30.0;30.0
R;;;;1;18.00000;178.05;0.0;30.00;85.00;20.95;0.00;test measure for referencing ;30.0;30.0;30.0
C109;A01;X1;;1;18.00347;26.04;0.0;30.00;85.00;20.95;0.00;;30.0;30.0;30.0
C109;A02;X1;;1;18.00694;26.62;0.0;30.00;85.00;20.95;0.00;;30.0;30.0;30.0
C109;A03;X1;;1;18.01042;29.00;0.0;30.00;85.00;20.95;0.00;;30.0;30.0;30.0
C109;A04;X1;;1;18.01389;27.77;0.0;30.00;85.00;20.95;0.00;;30.0;30.0;30.0
C109;A05;X1;;1;18.01736;25.37;0.0;30.00;85.00;20.95;0.00;;30.0;30.0;30.0
C109;A06;X2;;1;18.02083;11.78;0.0;30.00;85.00;20.95;0.00;;30.0;30.0;30.0
C109;A07;X2;;1;18.02431;11.46;0.0;30.00;85.00;20.95;0.00;;30.0;30.0;30.0
C109;A08;X2;;1;18.02778;12.04;0.0;30.00;85.00;20.95;0.00;;30.0;30.0;30.0
C109;A09;X2;;1;18.03125;10.33;0.0;30.00;85.00;20.95;0.00;;30.0;30.0;30.0
C109;A10;X2;;1;18.03472;11.66;0.0;30.00;85.00;20.95;0.00;;30.0;30.0;30.0
C109;A11;X3;;1;18.03819;10.10;0.0;30.00;85.00;20.95;0.00;;30.0;30.0;30.0
C109;A12;X3;;1;18.04167;11.42;0.0;30.00;85.00;20.95;0.00;;30.0;30.0;30.0
C109;B01;X3;;1;18.04514;10.54;0.0;30.00;85.00;20.95;0.00;;30.0;30.0;30.0
C109;B02;X3;;1;18.04861;10.66;0.0;30.00;85.00;20.95;0.00;;30.0;30.0;30.0
C109;B03;X3;;1;18.05208;9.44;0.0;30.00;85.00;20.95;0.00;;30.0;30.0;30.0
C109;B04;X4;;1;18.05556;18.19;0.0;30.00;85.00;20.95;0.00;;30.0;30.0;30.0
C109;B05;X4;;1;18.05903;15.58;0.0;30.00;85.00;20.95;0.00;;30.0;30.0;30.0
C109;B06;X4;;1;18.06250;17.31;0.0;30.00;85.00;20.95;0.00;;30.0;30.0;30.0
C109;B07;X4;;1;18.06597;16.53;0.0;30.00;85.00;20.95;0.00;;30.0;30.0;30.0
C109;B08;X4;;1;18.06944;16.15;0.0;30.00;85.00;20.95;0.00;;30.0;30.0;30.0
C109;B09;X5;;1;18.07292;68.27;0.0;30.00;85.00;20.95;0.00;;30.0;30.0;30.0
C109;B10;X5;;1;18.07639;68.63;0.0;30.00;85.00;20.95;0.00;;30.0;30.0;30.0
C109;B11;X5;;1;18.07986;71.48;0.0;30.00;85.00;20.95;0.00;;30.0;30.0;30.0
C109;B12;X5;;1;18.08333;69.94;0.0;30.00;85.00;20.95;0.00;;30.0;30.0;30.0
C109;C01;X5;;1;18.08681;75.05;0.0;30.00;85.00;20.95;0.00;;30.0;30.0;30.0
C109;C02;X6;;1;18.09028;19.74;0.0;30.00;85.00;20.95;0.00;;30.0;30.0;30.0
C109;C03;X6;;1;18.09375;21.05;0.0;30.00;85.00;20.95;0.00;;30.0;30.0;30.0
C109;C04;X6;;1;18.09722;20.22;0.0;30.00;85.00;20.95;0.00;;30.0;30.0;30.0
C109;C05;X6;;1;18.10069;22.04;0.0;30.00;85.00;20.95;0.00;;30.0;30.0;30.0
C109;C06;X6;;1;18.10417;19.04;0.0;30.00;85.00;20.95;0.00;;30.0;30.0;30.0
C109;C07;X7;;1;18.10764;11.76;0.0;30.00;85.00;20.95;0.00;;30.0;30.0;30.0
C109;C08;X7;;1;18.11111;12.22;0.0;30.00;85.00;20.95;0.00;;30.0;30.0;30.0
C109;C09;X7;;1;18.11458;10.64;0.0;30.00;85.00;20.95;0.00;;30.0;30.0;30.0
C109;C10;X7;;1;18.11806;12.17;0.0;30.00;85.00;20.95;0.00;;30.0;30.0;30.0
C109;C11;X7;;1;18.12153;11.36;0.0;30.00;85.00;20.95;0.00;;30.0;30.0;30.0
C109;C12;X8;;1;18.12500;50.93;0.0;30.00;85.00;20.95;0.00;;30.0;30.0;30.0
C109;D01;X8;;1;18.12847;49.93;0.0;30.00;85.00;20.95;0.00;;30.0;30.0;30.0
C109;D02;X8;;1;18.13194;46.40;0.0;30.00;85.00;20.95;0.00;;30.0;30.0;30.0
C109;D03;X8;;1;18.13542;47.06;0.0;30.00;85.00;20.95;0.00;;30.0;30.0;30.0
C109;D04;X8;;1;18.13889;47.54;0.0;30.00;85.00;20.95;0.00;;30.0;30.0;30.0
C109;D05;B1;;1;18.14236;8.14;0.0;30.00;85.00;20.95;0.00;;30.0;30.0;30.0
C109;D06;B1;;1;18.14583;7.62;0.0;30.00;85.00;20.95;0.00;;30.0;30.0;30.0
C109;D07;B1;;1;18.14931;8.69;0.0;30.00;85.00;20.95;0.00;;30.0;30.0;30.0
R;;;;1;18.16667;178.96;0.0;30.00;85.00;20.95;0.00;test measure for referencing ;30.0;30.0;30.0
C110;A01;X1;;1;18.17014;26.92;0.0;30.00;85.00;20.95;0.00;;30.0;30.0;30.0
C110;A02;X1;;1;18.17361;27.33;0.0;30.00;85.00;20.95;0.00;;30.0;30.0;30.0
C110;A03;X1;;1;18.17708;29.96;0.0;30.00;85.00;20.95;0.00;;30.0;30.0;30.0
C110;A04;X1;;1;18.18056;28.35;0.0;30.00;85.00;20.95;0.00;;30.0;30.0;30.0
C110;A05;X1;;1;18.18403;25.64;0.0;30.00;85.00;20.95;0.00;;30.0;30.0;30.0
C110;A06;X2;;1;18.18750;11.48;0.0;30.00;85.00;20.95;0.00;;30.0;30.0;30.0
C110;A07;X2;;1;18.19097;11.55;0.0;30.00;85.00;20.95;0.00;;30.0;30.0;30.0
C110;A08;X2;;1;18.19444;11.45;0.0;30.00;85.00;20.95;0.00;;30.0;30.0;30.0
C110;A09;X2;;1;18.19792;11.03;0.0;30.00;85.00;20.95;0.00;;30.0;30.0;30.0
C110;A10;X2;;1;18.20139;11.75;0.0;30.00;85.00;20.95;0.00;;30.0;30.0;30.0
C110;A11;X3;;1;18.20486;10.56;0.0;30.00;85.00;20.95;0.00;;30.0;30.0;30.0
C110;A12;X3;;1;18.20833;10.83;0.0;30.00;85.00;20.95;0.00;;30.0;30.0;30.0
C110;B01;X3;;1;18.21181;10.41;0.0;30.00;85.00;20.95;0.00;;30.0;30.0;30.0
C110;B02;X3;;1;18.21528;10.39;0.0;30.00;85.00;20.95;0.00;;30.0;30.0;30.0
C110;B03;X3;;1;18.21875;9.84;0.0;30.00;85.00;20.95;0.00;;30.0;30.0;30.0
C110;B04;X4;;1;18.22222;18.86;0.0;30.00;85.00;20.95;0.00;;30.0;30.0;30.0
C110;B05;X4;;1;18.22569;15.85;0.0;30.00;85.00;20.95;0.00;;30.0;30.0;30.0
C110;B06;X4;;1;18.22917;17.91;0.0;30.00;85.00;20.95;0.00;;30.0;30.0;30.0
C110;B07;X4;;1;18.23264;17.20;0.0;30.00;85.00;20.95;0.00;;30.0;30.0;30.0
C110;B08;X4;;1;18.23611;15.77;0.0;30.00;85.00;20.95;0.00;;30.0;30.0;30.0
C110;B09;X5;;1;18.23958;69.48;0.0;30.00;85.00;20.95;0.00;;30.0;30.0;30.0
C110;B10;X5;;1;18.24306;68.71;0.0;30.00;85.00;20.95;0.00;;30.0;30.0;30.0
C110;B11;X5;;1;18.24653;72.33;0.0;30.00;85.00;20.95;0.00;;30.0;30.0;30.0
C110;B12;X5;;1;18.25000;70.58;0.0;30.00;85.00;20.95;0.00;;30.0;30.0;30.0
C110;C01;X5;;1;18.25347;75.32;0.0;30.00;85.00;20.95;0.00;;30.0;30.0;30.0
C110;C02;X6;;1;18.25694;19.02;0.0;30.00;85.00;20.95;0.00;;30.0;30.0;30.0
C110;C03;X6;;1;18.26042;21.09;0.0;30.00;85.00;20.95;0.00;;30.0;30.0;30.0
C110;C04;X6;;1;18.26389;20.61;0.0;30.00;85.00;20.95;0.00;;30.0;30.0;30.0
C110;C05;X6;;1;18.26736;22.29;0.0;30.00;85.00;20.95;0.00;;30.0;30.0;30.0
C110;C06;X6;;1;18.27083;19.33;0.0;30.00;85.00;20.95;0.00;;30.0;30.0;30.0
C110;C07;X7;;1;18.27431;10.91;0.0;30.00;85.00;20.95;0.00;;30.0;30.0;30.0
C110;C08;X7;;1;18.27778;11.60;0.0;30.00;85.00;20.95;0.00;;30.0;30.0;30.0
C110;C09;X7;;1;18.28125;10.87;0.0;30.00;85.00;20.95;0.00;;30.0;30.0;30.0
C110;C10;X7;;1;18.28472;12.51;0.0;30.00;85.00;20.95;0.00;;30.0;30.0;30.0
C110;C11;X7;;1;18.28819;11.53;0.0;30.00;85.00;20.95;0.00;;30.0;30.0;30.0
C110;C12;X8;;1;18.29167;50.96;0.0;30.00;85.00;20.95;0.00;;30.0;30.0;30.0
C110;D01;X8;;1;18.29514;50.57;0.0;30.00;85.00;20.95;0.00;;30.0;30.0;30.0
C110;D02;X8;;1;18.29861;46.78;0.0;30.00;85.00;20.95;0.00;;30.0;30.0;30.0
C110;D03;X8;;1;18.30208;47.26;0.0;30.00;85.00;20.95;0.00;;30.0;30.0;30.0
C110;D04;X8;;1;18.30556;48.58;0.0;30.00;85.00;20.95;0.00;;30.0;30.0;30.0
C110;D05;B1;;1;18.30903;8.12;0.0;30.00;85.00;20.95;0.00;;30.0;30.0;30.0
C110;D06;B1;;1;18.31250;7.85;0.0;30.00;85.00;20.95;0.00;;30.0;30.0;30.0
C110;D07;B1;;1;18.31597;7.85;0.0;30.00;85.00;20.95;0.00;;30.0;30.0;30.0
R;;;;1;18.33333;179.02;0.0;30.00;85.00;20.95;0.00;test measure for referencing ;30.0;30.0;30.0
C111;A01;X1;;1;18.33681;27.13;0.0;30.00;85.00;20.95;0.00;;30.0;30.0;30.0
C111;A02;X1;;1;18.34028;27.45;0.0;30.00;85.00;20.95;0.00;;30.0;30.0;30.0
C111;A03;X1;;1;18.34375;29.79;0.0;30.00;85.00;20.95;0.00;;30.0;30.0;30.0
C111;A04;X1;;1;18.34722;28.57;0.0;30.00;85.00;20.95;0.00;;30.0;30.0;30.0
C111;A05;X1;;1;18.35069;26.06;0.0;30.00;85.00;20.95;0.00;;30.0;30.0;30.0
C111;A06;X2;;1;18.35417;11.69;0.0;30.00;85.00;20.95;0.00;;30.0;30.0;30.0
C111;A07;X2;;1;18.35764;10.96;0.0;30.00;85.00;20.95;0.00;;30.0;30.0;30.0
C111;A08;X2;;1;18.36111;11.60;0.0;30.00;85.00;20.95;0.00;;30.0;30.0;30.0
C111;A09;X2;;1;18.36458;10.91;0.0;30.00;85.00;20.95;0.00;;30.0;30.0;30.0
C111;A10;X2;;1;18.36806;11.64;0.0;30.00;85.00;20.95;0.00;;30.0;30.0;30.0
C111;A11;X3;;1;18.37153;10.52;0.0;30.00;85.00;20.95;0.00;;30.0;30.0;30.0
C111;A12;X3;;1;18.37500;11.23;0.0;30.00;85.00;20.95;0.00;;30.0;30.0;30.0
C111;B01;X3;;1;18.37847;11.16;0.0;30.00;85.00;20.95;0.00;;30.0;30.0;30.0
C111;B02;X3;;1;18.38194;11.05;0.0;30.00;85.00;20.95;0.00;;30.0;30.0;30.0
C111;B03;X3;;1;18.38542;9.59;0.0;30.00;85.00;20.95;0.00;;30.0;30.0;30.0
C111;B04;X4;;1;18.38889;18.51;0.0;30.00;85.00;20.95;0.00;;30.0;30.0;30.0
C111;B05;X4;;1;18.39236;15.62;0.0;30.00;85.00;20.95;0.00;;30.0;30.0;30.0
C111;B06;X4;;1;18.39583;17.58;0.0;30.00;85.00;20.95;0.00;;30.0;30.0;30.0
C111;B07;X4;;1;18.39931;16.56;0.0;30.00;85.00;20.95;0.00;;30.0;30.0;30.0
C111;B08;X4;;1;18.40278;16.31;0.0;30.00;85.00;20.95;0.00;;30.0;30.0;30.0
C111;B09;X5;;1;18.40625;69.23;0.0;30.00;85.00;20.95;0.00;;30.0;30.0;30.0
C111;B10;X5;;1;18.40972;69.44;0.0;30.00;85.00;20.95;0.00;;30.0;30.0;30.0
C111;B11;X5;;1;18.41319;72.73;0.0;30.00;85.00;20.95;0.00;;30.0;30.0;30.0
C111;B12;X5;;1;18.41667;71.04;0.0;30.00;85.00;20.95;0.00;;30.0;30.0;30.0
C111;C01;X5;;1;18.42014;75.02;0.0;30.00;85.00;20.95;0.00;;30.0;30.0;30.0
C111;C02;X6;;1;18.42361;19.92;0.0;30.00;85.00;20.95;0.00;;30.0;30.0;30.0
C111;C03;X6;;1;18.42708;21.82;0.0;30.00;85.00;20.95;0.00;;30.0;30.0;30.0
C111;C04;X6;;1;18.43056;21.07;0.0;30.00;85.00;20.95;0.00;;30.0;30.0;30.0
C111;C05;X6;;1;18.43403;22.59;0.0;30.00;85.00;20.95;0.00;;30.0;30.0;30.0
C111;C06;X6;;1;18.43750;19.30;0.0;30.00;85.00;20.95;0.00;;30.0;30.0;30.0
C111;C07;X7;;1;18.44097;11.89;0.0;30.00;85.00;20.95;0.00;;30.0;30.0;30.0
C111;C08;X7;;1;18.44444;11.89;0.0;30.00;85.00;20.95;0.00;;30.0;30.0;30.0
C111;C09;X7;;1;18.44792;11.44;0.0;30.00;85.00;20.95;0.00;;30.0;30.0;30.0
C111;C10;X7;;1;18.45139;12.13;0.0;30.00;85.00;20.95;0.00;;30.0;30.0;30.0
C111;C11;X7;;1;18.45486;12.11;0.0;30.00;85.00;20.95;0.00;;30.0;30.0;30.0
C111;C12;X8;;1;18.45833;50.74;0.0;30.00;85.00;20.95;0.00;;30.0;30.0;30.0
C111;D01;X8;;1;18.46181;51.21;0.0;30.00;85.00;20.95;0.00;;30.0;30.0;30.0
C111;D02;X8;;1;18.46528;47.03;0.0;30.00;85.00;20.95;0.00;;30.0;30.0;30.0
C111;D03;X8;;1;18.46875;48.03;0.0;30.00;85.00;20.95;0.00;;30.0;30.0;30.0
C111;D04;X8;;1;18.47222;48.12;0.0;30.00;85.00;20.95;0.00;;30.0;30.0;30.0
C111;D05;B1;;1;18.47569;7.44;0.0;30.00;85.00;20.95;0.00;;30.0;30.0;30.0
C111;D06;B1;;1;18.47917;8.46;0.0;30.00;85.00;20.95;0.00;;30.0;30.0;30.0
C111;D07;B1;;1;18.48264;8.11;0.0;30.00;85.00;20.95;0.00;;30.0;30.0;30.0
R;;;;1;18.50000;179.03;0.0;30.00;85.00;20.95;0.00;test measure for referencing ;30.0;30.0;30.0
C112;A01;X1;;1;18.50347;27.29;0.0;30.00;85.00;20.95;0.00;;30.0;30.0;30.0
C112;A02;X1;;1;18.50694;28.14;0.0;30.00;85.00;20.95;0.00;;30.0;30.0;30.0
C112;A03;X1;;1;18.51042;30.27;0.0;30.00;85.00;20.95;0.00;;30.0;30.0;30.0
C112;A04;X1;;1;18.51389;28.94;0.0;30.00;85.00;20.95;0.00;;30.0;30.0;30.0
C112;A05;X1;;1;18.51736;26.57;0.0;30.00;85.00;20.95;0.00;;30.0;30.0;30.0
C112;A06;X2;;1;18.52083;12.35;0.0;30.00;85.00;20.95;0.00;;30.0;30.0;30.0
C112;A07;X2;;1;18.52431;11.58;0.0;30.00;85.00;20.95;0.00;;30.0;30.0;30.0
C112;A08;X2;;1;18.52778;12.27;0.0;30.00;85.00;20.95;0.00;;30.0;30.0;30.0
C112;A09;X2;;1;18.53125;10.92;0.0;30.00;85.00;20.95;0.00;;30.0;30.0;30.0
C112;A10;X2;;1;18.53472;11.73;0.0;30.00;85.00;20.95;0.00;;30.0;30.0;30.0
C112;A11;X3;;1;18.53819;10.32;0.0;30.00;85.00;20.95;0.00;;30.0;30.0;30.0
C112;A12;X3;;1;18.54167;10.75;0.0;30.00;85.00;20.95;0.00;;30.0;30.0;30.0
C112;B01;X3;;1;18.54514;10.35;0.0;30.00;85.00;20.95;0.00;;30.0;30.0;30.0
C112;B02;X3;;1;18.54861;10.49;0.0;30.00;85.00;20.95;0.00;;30.0;30.0;30.0
C112;B03;X3;;1;18.55208;9.96;0.0;30.00;85.00;20.95;0.00;;30.0;30.0;30.0
C112;B04;X4;;1;18.55556;18.33;0.0;30.00;85.00;20.95;0.00;;30.0;30.0;30.0
C112;B05;X4;;1;18.55903;16.30;0.0;30.00;85.00;20.95;0.00;;30.0;30.0;30.0
C112;B06;X4;;1;18.56250;17.51;0.0;30.00;85.00;20.95;0.00;;30.0;30.0;30.0
C112;B07;X4;;1;18.56597;17.20;0.0;30.00;85.00;20.95;0.00;;30.0;30.0;30.0
C112;B08;X4;;1;18.56944;16.74;0.0;30.00;85.00;20.95;0.00;;30.0;30.0;30.0
C112;B09;X5;;1;18.57292;69.32;0.0;30.00;85.00;20.95;0.00;;30.0;30.0;30.0
C112;B10;X5;;1;18.57639;69.07;0.0;30.00;85.00;20.95;0.00;;30.0;30.0;30.0
C112;B11;X5;;1;18.57986;72.35;0.0;30.00;85.00;20.95;0.00;;30.0;30.0;30.0
C112;B12;X5;;1;18.58333;70.13;0.0;30.00;85.00;20.95;0.00;;30.0;30.0;30.0
C112;C01;X5;;1;18.58681;75.82;0.0;30.00;85.00;20.95;0.00;;30.0;30.0;30.0
C112;C02;X6;;1;18.59028;20.38;0.0;30.00;85.00;20.95;0.00;;30.0;30.0;30.0
C112;C03;X6;;1;18.59375;21.99;0.0;30.00;85.00;20.95;0.00;;30.0;30.0;30.0
C112;C04;X6;;1;18.59722;21.06;0.0;30.00;85.00;20.95;0.00;;30.0;30.0;30.0
C112;C05;X6;;1;18.60069;22.20;0.0;30.00;85.00;20.95;0.00;;30.0;30.0;30.0
C112;C06;X6;;1;18.60417;19.86;0.0;30.00;85.00;20.95;0.00;;30.0;30.0;30.0
C112;C07;X7;;1;18.60764;11.33;0.0;30.00;85.00;20.95;0.00;;30.0;30.0;30.0
C112;C08;X7;;1;18.61111;11.96;0.0;30.00;85.00;20.95;0.00;;30.0;30.0;30.0
C112;C09;X7;;1;18.61458;11.35;0.0;30.00;85.00;20.95;0.00;;30.0;30.0;30.0
C112;C10;X7;;1;18.61806;11.89;0.0;30.00;85.00;20.95;0.00;;30.0;30.0;30.0
C112;C11;X7;;1;18.62153;12.31;0.0;30.00;85.00;20.95;0.00;;30.0;30.0;30.0
C112;C12;X8;;1;18.62500;51.24;0.0;30.00;85.00;20.95;0.00;;30.0;30.0;30.0
C112;D01;X8;;1;18.62847;51.08;0.0;30.00;85.00;20.95;0.00;;30.0;30.0;30.0
C112;D02;X8;;1;18.63194;47.56;0.0;30.00;85.00;20.95;0.00;;30.0;30.0;30.0
C112;D03;X8;;1;18.63542;47.65;0.0;30.00;85.00;20.95;0.00;;30.0;30.0;30.0
C112;D04;X8;;1;18.63889;48.84;0.0;30.00;85.00;20.95;0.00;;30.0;30.0;30.0
C112;D05;B1;;1;18.64236;8.02;0.0;30.00;85.00;20.95;0.00;;30.0;30.0;30.0
C112;D06;B1;;1;18.64583;7.69;0.0;30.00;85.00;20.95;0.00;;30.0;30.0;30.0
C112;D07;B1;;1;18.64931;7.96;0.0;30.00;85.00;20.95;0.00;;30.0;30.0;30.0
R;;;;1;18.66667;176.33;0.0;30.00;85.00;20.95;0.00;test measure for referencing ;30.0;30.0;30.0
C113;A01;X1;;1;18.67014;27.42;0.0;30.00;85.00;20.95;0.00;;30.0;30.0;30.0
C113;A02;X1;;1;18.67361;28.45;0.0;30.00;85.00;20.95;0.00;;30.0;30.0;30.0
C113;A03;X1;;1;18.67708;30.09;0.0;30.00;85.00;20.95;0.00;;30.0;30.0;30.0
C113;A04;X1;;1;18.68056;29.02;0.0;30.00;85.00;20.95;0.00;;30.0;30.0;30.0
C113;A05;X1;;1;18.68403;26.45;0.0;30.00;85.00;20.95;0.00;;30.0;30.0;30.0
C113;A06;X2;;1;18.68750;11.29;0.0;30.00;85.00;20.95;0.00;;30.0;30.0;30.0
C113;A07;X2;;1;18.69097;11.17;0.0;30.00;85.00;20.95;0.00;;30.0;30.0;30.0
C113;A08;X2;;1;18.69444;11.70;0.0;30.00;85.00;20.95;0.00;;30.0;30.0;30.0
C113;A09;X2;;1;18.69792;10.86;0.0;30.00;85.00;20.95;0.00;;30.0;30.0;30.0
C113;A10;X2;;1;18.70139;11.47;0.0;30.00;85.00;20.95;0.00;;30.0;30.0;30.0
C113;A11;X3;;1;18.70486;10.28;0.0;30.00;85.00;20.95;0.00;;30.0;30.0;30.0
C113;A12;X3;;1;18.70833;10.90;0.0;30.00;85.00;20.95;0.00;;30.0;30.0;30.0
C113;B01;X3;;1;18.71181;10.49;0.0;30.00;85.00;20.95;0.00;;30.0;30.0;30.0
C113;B02;X3;;1;18.71528;10.01;0.0;30.00;85.00;20.95;0.00;;30.0;30.0;30.0
C113;B03;X3;;1;18.71875;9.82;0.0;30.00;85.00;20.95;0.00;;30.0;30.0;30.0
C113;B04;X4;;1;18.72222;18.78;0.0;30.00;85.00;20.95;0.00;;30.0;30.0;30.0
C113;B05;X4;;1;18.72569;15.64;0.0;30.00;85.00;20.95;0.00;;30.0;30.0;30.0
C113;B06;X4;;1;18.72917;17.23;0.0;30.00;85.00;20.95;0.00;;30.0;30.0;30.0
C113;B07;X4;;1;18.73264;16.85;0.0;30.00;85.00;20.95;0.00;;30.0;30.0;30.0
C113;B08;X4;;1;18.73611;16.08;0.0;30.00;85.00;20.95;0.00;;30.0;30.0;30.0
C113;B09;X5;;1;18.73958;68.47;0.0;30.00;85.00;20.95;0.00;;30.0;30.0;30.0
C113;B10;X5;;1;18.74306;67.91;0.0;30.00;85.00;20.95;0.00;;30.0;30.0;30.0
C113;B11;X5;;1;18.74653;71.46;0.0;30.00;85.00;20.95;0.00;;30.0;30.0;30.0
C113;B12;X5;;1;18.75000;70.39;0.0;30.00;85.00;20.95;0.00;;30.0;30.0;30.0
C113;C01;X5;;1;18.75347;74.55;0.0;30.00;85.00;20.95;0.00;;30.0;30.0;30.0
C113;C02;X6;;1;18.75694;20.19;0.0;30.00;85.00;20.95;0.00;;30.0;30.0;30.0
C113;C03;X6;;1;18.76042;21.47;0.0;30.00;85.00;20.95;0.00;;30.0;30.0;30.0
C113;C04;X6;;1;18.76389;20.93;0.0;30.00;85.00;20.95;0.00;;30.0;30.0;30.0
C113;C05;X6;;1;18.76736;22.40;0.0;30.00;85.00;20.95;0.00;;30.0;30.0;30.0
C113;C06;X6;;1;18.77083;19.61;0.0;30.00;85.00;20.95;0.00;;30.0;30.0;30.0
C113;C07;X7;;1;18.77431;10.87;0.0;30.00;85.00;20.95;0.00;;30.0;30.0;30.0
C113;C08;X7;;1;18.77778;11.77;0.0;30.00;85.00;20.95;0.00;;30.0;30.0;30.0
C113;C09;X7;;1;18.78125;11.23;0.0;30.00;85.00;20.95;0.00;;30.0;30.0;30.0
C113;C10;X7;;1;18.78472;12.28;0.0;30.00;85.00;20.95;0.00;;30.0;30.0;30.0
C113;C11;X7;;1;18.78819;11.77;0.0;30.00;85.00;20.95;0.00;;30.0;30.0;30.0
C113;C12;X8;;1;18.79167;50.51;0.0;30.00;85.00;20.95;0.00;;30.0;30.0;30.0
C113;D01;X8;;1;18.79514;50.70;0.0;30.00;85.00;20.95;0.00;;30.0;30.0;30.0
C113;D02;X8;;1;18.79861;47.23;0.0;30.00;85.00;20.95;0.00;;30.0;30.0;30.0
C113;D03;X8;;1;18.80208;46.38;0.0;30.00;85.00;20.95;0.00;;30.0;30.0;30.0
C113;D04;X8;;1;18.80556;48.87;0.0;30.00;85.00;20.95;0.00;;30.0;30.0;30.0
C113;D05;B1;;1;18.80903;7.72;0.0;30.00;85.00;20.95;0.00;;30.0;30.0;30.0
C113;D06;B1;;1;18.81250;7.80;0.0;30.00;85.00;20.95;0.00;;30.0;30.0;30.0
C113;D07;B1;;1;18.81597;7.81;0.0;30.00;85.00;20.95;0.00;;30.0;30.0;30.0
R;;;;1;18.83333;176.69;0.0;30.00;85.00;20.95;0.00;test measure for referencing ;30.0;30.0;30.0
C114;A01;X1;;1;18.83681;28.10;0.0;30.00;85.00;20.95;0.00;;30.0;30.0;30.0
C114;A02;X1;;1;18.84028;27.77;0.0;30.00;85.00;20.95;0.00;;30.0;30.0;30.0
C114;A03;X1;;1;18.84375;30.57;0.0;30.00;85.00;20.95;0.00;;30.0;30.0;30.0
C114;A04;X1;;1;18.84722;28.70;0.0;30.00;85.00;20.95;0.00;;30.0;30.0;30.0
C114;A05;X1;;1;18.85069;26.94;0.0;30.00;85.00;20.95;0.00;;30.0;30.0;30.0
C114;A06;X2;;1;18.85417;11.41;0.0;30.00;85.00;20.95;0.00;;30.0;30.0;30.0
C114;A07;X2;;1;18.85764;11.57;0.0;30.00;85.00;20.95;0.00;;30.0;30.0;30.0
C114;A08;X2;;1;18.86111;11.96;0.0;30.00;85.00;20.95;0.00;;30.0;30.0;30.0
C114;A09;X2;;1;18.86458;11.32;0.0;30.00;85.00;20.95;0.00;;30.0;30.0;30.0
C114;A10;X2;;1;18.86806;11.79;0.0;30.00;85.00;20.95;0.00;;30.0;30.0;30.0
C114;A11;X3;;1;18.87153;10.59;0.0;30.00;85.00;20.95;0.00;;30.0;30.0;30.0
C114;A12;X3;;1;18.87500;11.23;0.0;30.00;85.00;20.95;0.00;;30.0;30.0;30.0
C114;B01;X3;;1;18.87847;10.29;0.0;30.00;85.00;20.95;0.00;;30.0;30.0;30.0
C114;B02;X3;;1;18.88194;10.47;0.0;30.00;85.00;20.95;0.00;;30.0;30.0;30.0
C114;B03;X3;;1;18.88542;10.36;0.0;30.00;85.00;20.95;0.00;;30.0;30.0;30.0
C114;B04;X4;;1;18.88889;18.27;0.0;30.00;85.00;20.95;0.00;;30.0;30.0;30.0
C114;B05;X4;;1;18.89236;16.44;0.0;30.00;85.00;20.95;0.00;;30.0;30.0;30.0
C114;B06;X4;;1;18.89583;18.11;0.0;30.00;85.00;20.95;0.00;;30.0;30.0;30.0
C114;B07;X4;;1;18.89931;16.97;0.0;30.00;85.00;20.95;0.00;;30.0;30.0;30.0
C114;B08;X4;;1;18.90278;16.28;0.0;30.00;85.00;20.95;0.00;;30.0;30.0;30.0
C114;B09;X5;;1;18.90625;68.48;0.0;30.00;85.00;20.95;0.00;;30.0;30.0;30.0
C114;B10;X5;;1;18.90972;68.67;0.0;30.00;85.00;20.95;0.00;;30.0;30.0;30.0
C114;B11;X5;;1;18.91319;71.35;0.0;30.00;85.00;20.95;0.00;;30.0;30.0;30.0
C114;B12;X5;;1;18.91667;70.48;0.0;30.00;85.00;20.95;0.00;;30.0;30.0;30.0
C114;C01;X5;;1;18.92014;74.25;0.0;30.00;85.00;20.95;0.00;;30.0;30.0;30.0
C114;C02;X6;;1;18.92361;20.25;0.0;30.00;85.00;20.95;0.00;;30.0;30.0;30.0
C114;C03;X6;;1;18.92708;21.97;0.0;30.00;85.00;20.95;0.00;;30.0;30.0;30.0
C114;C04;X6;;1;18.93056;21.03;0.0;30.00;85.00;20.95;0.00;;30.0;30.0;30.0
C114;C05;X6;;1;18.93403;22.69;0.0;30.00;85.00;20.95;0.00;;30.0;30.0;30.0
C114;C06;X6;;1;18.93750;19.91;0.0;30.00;85.00;20.95;0.00;;30.0;30.0;30.0
C114;C07;X7;;1;18.94097;11.34;0.0;30.00;85.00;20.95;0.00;;30.0;30.0;30.0
C114;C08;X7;;1;18.94444;11.79;0.0;30.00;85.00;20.95;0.00;;30.0;30.0;30.0
C114;C09;X7;;1;18.94792;11.29;0.0;30.00;85.00;20.95;0.00;;30.0;30.0;30.0
C114;C10;X7;;1;18.95139;12.56;0.0;30.00;85.00;20.95;0.00;;30.0;30.0;30.0
C114;C11;X7;;1;18.95486;11.67;0.0;30.00;85.00;20.95;0.00;;30.0;30.0;30.0
C114;C12;X8;;1;18.95833;51.46;0.0;30.00;85.00;20.95;0.00;;30.0;30.0;30.0
C114;D01;X8;;1;18.96181;51.06;0.0;30.00;85.00;20.95;0.00;;30.0;30.0;30.0
C114;D02;X8;;1;18.96528;47.20;0.0;30.00;85.00;20.95;0.00;;30.0;30.0;30.0
C114;D03;X8;;1;18.96875;47.33;0.0;30.00;85.00;20.95;0.00;;30.0;30.0;30.0
C114;D04;X8;;1;18.97222;48.78;0.0;30.00;85.00;20.95;0.00;;30.0;30.0;30.0
C114;D05;B1;;1;18.97569;7.73;0.0;30.00;85.00;20.95;0.00;;30.0;30.0;30.0
C114;D06;B1;;1;18.97917;7.55;0.0;30.00;85.00;20.95;0.00;;30.0;30.0;30.0
C114;D07;B1;;1;18.98264;8.19;0.0;30.00;85.00;20.95;0.00;;30.0;30.0;30.0
R;;;;1;19.00000;180.17;0.0;30.00;85.00;20.95;0.00;test measure for referencing ;30.0;30.0;30.0
C115;A01;X1;;1;19.00347;28.67;0.0;30.00;85.00;20.95;0.00;;30.0;30.0;30.0
C115;A02;X1;;1;19.00694;29.56;0.0;30.00;85.00;20.95;0.00;;30.0;30.0;30.0
C115;A03;X1;;1;19.01042;31.68;0.0;30.00;85.00;20.95;0.00;;30.0;30.0;30.0
C115;A04;X1;;1;19.01389;30.42;0.0;30.00;85.00;20.95;0.00;;30.0;30.0;30.0
C115;A05;X1;;1;19.01736;27.58;0.0;30.00;85.00;20.95;0.00;;30.0;30.0;30.0
C115;A06;X2;;1;19.02083;11.70;0.0;30.00;85.00;20.95;0.00;;30.0;30.0;30.0
C115;A07;X2;;1;19.02431;11.64;0.0;30.00;85.00;20.95;0.00;;30.0;30.0;30.0
C115;A08;X2;;1;19.02778;12.23;0.0;30.00;85.00;20.95;0.00;;30.0;30.0;30.0
C115;A09;X2;;1;19.03125;11.20;0.0;30.00;85.00;20.95;0.00;;30.0;30.0;30.0
C115;A10;X2;;1;19.03472;12.08;0.0;30.00;85.00;20.95;0.00;;30.0;30.0;30.0
C115;A11;X3;;1;19.03819;10.72;0.0;30.00;85.00;20.95;0.00;;30.0;30.0;30.0
C115;A12;X3;;1;19.04167;11.48;0.0;30.00;85.00;20.95;0.00;;30.0;30.0;30.0
C115;B01;X3;;1;19.04514;10.42;0.0;30.00;85.00;20.95;0.00;;30.0;30.0;30.0
C115;B02;X3;;1;19.04861;10.99;0.0;30.00;85.00;20.95;0.00;;30.0;30.0;30.0
C115;B03;X3;;1;19.05208;10.38;0.0;30.00;85.00;20.95;0.00;;30.0;30.0;30.0
C115;B04;X4;;1;19.05556;19.03;0.0;30.00;85.00;20.95;0.00;;30.0;30.0;30.0
C115;B05;X4;;1;19.05903;16.14;0.0;30.00;85.00;20.95;0.00;;30.0;30.0;30.0
C115;B06;X4;;1;19.06250;18.69;0.0;30.00;85.00;20.95;0.00;;30.0;30.0;30.0
C115;B07;X4;;1;19.06597;18.06;0.0;30.00;85.00;20.95;0.00;;30.0;30.0;30.0
C115;B08;X4;;1;19.06944;17.66;0.0;30.00;85.00;20.95;0.00;;30.0;30.0;30.0
C115;B09;X5;;1;19.07292;70.10;0.0;30.00;85.00;20.95;0.00;;30.0;30.0;30.0
C115;B10;X5;;1;19.07639;70.03;0.0;30.00;85.00;20.95;0.00;;30.0;30.0;30.0
C115;B11;X5;;1;19.07986;72.90;0.0;30.00;85.00;20.95;0.00;;30.0;30.0;30.0
C115;B12;X5;;1;19.08333;71.51;0.0;30.00;85.00;20.95;0.00;;30.0;30.0;30.0
C115;C01;X5;;1;19.08681;76.41;0.0;30.00;85.00;20.95;0.00;;30.0;30.0;30.0
C115;C02;X6;;1;19.09028;20.70;0.0;30.00;85.00;20.95;0.00;;30.0;30.0;30.0
C115;C03;X6;;1;19.09375;22.55;0.0;30.00;85.00;20.95;0.00;;30.0;30.0;30.0
C115;C04;X6;;1;19.09722;22.00;0.0;30.00;85.00;20.95;0.00;;30.0;30.0;30.0
C115;C05;X6;;1;19.10069;23.82;0.0;30.00;85.00;20.95;0.00;;30.0;30.0;30.0
C115;C06;X6;;1;19.10417;20.49;0.0;30.00;85.00;20.95;0.00;;30.0;30.0;30.0
C115;C07;X7;;1;19.10764;11.92;0.0;30.00;85.00;20.95;0.00;;30.0;30.0;30.0
C115;C08;X7;;1;19.11111;12.36;0.0;30.00;85.00;20.95;0.00;;30.0;30.0;30.0
C115;C09;X7;;1;19.11458;11.64;0.0;30.00;85.00;20.95;0.00;;30.0;30.0;30.0
C115;C10;X7;;1;19.11806;13.16;0.0;30.00;85.00;20.95;0.00;;30.0;30.0;30.0
C115;C11;X7;;1;19.12153;12.50;0.0;30.00;85.00;20.95;0.00;;30.0;30.0;30.0
C115;C12;X8;;1;19.12500;52.24;0.0;30.00;85.00;20.95;0.00;;30.0;30.0;30.0
C115;D01;X8;;1;19.12847;52.01;0.0;30.00;85.00;20.95;0.00;;30.0;30.0;30.0
C115;D02;X8;;1;19.13194;48.03;0.0;30.00;85.00;20.95;0.00;;30.0;30.0;30.0
C115;D03;X8;;1;19.13542;48.33;0.0;30.00;85.00;20.95;0.00;;30.0;30.0;30.0
C115;D04;X8;;1;19.13889;49.92;0.0;30.00;85.00;20.95;0.00;;30.0;30.0;30.0
C115;D05;B1;;1;19.14236;8.85;0.0;30.00;85.00;20.95;0.00;;30.0;30.0;30.0
C115;D06;B1;;1;19.14583;8.14;0.0;30.00;85.00;20.95;0.00;;30.0;30.0;30.0
C115;D07;B1;;1;19.14931;7.88;0.0;30.00;85.00;20.95;0.00;;30.0;30.0;30.0
R;;;;1;19.16667;179.20;0.0;30.00;85.00;20.95;0.00;test measure for referencing ;30.0;30.0;30.0
C116;A01;X1;;1;19.17014;28.74;0.0;30.00;85.00;20.95;0.00;;30.0;30.0;30.0
C116;A02;X1;;1;19.17361;29.91;0.0;30.00;85.00;20.95;0.00;;30.0;30.0;30.0
C116;A03;X1;;1;19.17708;31.76;0.0;30.00;85.00;20.95;0.00;;30.0;30.0;30.0
C116;A04;X1;;1;19.18056;30.25;0.0;30.00;85.00;20.95;0.00;;30.0;30.0;30.0
C116;A05;X1;;1;19.18403;27.81;0.0;30.00;85.00;20.95;0.00;;30.0;30.0;30.0
C116;A06;X2;;1;19.18750;12.06;0.0;30.00;85.00;20.95;0.00;;30.0;30.0;30.0
C116;A07;X2;;1;19.19097;11.40;0.0;30.00;85.00;20.95;0.00;;30.0;30.0;30.0
C116;A08;X2;;1;19.19444;11.68;0.0;30.00;85.00;20.95;0.00;;30.0;30.0;30.0
C116;A09;X2;;1;19.19792;11.15;0.0;30.00;85.00;20.95;0.00;;30.0;30.0;30.0
C116;A10;X2;;1;19.20139;11.32;0.0;30.00;85.00;20.95;0.00;;30.0;30.0;30.0
C116;A11;X3;;1;19.20486;10.21;0.0;30.00;85.00;20.95;0.00;;30.0;30.0;30.0
C116;A12;X3;;1;19.20833;11.25;0.0;30.00;85.00;20.95;0.00;;30.0;30.0;30.0
C116;B01;X3;;1;19.21181;10.83;0.0;30.00;85.00;20.95;0.00;;30.0;30.0;30.0
C116;B02;X3;;1;19.21528;11.19;0.0;30.00;85.00;20.95;0.00;;30.0;30.0;30.0
C116;B03;X3;;1;19.21875;10.00;0.0;30.00;85.00;20.95;0.00;;30.0;30.0;30.0
C116;B04;X4;;1;19.22222;19.57;0.0;30.00;85.00;20.95;0.00;;30.0;30.0;30.0
C116;B05;X4;;1;19.22569;16.44;0.0;30.00;85.00;20.95;0.00;;30.0;30.0;30.0
C116;B06;X4;;1;19.22917;18.60;0.0;30.00;85.00;20.95;0.00;;30.0;30.0;30.0
C116;B07;X4;;1;19.23264;17.99;0.0;30.00;85.00;20.95;0.00;;30.0;30.0;30.0
C116;B08;X4;;1;19.23611;17.44;0.0;30.00;85.00;20.95;0.00;;30.0;30.0;30.0
C116;B09;X5;;1;19.23958;69.86;0.0;30.00;85.00;20.95;0.00;;30.0;30.0;30.0
C116;B10;X5;;1;19.24306;69.36;0.0;30.00;85.00;20.95;0.00;;30.0;30.0;30.0
C116;B11;X5;;1;19.24653;72.79;0.0;30.00;85.00;20.95;0.00;;30.0;30.0;30.0
C116;B12;X5;;1;19.25000;70.75;0.0;30.00;85.00;20.95;0.00;;30.0;30.0;30.0
C116;C01;X5;;1;19.25347;75.20;0.0;30.00;85.00;20.95;0.00;;30.0;30.0;30.0
C116;C02;X6;;1;19.25694;21.38;0.0;30.00;85.00;20.95;0.00;;30.0;30.0;30.0
C116;C03;X6;;1;19.26042;22.98;0.0;30.00;85.00;20.95;0.00;;30.0;30.0;30.0
C116;C04;X6;;1;19.26389;22.23;0.0;30.00;85.00;20.95;0.00;;30.0;30.0;30.0
C116;C05;X6;;1;19.26736;23.33;0.0;30.00;85.00;20.95;0.00;;30.0;30.0;30.0
C116;C06;X6;;1;19.27083;21.03;0.0;30.00;85.00;20.95;0.00;;30.0;30.0;30.0
C116;C07;X7;;1;19.27431;12.02;0.0;30.00;85.00;20.95;0.00;;30.0;30.0;30.0
C116;C08;X7;;1;19.27778;11.86;0.0;30.00;85.00;20.95;0.00;;30.0;30.0;30.0
C116;C09;X7;;1;19.28125;11.54;0.0;30.00;85.00;20.95;0.00;;30.0;30.0;30.0
C116;C10;X7;;1;19.28472;12.15;0.0;30.00;85.00;20.95;0.00;;30.0;30.0;30.0
C116;C11;X7;;1;19.28819;12.30;0.0;30.00;85.00;20.95;0.00;;30.0;30.0;30.0
C116;C12;X8;;1;19.29167;52.48;0.0;30.00;85.00;20.95;0.00;;30.0;30.0;30.0
C116;D01;X8;;1;19.29514;51.98;0.0;30.00;85.00;20.95;0.00;;30.0;30.0;30.0
C116;D02;X8;;1;19.29861;48.57;0.0;30.00;85.00;20.95;0.00;;30.0;30.0;30.0
C116;D03;X8;;1;19.30208;48.43;0.0;30.00;85.00;20.95;0.00;;30.0;30.0;30.0
C116;D04;X8;;1;19.30556;49.61;0.0;30.00;85.00;20.95;0.00;;30.0;30.0;30.0
C116;D05;B1;;1;19.30903;8.28;0.0;30.00;85.00;20.95;0.00;;30.0;30.0;30.0
C116;D06;B1;;1;19.31250;8.03;0.0;30.00;85.00;20.95;0.00;;30.0;30.0;30.0
C116;D07;B1;;1;19.31597;7.47;0.0;30.00;85.00;20.95;0.00;;30.0;30.0;30.0
R;;;;1;19.33333;184.44;0.0;30.00;85.00;20.95;0.00;test measure for referencing ;30.0;30.0;30.0
C117;A01;X1;;1;19.33681;30.23;0.0;30.00;85.00;20.95;0.00;;30.0;30.0;30.0
C117;A02;X1;;1;19.34028;30.80;0.0;30.00;85.00;20.95;0.00;;30.0;30.0;30.0
C117;A03;X1;;1;19.34375;32.91;0.0;30.00;85.00;20.95;0.00;;30.0;30.0;30.0
C117;A04;X1;;1;19.34722;31.48;0.0;30.00;85.00;20.95;0.00;;30.0;30.0;30.0
C117;A05;X1;;1;19.35069;28.83;0.0;30.00;85.00;20.95;0.00;;30.0;30.0;30.0
C117;A06;X2;;1;19.35417;12.25;0.0;30.00;85.00;20.95;0.00;;30.0;30.0;30.0
C117;A07;X2;;1;19.35764;11.84;0.0;30.00;85.00;20.95;0.00;;30.0;30.0;30.0
C117;A08;X2;;1;19.36111;12.17;0.0;30.00;85.00;20.95;0.00;;30.0;30.0;30.0
C117;A09;X2;;1;19.36458;11.72;0.0;30.00;85.00;20.95;0.00;;30.0;30.0;30.0
C117;A10;X2;;1;19.36806;12.19;0.0;30.00;85.00;20.95;0.00;;30.0;30.0;30.0
C117;A11;X3;;1;19.37153;11.34;0.0;30.00;85.00;20.95;0.00;;30.0;30.0;30.0
C117;A12;X3;;1;19.37500;11.78;0.0;30.00;85.00;20.95;0.00;;30.0;30.0;30.0
C117;B01;X3;;1;19.37847;10.85;0.0;30.00;85.00;20.95;0.00;;30.0;30.0;30.0
C117;B02;X3;;1;19.38194;11.05;0.0;30.00;85.00;20.95;0.00;;30.0;30.0;30.0
C117;B03;X3;;1;19.38542;9.95;0.0;30.00;85.00;20.95;0.00;;30.0;30.0;30.0
C117;B04;X4;;1;19.38889;20.34;0.0;30.00;85.00;20.95;0.00;;30.0;30.0;30.0
C117;B05;X4;;1;19.39236;17.27;0.0;30.00;85.00;20.95;0.00;;30.0;30.0;30.0
C117;B06;X4;;1;19.39583;19.54;0.0;30.00;85.00;20.95;0.00;;30.0;30.0;30.0
C117;B07;X4;;1;19.39931;18.49;0.0;30.00;85.00;20.95;0.00;;30.0;30.0;30.0
C117;B08;X4;;1;19.40278;18.14;0.0;30.00;85.00;20.95;0.00;;30.0;30.0;30.0
C117;B09;X5;;1;19.40625;71.86;0.0;30.00;85.00;20.95;0.00;;30.0;30.0;30.0
C117;B10;X5;;1;19.40972;71.42;0.0;30.00;85.00;20.95;0.00;;30.0;30.0;30.0
C117;B11;X5;;1;19.41319;74.73;0.0;30.00;85.00;20.95;0.00;;30.0;30.0;30.0
C117;B12;X5;;1;19.41667;72.94;0.0;30.00;85.00;20.95;0.00;;30.0;30.0;30.0
C117;C01;X5;;1;19.42014;77.18;0.0;30.00;85.00;20.95;0.00;;30.0;30.0;30.0
C117;C02;X6;;1;19.42361;21.57;0.0;30.00;85.00;20.95;0.00;;30.0;30.0;30.0
C117;C03;X6;;1;19.42708;23.34;0.0;30.00;85.00;20.95;0.00;;30.0;30.0;30.0
C117;C04;X6;;1;19.43056;22.52;0.0;30.00;85.00;20.95;0.00;;30.0;30.0;30.0
C117;C05;X6;;1;19.43403;24.66;0.0;30.00;85.00;20.95;0.00;;30.0;30.0;30.0
C117;C06;X6;;1;19.43750;21.49;0.0;30.00;85.00;20.95;0.00;;30.0;30.0;30.0
C117;C07;X7;;1;19.44097;12.72;0.0;30.00;85.00;20.95;0.00;;30.0;30.0;30.0
C117;C08;X7;;1;19.44444;12.46;0.0;30.00;85.00;20.95;0.00;;30.0;30.0;30.0
C117;C09;X7;;1;19.44792;11.52;0.0;30.00;85.00;20.95;0.00;;30.0;30.0;30.0
C117;C10;X7;;1;19.45139;12.99;0.0;30.00;85.00;20.95;0.00;;30.0;30.0;30.0
C117;C11;X7;;1;19.45486;13.16;0.0;30.00;85.00;20.95;0.00;;30.0;30.0;30.0
C117;C12;X8;;1;19.45833;53.72;0.0;30.00;85.00;20.95;0.00;;30.0;30.0;30.0
C117;D01;X8;;1;19.46181;54.10;0.0;30.00;85.00;20.95;0.00;;30.0;30.0;30.0
C117;D02;X8;;1;19.46528;50.25;0.0;30.00;85.00;20.95;0.00;;30.0;30.0;30.0
C117;D03;X8;;1;19.46875;50.65;0.0;30.00;85.00;20.95;0.00;;30.0;30.0;30.0
C117;D04;X8;;1;19.47222;51.44;0.0;30.00;85.00;20.95;0.00;;30.0;30.0;30.0
C117;D05;B1;;1;19.47569;8.47;0.0;30.00;85.00;20.95;0.00;;30.0;30.0;30.0
C117;D06;B1;;1;19.47917;8.36;0.0;30.00;85.00;20.95;0.00;;30.0;30.0;30.0
C117;D07;B1;;1;19.48264;9.00;0.0;30.00;85.00;20.95;0.00;;30.0;30.0;30.0
R;;;;1;19.50000;179.42;0.0;30.00;85.00;20.95;0.00;test measure for referencing ;30.0;30.0;30.0
C118;A01;X1;;1;19.50347;29.48;0.0;30.00;85.00;20.95;0.00;;30.0;30.0;30.0
C118;A02;X1;;1;19.50694;29.90;0.0;30.00;85.00;20.95;0.00;;30.0;30.0;30.0
C118;A03;X1;;1;19.51042;32.45;0.0;30.00;85.00;20.95;0.00;;30.0;30.0;30.0
C118;A04;X1;;1;19.51389;30.65;0.0;30.00;85.00;20.95;0.00;;30.0;30.0;30.0
C118;A05;X1;;1;19.51736;27.71;0.0;30.00;85.00;20.95;0.00;;30.0;30.0;30.0
C118;A06;X2;;1;19.52083;11.74;0.0;30.00;85.00;20.95;0.00;;30.0;30.0;30.0
C118;A07;X2;;1;19.52431;11.97;0.0;30.00;85.00;20.95;0.00;;30.0;30.0;30.0
C118;A08;X2;;1;19.52778;12.12;0.0;30.00;85.00;20.95;0.00;;30.0;30.0;30.0
C118;A09;X2;;1;19.53125;11.13;0.0;30.00;85.00;20.95;0.00;;30.0;30.0;30.0
C118;A10;X2;;1;19.53472;12.77;0.0;30.00;85.00;20.95;0.00;;30.0;30.0;30.0
C118;A11;X3;;1;19.53819;10.68;0.0;30.00;85.00;20.95;0.00;;30.0;30.0;30.0
C118;A12;X3;;1;19.54167;11.48;0.0;30.00;85.00;20.95;0.00;;30.0;30.0;30.0
C118;B01;X3;;1;19.54514;10.75;0.0;30.00;85.00;20.95;0.00;;30.0;30.0;30.0
C118;B02;X3;;1;19.54861;10.56;0.0;30.00;85.00;20.95;0.00;;30.0;30.0;30.0
C118;B03;X3;;1;19.55208;10.03;0.0;30.00;85.00;20.95;0.00;;30.0;30.0;30.0
C118;B04;X4;;1;19.55556;19.79;0.0;30.00;85.00;20.95;0.00;;30.0;30.0;30.0
C118;B05;X4;;1;19.55903;16.34;0.0;30.00;85.00;20.95;0.00;;30.0;30.0;30.0
C118;B06;X4;;1;19.56250;18.96;0.0;30.00;85.00;20.95;0.00;;30.0;30.0;30.0
C118;B07;X4;;1;19.56597;17.58;0.0;30.00;85.00;20.95;0.00;;30.0;30.0;30.0
C118;B08;X4;;1;19.56944;17.78;0.0;30.00;85.00;20.95;0.00;;30.0;30.0;30.0
C118;B09;X5;;1;19.57292;69.74;0.0;30.00;85.00;20.95;0.00;;30.0;30.0;30.0
C118;B10;X5;;1;19.57639;69.44;0.0;30.00;85.00;20.95;0.00;;30.0;30.0;30.0
C118;B11;X5;;1;19.57986;72.18;0.0;30.00;85.00;20.95;0.00;;30.0;30.0;30.0
C118;B12;X5;;1;19.58333;70.99;0.0;30.00;85.00;20.95;0.00;;30.0;30.0;30.0
C118;C01;X5;;1;19.58681;76.06;0.0;30.00;85.00;20.95;0.00;;30.0;30.0;30.0
C118;C02;X6;;1;19.59028;21.59;0.0;30.00;85.00;20.95;0.00;;30.0;30.0;30.0
C118;C03;X6;;1;19.59375;23.38;0.0;30.00;85.00;20.95;0.00;;30.0;30.0;30.0
C118;C04;X6;;1;19.59722;21.98;0.0;30.00;85.00;20.95;0.00;;30.0;30.0;30.0
C118;C05;X6;;1;19.60069;24.34;0.0;30.00;85.00;20.95;0.00;;30.0;30.0;30.0
C118;C06;X6;;1;19.60417;21.54;0.0;30.00;85.00;20.95;0.00;;30.0;30.0;30.0
C118;C07;X7;;1;19.60764;12.10;0.0;30.00;85.00;20.95;0.00;;30.0;30.0;30.0
C118;C08;X7;;1;19.61111;12.23;0.0;30.00;85.00;20.95;0.00;;30.0;30.0;30.0
C118;C09;X7;;1;19.61458;11.94;0.0;30.00;85.00;20.95;0.00;;30.0;30.0;30.0
C118;C10;X7;;1;19.61806;12.57;0.0;30.00;85.00;20.95;0.00;;30.0;30.0;30.0
C118;C11;X7;;1;19.62153;12.58;0.0;30.00;85.00;20.95;0.00;;30.0;30.0;30.0
C118;C12;X8;;1;19.62500;52.50;0.0;30.00;85.00;20.95;0.00;;30.0;30.0;30.0
C118;D01;X8;;1;19.62847;53.07;0.0;30.00;85.00;20.95;0.00;;30.0;30.0;30.0
C118;D02;X8;;1;19.63194;49.24;0.0;30.00;85.00;20.95;0.00;;30.0;30.0;30.0
C118;D03;X8;;1;19.63542;49.06;0.0;30.00;85.00;20.95;0.00;;30.0;30.0;30.0
C118;D04;X8;;1;19.63889;50.02;0.0;30.00;85.00;20.95;0.00;;30.0;30.0;30.0
C118;D05;B1;;1;19.64236;7.35;0.0;30.00;85.00;20.95;0.00;;30.0;30.0;30.0
C118;D06;B1;;1;19.64583;7.98;0.0;30.00;85.00;20.95;0.00;;30.0;30.0;30.0
C118;D07;B1;;1;19.64931;7.97;0.0;30.00;85.00;20.95;0.00;;30.0;30.0;30.0
R;;;;1;19.66667;179.79;0.0;30.00;85.00;20.95;0.00;test measure for referencing ;30.0;30.0;30.0
C119;A01;X1;;1;19.67014;29.64;0.0;30.00;85.00;20.95;0.00;;30.0;30.0;30.0
C119;A02;X1;;1;19.67361;30.31;0.0;30.00;85.00;20.95;0.00;;30.0;30.0;30.0
C119;A03;X1;;1;19.67708;33.04;0.0;30.00;85.00;20.95;0.00;;30.0;30.0;30.0
C119;A04;X1;;1;19.68056;31.51;0.0;30.00;85.00;20.95;0.00;;30.0;30.0;30.0
C119;A05;X1;;1;19.68403;28.81;0.0;30.00;85.00;20.95;0.00;;30.0;30.0;30.0
C119;A06;X2;;1;19.68750;12.52;0.0;30.00;85.00;20.95;0.00;;30.0;30.0;30.0
C119;A07;X2;;1;19.69097;11.25;0.0;30.00;85.00;20.95;0.00;;30.0;30.0;30.0
C119;A08;X2;;1;19.69444;12.69;0.0;30.00;85.00;20.95;0.00;;30.0;30.0;30.0
C119;A09;X2;;1;19.69792;11.35;0.0;30.00;85.00;20.95;0.00;;30.0;30.0;30.0
C119;A10;X2;;1;19.70139;12.09;0.0;30.00;85.00;20.95;0.00;;30.0;30.0;30.0
C119;A11;X3;;1;19.70486;10.47;0.0;30.00;85.00;20.95;0.00;;30.0;30.0;30.0
C119;A12;X3;;1;19.70833;11.59;0.0;30.00;85.00;20.95;0.00;;30.0;30.0;30.0
C119;B01;X3;;1;19.71181;10.43;0.0;30.00;85.00;20.95;0.00;;30.0;30.0;30.0
C119;B02;X3;;1;19.71528;11.23;0.0;30.00;85.00;20.95;0.00;;30.0;30.0;30.0
C119;B03;X3;;1;19.71875;10.07;0.0;30.00;85.00;20.95;0.00;;30.0;30.0;30.0
C119;B04;X4;;1;19.72222;19.96;0.0;30.00;85.00;20.95;0.00;;30.0;30.0;30.0
C119;B05;X4;;1;19.72569;17.13;0.0;30.00;85.00;20.95;0.00;;30.0;30.0;30.0
C119;B06;X4;;1;19.72917;19.83;0.0;30.00;85.00;20.95;0.00;;30.0;30.0;30.0
C119;B07;X4;;1;19.73264;18.07;0.0;30.00;85.00;20.95;0.00;;30.0;30.0;30.0
C119;B08;X4;;1;19.73611;17.88;0.0;30.00;85.00;20.95;0.00;;30.0;30.0;30.0
C119;B09;X5;;1;19.73958;70.04;0.0;30.00;85.00;20.95;0.00;;30.0;30.0;30.0
C119;B10;X5;;1;19.74306;69.34;0.0;30.00;85.00;20.95;0.00;;30.0;30.0;30.0
C119;B11;X5;;1;19.74653;72.98;0.0;30.00;85.00;20.95;0.00;;30.0;30.0;30.0
C119;B12;X5;;1;19.75000;71.24;0.0;30.00;85.00;20.95;0.00;;30.0;30.0;30.0
C119;C01;X5;;1;19.75347;75.51;0.0;30.00;85.00;20.95;0.00;;30.0;30.0;30.0
C119;C02;X6;;1;19.75694;21.63;0.0;30.00;85.00;20.95;0.00;;30.0;30.0;30.0
C119;C03;X6;;1;19.76042;23.43;0.0;30.00;85.00;20.95;0.00;;30.0;30.0;30.0
C119;C04;X6;;1;19.76389;22.71;0.0;30.00;85.00;20.95;0.00;;30.0;30.0;30.0
C119;C05;X6;;1;19.76736;24.28;0.0;30.00;85.00;20.95;0.00;;30.0;30.0;30.0
C119;C06;X6;;1;19.77083;20.84;0.0;30.00;85.00;20.95;0.00;;30.0;30.0;30.0
C119;C07;X7;;1;19.77431;11.86;0.0;30.00;85.00;20.95;0.00;;30.0;30.0;30.0
C119;C08;X7;;1;19.77778;12.34;0.0;30.00;85.00;20.95;0.00;;30.0;30.0;30.0
C119;C09;X7;;1;19.78125;11.98;0.0;30.00;85.00;20.95;0.00;;30.0;30.0;30.0
C119;C10;X7;;1;19.78472;13.23;0.0;30.00;85.00;20.95;0.00;;30.0;30.0;30.0
C119;C11;X7;;1;19.78819;12.62;0.0;30.00;85.00;20.95;0.00;;30.0;30.0;30.0
C119;C12;X8;;1;19.79167;53.32;0.0;30.00;85.00;20.95;0.00;;30.0;30.0;30.0
C119;D01;X8;;1;19.79514;53.23;0.0;30.00;85.00;20.95;0.00;;30.0;30.0;30.0
C119;D02;X8;;1;19.79861;48.81;0.0;30.00;85.00;20.95;0.00;;30.0;30.0;30.0
C119;D03;X8;;1;19.80208;49.16;0.0;30.00;85.00;20.95;0.00;;30.0;30.0;30.0
C119;D04;X8;;1;19.80556;50.43;0.0;30.00;85.00;20.95;0.00;;30.0;30.0;30.0
C119;D05;B1;;1;19.80903;8.73;0.0;30.00;85.00;20.95;0.00;;30.0;30.0;30.0
C119;D06;B1;;1;19.81250;8.19;0.0;30.00;85.00;20.95;0.00;;30.0;30.0;30.0
C119;D07;B1;;1;19.81597;8.81;0.0;30.00;85.00;20.95;0.00;;30.0;30.0;30.0
R;;;;1;19.83333;180.70;0.0;30.00;85.00;20.95;0.00;test measure for referencing ;30.0;30.0;30.0
C120;A01;X1;;1;19.83681;30.31;0.0;30.00;85.00;20.95;0.00;;30.0;30.0;30.0
C120;A02;X1;;1;19.84028;30.73;0.0;30.00;85.00;20.95;0.00;;30.0;30.0;30.0
C120;A03;X1;;1;19.84375;32.96;0.0;30.00;85.00;20.95;0.00;;30.0;30.0;30.0
C120;A04;X1;;1;19.84722;32.31;0.0;30.00;85.00;20.95;0.00;;30.0;30.0;30.0
C120;A05;X1;;1;19.85069;29.60;0.0;30.00;85.00;20.95;0.00;;30.0;30.0;30.0
C120;A06;X2;;1;19.85417;11.81;0.0;30.00;85.00;20.95;0.00;;30.0;30.0;30.0
C120;A07;X2;;1;19.85764;11.92;0.0;30.00;85.00;20.95;0.00;;30.0;30.0;30.0
C120;A08;X2;;1;19.86111;11.59;0.0;30.00;85.00;20.95;0.00;;30.0;30.0;30.0
C120;A09;X2;;1;19.86458;11.94;0.0;30.00;85.00;20.95;0.00;;30.0;30.0;30.0
C120;A10;X2;;1;19.86806;12.67;0.0;30.00;85.00;20.95;0.00;;30.0;30.0;30.0
C120;A11;X3;;1;19.87153;10.44;0.0;30.00;85.00;20.95;0.00;;30.0;30.0;30.0
C120;A12;X3;;1;19.87500;11.70;0.0;30.00;85.00;20.95;0.00;;30.0;30.0;30.0
C120;B01;X3;;1;19.87847;10.12;0.0;30.00;85.00;20.95;0.00;;30.0;30.0;30.0
C120;B02;X3;;1;19.88194;11.00;0.0;30.00;85.00;20.95;0.00;;30.0;30.0;30.0
C120;B03;X3;;1;19.88542;10.63;0.0;30.00;85.00;20.95;0.00;;30.0;30.0;30.0
C120;B04;X4;;1;19.88889;20.44;0.0;30.00;85.00;20.95;0.00;;30.0;30.0;30.0
C120;B05;X4;;1;19.89236;17.54;0.0;30.00;85.00;20.95;0.00;;30.0;30.0;30.0
C120;B06;X4;;1;19.89583;19.32;0.0;30.00;85.00;20.95;0.00;;30.0;30.0;30.0
C120;B07;X4;;1;19.89931;18.13;0.0;30.00;85.00;20.95;0.00;;30.0;30.0;30.0
C120;B08;X4;;1;19.90278;18.11;0.0;30.00;85.00;20.95;0.00;;30.0;30.0;30.0
C120;B09;X5;;1;19.90625;69.64;0.0;30.00;85.00;20.95;0.00;;30.0;30.0;30.0
C120;B10;X5;;1;19.90972;70.38;0.0;30.00;85.00;20.95;0.00;;30.0;30.0;30.0
C120;B11;X5;;1;19.91319;73.49;0.0;30.00;85.00;20.95;0.00;;30.0;30.0;30.0
C120;B12;X5;;1;19.91667;71.66;0.0;30.00;85.00;20.95;0.00;;30.0;30.0;30.0
C120;C01;X5;;1;19.92014;76.44;0.0;30.00;85.00;20.95;0.00;;30.0;30.0;30.0
C120;C02;X6;;1;19.92361;22.18;0.0;30.00;85.00;20.95;0.00;;30.0;30.0;30.0
C120;C03;X6;;1;19.92708;23.57;0.0;30.00;85.00;20.95;0.00;;30.0;30.0;30.0
C120;C04;X6;;1;19.93056;22.14;0.0;30.00;85.00;20.95;0.00;;30.0;30.0;30.0
C120;C05;X6;;1;19.93403;24.55;0.0;30.00;85.00;20.95;0.00;;30.0;30.0;30.0
C120;C06;X6;;1;19.93750;21.66;0.0;30.00;85.00;20.95;0.00;;30.0;30.0;30.0
C120;C07;X7;;1;19.94097;12.24;0.0;30.00;85.00;20.95;0.00;;30.0;30.0;30.0
C120;C08;X7;;1;19.94444;12.63;0.0;30.00;85.00;20.95;0.00;;30.0;30.0;30.0
C120;C09;X7;;1;19.94792;11.91;0.0;30.00;85.00;20.95;0.00;;30.0;30.0;30.0
C120;C10;X7;;1;19.95139;12.86;0.0;30.00;85.00;20.95;0.00;;30.0;30.0;30.0
C120;C11;X7;;1;19.95486;12.56;0.0;30.00;85.00;20.95;0.00;;30.0;30.0;30.0
C120;C12;X8;;1;19.95833;53.19;0.0;30.00;85.00;20.95;0.00;;30.0;30.0;30.0
C120;D01;X8;;1;19.96181;53.57;0.0;30.00;85.00;20.95;0.00;;30.0;30.0;30.0
C120;D02;X8;;1;19.96528;49.58;0.0;30.00;85.00;20.95;0.00;;30.0;30.0;30.0
C120;D03;X8;;1;19.96875;50.35;0.0;30.00;85.00;20.95;0.00;;30.0;30.0;30.0
C120;D04;X8;;1;19.97222;51.12;0.0;30.00;85.00;20.95;0.00;;30.0;30.0;30.0
C120;D05;B1;;1;19.97569;7.67;0.0;30.00;85.00;20.95;0.00;;30.0;30.0;30.0
C120;D06;B1;;1;19.97917;8.16;0.0;30.00;85.00;20.95;0.00;;30.0;30.0;30.0
C120;D07;B1;;1;19.98264;7.72;0.0;30.00;85.00;20.95;0.00;;30.0;30.0;30.0
