FILE NAME;MIM - Aureo_260908-BSPH.csv
PROTOCOL;MIM - Aureo
FILE_VERSION;3.3
DATE START;1.1.2006;12:03:05
DATE END;2.1.2006;13:01:00
DEVICE;BL165_CX-383610
USER;MIM SBT;COMMENT;BSPH
PLATETYPE;96 new;LOT;UNKOWN
MTP ROWS;8
MTP COLUMNS;12
FILTERSETS;4

FILTERSET;FILTERNAME;EX [nm];EM [nm];LAYOUT;FILTERNO;GAIN;PHASESTATISTICSSIGMA;SIGNALQUALITYTOLERANCE;REFERENCE VALUE;Process Parameters;;Calibration Parameters;;;;Criterion Parameters;;
1;Biomass           ;620;620;MIM - Aureo - 2;1;20;1;0;100;SET TEMPERATURE [C];30;Phi0;72,21;Biomass Slope;0;CRITERION;;
2;Biomass           ;620;620;MIM - Aureo - 2;1;30;1;0;100;SET HUMIDITY [%];85;Phi100;42,01;Biomass Offset;0;FI;;
3;Biomass           ;620;620;MIM - Aureo - 2;1;40;1;0;100;SET O2 [%];20,95;Phi,min;56,03;Biomass Unit;DCW [g/L];FJ;;
4;Biomass           ;620;620;MIM - Aureo - 2;1;50;1;0;100;SET CO2 [%];0;Phi,max;11,11;;;FACTOR;0;
;;;;;;;;;;SET SHAKER FREQUENCY [rpm];1000;pH0;6,16;;;S0;NaN;
;;;;;;;;;;SET CYCLE TIME [min];10;dpH;0,53;;;EXTRA INFO;;
;;;;;;;;;;SET EXP TIME [h];1193;Temp. Compensation for pH Calibration;False;Temp. pH [C];28;;;
;;;;;;;;;;;;Temp. Compensation for pO2 Calibration;False;Temp. pO2 [C];28;;;

WELL No.;CONTENT;DESCRIPTION;CHANNEL;
;;;READING ->;1;2;3;4;5;6;7;8;9;10;11;12;13;14;15;16;17;18;19;20;21;22;23;24;25;26;27;28;29;30;31;32;33;34;35;36;37;38;39;40;41;42;43;44;45;46;47;48;49;50;51;52;53;54;55;56;57;58;59;60;61;62;63;64;65;66;67;68;69;70;71;72;73;74;75;76;77;78;79;80;81;82;83;84;85;86;87;88;89;90;91;92;93;94;95;96;97;98;99;100;101;102;103;104;105;106;107;108;109;110;111;112;113;114;115;116;117;118;119;120;121;122;123;124;125;126;127;128;129;130;131;132;133;134;135;136;137;138;139;140;141;142;143;144;145;146;147;148;149;150
;;;TIME [h] ->;0,03203;0,1841;0,35087;0,51763;0,68413;0,85118;1,01758;1,18436;1,351;1,51778;1,6844;1,85095;2,01751;2,18447;2,35114;2,5181;2,68461;2,85143;3,018;3,18469;3,35125;3,51827;3,68503;3,85153;4,01824;4,18468;4,35169;4,51816;4,68512;4,85179;5,01846;5,18539;5,35167;5,51844;5,68541;5,85178;6,01848;6,18517;6,35233;6,51861;6,68556;6,85191;7,01874;7,18537;7,35216;7,51891;7,6854;7,85214;8,01915;8,18547;8,35259;8,5193;8,68595;8,85243;9,01916;9,18597;9,35272;9,51912;9,68592;9,85263;10,01908;10,18608;10,35268;10,51951;10,68622;10,85271;11,0197;11,18613;11,3528;11,51967;11,68638;11,85315;12,01975;12,18669;12,35302;12,51984;12,68649;12,85317;13,01998;13,18705;13,3532;13,52005;13,68691;13,85336;14,02004;14,18674;14,35338;14,52056;14,68683;14,85388;15,02063;15,18687;15,35351;15,52061;15,6872;15,8538;16,02035;16,18745;16,35372;16,52064;16,68751;16,85462;17,02064;17,18766;17,35395;17,5209;17,68728;17,85416;18,02097;18,18763;18,35422;18,52116;18,68789;18,85413;19,02092;19,18777;19,35475;19,52136;19,68784;19,85476;20,02142;20,18792;20,35463;20,52165;20,68817;20,85485;21,02146;21,1882;21,35484;21,52166;21,68831;21,85483;22,02154;22,18839;22,35502;22,52158;22,68866;22,85512;23,02174;23,18881;23,35539;23,52217;23,68873;23,85531;24,02239;24,18901;24,35553;24,52223;24,68912;24,85543
C03;B1;;1;39,772;24,371;27,623;30,636;31,713;32,711;34,305;36,162;38,072;39,173;40,791;41,312;41,603;42,211;42,878;43,131;43,634;43,12;43,269;44,2;43,908;44,575;44,626;44,234;44,568;45,076;44,55;44,527;44,371;44,276;44,232;43,424;43,976;43,728;43,805;41,899;43,737;41,487;41,845;42,638;41,902;41,449;40,687;41,307;40,266;39,897;41,238;39,539;39,497;38,977;39,323;38,45;37,239;38,153;37,27;37,589;37,142;35,785;34,847;35,638;35,262;34,729;33,771;34,278;33,916;31,218;29,958;30,107;30,228;32,578;30,601;29,318;30,676;29,043;29,418;27,659;29,449;29,3;28,805;25,456;23,975;25,656;21,151;24,614;20,551;21,379;23,416;22,863;20,177;19,782;18,222;17,324;17,777;17,562;16,521;16,654;15,4;17,034;14,887;14,576;14,122;15,291;13,748;13,085;13,081;13,513;12,601;12,45;12,349;12,172;12,158;12,369;12,069;12,062;12,043;12,011;12,022;12,044;12,073;12,142;12,027;12,042;12,054;12,115;12,098;12,094;12,094;12,163;12,203;12,248;12,168;12,254;12,315;12,291;12,433;13,067;16,117;19,102;20,805;20,961;21,051;20,996;20,34;19,966;19,613;19,232;19,088;18,805;18,508;18,457
C04;B1;;1;33,893;50,019;48,397;48,142;47,678;47,926;47,097;46,682;46,13;45,02;43,883;43,769;41,972;42,934;43,574;42,2;41,376;41,681;41,275;40,949;38,995;39,729;38,202;37,278;37,024;36,38;37,282;35,513;34,447;33,625;33,83;32,63;33,181;32,748;31,894;30,833;29,673;29,755;28,668;28,052;29,014;28,504;26,637;26,207;25,211;25,602;26,764;24,198;23,885;23,066;23,024;22,993;21,425;21,935;21,602;20,7;22,067;20,21;19,959;20,073;19,223;19,248;18,257;18,374;19,788;18,601;18,264;18,044;18,623;18,541;17,493;17,089;17,16;16,758;16,262;16,4;16,209;16,023;15,215;15,296;14,146;13,631;14,617;14,229;13,515;13,848;12,868;13,473;12,742;12,732;12,786;11,288;11,2;10,823;10,981;10,967;10,992;10,71;10,709;10,715;10,783;10,744;10,862;11,017;11,419;11,88;12,554;13,111;13,077;13,543;14,166;15,482;17,013;18,851;20,358;21,867;23,188;24,366;24,002;24,556;24,192;24,007;24,05;23,298;22,766;22,35;21,585;22,088;21,557;21,515;20,756;20,354;20,31;19,826;19,401;19,314;19,329;19,218;19,4;18,925;19,146;18,802;18,319;18,442;18,209;17,854;17,646;16,946;16,6;16,454
C05;B1;;1;25,934;27,977;31,374;33,001;34,592;35,351;36,588;37,754;38,534;39,947;39,877;40,664;41,21;41,065;41,756;42,805;41,698;42,288;43,136;42,798;43,047;43,776;44,288;43,864;44,191;44,346;44,081;45,05;44,625;44,58;45,16;44,105;45,302;45,491;45,241;44,715;45,222;44,31;45,293;45,971;45,653;45,073;44,218;44,937;46,337;45,887;45,569;45,96;46,074;46,293;45,293;44,993;44,384;44,841;45,189;44,715;42,213;42,086;42,844;42,276;42,091;41,816;39,684;40,452;41,302;41,146;40,379;40,648;40,419;38,187;37,877;39,73;38,309;38,932;36,226;36,838;37,152;38,046;36,337;35,545;35,973;34,172;33,995;33,752;33,266;32,823;33,686;30,34;32,515;32,294;31,66;30,518;28,285;29,792;27,766;27,432;27,775;28,186;28,22;26,736;23,684;23,481;24,27;20,914;21,158;22,091;21,041;20,305;19,747;19,423;20,483;19,121;18,923;18,938;17,956;17,681;18,034;16,837;16,797;16,617;16,361;15,177;15,379;16,059;15,159;14,94;14,735;14,419;14,09;13,51;13,827;13,949;13,108;13,037;13,102;12,815;13,099;12,336;12,358;12,259;12,216;12,097;12,153;11,983;11,937;11,934;11,906;11,929;11,882;12,039
C06;X1;;1;9,34;9,359;9,427;9,424;9,448;9,481;9,459;9,441;9,442;9,45;9,466;9,46;9,476;9,511;9,541;9,54;9,534;9,56;9,569;9,57;9,598;9,603;9,65;9,642;9,669;9,695;9,655;9,699;9,709;9,772;9,767;9,795;9,814;9,876;9,865;9,913;9,939;9,964;10,017;10,059;10,14;10,2;10,234;10,298;10,338;10,397;10,443;10,541;10,585;10,659;10,821;10,848;10,946;11,045;11,169;11,294;11,383;11,516;11,667;11,791;11,952;12,05;12,2;12,386;12,388;12,432;12,416;12,499;12,605;12,761;12,886;13,059;13,167;13,368;13,507;13,688;13,881;14,117;14,341;14,499;14,711;14,925;15,14;15,36;15,671;15,88;16,106;16,123;16,166;16,539;16,823;17,213;17,412;17,771;18,179;18,608;19,252;21,534;22,669;23,686;24,803;25,675;26,604;27,754;28,335;29,397;30,005;30,978;32,475;33,459;34,378;35,379;36,419;37,544;38,742;40,066;41,436;42,671;44,197;45,36;46,782;48,506;49,968;50,651;49,892;48,616;46,932;47,49;46,397;45,529;46,28;46,096;46,202;45,291;45,619;46,313;45,507;45,713;46,664;45,304;46,173;46,646;46,582;45,672;47,205;46,22;47,257;46,605;46,817;48,008
C07;X1;;1;10,082;10,253;10,164;10,175;10,177;10,138;10,085;10,11;10,199;10,179;10,183;10,185;10,13;10,168;10,15;10,233;10,231;10,294;10,233;10,223;10,23;10,3;10,31;10,301;10,332;10,432;10,322;10,398;10,436;10,397;10,426;10,48;10,509;10,525;10,52;10,59;10,65;10,689;10,662;10,707;10,823;10,795;10,892;10,899;10,97;11,099;11,073;11,213;11,3;11,356;11,406;11,427;11,568;11,566;11,524;11,662;11,612;11,662;11,678;11,901;11,945;12,037;12,169;12,224;12,36;12,449;12,566;12,65;12,814;12,963;13,125;13,322;13,495;13,736;13,818;14,076;14,314;14,541;14,792;15,03;15,341;15,483;15,787;16,098;16,308;16,506;16,675;16,827;16,914;17,27;17,587;17,77;17,925;18,132;18,398;18,659;19,083;19,438;19,916;20,343;21,043;21,384;22,37;24,348;25,817;26,821;28,231;29,24;30,372;30,962;31,732;32,939;34,315;36,522;37,547;38,525;39,73;40,735;42,05;43,127;44,705;46,627;47,472;47,339;47,599;47,261;46,851;46,388;45,793;45,214;44,778;43,67;43,05;43,39;43,523;43,075;42,724;41,887;43,172;42,706;42,144;43,541;43,024;44,311;44,669;45,343;45,948;46,67;47,188;47,752
C08;X1;;1;10,236;10,33;10,367;10,431;10,443;10,451;10,506;10,555;10,555;10,589;10,626;10,64;10,666;10,765;10,769;10,8;10,844;10,863;10,875;10,912;10,944;10,971;11,017;11,054;11,118;11,102;11,143;11,161;11,205;11,286;11,284;11,327;11,419;11,48;11,506;11,553;11,611;11,647;11,726;11,845;11,921;11,945;12,01;12,1;12,165;12,289;12,332;12,432;12,505;12,554;12,639;12,762;12,775;12,846;12,925;13,023;13,051;13,15;13,148;13,217;13,347;13,411;13,464;13,56;13,682;13,864;13,939;14,124;14,227;14,269;14,378;14,466;14,581;14,675;14,804;14,99;15,067;15,34;15,396;15,613;15,801;15,965;16,249;16,492;16,721;17,001;17,112;17,216;17,351;17,737;18,06;18,334;18,607;18,932;19,225;19,587;20,105;20,682;21,323;22,12;24,264;25,49;26,93;28,165;29,024;29,978;31,096;32,795;34,83;35,035;35,665;36,725;37,749;39,366;40,606;41,747;42,991;44,081;45,64;47,08;49,19;51,276;51,617;51,185;50,842;49,831;49,152;47,967;48,144;46,955;47,367;45,676;46,208;46,013;45,035;45,107;46,219;46,554;45,852;45,989;47,297;47,298;46,753;46,865;47,935;48,218;48,344;48,561;48,677;48,81
C09;X1;;1;9,726;9,84;9,875;9,883;9,964;9,991;10,004;10,066;10,106;10,087;10,138;10,15;10,196;10,248;10,29;10,303;10,311;10,378;10,373;10,441;10,494;10,56;10,539;10,582;10,593;10,623;10,646;10,709;10,778;10,841;10,832;10,907;10,957;11,047;11,009;11,098;11,139;11,221;11,31;11,345;11,53;11,513;11,557;11,693;11,762;11,896;11,962;12,106;12,163;12,174;12,238;12,257;12,166;12,187;12,202;12,217;12,278;12,306;12,276;12,226;12,28;12,351;12,414;12,483;12,576;12,672;12,744;12,873;12,978;13,096;13,207;13,335;13,478;13,61;13,797;13,899;14,072;14,326;14,46;14,594;14,81;14,976;15,29;15,561;15,826;16,012;16,37;16,424;16,478;16,871;17,195;17,551;17,956;18,321;18,739;19,027;19,454;20,213;21,488;22,541;23,977;25,086;26,604;27,754;28,547;29,81;31,287;32,785;33,988;34,569;35,303;36,276;37,377;38,314;39,625;40,791;41,938;43,22;44,362;45,658;47,057;48,913;50,558;51,04;50,791;50,066;49,274;48,193;47,393;47,269;45,664;45,559;45,771;45,877;44,448;45,451;44,55;45,839;46,122;44,837;45,382;46,602;45,618;45,678;46,844;47,09;46,265;47,697;47,795;47,984
C10;X1;;1;9,148;9,257;9,312;9,324;9,37;9,408;9,408;9,431;9,459;9,484;9,529;9,55;9,577;9,605;9,678;9,666;9,709;9,725;9,766;9,784;9,819;9,902;9,927;9,903;9,965;9,998;10,029;10,108;10,097;10,125;10,179;10,208;10,29;10,348;10,375;10,435;10,488;10,503;10,588;10,718;10,781;10,802;10,92;10,962;11,071;11,19;11,223;11,336;11,381;11,415;11,538;11,549;11,547;11,604;11,594;11,61;11,65;11,679;11,716;11,791;11,821;11,933;11,986;12,142;12,209;12,339;12,364;12,465;12,543;12,61;12,688;12,823;12,931;13,013;13,23;13,323;13,437;13,615;13,808;14,002;14,194;14,375;14,593;14,881;15,094;15,341;15,578;15,578;15,906;16,266;16,664;16,983;17,379;17,64;17,996;18,426;18,942;19,448;20,024;20,686;22,658;23,625;24,523;25,525;26,079;26,723;27,758;29,012;30,714;31,689;32,721;34,01;35,256;36,301;37,45;38,582;39,686;40,788;42,151;43,262;44,487;46,287;47,88;48,33;47,649;48,086;47,395;46,241;45,66;45,624;45,124;44,217;43,235;43,06;42,581;42,459;41,982;41,137;42,435;42,099;41,609;42,862;42,24;42,504;43,493;44,228;44,673;44,865;45,403;45,838
D03;B2;;1;30,624;31,951;29,139;33,395;38,877;37,441;37,541;38,423;38,825;37,101;38,174;37,943;37,229;39,647;37,211;40,036;38,228;37,865;36,748;37,604;39,108;40,499;40,093;40,034;41,117;40,317;40,169;39,614;40,437;40,02;39,892;36,226;40,336;40,264;40,512;38,5;40,523;38,318;38,83;41,049;39,267;37,015;37,635;40,573;39,067;41,326;39,534;40,785;39,923;39,259;38,919;38,938;39,488;37,521;37,975;38,579;38,719;35,708;35,76;36,795;35,852;35,758;39,701;35,538;34,829;38,308;34,198;34,058;33,634;34,113;33,903;34,069;33,681;33,908;33,371;34,668;33,652;34,204;33,151;33,354;33,815;33,438;33,893;34,316;33,351;33,229;32,849;33,34;33,527;34,158;32,947;33,588;31,967;33,811;33,471;34,584;33,66;33,697;36,099;33,879;33,977;33,912;34,447;33,475;34,052;34,489;34,549;34,13;34,129;34,358;34,381;32,909;35,705;35,279;35,757;35,713;36,472;35,265;35,187;34,898;35,86;35,389;36,916;37,485;36,258;34,685;35,702;36,053;33,992;36,372;34,474;31,946;34,218;34,727;33,572;30,983;35,797;36,003;31,53;32,391;30,708;32,775;30,043;31,489;31,604;33,018;29,641;30,503;30,06;33,98
D04;B2;;1;26,949;29,965;31,837;31,778;34,271;35,428;36,292;37,581;39,099;38,436;41,976;42,1;39,863;41,072;41,578;40,414;41,953;41,537;42,539;42,38;41,926;41,484;41,498;43,351;42,421;41,996;43,591;42,659;42,702;43,426;43,657;44,43;44,103;45,66;43,995;45,227;44,511;44,979;45,11;45,774;45,386;45,298;44,865;45,545;45,239;46,084;45,527;46,012;45,962;45,652;46,01;46,115;46,129;46,374;46,499;45,916;47,048;46,356;45,719;46,341;46,171;45,944;46,099;45,253;46,581;46,36;45,509;44,746;45,15;46,536;44,706;43,852;46,196;44,756;44,044;45,333;46,053;45,542;44,795;43,678;44,369;43,873;43,425;42,068;42,87;43,948;42,391;43,515;43,48;40,603;40,653;42,37;42,181;40,152;42,187;42,29;40,062;40,507;42,49;40,356;41,269;39,257;41,119;40,682;42,088;40,324;40,302;40,1;38,276;38,712;39,012;39,537;38,516;35,945;37,139;37,355;36,074;34,773;35,982;36,537;34,271;34,063;31,905;32,139;32,223;31,598;32,333;31,181;31,259;34,826;33,691;30,514;31,805;30,21;31,465;32,5;28,586;30,634;31,465;31,313;29,753;27,496;27,606;27,151;26,894;27,52;25,817;23,75;24,674;24,746
D05;B2;;1;17,128;26,09;32,765;51,303;48,099;26,227;24,136;24,575;23,572;21,398;21,973;21,231;23,086;22,616;21,278;22,112;19,912;20,633;20,335;22,028;20,917;20,41;22,22;21,573;21,063;22,021;19,452;21,534;19,439;20,719;19,83;21,387;21,452;19,698;19,395;17,761;20,976;18,791;21,232;20,544;20,971;20,503;20,964;20,525;18,773;18,433;19,753;20,281;19,427;19,971;19,806;19,239;17,649;18,299;18,046;19,034;19,682;18,323;17,074;19,43;17,244;17,252;17,096;18,574;17,571;16,372;16,902;16,292;16,75;17,382;16,038;17,735;15,954;17,693;16,351;17,344;16,955;16,17;17,035;15,718;15,627;14,698;14,807;16,278;16,135;15,69;15,06;14,481;14,484;14,68;14,857;15,061;14,055;13,769;13,777;13,707;13,569;13,649;12,992;13,26;12,887;13,258;14,168;13,122;12,336;12,606;13,075;11,934;13,644;12,196;12,741;12,265;13,265;12,139;12,879;12,423;13,009;12,101;12,328;11,468;11,846;11,817;12,064;11,463;11,838;11,747;11,282;11,327;11,132;11,192;11,214;11,127;11,003;10,935;10,818;10,763;11,621;10,82;10,831;10,82;10,802;10,834;10,824;10,807;10,832;10,869;10,754;10,875;10,775;10,885
D06;X2;;1;10,479;10,516;10,575;10,569;10,627;10,638;10,657;10,636;10,699;10,709;10,678;10,733;10,739;10,733;10,772;10,758;10,809;10,813;10,805;10,817;10,866;10,862;10,88;10,896;10,921;10,922;10,921;10,9;10,887;10,975;10,963;10,957;10,978;11,022;11,02;11,031;11,023;11,038;11,067;11,066;11,112;11,083;11,138;11,218;11,198;11,274;11,304;11,35;11,339;11,359;11,385;11,385;11,318;11,41;11,503;11,506;11,48;11,495;11,484;11,532;11,583;11,553;11,528;11,526;11,567;11,593;11,581;11,618;11,663;11,625;11,657;11,658;11,698;11,699;11,694;11,718;11,644;11,792;11,78;11,723;11,858;11,77;11,827;11,921;11,773;11,884;11,893;11,865;11,885;11,93;11,905;11,977;11,936;11,977;11,991;11,952;11,98;12,015;12,007;12,055;12,027;12,016;12,016;12,012;11,97;12,048;12,064;12,081;12,091;12,062;12,094;12,121;12,063;12,096;12,11;12,172;12,143;12,178;12,204;12,179;12,185;12,238;12,263;12,237;12,196;12,229;12,268;12,276;12,34;12,272;12,346;12,35;12,339;12,417;12,372;12,45;12,347;12,449;12,505;12,518;12,441;12,492;12,62;12,577;12,602;12,541;12,544;12,612;12,621;12,533
D07;X2;;1;9,381;9,43;9,43;9,449;9,481;9,491;9,492;9,509;9,514;9,491;9,518;9,501;9,549;9,57;9,583;9,568;9,587;9,609;9,597;9,633;9,629;9,67;9,674;9,692;9,701;9,677;9,673;9,734;9,702;9,716;9,724;9,753;9,737;9,801;9,826;9,786;9,837;9,841;9,866;9,89;9,936;9,936;9,953;9,992;10,026;10,032;10,041;10,114;10,152;10,165;10,201;10,2;10,16;10,202;10,2;10,253;10,264;10,297;10,298;10,323;10,36;10,376;10,336;10,356;10,387;10,36;10,376;10,387;10,424;10,452;10,421;10,429;10,459;10,47;10,509;10,492;10,465;10,484;10,52;10,514;10,544;10,584;10,579;10,562;10,563;10,566;10,565;10,551;10,613;10,615;10,564;10,566;10,586;10,624;10,647;10,646;10,628;10,639;10,621;10,668;10,698;10,643;10,654;10,701;10,71;10,732;10,73;10,713;10,776;10,754;10,766;10,769;10,692;10,802;10,788;10,785;10,775;10,862;10,879;10,845;10,858;10,881;10,85;10,892;10,938;10,929;10,877;10,928;10,947;10,969;10,971;11;10,975;11,01;11,003;11,042;10,957;11,062;11,073;11,106;11,054;11,186;11,165;11,127;11,184;11,159;11,132;11,165;11,17;11,175
D08;X2;;1;9,226;9,284;9,271;9,305;9,35;9,345;9,327;9,329;9,36;9,343;9,352;9,356;9,351;9,378;9,394;9,435;9,426;9,455;9,453;9,436;9,45;9,487;9,464;9,442;9,465;9,529;9,5;9,533;9,54;9,536;9,551;9,566;9,578;9,618;9,615;9,628;9,619;9,654;9,697;9,731;9,757;9,771;9,777;9,817;9,83;9,874;9,897;9,932;9,946;9,987;10,009;10,008;9,958;10,012;10,047;10,079;10,087;10,097;10,114;10,109;10,153;10,173;10,184;10,159;10,174;10,164;10,171;10,191;10,219;10,237;10,22;10,251;10,213;10,244;10,28;10,28;10,26;10,34;10,356;10,351;10,34;10,411;10,378;10,399;10,411;10,38;10,365;10,396;10,373;10,426;10,472;10,39;10,366;10,404;10,435;10,491;10,496;10,44;10,476;10,486;10,543;10,542;10,482;10,482;10,546;10,507;10,556;10,525;10,605;10,577;10,595;10,601;10,585;10,638;10,651;10,621;10,621;10,671;10,718;10,684;10,673;10,648;10,698;10,659;10,712;10,735;10,724;10,782;10,804;10,757;10,711;10,806;10,859;10,836;10,856;10,828;10,814;10,895;10,936;10,905;10,952;10,933;10,94;10,987;11,051;11,037;10,993;11,005;10,993;11,042
D09;X2;;1;10,178;11,643;11,705;11,782;11,97;11,895;11,95;11,8;11,664;11,883;11,568;11,955;11,842;11,366;11,761;11,43;11,684;11,495;11,465;11,495;11,464;11,302;11,192;11,283;11,206;11,356;11,256;11,33;10,774;11,124;11,033;10,632;10,883;10,898;10,974;10,809;10,548;10,672;10,648;10,51;10,658;10,411;10,639;10,512;10,296;10,215;10,261;10,492;10,197;10,154;10,156;10,308;10,167;10,178;10,238;10,142;10,24;10,176;10,128;10,164;10,198;10,238;10,129;10,266;10,235;10,216;10,085;10,208;10,16;10,09;10,114;10,077;10,038;10,08;10,062;9,998;10,039;10,156;10,145;10,092;10,088;9,997;10,055;10,018;10,021;10,072;10,114;10,047;9,95;9,976;10,155;10,015;10,009;9,969;9,969;10,038;9,994;10,056;10,004;10,012;10,014;10,03;9,974;10,008;10,008;10,036;10,018;10,012;9,951;9,966;10,049;9,982;9,932;10,012;10,002;10,066;10,015;10,045;10,007;10,067;10,011;10,042;10,04;10,078;10,028;10,049;10,072;10,106;10,122;10,07;10,123;10,081;10,097;10,104;10,105;10,153;10,119;10,128;10,172;10,09;10,1;10,155;10,146;10,142;10,134;10,174;10,185;10,196;10,216;10,206
D10;X2;;1;8,987;9,185;9,187;9,145;9,33;9,251;9,267;9,57;9,223;9,285;9,331;9,304;9,361;9,417;9,314;9,417;9,408;9,434;9,411;9,39;9,352;9,385;9,464;9,509;9,49;9,642;9,331;9,349;9,469;9,423;9,558;9,421;9,627;9,586;9,47;9,48;9,453;9,482;9,514;9,555;9,616;9,592;9,689;9,634;9,676;9,78;9,744;9,767;9,813;9,81;9,877;9,865;9,84;9,869;9,859;9,934;9,962;9,923;9,959;9,988;10,032;10,048;10,012;10,039;10,05;10,058;10,061;10,061;10,095;10,117;10,1;10,152;10,131;10,145;10,154;10,158;10,138;10,187;10,179;10,184;10,238;10,184;10,225;10,259;10,245;10,248;10,301;10,267;10,305;10,304;10,33;10,302;10,319;10,391;10,37;10,369;10,392;10,396;10,402;10,416;10,469;10,441;10,418;10,459;10,465;10,507;10,468;10,528;10,524;10,533;10,535;10,544;10,582;10,585;10,571;10,534;10,591;10,611;10,628;10,613;10,596;10,659;10,705;10,669;10,664;10,66;10,643;10,703;10,695;10,713;10,729;10,724;10,733;10,785;10,778;10,76;10,705;10,772;10,807;10,84;10,819;10,848;10,875;10,899;10,856;10,886;10,907;10,916;10,928;10,909
E03;B3;;1;24,273;32,304;34,598;31,108;30,4;30,827;31,659;32,825;30,661;29,3;28,247;27,807;27,812;27,16;27,799;27,076;27,72;28,424;28,788;28,466;29,246;28,29;28,471;28,001;28,462;27,962;28,3;29,446;28,573;28,49;28,647;31,666;29,556;29,136;28,4;31,076;30,004;31,1;31,933;31,35;30,136;33,5;33,193;30,728;29,483;31,156;30,161;30,503;29,935;29,373;29,603;29,787;29,833;30,094;29,316;29,471;29,342;29,095;27,534;28,71;29,51;28,24;31,439;28,586;27,998;29,909;28,671;28,043;28,729;28,07;28,098;27,549;27,745;28,729;27,919;27,945;28,348;27,34;26,49;27,718;27,268;27,939;28,056;27,7;26,969;26,026;25,12;26,248;26,772;26,823;25,623;25,188;26,426;25,641;25,335;26,419;25,599;24,767;25,127;24,665;25,599;23,999;24,795;25,454;25,377;24,433;24,906;24,796;25,017;23,714;24,48;23,466;24,872;23,488;23,497;23,745;24,005;23,556;23,432;22,873;23,214;25,249;23,891;25,035;23,212;23,973;24,104;23,556;23,045;23,279;23,266;22,742;23,202;22,954;22,944;22,224;24,717;23,003;22,653;22,741;22,872;22,552;22,327;22,503;22,111;22,912;22,101;21,815;22,552;24,029
E04;B3;;1;27,405;26,62;26,158;26,121;26,553;27,017;26,729;26,524;26,411;26,712;27,108;27,085;27,464;26,916;27,239;27,009;27,794;28,094;28,689;28,266;28,691;28,089;28,689;28,994;29,318;28,922;29,583;29,961;29,927;30,036;30,157;31,352;30,829;30,579;31,098;31,82;31,077;31,882;31,711;32,417;31,839;32,839;32,908;32,144;32,744;32,072;32,978;33,616;33,252;33,381;33,869;34,521;34,082;34,274;35,886;33,924;34,83;34,493;35,611;35,493;34,92;34,874;34,709;34,085;33,717;34,286;35,341;35,896;36,773;37,305;35,507;37,12;37,821;37,874;37,547;37,728;37,381;37,677;37,324;37,336;37,485;38,645;39,159;38,747;37,594;38,614;37,212;39,372;36,543;38,405;39,058;38,439;37,329;38,266;37,711;39,289;38,703;40,881;39,549;37,771;38,457;37,698;38,96;40,793;39,308;37,841;37,618;38,655;38,671;38,733;38,341;41,184;39,165;37,993;40,171;38,765;39,081;39,013;40,933;39,145;41,255;39,463;39,648;40,256;40,58;41,212;39,869;40,096;39,93;40,167;40,39;41,217;41,885;40,154;41,724;40,039;39,209;40,94;40,423;41,509;40,456;40,972;40,932;40,88;40,821;40,569;40,129;41,518;40,784;40,289
E05;B3;;1;49,349;38,292;32,712;28,294;25,01;22,743;21,325;20,922;22,075;22,802;21,661;21,043;22,07;21,474;21,104;19,822;18,967;19,492;17,969;16,567;15,256;16,193;17,015;13,378;12,348;10,743;10,752;11,193;11,071;10,256;10,797;9,47;9,617;9,329;9,266;9,286;9,274;9,274;9,239;9,28;9,278;9,317;9,257;9,356;9,339;9,302;9,306;9,326;9,324;9,294;9,264;9,321;9,301;9,366;9,33;9,375;9,39;9,311;9,35;9,356;9,304;9,386;9,337;9,395;9,312;9,35;9,339;9,372;9,318;9,337;9,318;9,332;9,386;9,398;9,362;9,371;9,333;9,364;9,4;9,383;9,373;9,379;9,412;9,417;9,401;9,374;9,366;9,366;9,388;9,367;9,371;9,377;9,388;9,388;9,412;9,417;9,4;9,415;9,41;9,392;9,424;9,371;9,396;9,416;9,421;9,428;9,41;9,425;9,41;9,413;9,415;9,4;9,416;9,405;9,426;9,427;9,413;9,442;9,427;9,42;9,44;9,47;9,47;9,432;9,426;9,455;9,419;9,461;9,453;9,472;9,453;9,477;9,488;9,46;9,487;9,488;9,475;9,495;9,514;9,517;9,489;9,483;9,502;9,497;9,5;9,526;9,503;9,541;9,525;9,534
E06;X3;;1;10,487;10,552;10,544;10,544;10,588;10,568;10,58;10,544;10,562;10,555;10,585;10,577;10,593;10,611;10,601;10,622;10,648;10,655;10,654;10,666;10,663;10,669;10,686;10,649;10,699;10,707;10,667;10,709;10,718;10,728;10,769;10,72;10,731;10,782;10,756;10,802;10,791;10,784;10,803;10,83;10,851;10,841;10,874;10,906;10,924;10,945;10,961;11;11,007;11,028;11,061;11,131;11,106;11,17;11,232;11,253;11,321;11,298;11,387;11,411;11,482;11,591;11,597;11,688;11,735;11,803;11,872;11,992;12,019;12,111;12,19;12,304;12,382;12,538;12,623;12,771;12,834;13,021;13,146;13,321;13,452;13,536;13,725;13,919;14,101;14,261;14,433;14,596;14,799;15,041;15,229;15,457;15,685;15,902;16,062;16,175;16,355;16,555;16,844;16,99;17,228;17,368;17,585;17,746;17,854;18,104;18,357;18,44;18,77;18,944;19,206;19,412;19,586;19,909;20,177;20,389;20,626;20,98;21,228;21,636;21,904;22,314;22,684;23,207;23,706;24,727;25,076;25,623;26,236;26,815;27,531;29,011;29,771;30,465;31,332;31,996;32,881;33,578;34,173;34,525;34,723;35,072;35,172;35,07;35,211;35,306;35,265;35,382;34,986;35,082
E07;X3;;1;8,818;8,901;8,944;8,968;8,999;8,981;8,987;9,02;9,021;9,003;9,002;8,981;9,013;9,018;9,024;9,029;9,058;9,033;9,046;9,095;9,064;9,09;9,126;9,069;9,102;9,12;9,098;9,126;9,141;9,14;9,163;9,156;9,148;9,17;9,157;9,166;9,175;9,172;9,218;9,231;9,264;9,247;9,253;9,304;9,356;9,366;9,394;9,403;9,415;9,444;9,483;9,544;9,569;9,595;9,647;9,694;9,733;9,781;9,838;9,877;9,929;10,007;10,06;10,146;10,222;10,329;10,38;10,469;10,547;10,637;10,728;10,845;10,913;11,006;11,151;11,275;11,324;11,539;11,667;11,832;11,96;12,116;12,293;12,482;12,678;12,872;13,034;13,229;13,418;13,645;13,901;14,095;14,308;14,447;14,526;14,723;14,914;15,113;15,41;15,546;15,785;15,944;16,135;16,33;16,504;16,734;17,014;17,156;17,415;17,663;17,851;18,13;18,357;18,552;18,846;19,129;19,338;19,697;19,99;20,248;20,634;20,994;21,338;21,659;22,083;22,581;23,104;23,457;24,021;24,544;24,867;25,116;25,345;25,676;26,037;26,502;26,801;27,445;28,045;28,704;29,668;30,243;30,827;30,991;31,373;31,578;31,727;31,782;31,784;31,67
E08;X3;;1;8,567;8,716;8,758;9,01;9,146;8,854;8,856;8,796;8,651;9,075;8,944;8,835;8,801;8,924;8,706;9,001;8,904;8,904;8,891;8,821;8,821;8,858;8,842;8,625;8,88;8,795;8,707;8,727;8,717;8,731;8,715;8,81;8,725;8,761;8,801;8,799;8,788;8,83;8,785;8,847;8,867;8,867;8,884;8,892;8,925;8,98;8,995;9,025;9,028;9,068;9,107;9,147;9,134;9,21;9,261;9,305;9,335;9,376;9,405;9,501;9,556;9,613;9,678;9,757;9,786;9,876;9,948;10,023;10,126;10,199;10,25;10,374;10,462;10,603;10,724;10,839;10,939;11,15;11,282;11,393;11,545;11,705;11,868;12,023;12,207;12,395;12,573;12,735;12,877;13,127;13,367;13,524;13,727;13,853;13,956;14,183;14,422;14,647;14,807;14,987;15,201;15,369;15,51;15,728;15,966;16,156;16,373;16,633;16,848;17,053;17,278;17,531;17,714;18,003;18,283;18,547;18,756;19,128;19,433;19,759;20,107;20,459;20,778;21,193;21,521;21,953;22,384;22,842;23,359;23,778;24,159;24,324;24,514;24,575;24,709;24,876;24,87;24,931;25,17;25,213;25,091;25,162;25,397;25,992;26,086;26,248;26,304;26,244;25,972;26,026
E09;X3;;1;9,051;9,281;9,231;9,161;9,242;9,241;9,287;9,275;9,243;9,343;9,286;9,338;9,466;9,399;9,356;9,431;9,636;9,328;9,653;9,44;9,447;9,537;9,499;9,586;9,627;9,575;9,585;9,483;9,504;9,751;9,661;9,58;9,61;9,794;9,601;9,758;9,753;9,841;9,852;9,735;9,732;9,753;9,928;9,736;10,117;9,99;10,139;10,097;10,058;10,273;10,166;10,273;10,337;10,404;10,206;10,183;10,278;10,664;10,699;10,43;10,602;10,552;10,601;10,803;10,764;10,93;11,006;11,007;11,037;11,15;11,148;11,46;11,507;11,699;11,769;11,766;12,054;12,055;12,142;12,391;12,618;12,836;13,001;13,165;13,397;13,472;13,749;13,957;13,987;14,155;14,307;14,588;14,622;14,856;15,073;15,375;15,565;15,655;15,896;16,034;16,483;16,584;16,825;17,262;17,42;17,842;18,116;18,326;18,603;18,998;19,35;19,643;19,978;20,388;20,84;21,104;21,533;22,089;22,456;22,913;23,591;24;24,404;24,521;24,809;24,979;25,127;25,415;25,539;25,58;25,585;25,871;25,898;25,887;26,082;26,413;26,747;26,962;27,315;27,477;27,402;27,51;27,643;27,53;27,603;27,643;27,606;27,763;27,835;27,766
E10;X3;;1;10,064;10,151;10,158;10,213;10,276;10,235;10,223;10,249;10,295;10,245;10,353;10,251;10,231;10,311;10,338;10,296;10,266;10,28;10,282;10,332;10,304;10,307;10,31;10,329;10,304;10,323;10,311;10,345;10,319;10,333;10,363;10,378;10,4;10,401;10,347;10,403;10,386;10,401;10,44;10,489;10,51;10,517;10,554;10,572;10,566;10,618;10,639;10,688;10,71;10,722;10,8;10,862;10,873;10,879;10,985;11,013;11,082;11,108;11,187;11,249;11,313;11,395;11,463;11,519;11,646;11,751;11,807;11,92;11,999;12,138;12,207;12,358;12,474;12,624;12,728;12,877;13,039;13,185;13,32;13,494;13,693;13,818;14,015;14,219;14,403;14,613;14,836;15,04;15,239;15,444;15,523;15,696;15,897;16,178;16,379;16,61;16,776;16,98;17,205;17,431;17,68;17,893;18,153;18,479;18,687;18,954;19,221;19,497;19,723;19,96;20,265;20,51;20,785;21,159;21,516;21,87;22,191;22,638;23,08;23,563;23,984;24,509;24,984;25,495;25,827;26,334;26,561;26,807;27,167;27,235;27,432;27,603;27,864;28,033;28,144;28,519;28,549;28,685;28,723;29,005;28,935;29,151;29,48;29,45;28,884;29,031;29,28;29,636;29,804;30,274
F03;B4;;1;22,857;24,796;25,51;26,33;25,86;26,22;26,914;26,565;26,644;27,427;27,966;27,255;27,815;28,075;27,942;27,622;27,997;28,143;27,769;27,602;27,124;28,483;27,885;28,35;28,673;29,063;28,409;29,386;29,236;29,186;29,088;29,989;30,187;25,839;25,301;26,073;26,273;26,724;26,083;26,414;26,175;25,963;26,43;26,846;26,309;26,998;26,978;27,223;26,161;26,49;26,51;26,901;26,891;25,896;26,01;26,486;28,008;28,773;28,8;29,004;26,12;28,461;27,535;28,72;30,116;28,539;29,017;27,378;29,013;30,201;29,863;29,923;35,857;31,842;33,16;30,299;31,371;32,91;29,266;32,864;32,759;32,222;34,053;31,105;32,944;32,04;31,613;33,414;32,055;31,053;30,846;30,383;33,246;31,567;33,083;33,939;32,689;32,221;33,6;33,485;33,131;32,215;33,199;32,621;32,822;35,739;34,596;33,258;33,139;32,279;32,983;33,722;30,945;33,717;32,481;32,14;32,652;32,261;33,191;32,859;31,936;32,676;31,665;33,021;34,161;33,88;32,129;32,14;32,927;32,251;31,919;29,312;48,567;48,929;50,04;47,809;44,877;47,437;47,527;47,595;47,649;47,824;46,671;48,598;49,196;47,257;47,27;46,046;46,027;43,538
F04;B4;;1;25,493;27,346;36,011;38,892;40,587;43,619;44,387;43,674;42,37;42,39;41,674;44,328;44,425;47,321;41,739;44,297;44,614;45,076;45,847;46,52;46,358;45,172;43,955;43,558;44,663;43,383;44,571;42,56;45,948;43,5;42,687;41,659;40,393;40,024;39,057;38,93;38,317;38,251;38,002;38,664;36,442;35,72;33,506;32,158;32,018;31,834;30,767;30,314;29,572;28,812;27,796;28,881;28,014;28,078;27,494;28,638;26,926;26,432;26,438;25,837;24,76;24,971;24,965;25,268;24,751;23,668;24,154;24,895;24,134;23,524;24,24;24,734;24,586;24,035;24,426;24,701;24,782;24,738;24,031;24,206;24,639;25,116;23,988;25,756;24,153;25,04;24,215;25,469;23,635;24,757;24,12;24,772;24,836;23,822;24,08;25,437;23,738;24,221;23,417;24,931;24,645;24,12;23,9;24,24;24,675;24,107;23,523;23,81;23,236;23,392;24,014;24,333;24,527;23,427;22,419;24,615;22,65;25,016;23,962;24,217;23,439;22,203;21,908;20,429;23,236;21,993;22,401;22,808;21,813;22,797;22,011;22,609;22,412;22,358;22,286;22,501;20,65;21,524;21,818;22,052;22,725;21,9;22,143;21,876;21,719;21,613;19,985;19,938;20,378;19,679
F05;B4;;1;44,719;30,225;20,092;18,142;18,431;19,089;17,897;18,75;18,103;16,711;16,284;16,22;16,307;15,456;14,933;14;11,684;9,697;9,411;9,387;9,411;9,414;9,39;9,375;9,387;9,434;9,391;9,406;9,384;9,398;9,386;9,4;9,402;9,424;9,4;9,402;9,365;9,359;9,383;9,414;9,402;9,398;9,376;9,405;9,377;9,457;9,411;9,403;9,415;9,385;9,403;9,405;9,43;9,418;9,41;9,413;9,404;9,411;9,405;9,401;9,404;9,434;9,437;9,406;9,377;9,426;9,411;9,42;9,394;9,416;9,407;9,411;9,41;9,418;9,406;9,401;9,395;9,401;9,421;9,417;9,434;9,412;9,443;9,44;9,418;9,421;9,44;9,397;9,395;9,408;9,425;9,407;9,418;9,399;9,412;9,441;9,42;9,419;9,424;9,412;9,413;9,415;9,433;9,423;9,427;9,405;9,427;9,401;9,451;9,423;9,442;9,42;9,433;9,435;9,446;9,444;9,423;9,445;9,447;9,443;9,44;9,437;9,443;9,422;9,426;9,445;9,426;9,441;9,456;9,485;9,453;9,463;9,478;9,447;9,45;9,454;9,462;9,457;9,473;9,466;9,462;9,473;9,471;9,456;9,479;9,475;9,469;9,473;9,467;9,473
F06;X4;;1;10,105;10,142;10,211;10,258;10,358;10,385;10,395;10,449;10,462;10,53;10,574;10,588;10,631;10,681;10,699;10,716;10,756;10,757;10,77;10,768;10,775;10,796;10,806;10,825;10,822;10,866;10,829;10,871;10,866;10,88;10,899;10,907;10,957;10,965;10,953;10,985;10,956;10,989;11,021;11,056;11,062;11,073;11,11;11,148;11,159;11,204;11,213;11,29;11,318;11,342;11,402;11,465;11,478;11,552;11,621;11,655;11,74;11,769;11,854;11,929;11,955;12,071;12,128;12,183;12,261;12,349;12,43;12,52;12,612;12,699;12,787;12,885;13,01;13,108;13,224;13,347;13,441;13,622;13,754;13,9;14,054;14,195;14,402;14,565;14,732;14,816;14,873;15,026;15,266;15,498;15,698;15,875;16,144;16,32;16,619;16,857;17,154;17,428;17,694;18,017;18,395;18,647;18,991;19,35;19,647;20,076;20,483;20,822;21,263;21,636;22,233;22,575;22,976;23,34;23,688;24,26;24,74;25,304;25,707;26,088;26,45;26,798;27,166;27,617;28,09;28,626;28,985;29,574;30,167;30,815;31,31;31,932;32,646;33,075;33,824;34,398;34,063;34,453;35,128;35,79;36,789;37,928;38,29;37,9;38,22;38,161;38,019;38,232;38,243;38,133
F07;X4;;1;9,334;9,371;9,386;9,414;9,471;9,485;9,512;9,519;9,555;9,591;9,601;9,612;9,626;9,682;9,692;9,694;9,73;9,722;9,766;9,791;9,791;9,821;9,811;9,833;9,856;9,882;9,863;9,904;9,896;9,924;9,954;9,979;10,001;10,01;10,006;10,051;10,041;10,017;10,074;10,115;10,13;10,162;10,196;10,21;10,226;10,285;10,286;10,342;10,372;10,398;10,469;10,521;10,567;10,598;10,655;10,676;10,732;10,768;10,851;10,893;10,951;11,029;11,073;11,151;11,203;11,312;11,369;11,45;11,516;11,619;11,674;11,788;11,907;12,006;12,083;12,216;12,306;12,485;12,613;12,721;12,883;12,983;13,157;13,342;13,471;13,617;13,657;13,764;13,96;14,223;14,411;14,578;14,834;14,994;15,309;15,577;15,764;16,05;16,307;16,569;16,881;17,19;17,494;17,837;18,122;18,531;18,838;19,185;19,616;20,003;20,446;20,751;21,181;21,735;21,881;22,181;22,707;23,208;23,69;24,016;24,34;24,802;25,089;25,39;25,783;26,113;26,435;26,807;27,355;27,816;28,321;28,857;29,392;29,944;30,54;31,208;31,74;32,259;32,754;33,332;33,615;34,075;34,794;35,131;35,565;36,029;36,414;36,757;36,836;37,372
F08;X4;;1;9,2;9,215;9,215;9,225;9,284;9,258;9,26;9,268;9,271;9,285;9,304;9,286;9,302;9,333;9,332;9,333;9,356;9,36;9,386;9,422;9,404;9,417;9,421;9,4;9,468;9,462;9,44;9,473;9,487;9,514;9,534;9,545;9,539;9,576;9,555;9,592;9,587;9,601;9,626;9,661;9,669;9,69;9,696;9,736;9,76;9,783;9,775;9,834;9,852;9,862;9,933;9,959;10,003;10,015;10,081;10,118;10,167;10,211;10,273;10,306;10,34;10,432;10,484;10,521;10,572;10,666;10,715;10,788;10,821;10,921;10,978;11,084;11,162;11,244;11,332;11,449;11,539;11,679;11,818;11,894;12,008;12,137;12,283;12,448;12,6;12,73;12,932;12,958;12,999;13,205;13,391;13,599;13,805;13,971;14,175;14,382;14,662;14,927;15,181;15,404;15,697;15,938;16,223;16,552;16,856;17,194;17,538;17,873;18,197;18,542;18,941;19,298;19,7;20,117;20,525;20,964;21,165;21,543;22,141;22,517;22,858;23,246;23,648;23,991;24,244;24,625;24,967;25,343;25,918;26,387;26,745;27,293;27,895;28,472;29,185;29,634;30,03;30,753;31,083;31,702;31,935;32,567;33,141;33,286;33,401;33,635;33,854;34,133;34,11;34,369
F09;X4;;1;9,153;9,415;9,271;9,347;9,376;9,508;9,469;9,36;9,483;9,601;9,667;9,428;9,643;9,591;9,489;9,473;9,503;9,521;9,52;9,598;9,622;9,705;9,636;9,635;9,616;9,726;9,698;9,688;9,688;9,723;9,781;9,795;9,835;9,865;9,882;9,941;9,95;9,971;10,046;10,091;10,119;10,158;10,217;10,245;10,258;10,345;10,356;10,433;10,469;10,534;10,587;10,67;10,699;10,764;10,839;10,895;10,96;11,028;11,117;11,19;11,255;11,374;11,466;11,509;11,591;11,734;11,807;11,909;12,03;12,108;12,21;12,345;12,446;12,576;12,677;12,829;12,96;13,141;13,3;13,409;13,605;13,747;13,974;14,157;14,349;14,515;14,609;14,695;14,938;15,19;15,398;15,622;15,837;16,047;16,352;16,593;16,921;17,226;17,495;17,842;18,156;18,439;18,863;19,28;19,533;19,989;20,413;20,778;21,186;21,626;22,123;22,562;23,056;23,354;23,785;24,26;24,831;25,358;25,831;26,316;26,618;27,081;27,547;27,884;28,272;28,904;29,376;30,151;30,604;31,294;31,844;32,567;33,384;33,848;34,572;35,135;35,19;35,428;35,994;36,54;37,518;39,235;40,615;41,048;40,739;40,33;40,047;39,873;39,564;39,197
F10;X4;;1;10,09;10,154;10,189;10,229;10,279;10,285;10,26;10,293;10,353;10,365;10,419;10,411;10,443;10,489;10,573;10,545;10,574;10,645;10,689;10,67;10,698;10,732;10,729;10,758;10,801;10,841;10,822;10,861;10,873;10,866;10,931;10,946;11,017;11,018;11,006;11,045;11,079;11,073;11,116;11,172;11,217;11,245;11,275;11,324;11,324;11,39;11,405;11,483;11,524;11,582;11,667;11,709;11,77;11,829;11,906;11,936;12,063;12,098;12,204;12,236;12,339;12,42;12,503;12,558;12,624;12,772;12,854;12,948;13,016;13,134;13,2;13,305;13,41;13,521;13,633;13,753;13,867;14,018;14,174;14,274;14,446;14,593;14,759;14,908;15,098;15,25;15,324;15,361;15,554;15,796;15,975;16,223;16,41;16,567;16,845;17,059;17,299;17,56;17,866;18,128;18,361;18,62;18,977;19,327;19,55;19,922;20,295;20,664;21,055;21,371;21,818;22,163;22,594;23,079;23,5;23,762;24,115;24,812;25,234;25,682;26,077;26,519;26,876;27,205;27,484;28,008;28,461;28,806;29,477;29,865;30,466;30,968;31,695;32,227;32,851;33,519;34,155;34,705;35,261;35,998;36,397;37,065;37,701;38,637;39,465;40,48;40,821;41,432;41,966;44,104
C03;B1;;2;113,002;80,828;93,597;100,549;103,548;108,372;115,457;119,463;124,247;130,819;134,002;134,39;136,846;137,527;140,863;141,846;139,38;142,786;144,075;143,602;144,46;144,875;142,312;144,608;143,276;147,241;144,957;140,358;146,197;144,18;146,106;143,973;144,143;143,254;143,288;141,802;140,57;139,14;139,82;140,527;136,489;131,766;132,368;132,706;137,365;130,444;135,24;134,406;130,413;130,016;127,482;125,378;122,602;118,339;124,786;119,755;122,705;121,833;120,02;118,777;115,505;110,796;109,628;111,864;104,046;103,84;105,517;99,547;96,873;97,285;93,166;101,24;95,747;98,871;91,669;91,313;86,258;85,82;84,795;82,857;83,646;79,043;73,375;76,459;75,271;74,264;73,155;67,358;65,619;66,268;65,741;60,325;58,809;58,271;54,393;59,196;52,804;55,342;50,719;52,666;47,419;45,447;46,417;48,111;42,255;43,976;42,082;40,65;40,75;40,775;39,805;40,193;39,62;39,501;39,601;39,619;39,547;39,349;39,697;39,768;39,891;39,72;39,74;39,483;39,819;39,942;39,741;40,005;40,096;40,084;40,076;40,112;40,326;40,95;40,778;43,785;56,457;64,162;68,789;69,945;68,833;68,614;67,334;66,579;64,568;62,892;62,575;62,399;60,435;60,909
C04;B1;;2;146,177;163,925;158,677;157,312;157,265;155,983;153,553;152,973;148,674;146,867;146,615;146,338;144,031;140,678;140,094;143,054;136,872;132,787;134,152;128,496;130,751;131,617;128,911;125,124;127,06;122,713;111,823;120,835;114,293;117,704;114,337;104,636;105,919;108,75;105,94;102,466;97,535;99,184;97,077;94,859;96,96;93,92;90,532;89,704;88,868;82,002;80,759;84,559;77,501;77,557;81,081;73,715;70,372;69,93;73,994;66,703;66,383;67,152;70,107;70,083;69,746;68,4;64,694;64,914;62,561;63,116;61,407;58,127;60,382;54,588;57,054;53,786;56,179;55,192;49,446;52,381;48,935;51,46;51,872;49,696;47,922;47,929;47,775;47,723;44,277;43,517;46,233;42,632;40,571;41,995;42,063;40,097;39,287;35,812;35,652;35,932;35,563;35,34;35,297;35,117;35,202;35,529;35,726;36,528;37,713;39,562;41,718;43,885;44,398;44,666;47,786;51,737;56,354;61,005;68,144;71,146;76,185;78,571;79,069;78,247;79,271;77,002;78,046;77,908;74,626;72,798;73,211;73,363;71,099;69,441;68,979;67,419;66,587;64,992;63,586;62,981;63,378;62,853;62,444;61,749;62,04;61,133;61,447;58,672;58,992;58,742;56,866;55,414;54,559;53,945
C05;B1;;2;80,306;96,836;105,121;112,119;112,715;117,276;122,127;126,204;128,973;129,704;132,24;131,443;136,117;137,394;139,223;139,929;140,46;141,19;140,648;142,084;143,175;142,293;142,985;142,198;143,745;145,786;145,572;147,226;146,013;147,868;147,515;145,928;148,641;148,691;150,05;148,045;149,215;145,389;147,917;150,312;148,886;146,085;146,608;149,311;150,494;148,349;148,781;146,265;149,498;150,52;149,092;146,257;143,875;140,941;140,735;145,554;143,317;141,811;144,246;140,142;135,095;140,925;141,15;139,413;138,285;133,879;131,208;131,508;129,594;131,843;125,727;124,455;128,119;129,429;128,418;122,273;124,953;114,984;117,211;118,764;118,216;109,916;110,45;113,904;115,452;109,007;109,795;105,326;108,219;104,616;103,016;102,305;95,782;94,695;93,793;93,889;85,094;90,591;87,639;85,717;79,933;80,289;78,823;71,056;77,36;71,985;76,206;68,398;64,689;67,339;63,497;61,764;64,186;56,418;63,552;60,621;56,385;56,913;57,012;52,816;53,485;52,077;51,715;52,387;50,841;49,656;47,721;46,922;47,409;45,863;45,803;44,289;44,51;42,747;42,401;41,673;42,942;40,506;40,04;40,605;39,895;39,624;39,559;39,482;39,245;39,033;39,112;39,482;38,928;39,351
C06;X1;;2;30,535;30,842;30,836;30,873;30,952;30,942;30,97;31,024;31,079;30,991;31,13;31,267;31,234;31,129;31,27;31,194;31,195;31,42;31,379;31,494;31,593;31,603;31,558;31,656;31,682;31,806;31,755;31,809;31,95;31,976;32,041;32,167;32,324;32,399;32,492;32,48;32,64;32,77;32,793;33,079;33,093;33,267;33,476;33,826;34,082;34,029;34,334;34,705;34,799;35,222;35,5;35,677;36,015;36,452;36,731;37,044;37,646;37,829;38,288;38,78;39,118;39,731;40,135;40,617;40,921;40,817;41,012;41,231;41,491;42,201;42,499;42,797;43,561;43,949;44,564;45,087;45,694;46,246;47,076;47,651;48,426;49,019;49,713;50,628;51,772;52,213;52,868;52,861;53,356;54,38;55,366;56,637;57,598;58,477;59,738;61,553;63,829;71,55;75,217;78,368;81,745;84,621;88,376;91,67;93,724;96,556;99,311;102,496;107,598;110,182;113,522;117,179;120,393;124,085;128,427;132,547;136,722;140,944;146,069;150,111;154,627;160,344;165,052;164,381;164,039;156,503;156,694;153,741;153,976;151,921;148,82;151,468;151,713;151,989;148,939;152,194;151,013;152,024;148,658;152,446;152,456;149,483;149,619;150,669;150,445;154,267;151,401;157,07;153,274;157,394
C07;X1;;2;32,837;33,404;33,327;33,307;33,661;33,187;33,522;33,363;33,443;33,345;33,37;33,357;33,328;33,424;33,425;33,522;33,467;33,591;33,713;33,532;33,867;33,781;33,806;33,749;33,797;33,889;34,029;34,248;34,061;34,018;34,196;34,365;34,386;34,843;34,564;34,773;34,697;35,072;35,023;35,222;35,542;35,511;35,759;36,124;36,05;36,231;36,656;37,122;37,188;37,549;37,284;37,864;38,133;37,905;37,774;38,291;37,954;38,127;38,824;38,897;38,986;39,459;40,114;40,369;40,36;41,16;41,331;41,502;42,238;42,721;43,148;44,058;44,364;44,765;45,609;46,625;47,286;47,813;48,705;49,291;50,017;50,952;51,79;52,851;53,841;54,671;55,047;55,063;55,663;56,752;57,772;58,547;59,188;59,802;60,49;61,661;62,844;64,098;65,402;66,988;68,497;70,603;76,493;80,648;84,832;88,561;93,016;97,298;100,204;102,278;104,603;108,737;113,218;120,55;124,156;127,587;131,405;133,928;138,402;142,269;147,972;153,865;156,207;155,508;157,378;156,887;154,276;151,448;149,35;148,471;147,248;145,62;142,31;140,688;139,032;137,94;136,963;136,878;141,999;141,745;139,545;140,351;144,594;143,042;145,405;145,523;151,367;153,034;154,948;154,999
C08;X1;;2;33,546;33,95;34,062;34,181;34,287;34,377;34,476;34,661;34,852;34,85;34,893;35,04;35,179;35,181;35,252;35,404;35,505;35,687;35,731;35,901;35,933;36,067;36,199;36,261;36,368;36,527;36,758;36,712;36,884;37,003;37,071;37,323;37,511;37,681;37,885;37,94;38,226;38,26;38,558;38,824;39,096;39,23;39,404;39,839;40,065;40,34;40,567;40,889;41,106;41,385;41,639;41,751;42,017;42,194;42,404;42,598;42,682;43,055;43,244;43,441;43,675;44,014;44,335;44,697;44,866;45,377;45,984;46,444;46,591;47,123;47,315;47,618;48,238;48,63;48,746;49,059;49,742;50,07;50,733;51,441;51,993;52,487;53,354;54,137;55,079;55,892;55,965;56,346;57,392;58,605;59,469;60,447;61,546;62,41;63,338;64,574;66,3;68,301;70,382;72,781;80,964;83,955;89,342;92,779;95,8;98,992;102,477;108,6;114,786;115,553;117,818;121,236;125,186;130,064;133,89;138,18;141,861;146,521;150,886;156,068;163,545;168,957;169,116;168,476;166,629;163,916;161,524;159,515;157,346;156,216;152,095;152,66;152,451;147,931;147,286;147,946;151,572;153,199;154,413;155,162;151,569;156,461;154,057;154,504;156,205;158,632;158,908;158,161;159,048;158,768
C09;X1;;2;31,786;32,267;32,408;32,464;32,595;32,766;32,907;33,063;33,175;33,176;33,232;33,392;33,43;33,525;33,737;33,834;33,86;33,992;34,166;34,296;34,395;34,665;34,67;34,762;34,864;34,878;35,203;35,383;35,331;35,431;35,612;35,733;35,915;36,431;36,163;36,43;36,641;36,906;36,935;37,375;37,752;37,867;38,014;38,289;38,602;38,969;39,487;39,676;39,901;40,099;40,174;40,124;40,045;39,876;40,051;40,13;40,379;40,381;40,105;40,116;40,476;40,44;40,852;41,089;41,182;41,597;41,835;42,321;42,684;43,241;43,398;43,921;44,45;44,956;45,223;45,99;46,234;46,919;47,625;47,998;48,776;49,491;50,315;51,368;51,922;52,81;53,779;53,989;54,413;55,788;56,887;58,202;59,205;60,339;61,347;62,991;64,508;66,804;70,74;75,062;79,273;82,497;87,955;91,922;94,636;97,964;103,752;108,913;112,893;114,314;116,595;119,685;122,946;126,84;130,973;135,174;138,443;143,019;146,817;150,792;155,889;161,855;166,387;167,345;165,983;163,998;162,13;158,14;155,422;154,066;153,872;151,157;148,23;149,984;146,815;149,509;145,741;150,514;147,535;150,2;149,291;149,343;149,772;152,094;150,875;150,045;151,626;154,82;157,175;157,765
C10;X1;;2;29,999;30,405;30,472;30,599;30,689;30,752;30,855;31,004;31,134;31,177;31,283;31,392;31,51;31,481;31,68;31,822;31,851;32,044;32,05;32,089;32,339;32,379;32,492;32,563;32,678;32,798;32,95;33,004;33,195;33,283;33,454;33,566;33,697;33,868;34,013;34,152;34,422;34,716;34,825;35,088;35,356;35,507;35,654;36,05;36,339;36,592;36,891;37,189;37,411;37,566;37,86;37,902;38,06;37,964;38,007;38,193;38,266;38,439;38,513;38,738;38,859;39,108;39,515;39,88;40,336;40,46;40,564;40,943;41,275;41,615;41,828;42,062;42,47;42,928;43,299;43,843;44,372;44,764;45,552;46,082;46,613;47,205;48,098;48,924;49,724;50,762;51,174;51,31;52,414;53,646;54,788;55,96;57,101;58,335;59,566;60,995;62,588;64,159;66,124;68,676;74,668;78,021;82,406;84,206;85,663;88,312;91,619;95,807;101,64;104,265;108,138;112,331;116,469;120,623;123,335;127,647;131,405;134,44;138,398;142,47;147,339;152,686;157,89;156,134;156,763;157,904;155,7;153,342;150,295;149,36;148,005;143,754;143,448;138,709;139,994;136,121;134,944;137,392;139,555;138,844;140,183;141,124;141,319;142,382;141,474;142,368;143,631;145,23;150,521;149,676
D03;B2;;2;102,757;101,824;95,897;114,356;120,51;124,526;123,24;124,09;122,165;125,655;120,06;126,503;122,32;123,054;126,533;128,747;126,367;126,192;124,679;125,848;129,118;127,633;129,732;132,077;130,817;132,777;131,102;131,312;131,361;130,885;131,071;120,161;134,857;133,294;135,447;121,967;130,859;127,923;128,328;135,346;133,881;121,785;123,058;133,201;135,273;136,397;136,773;132,433;131,468;131,602;132,446;125,643;132,133;130,656;129,302;126,013;125,424;121,32;118,528;121,056;127,103;118,25;113,273;115,113;115,097;110,261;115,377;114,653;111,813;115,344;111,217;111,727;112,499;111,214;110,808;107,736;112,879;109,421;111,375;110,686;110,996;106,486;111,554;111,358;109,279;111,201;111,161;107,555;110,517;113,273;112,489;107,781;107,404;108,612;112,842;110,345;112,945;109,997;107,515;111,125;110,692;113,512;110,364;108,619;114,932;117,392;115,027;115,105;112,219;110,451;113,1;114,418;113,513;114,607;116,924;120,211;114,333;116,317;119,024;116,183;108,575;109,886;120,309;113,225;118,355;117,067;114,927;103,608;114,746;114,18;107,606;103,345;111,11;104,709;110,565;103,728;118,987;100,782;103,59;108,393;101,175;96,77;105,536;92,835;103,782;108,096;111,084;104,711;101,75;106
D04;B2;;2;87,185;101,081;105,536;109,072;117,554;115,265;121,339;123,182;126,254;133,801;132,549;132,516;135,418;136,458;134,157;133,69;136,602;136,184;135,439;137,082;135,689;138,576;142,22;136,594;137,643;136,817;144,597;137,866;139,722;142,908;143,665;147,84;146,752;144,934;145,519;146,282;145,217;148,478;145,606;146,058;147,426;146,85;146,541;150,646;150,24;150,361;151,458;153,002;150,699;151,17;151,71;152,749;152,023;152,452;148,919;152,759;151,602;150,737;147,728;151,845;154,415;151,136;151,503;151,262;152,627;152,184;151,881;151,687;148,091;151,959;150,195;145,995;151,516;147,33;151,637;141,24;145,327;142,802;143,886;142,465;143,825;138,174;148,582;147,72;141,399;139,598;137,869;142,878;144,443;135,759;139,503;138,095;133,831;135,869;139,179;137,914;136,646;138,951;137,937;140,102;140,41;130,852;137,376;133,867;128,214;133,276;125,565;131,786;131,45;132,178;130,624;124,911;127,37;123,094;120,839;117,339;120,681;114,593;111,575;110,592;118,358;110,192;107,032;102,924;111,209;113,75;109,627;112,515;98,318;105,07;113,077;98,457;112,402;100,168;94,064;97,265;101,572;95,06;93,095;91,451;100,465;98,335;94,877;96,896;90,651;84,332;90,778;85,204;90,291;89,203
D05;B2;;2;58,595;88,305;112,165;165,28;141,412;78,596;78,137;80,234;75,275;73,742;70,85;68,425;69,502;69,024;67,376;67,897;68,689;68,361;67,623;63,889;67,572;67,371;64,956;67,956;70,698;64,9;67,736;63,788;61,163;63,245;63,361;66,493;63,433;70,684;65,613;62,477;63,466;65,927;63,437;67,839;64,746;68,309;69,245;65,423;65,327;61,811;61,23;64,158;60,051;63,116;62,475;63,626;59,862;62,457;57,425;63,919;62,722;59,932;56,786;57,693;60,743;61,063;56,314;56,166;56,773;55,105;56,888;55,094;58,611;54,776;55,042;52,754;57,509;58,576;57,025;59,074;53,567;52,72;54,353;54,157;54,248;49,882;45,903;48,656;53,193;49,386;47,683;50,815;51,163;51,505;47,633;48,127;46,271;46,303;48,175;44,94;44,58;42,124;45,972;42,914;45,145;40,681;40,925;43,229;40,253;42,451;41,846;40,273;40,092;45,22;42,1;42,129;41,468;38,356;41,882;38,036;38,58;37,622;39,67;37,544;38,989;39,649;38,62;36,021;38,697;37,445;37,132;36,166;37,183;37,003;36,322;35,943;35,807;35,822;35,852;36,229;38,293;35,854;35,972;35,755;35,54;36,197;35,571;35,742;35,375;35,332;35,382;35,569;35,333;35,453
D06;X2;;2;34,276;34,653;34,68;34,814;34,836;34,844;35,01;35,077;35,034;35,026;35,198;35,269;35,21;35,303;35,364;35,456;35,442;35,757;35,379;35,482;35,549;35,673;35,709;35,714;35,87;35,796;36,044;35,853;35,9;35,989;36,005;36,079;36,162;36,149;36,11;36,152;36,278;36,218;36,307;36,579;36,485;36,476;36,688;36,609;36,996;36,992;37,168;37,34;37,289;37,391;37,515;37,512;37,457;37,457;37,53;37,541;37,625;37,749;37,827;37,875;37,971;37,707;37,968;38,095;38,128;38,115;38,145;38,181;38,427;38,371;38,346;38,376;38,559;38,479;38,608;38,61;38,791;38,55;38,841;38,718;38,706;38,863;38,744;38,795;39,058;38,985;39,036;39,073;38,985;39,106;39,11;39,108;39,348;39,302;39,481;39,227;39,336;39,398;39,403;39,157;39,635;39,355;39,437;39,43;39,657;39,602;39,575;39,682;39,572;39,802;39,768;39,731;39,966;39,776;39,835;39,978;39,999;39,824;39,878;40,13;40,413;40,245;40,124;40,116;40,203;40,313;40,408;40,363;40,246;40,31;40,549;40,526;40,719;40,656;40,802;40,77;40,395;40,945;41,013;41,051;41,075;41,265;41,219;41,288;41,402;41,37;41,408;41,132;41,581;41,22
D07;X2;;2;30,815;30,999;30,999;31,16;31,182;31,206;31,101;31,28;31,292;31,302;31,241;31,284;31,384;31,363;31,459;31,514;31,409;31,572;31,541;31,539;31,674;31,727;31,801;31,716;31,795;31,89;31,883;31,862;31,886;32,078;32,094;32,089;32,2;32,138;32,267;32,148;32,252;32,273;32,373;32,511;32,488;32,528;32,712;32,754;32,918;32,865;33,081;33,279;33,242;33,373;33,519;33,452;33,552;33,495;33,581;33,622;33,749;33,72;33,906;33,928;33,883;33,806;33,913;34,078;33,908;34,035;34,006;34,257;34,17;34,236;34,398;34,391;34,252;34,361;34,234;34,56;34,518;34,572;34,761;34,536;34,621;34,61;34,597;34,624;34,653;34,611;34,682;34,727;34,78;34,742;34,777;34,966;34,804;34,846;34,764;34,95;35,07;34,969;34,99;35,015;35,145;35,131;34,958;35,106;35,193;35,194;35,272;35,197;35,273;35,274;35,262;35,389;35,474;35,571;35,615;35,426;35,69;35,567;35,669;35,652;35,912;35,713;35,726;35,615;35,882;35,73;36,015;35,907;35,908;35,967;36,086;36,049;36,122;36,006;36,244;36,127;36,147;36,58;36,354;36,348;36,471;36,597;36,42;36,652;36,641;36,757;36,788;36,656;36,851;36,858
D08;X2;;2;30,223;30,543;30,491;30,57;30,508;30,608;30,777;30,608;30,704;30,794;30,748;30,814;30,797;30,821;30,864;30,864;30,953;30,994;31,024;30,987;30,981;31,075;31,107;31,042;31,128;31,195;31,282;31,311;31,313;31,22;31,44;31,407;31,558;31,559;31,585;31,598;31,641;31,754;31,734;31,923;31,984;32,038;32,153;32,181;32,416;32,378;32,594;32,571;32,589;32,793;32,801;32,849;32,939;32,9;32,973;33,008;33,029;33,248;33,131;33,372;33,279;33,348;33,282;33,441;33,375;33,527;33,451;33,555;33,557;33,626;33,605;33,718;33,756;33,76;33,759;33,839;33,92;33,705;33,844;33,74;33,894;33,856;34,016;33,861;34,086;34,082;33,926;33,992;34,204;34,167;34,398;34,387;34,091;34,494;34,383;34,305;34,26;34,39;34,265;34,365;34,485;34,377;34,598;34,433;34,635;34,674;34,737;34,743;34,749;34,764;34,813;34,759;34,894;34,925;35,012;34,987;34,954;34,9;35,166;35,142;35,175;35,184;35,169;35,03;35,396;35,291;35,439;35,623;35,403;35,352;35,514;35,481;35,712;35,607;35,565;35,456;35,657;35,799;35,879;35,779;35,779;35,995;36,109;36,016;36,095;36,194;36,085;36,094;36,268;36,159
D09;X2;;2;35,641;35,794;35,731;36,143;38,204;39,535;37,951;38,662;39,01;38,164;38,084;39;38,649;38,506;38,691;38,279;38,802;37,818;37,224;37,683;37,077;37,473;37,679;37,521;36,509;37,152;35,949;35,959;35,642;35,95;36,121;36,535;35,3;35,227;35,764;35,118;34,93;35,503;34,31;35,014;34,251;34,553;33,817;34,332;34,036;33,556;33,737;34,19;33,916;33,373;33,505;33,452;33,228;33,596;33,081;33,39;33,496;33,328;33,356;33,261;33,503;33,358;33,361;33,479;33,083;33,441;33,047;33,212;33,149;33,144;33,458;32,871;33,213;32,842;33,086;33,363;32,944;32,943;33,155;33,059;33,013;33,081;33,179;32,951;32,879;33,025;32,991;32,776;32,967;32,581;32,969;33,084;33,052;32,984;32,797;32,785;32,765;32,715;32,592;32,933;32,784;32,812;32,827;32,833;32,603;32,88;32,725;32,774;32,924;32,747;32,9;32,786;32,777;32,95;32,814;32,933;33,059;32,879;32,945;33,006;32,967;33,016;32,896;32,982;33,206;33,213;33,126;33,112;33,07;33,091;33,188;33,151;33,169;33,154;33,226;33,153;33,225;33,229;33,405;33,161;33,235;33,347;33,352;33,322;33,434;33,342;33,458;33,356;33,567;33,458
D10;X2;;2;29,434;29,94;30,262;31,086;31,258;30,321;30,317;30,328;30,845;31,564;31,484;31,156;30,581;30,947;30,728;30,587;30,704;30,406;30,338;30,614;31,202;31,131;31,054;30,77;30,764;30,831;31,533;31,077;31,398;31,326;31,151;30,845;31,053;30,959;31,088;31,436;31,306;31,176;31,269;31,479;31,425;31,513;31,952;31,605;31,797;31,919;32,015;32,046;32,232;32,342;32,39;32,4;32,375;32,473;32,385;32,425;32,672;32,735;32,813;32,871;32,978;32,849;33,013;32,893;32,928;32,981;33,078;33,034;33,056;33,212;33,283;33,226;33,301;33,296;33,312;33,357;33,388;33,309;33,656;33,518;33,492;33,56;33,604;33,704;33,663;33,669;33,594;33,697;33,845;33,839;33,885;34,032;34,05;34,112;33,975;34,166;34,108;34,066;34,1;34,075;34,279;34,32;34,467;34,353;34,342;34,489;34,538;34,441;34,521;34,505;34,598;34,652;34,589;34,814;34,627;34,81;34,843;34,854;34,924;34,907;34,906;34,878;34,947;34,976;35,1;35,002;35,105;35,286;34,929;35,235;35,202;35,372;35,336;35,388;35,459;35,367;35,262;35,411;35,603;35,52;35,605;35,513;35,622;35,794;35,799;35,598;35,884;35,766;35,944;35,975
E03;B3;;2;93,762;97,261;114,28;104,073;101,352;100,287;105,645;106,85;103,021;94,174;94,531;91,101;92,919;94,437;90,729;90,306;91,711;94,666;93,729;91,834;93,174;92,228;94,544;90,966;94,132;93,5;92,961;94,982;95,719;96,793;98,094;103,251;98,751;95,267;97,174;104,508;98,466;103,07;102,556;101,947;95,52;110,607;106,651;103,786;103,596;101,004;97,57;100,657;100,231;98,302;95,705;99,125;102,231;95,952;99,503;96,424;96,219;97,085;94,278;96,435;94,861;94,428;95,816;92,494;95,359;94,215;94,054;91,085;90,337;90,785;89,779;90,709;91,556;92,377;89,483;90,062;93,465;89,781;88,592;92,511;90,743;90,48;90,19;89,192;87,317;86,604;88,21;87,304;86,462;86,315;87,652;84,634;84,617;88,525;84,805;84,468;83,649;83,622;86,506;83,904;83,567;84,177;78,089;80,194;81,085;81,731;82,346;81,618;80,698;79,587;77,285;78,862;77,875;77,095;77,946;79,041;78,703;76,62;76,701;78,999;76,295;78,008;78,12;75,945;80,78;76,931;74,328;75,884;74,871;77,18;78,275;76,455;75,255;75,002;75,024;74,404;83,037;74,863;76,066;76,152;73,144;74,024;74,247;73,492;72,01;74,617;71,416;72,852;72,699;74,667
E04;B3;;2;88,75;88,012;85,468;84,941;87,741;88,603;87,594;86,472;86,828;86,977;89,391;89,356;89,348;90,102;89,165;89,671;91,721;93,341;92,446;93,217;93,452;94,003;93,508;93,211;96,173;96,847;97,614;96,785;98,884;98,973;99,09;102,576;99,966;100,394;104,602;103,422;103,456;102,657;105,989;105,855;106,257;107,676;106,352;105,294;108,598;108,083;111,908;110,887;108,577;111,909;112,488;113,756;113,235;115,339;112,887;112,647;114,656;114,752;116,981;117,33;116,997;114,711;114,534;114,272;112,961;115,378;114,729;115,068;115,144;117,946;117,89;122,699;121,326;121,32;125,394;125,746;123,447;124,346;123,346;121,003;122,358;128,266;121,959;124,949;122,492;120,846;124,207;123,829;129,171;122,258;127,9;128,108;122,095;126,131;125,953;126,373;127,659;136,713;123,747;124,692;127,725;123,771;126,22;123,985;125,617;130,031;129,553;126,387;128,271;126,65;127,93;129,413;129,986;128,93;131,475;127,376;132,025;128,659;125,501;134,793;130,554;130,56;128,655;134,228;133,253;134,912;130,891;130,072;137,852;133,839;136,133;132,411;133,71;133,182;131,914;131,73;129,392;133,003;134,227;139,986;133,523;132,307;136,335;137,322;136,271;133,451;131,934;135,95;135,559;136,654
E05;B3;;2;141,691;125,662;104,306;90,118;78,215;70,935;70,78;72,207;69,955;70,17;69,64;70,671;71,795;68,657;67,579;65,39;63,862;63,908;56,691;56,964;49,762;55,53;51,369;43,108;40,786;36,622;38,533;37,61;38,914;36,53;33,941;32,043;30,788;30,56;30,671;30,452;30,463;30,414;30,302;30,545;30,668;30,397;30,527;30,522;30,479;30,509;30,412;30,518;30,511;30,672;30,685;30,533;30,727;30,631;30,745;30,557;30,674;30,762;30,629;30,461;30,701;30,642;30,64;30,843;30,686;30,639;30,587;30,487;30,692;30,707;30,79;30,776;30,782;30,664;30,735;30,697;30,792;30,853;30,769;30,786;30,761;30,731;30,844;30,806;30,885;30,787;30,89;30,89;30,842;30,93;30,829;30,923;30,883;30,892;30,817;30,851;30,831;30,912;30,874;30,84;30,961;30,87;30,881;30,869;30,887;30,938;30,928;30,92;30,974;30,914;30,933;30,94;30,966;30,958;30,955;30,948;31;30,867;30,976;30,906;31,048;31,059;30,986;30,969;31,19;31,185;31,018;30,972;31,016;31,053;31,126;31,134;31,179;31,117;31,068;31,113;31,12;31,099;31,224;31,14;31,09;31,225;31,177;31,278;31,318;31,359;31,277;31,27;31,251;31,247
E06;X3;;2;34,355;34,675;34,67;34,639;34,662;34,711;34,685;34,852;34,804;34,736;34,657;34,886;34,784;34,769;34,912;35;34,944;35,102;34,912;35,004;34,965;35,014;35,089;35,175;35,143;35,121;35,167;35,199;35,218;35,212;35,171;35,171;35,392;35,277;35,379;35,404;35,343;35,351;35,439;35,585;35,581;35,683;35,741;35,808;35,977;35,968;36,06;36,212;36,116;36,319;36,448;36,492;36,673;36,748;36,859;36,992;37,071;37,319;37,402;37,581;37,76;37,875;38,292;38,45;38,565;38,781;38,977;39,36;39,531;39,921;40,162;40,586;40,761;41,074;41,581;42,161;42,367;42,777;43,255;43,693;44,083;44,579;45,189;45,731;46,322;46,925;47,538;48,065;48,859;49,441;50,077;50,965;51,796;52,517;52,906;53,142;54,016;54,635;55,514;56,023;56,52;57,167;57,808;58,423;58,982;59,655;60,379;61,1;61,666;62,445;63,159;63,77;64,77;65,421;66,181;67,187;68,341;68,914;70,063;70,908;72,451;73,304;74,568;76,283;78,985;81,494;83,218;84,788;86,632;88,461;90,61;95,887;98,579;100,373;103,262;105,615;107,543;110,195;111,966;113,754;114,795;115,425;115,718;116,119;115,619;115,786;115,749;115,74;115,369;114,7
E07;X3;;2;28,884;29,282;29,321;29,395;29,507;29,499;29,499;29,559;29,622;29,548;29,583;29,665;29,607;29,539;29,581;29,737;29,697;29,729;29,664;29,8;29,77;29,81;29,803;29,828;29,839;29,888;29,825;29,918;29,973;29,994;30,01;30,057;30,036;30,105;30,146;30,237;30,194;30,174;30,281;30,414;30,362;30,453;30,393;30,61;30,637;30,67;30,79;30,876;30,958;31,098;31,18;31,271;31,469;31,528;31,801;31,755;31,955;32,156;32,294;32,471;32,75;32,801;33,124;33,344;33,685;33,874;34,137;34,494;34,815;35,071;35,397;35,731;36,019;36,338;36,65;37,168;37,503;37,826;38,326;38,946;39,321;39,841;40,498;41,133;41,666;42,28;42,828;43,601;44,234;45,013;45,808;46,403;47,042;47,614;47,808;48,469;49,234;49,936;50,672;51,335;51,73;52,458;53,182;53,79;54,42;55,264;55,87;56,575;57,38;58,122;58,86;59,626;60,604;61,125;61,867;62,86;63,777;64,679;65,78;66,883;68,058;68,944;70,156;71,488;72,892;74,444;76,014;77,423;78,855;80,852;82,4;82,719;83,906;84,439;85,712;87,11;88,439;90,326;92,098;96,178;98,007;99,709;101,153;102,373;103,198;103,564;103,884;104,374;104,493;104,728
E08;X3;;2;27,86;28,664;29,089;28,988;28,974;29,345;29,364;29,734;29,577;28,374;28,515;28,668;29,366;28,753;29,171;28,757;28,627;28,461;28,982;28,508;29,08;28,757;29,402;29,076;28,536;28,603;28,888;28,575;28,76;28,712;28,791;29,262;29,288;28,721;28,762;29,161;29,228;28,782;29,021;29,04;28,944;29,171;29,123;29,271;29,432;29,422;29,633;29,632;29,62;29,938;29,963;30,021;30,149;30,252;30,338;30,474;30,656;30,887;31,006;31,272;31,399;31,492;31,821;32,107;32,261;32,535;32,677;33,068;33,334;33,572;33,861;34,07;34,597;34,915;35,338;35,794;36,13;36,556;36,952;37,449;37,992;38,482;39,023;39,473;40,055;40,69;41,306;42,029;42,516;43,227;43,949;44,578;45,269;45,55;45,851;46,646;47,428;47,914;48,813;49,337;49,82;50,462;51,343;51,88;52,448;53,155;53,895;54,787;55,457;56,138;56,914;57,559;58,531;59,184;59,984;61,032;61,98;62,838;64,002;65,038;66,344;67,277;68,584;69,735;71,312;72,311;73,821;75,502;76,894;78,137;79,622;79,78;81,001;81,056;81,491;81,65;81,62;82,382;82,674;82,521;82,61;82,933;84,231;85,539;86,267;86,151;86,362;86,018;85,963;86,249
E09;X3;;2;29,893;30,48;30,428;30,654;30,221;30,344;30,473;30,365;30,388;30,694;30,457;30,846;30,804;30,804;31,613;31,068;30,602;31,057;31,519;30,997;30,801;31,096;31,058;31,822;31,449;31,739;31,55;32,18;32,198;31,842;31,483;31,601;31,703;31,651;32,157;31,983;31,684;31,613;31,689;32,624;32,006;33,035;31,896;32,054;32,76;33,198;33;32,547;33,58;32,898;33,202;32,839;33,319;32,953;33,901;33,896;34,387;34,247;34,18;34,694;35,151;35,193;35,005;35,174;35,456;35,872;35,466;36,372;36,967;37,193;37,802;37,415;37,876;38,322;38,697;39,136;39,887;39,803;40,402;40,709;41,301;41,869;42,554;43,135;43,467;44,585;45,135;45,911;46,45;46,816;47,113;47,822;48,361;49,388;49,883;50,431;51,066;51,706;52,437;52,98;54,192;54,932;55,505;56,826;57,737;58,62;59,581;60,516;61,699;62,375;63,43;64,909;66,142;66,887;68,329;69,871;71,475;72,666;74,142;75,493;77,409;78,81;79,969;81,119;81,514;82,759;82,979;83,761;83,955;84,487;84,965;84,831;85,492;84,825;85,763;86,868;87,765;89,191;89,426;90,902;89,986;90,413;90,309;90,086;90,477;90,37;90,914;90,631;90,973;91,318
E10;X3;;2;32,963;33,507;33,503;33,578;33,661;33,732;33,674;33,78;33,801;33,756;33,62;33,789;33,67;33,836;33,667;33,883;33,692;33,781;33,741;33,863;33,849;33,798;33,845;33,879;33,91;33,808;33,866;33,941;33,952;34,007;34,005;34,019;34,068;34,024;34,102;34,102;34,259;34,173;34,338;34,4;34,402;34,51;34,598;34,736;34,788;34,825;35,028;35,076;35,085;35,263;35,384;35,604;35,757;35,848;36,049;36,243;36,396;36,605;36,786;37,05;37,224;37,342;37,696;38,123;38,242;38,558;38,847;39,175;39,452;39,938;40,217;40,627;40,994;41,388;41,83;42,452;42,726;43,361;43,896;44,326;44,77;45,452;46,011;46,63;47,255;48,108;48,615;49,454;50,16;50,757;51,023;51,71;52,489;53,422;53,85;54,563;55,342;55,895;56,674;57,374;58,123;58,887;59,842;60,757;61,656;62,306;63,309;64,104;64,901;65,916;66,547;67,666;68,815;69,448;70,657;71,916;73,437;74,474;75,882;77,328;79,12;80,598;82,151;83,854;85,523;86,549;87,642;88,159;88,413;89,562;90,411;90,908;91,969;91,948;92,881;93,338;93,098;94,647;94,818;94,872;95,275;95,943;96,742;96,315;94,565;95,321;96,923;97,726;98,367;99,278
F03;B4;;2;74,108;84,509;82,355;86,449;84,979;86,886;87,317;88,647;88,309;88,868;91,645;89,91;92,127;92,411;90,774;88,277;91,532;92,936;90,056;90,172;90,837;92,457;92,621;93,959;94,294;95,265;95,044;95,583;97,151;95,748;96,653;98,328;97,816;85,883;84,995;86,93;86,204;86,401;83,591;86,184;89,066;88,486;91,215;85,568;87,989;86,766;87,863;87,313;87,366;86,81;86,293;85,556;89,085;91,649;86,856;87,271;95,717;91,429;92,755;95,592;87,305;96,239;97,607;96,122;93,271;100,451;99,607;104,077;109,989;95,516;98,197;96,217;94,438;103,094;103,868;103,474;100,494;100,523;101,692;111,431;106,187;111,037;96,251;105,532;99,339;99,403;101,592;108,638;107,03;98,179;101,481;111,449;112,892;107,622;106,253;111,078;104,863;108,555;111,857;98,431;104,592;110,9;111,59;111,255;101,933;109,665;110,929;108,006;105,685;105,852;102,743;110,476;104,548;104,678;106,238;106,197;106,827;112,246;102,391;107,06;110,107;106,054;99,004;108,349;108,628;103,493;105,489;105,051;106,089;106,602;104,373;160,111;153,767;157,223;156,239;159,736;151,282;155,79;156,321;162,947;158,618;157,616;152,622;155,455;161,252;161,654;155,014;153,163;154,242;154,123
F04;B4;;2;81,687;98,815;117,132;127,798;135,214;144,61;146,764;143,304;141,804;137,077;138,476;147,651;147,588;148,325;139,041;148,541;148,474;146,352;152,508;154,645;142,549;148,416;147,005;140,462;147,474;150,017;149,935;146,406;145,419;137,418;136,684;128,897;131,029;132,871;130,887;126,153;132,454;124,019;118,494;128,033;127,417;111,491;111,901;108,355;103,905;101,639;106,554;101,726;95,506;92,289;92,066;93,417;94,031;91,444;88,163;88,118;89,628;86,747;85,982;85,536;82,627;81,177;77,555;79,87;82,908;79,193;77,53;80,341;77,797;79,835;80,198;79,765;81,372;82,65;79,061;85,755;83,59;79,889;79,72;80,842;83,438;80,201;79,755;80,84;81,599;79,681;79,986;79,182;81,084;81,954;81,447;80,858;77,857;79,676;81,766;76,358;75,604;77,731;79,431;78,536;83,2;76,722;80,076;74,324;78,679;79,476;80,149;78,343;80,524;77,647;81,051;80,483;79,632;75,729;80,207;79,175;77,642;73,242;79,089;74,668;78,605;78,311;78,296;76,189;72,814;74,087;76,593;76,454;75,202;76,195;70,226;72,429;75,303;67,595;74,799;74,656;68,378;74,086;73,872;70,317;71,159;74,017;73,835;69,536;71,075;67,564;67,598;63,592;65,285;67,976
F05;B4;;2;167,353;81,612;65,814;60,087;61,163;63,414;58,93;57,466;56,426;53,756;54,311;54,999;55,444;52,256;48,711;46,375;35,27;32,498;30,929;30,779;30,822;30,864;30,868;30,827;30,835;30,835;30,808;30,876;30,889;30,909;30,886;30,926;30,841;30,804;30,869;30,784;30,819;30,82;30,799;30,918;30,809;30,834;30,854;30,838;30,897;30,849;30,959;30,897;30,835;30,962;30,866;30,853;30,929;30,909;30,894;30,901;30,833;30,932;30,951;30,92;30,846;30,9;30,919;30,919;30,889;30,876;30,937;30,947;30,86;30,967;30,906;30,93;30,949;30,872;30,923;30,964;30,983;30,939;30,831;30,915;30,935;30,856;30,912;30,878;30,983;30,963;30,931;30,89;30,937;30,899;30,887;30,974;30,914;30,95;30,982;30,928;30,953;30,861;30,942;30,945;30,992;30,958;31,005;30,97;30,971;30,985;31,066;30,97;30,957;30,961;30,95;30,997;30,939;30,944;30,965;31,011;31,013;30,94;30,986;31,047;31,078;31,029;30,939;30,942;31,095;31,076;31,059;31,068;31,054;31,084;31,129;31,103;31,084;31,07;31,137;31,068;31,059;31,048;31,098;31,041;31,056;31,163;31,146;31,158;31,11;31,124;31,137;31,051;31,121;31,05
F06;X4;;2;32,981;33,398;33,575;33,749;33,931;34,123;34,195;34,398;34,505;34,691;34,778;34,761;34,973;34,996;35,119;35,186;35,228;35,356;35,316;35,384;35,496;35,493;35,547;35,552;35,605;35,641;35,676;35,697;35,819;35,77;35,838;35,874;35,904;35,962;35,94;36,011;36,038;36,151;36,187;36,328;36,306;36,423;36,512;36,63;36,708;36,799;37,021;37,042;37,149;37,381;37,487;37,638;37,837;37,964;38,142;38,336;38,512;38,751;38,983;39,201;39,429;39,559;39,818;40,097;40,285;40,573;40,848;41,197;41,491;41,766;42,133;42,326;42,826;43,058;43,525;43,966;44,321;44,778;45,215;45,711;46,222;46,685;47,269;47,838;48,612;48,694;48,907;49,518;50,431;50,947;51,604;52,394;53,105;53,933;54,711;55,681;56,557;57,341;58,503;59,399;60,326;61,495;62,684;63,766;64,913;66,179;67,589;68,519;70,294;71,468;73,157;74,497;76,228;77,228;78,207;79,969;81,599;83,147;84,275;85,536;87,758;88,514;89,569;91,231;92,785;93,895;95,915;97,789;99,26;101,12;103,482;105,757;107,487;109,311;111,424;113,038;111,882;113,723;115,318;118,038;121,339;124,963;124,915;125,524;125,013;124,612;124,88;125,664;125,536;126,177
F07;X4;;2;30,426;30,773;30,833;30,934;31,067;31,129;31,294;31,287;31,378;31,419;31,609;31,588;31,656;31,625;31,764;31,928;31,854;31,977;32,047;32,075;32,142;32,22;32,259;32,298;32,328;32,448;32,417;32,509;32,53;32,637;32,684;32,778;32,79;32,749;32,849;32,847;32,993;33,002;33,114;33,273;33,23;33,387;33,409;33,509;33,664;33,735;33,927;33,976;34,024;34,292;34,293;34,475;34,625;34,722;34,909;35,09;35,221;35,45;35,602;35,8;36,074;36,181;36,338;36,724;36,901;37,146;37,323;37,653;37,913;38,254;38,596;38,786;39,13;39,452;39,8;40,176;40,615;40,885;41,377;41,74;42,256;42,664;43,268;43,763;44,383;44,874;44,851;45,362;46,182;46,843;47,332;48,133;48,882;49,685;50,271;51,055;52,079;52,865;53,762;54,692;55,681;56,628;57,731;58,787;59,597;61,123;62,138;63,372;64,555;65,772;67,294;68,463;69,875;71,474;71,943;73,134;75;76,241;77,64;78,985;80,877;81,557;82,684;83,739;84,89;85,954;87,397;88,6;89,996;91,487;93,491;94,93;97,058;98,682;100,705;102,304;103,997;106,269;108,004;109,173;111,139;112,66;114,699;116,259;117,083;118,819;119,294;120,506;121,914;124,079
F08;X4;;2;30,044;30,302;30,281;30,312;30,402;30,384;30,432;30,471;30,536;30,532;30,488;30,522;30,595;30,667;30,613;30,713;30,721;30,79;30,799;30,825;30,9;30,881;30,994;30,943;31,043;31,103;31,112;31,166;31,264;31,227;31,281;31,386;31,357;31,404;31,511;31,482;31,56;31,659;31,667;31,796;31,77;31,806;31,868;31,931;32,099;32,097;32,194;32,326;32,362;32,5;32,609;32,675;32,897;32,963;33,108;33,23;33,348;33,498;33,754;33,886;34,101;34,154;34,398;34,616;34,772;34,993;35,209;35,419;35,671;36,022;36,177;36,51;36,775;37,025;37,309;37,687;38,074;38,386;38,715;39,069;39,553;39,95;40,42;40,844;41,378;41,941;42,557;42,622;42,939;43,491;44,189;44,811;45,492;46,124;46,698;47,378;48,208;49,06;49,883;50,715;51,619;52,475;53,37;54,526;55,503;56,618;57,704;58,927;59,914;61,099;62,435;63,455;65,35;66,455;67,498;69,035;69,911;71,103;72,652;74,088;75,945;76,685;77,689;78,811;80,151;80,922;82,135;83,651;84,787;86,765;88,551;89,831;92,294;93,875;96,021;97,756;98,882;101,079;102,334;104,003;104,762;107,261;108,58;109,986;109,47;110,426;111,156;111,959;112,545;113,053
F09;X4;;2;30,088;30,335;30,535;31,047;30,495;30,671;30,797;30,843;30,766;30,822;31,668;31,438;31,045;30,933;31,158;31,349;31,181;31,424;31,418;31,476;31,586;31,572;31,498;31,645;31,597;31,675;32,091;31,76;31,978;32,068;32,147;32,291;32,303;32,474;32,482;32,646;32,735;32,854;33,015;33,11;33,251;33,373;33,542;33,622;33,79;33,938;34,123;34,306;34,31;34,652;34,781;34,991;35,259;35,417;35,618;35,781;35,966;36,241;36,537;36,797;37,072;37,269;37,647;37,985;38,235;38,482;38,796;39,199;39,555;39,918;40,22;40,528;40,973;41,405;41,731;42,267;42,729;43,142;43,725;44,2;44,695;45,303;45,882;46,403;47,153;47,745;47,907;48,353;49,31;49,989;50,736;51,534;52,269;53,064;53,749;54,746;55,676;56,522;57,771;58,944;59,784;60,977;62,001;63,487;64,348;65,86;67,263;68,609;70,042;71,488;72,926;74,356;76,275;77,225;78,438;80,079;81,84;83,338;84,842;86,556;88,027;88,844;90,648;91,732;93,587;95,256;97,196;99,216;100,887;102,933;105,315;107,531;109,821;112,17;113,562;115,464;115,084;116,378;118,731;120,56;124,299;129,306;134,02;134,707;133,411;132,19;131,998;130,533;129,618;128,274
F10;X4;;2;33,054;33,353;33,494;33,607;33,697;33,718;33,8;34,009;34,069;34,111;34,199;34,329;34,428;34,479;34,531;34,733;34,737;34,88;34,947;35,035;35,166;35,243;35,23;35,383;35,411;35,443;35,598;35,697;35,854;35,859;36,04;35,962;36,038;36,149;36,3;36,307;36,458;36,522;36,589;36,702;36,721;36,944;37,093;37,189;37,404;37,433;37,6;37,795;37,785;38,083;38,278;38,522;38,802;38,938;39,088;39,314;39,603;39,847;40,077;40,271;40,541;40,705;41,089;41,337;41,557;41,906;42,122;42,486;42,742;43,146;43,463;43,679;44,146;44,396;44,81;45,279;45,65;46,024;46,513;46,827;47,358;47,871;48,482;48,89;49,575;50,288;50,11;50,46;51,39;51,867;52,801;53,312;53,954;54,73;55,358;56,093;56,813;57,708;58,709;59,531;60,511;61,169;62,371;63,749;64,499;65,672;66,785;68,072;69,277;70,484;71,804;73,442;74,655;76,08;77,393;78,024;79,754;81,058;82,769;84,181;86,33;87,08;88,189;89,715;91,218;92,218;93,868;95,124;96,391;98,238;100,369;102,193;104,681;106,287;108,342;110,681;112,192;114,67;116,25;118,113;119,937;122,54;125,611;126,444;131,128;133,124;134,667;136,502;137,882;145,252
C03;B1;;3;203,381;236,633;276,361;294,006;295,786;318,027;329,51;337,546;341,301;342,994;345,343;347,091;348,47;349,185;349,574;349,947;350,583;351,247;351,4;350,943;351,304;351,444;351,581;352,059;352,404;351,816;353,133;352,74;353,164;352,421;352,599;352,398;352,622;352,676;352,317;351,78;351,863;348,848;350,091;350,579;351,729;345,242;349,061;349,077;347,149;348,519;346,354;345,676;344,568;341,596;323,55;338,138;337,363;326,436;325,633;317,705;327;330,765;325,37;311,551;316,679;301,57;295,829;294,081;300,634;289,137;293,13;275,447;281,386;283,554;288,639;288,991;284,793;266,615;249,506;276,018;238,578;229,805;238,737;229,33;232,384;223,374;204,516;221,049;209,67;200,363;190,484;203,203;176,672;192,448;179,982;194,52;168,518;176,433;154,636;169,297;176,291;170,008;144,594;133,912;130,496;128,838;129,412;129,102;122,535;119,252;119,902;116,169;116,142;113,877;115,652;114,702;114,018;112,895;113,884;115,018;112,919;113,466;115,288;113,743;114,094;112,831;114,334;114,146;113,094;114,405;113,846;114,695;114,129;114,366;116,236;114,752;116,105;115,995;117,451;131,242;164,117;184,171;195,351;202,715;196,485;197,436;190,615;187,41;185,221;181,614;176,943;180,579;174,37;169,562
C04;B1;;3;295,826;303,457;315,314;323,562;329,934;334,796;338,327;340,832;343,174;344,716;346,474;347,652;348,771;349,409;349,179;349,607;350,681;350,681;349,052;350,278;334,29;345,908;344,595;337,636;334,478;330,808;339,955;327,012;308,433;315,229;320,256;291,752;302,963;297,213;275,423;295,996;277,493;277,626;272,829;263,652;273,244;257,766;248,304;253,017;247,883;233,265;228,731;227,283;240,108;212,01;212,819;227,603;216,396;211,705;211,218;207,527;200,852;189,766;198,297;183,144;193,263;192,081;176,236;180,346;182,619;183,391;164,732;167,341;166,936;160,364;160,347;151,764;159,881;156,463;148,207;147,64;146,566;141,515;143,22;142,478;141,074;134,628;128,356;128,901;134,588;126,19;122,874;126,126;120,378;115,94;120,291;117,86;106,28;103,528;101,4;101,039;100,96;100,545;100,466;100,697;100,455;101,108;102,058;105,317;108,379;115,773;120,734;126,251;124,723;130,617;138,681;152,526;162,929;184,623;193,931;213,719;220,93;227,15;229,006;227,913;233,587;225,579;220,239;216,666;215,176;206,56;207,839;208,03;200,981;195,854;201,196;191,974;188,879;186,375;182,225;180,741;175,731;180,976;181,628;166,326;175,996;175,912;172,908;163,73;167,271;166,05;162,729;160,872;155,864;152,333
C05;B1;;3;243,119;269,256;295,47;313,637;323,226;332,165;335,553;340,204;342,573;344,343;346,28;347,471;348,715;349,374;349,813;350,02;350,759;351,441;351,632;350,711;351,508;351,656;351,775;352,338;352,605;352,536;353,359;352,955;353,383;352,7;352,818;352,673;352,841;353,1;352,536;352,161;352,395;351,88;352,345;351,6;351,997;351,526;351,068;351,203;350,599;350,367;349,577;349,061;348,958;348,289;348,316;347,463;347,049;347,178;347,251;342,794;346,243;346,249;337,739;341,788;344,16;341,326;339,159;341,53;342,51;330,098;329,187;326,769;337,971;314,613;331,109;316,299;329,936;311,26;314,929;311,244;314,441;313,751;319,949;317,963;310,845;320,307;308,078;303,39;297,21;290,005;288,832;290,845;287,174;276,07;282,04;294,857;272,41;272,69;273,677;247,25;261,182;260,728;234,826;233,952;237,313;212,067;214,718;190,932;196,358;195,807;196,072;197,015;186,878;180,716;187,779;179,274;172,056;166,337;171,478;165,112;171,609;162,931;159,05;151,666;155,074;156,101;144,062;148,58;141,92;139,976;140,637;135,246;132,625;134,235;130,056;128,849;125,262;124,663;122,226;120,494;120,886;115,368;117,764;117,333;113,274;113,359;112,721;112,645;111,728;111,957;111,474;112,902;111,195;111,26
C06;X1;;3;87,11;88,109;88,536;88,073;88,519;88,493;88,637;88,297;88,952;88,854;89,204;88,785;89,005;89,038;88,857;89,068;89,308;89,389;89,42;89,701;89,517;89,918;90,32;90,353;90,598;90,609;90,962;91,124;91,287;91,548;91,646;91,563;92,121;92,291;93,033;92,67;93,243;93,533;93,685;94,493;94,899;95,118;95,359;96,393;96,68;97,43;97,935;98,771;99,661;100,196;101,573;101,764;103,071;104,057;105,034;105,84;107,012;108,264;109,849;110,626;112,288;113,72;115,136;116,645;116,353;116,808;117,122;117,474;118,912;119,742;121,852;122,826;124,116;126,257;127,497;128,862;130,763;132,939;134,689;136,341;138,759;140,824;142,478;145,566;147,743;150,23;151,06;151,29;153,125;156,52;159,169;162,399;164,207;167,976;172,325;176,686;184,643;205,995;216,701;225,188;234,347;244,559;253,258;262,612;269,771;276,21;284,138;295,061;308,838;317,504;327,163;332,965;334,71;334,057;334,436;334,331;334,542;334,627;335,113;335,602;335,964;336,177;337,634;338,67;339,104;339,408;340,062;341,201;341,376;341,971;341,817;341,553;340,981;341,069;340,915;340,367;340,302;340,477;340,499;340,564;341,179;340,981;340,28;341,113;340,171;340,236;340,674;340,827;340,696;341,179
C07;X1;;3;93,928;95,816;96,22;95,135;95,106;95,408;94,809;94,9;94,954;95,115;95,345;95,182;95,42;95,262;95,301;95,517;95,33;96,094;95,924;96,391;95,987;96,166;96,151;97,007;96,626;96,921;97,505;97,204;98,258;97,246;97,723;98,351;98,732;99,109;98,767;99,405;99,757;99,706;100,019;100,588;101,674;101,63;102,117;102,58;103,095;104,05;104,149;104,526;106,496;106,756;107,408;108,647;107,941;107,651;108,478;108,674;109,531;109,713;110,402;111,307;111,995;113,1;114,124;115,438;116,845;117,388;118,651;120,093;120,817;122,049;124,249;125,525;127,121;128,244;130,148;133,06;134,599;136,59;138,951;141,987;143,569;146,792;149,625;151,955;154,74;156,284;157,03;158,049;160,667;163,72;165,579;167,39;168,653;171,813;174,305;177,598;180,588;183,342;187,525;191,871;197,364;202,512;219,668;233,172;244,382;256,489;268,318;279,619;288,471;294,101;301,753;315,153;327,385;334,1;334,54;334,435;334,646;334,73;335,217;335,706;336,068;336,281;337,739;338,775;339,209;339,513;340,167;341,306;341,482;342,078;341,923;341,658;341,087;341,174;341,021;340,473;340,407;340,582;340,604;340,67;341,284;341,087;340,385;341,218;340,276;340,342;340,78;340,933;340,801;341,284
C08;X1;;3;95,951;97,311;97,41;97,782;98,095;98,455;98,673;98,991;99,043;99,543;99,776;100,097;100,469;100,783;100,813;101,349;101,502;101,715;102,343;102,358;102,563;102,86;103,486;103,658;104,024;104,162;104,631;104,915;105,593;105,665;106,141;106,424;107,155;107,682;108,001;108,344;108,892;109,409;110,165;110,74;111,489;111,485;112,701;113,41;114,39;115,216;115,755;116,58;117,585;118,155;118,927;119,311;119,85;120,586;121,109;121,643;121,941;122,981;123,572;124,153;124,834;126,05;126,294;127,549;129,513;129,996;131,178;132,358;133,461;134,195;135,012;136,137;136,657;138,613;139,577;140,853;142,454;143,939;145,182;146,867;148,83;150,45;153,041;156,103;157,911;160,09;160,483;161,12;163,789;167,509;170,255;172,861;175,698;178,58;183,522;186,361;190,678;196,66;202,588;210,672;230,631;244,549;257,005;268,827;275,279;284,433;296,077;312,291;327,142;331,246;334,598;334,577;334,961;334,264;334,644;334,538;334,75;334,834;335,321;335,81;336,172;336,385;337,843;338,88;339,314;339,618;340,272;341,412;341,588;342,184;342,029;341,764;341,192;341,28;341,127;340,579;340,513;340,688;340,71;340,776;341,39;341,192;340,491;341,324;340,382;340,447;340,885;341,039;340,907;341,39
C09;X1;;3;90,738;92,359;92,391;93,055;93,567;93,957;94,03;94,262;94,552;94,518;95,161;95,266;95,619;95,969;96,411;96,565;96,618;97,226;97,912;97,682;98,056;98,858;98,75;99,028;99,552;99,444;100,607;100,938;101,349;101,478;101,876;101,627;103,069;103,395;104,218;104,273;104,695;105,412;106,391;106,521;107,673;107,851;108,664;109,55;110,351;111,905;112,441;113,481;114,463;114,624;114,803;114,149;114,591;114,044;114,258;114,319;115,291;114,876;114,624;114,825;115,655;116,189;116,786;117,261;117,921;119,034;119,851;120,966;121,982;122,791;124,451;125,546;126,95;128,439;129,382;130,995;133,138;134,201;136,181;138,704;139,65;142,348;143,999;146,31;149,456;152,025;154,416;153,85;155,371;160,11;163,382;166,255;169,532;173,576;176,591;180,911;184,757;193,292;204,264;217,518;228,152;238,165;253,04;262,922;271,236;281,73;298,969;313,909;321,483;327,577;333,088;334,634;335,068;334,371;334,751;334,645;334,857;334,941;335,429;335,917;336,28;336,493;337,951;338,989;339,423;339,727;340,381;341,521;341,697;342,293;342,138;341,874;341,302;341,389;341,236;340,688;340,622;340,797;340,819;340,885;341,499;341,302;340,6;341,433;340,491;340,556;340,994;341,148;341,016;341,499
C10;X1;;3;85,979;87,015;87,22;87,435;87,535;88,071;88,268;88,283;88,752;89,058;89,353;89,738;90,157;90,301;90,342;90,603;90,909;91,366;91,665;91,793;91,846;92,544;92,694;92,836;93,273;93,608;94,071;94,342;94,93;95,075;95,36;95,721;96,419;96,691;97,281;97,523;98,505;98,558;99,536;100,211;100,839;101,641;102,166;102,91;103,772;104,541;105,363;106,136;106,747;107,712;108,081;108,073;108,511;108,659;108,708;108,729;109,337;109,505;109,973;110,506;111,409;111,962;112,626;114,382;115,256;115,885;116,563;117,025;117,808;118,245;119,848;120,472;121,187;123,181;124,473;125,464;126,962;128,331;129,987;132,061;133,746;136,112;137,778;140,545;142,344;145,009;145,819;146,953;150,747;153,837;157,337;160,456;163,328;167,112;171,528;174,474;179,015;184,408;190,472;201,715;217,525;227,094;233,566;241,071;249,684;259,131;263,339;276,857;292,23;301,032;312,055;323,871;333,209;334,428;334,855;334,749;334,96;335,045;335,533;336,021;336,384;336,597;338,056;339,094;339,528;339,832;340,487;341,627;341,803;342,399;342,244;341,98;341,407;341,495;341,341;340,793;340,727;340,903;340,925;340,99;341,605;341,407;340,706;341,539;340,596;340,662;341,1;341,254;341,122;341,605
D03;B2;;3;292,594;272,58;284,68;296,179;307,509;305,578;310,636;310,08;313,664;316,661;323,624;313,607;315,594;324,13;316,62;321,147;325,798;324,459;331,74;330,172;328,478;328,665;331,528;331,26;333,444;331,062;333,925;333,409;334,312;334,178;334,176;320,185;338,218;335,624;337,547;330,995;331,522;331,675;326,883;333,329;336,503;325,16;327,27;336,233;331,524;332,507;332,915;333,716;333,427;333,404;334,374;333,248;333,62;329,516;331,83;323,878;330,347;331,494;326,085;326,89;317,207;324,906;322,363;313,539;318,33;315,856;321,562;317,486;314,686;317,87;316,502;314,197;312,144;310,693;309,647;313,26;308,074;315,328;307,817;314,353;312,018;311,25;313,98;304,457;310,047;301,947;309,817;309,092;304,975;312,509;307,867;306,221;308,783;308,284;308,475;312,239;312,41;308,56;310,706;314,231;308,385;303,064;311,351;320,209;309,391;311,48;317,081;313,879;313,292;304,761;311,774;312,945;310,759;316,135;315,561;307,061;312,762;317,334;310,124;316,848;312;317,532;308,021;314,564;324,586;310,39;313,618;315,965;315,828;314,832;310,657;301,337;301,6;317,454;293,796;317,251;294,925;301,107;291,151;314,248;296,221;277,841;302,965;299,515;287,732;298,736;280,908;309,021;286,383;286,806
D04;B2;;3;252,62;290,532;298,043;309,448;313,755;329,028;331,234;337,071;338,883;343,594;343,095;347,29;347,793;347,866;349,792;349,996;346,387;350,083;350,626;350,77;350,794;351,473;350,676;352,221;352,242;352,158;353,069;352,701;353,05;352,4;352,705;352,511;352,679;352,983;352,31;352,048;352,282;351,732;352,235;351,494;351,884;351,417;351,005;351,091;350,493;350,261;349,475;348,991;348,854;348,188;348,211;347,411;347,411;347,206;347,161;346,366;346,139;346,017;345,101;344,854;344,54;344,274;343,043;343,477;343,556;342,6;341,056;339,266;342,257;341,342;341,249;340,709;335,966;339,571;338,475;338,894;339,18;339,956;335,191;332,421;330,505;333,069;330,913;332,385;331,275;322,029;324,49;327,257;333,44;327,335;336,622;311,451;317,03;322,931;307,266;315,491;310,323;326,658;310,669;323,478;323,619;313,569;308,031;295,903;303,34;299,517;305,336;306,66;313,59;296,196;307,377;305,361;304,077;294,035;306,466;294,788;307,774;296,887;289,027;283,586;284,201;289,601;284,401;271,536;296,119;276,05;296,952;296,319;264,672;273,681;254,976;276,616;253,858;275,654;250,51;257,222;261,05;254,637;266,891;246,545;274,517;270,691;235,655;255,519;244,899;259,706;256,915;250,753;227,323;242,224
D05;B2;;3;191,144;279,474;315,257;323,666;328,557;245,656;224,743;230,914;211,564;206,185;207,177;200,625;212,37;193,372;195,817;203,283;183,062;206,287;198,193;203,277;187,111;183,156;198,863;179,038;179,375;183,801;190,391;201,109;200,088;177,144;173,771;202,515;178,79;199,917;179,736;184,184;194,601;174,883;198,106;178,928;191,796;196,372;194,971;185,514;177,296;193,737;176,791;188,245;187,342;181,414;169,668;175,486;173,747;163,286;184,452;156,226;170,166;169,172;181,157;164,182;166,089;175,027;162,447;158,071;157,782;163,089;168,428;160,763;156,999;170,661;150,255;156,034;151,052;153,462;147,709;148,855;152,414;161,416;151,123;154,27;152,899;139,273;142,756;138,901;142,354;142,196;139,64;137,127;135,331;141,549;146,213;124,362;138,031;139,025;128,107;128,755;133,871;127,857;118,16;130,44;125,266;130,943;118,017;125,386;119,578;121,733;129,194;117,344;114,504;125,896;122,836;122,366;113,914;117,187;114,375;110,094;110,462;119,382;107,79;107,303;109,425;110,006;109,28;110,835;108,406;114,327;106,248;107,591;104,241;108,648;108,904;102,525;101,937;105,966;103,687;101,845;103,324;101,953;101,408;103,601;101,047;101,497;101,751;101,942;101,044;101,36;100,921;102,927;101,166;101,218
D06;X2;;3;97,817;98,833;98,913;99,197;99,651;99,638;99,957;99,953;99,788;100,337;100,504;100,577;100,86;100,948;100,912;100,83;101,151;101,388;101,52;101,908;101,606;102,132;102,162;101,821;102,107;102,323;102,368;102,467;102,845;103,208;102,998;102,883;103,192;103,042;103,59;102,979;103,549;103,457;103,634;104,434;104,263;104,216;104,461;105,026;105,189;105,783;105,622;105,717;106,468;106,955;106,872;106,671;106,87;107,091;107,467;107,151;107,431;108,24;108,028;108,272;108,152;108,1;108,166;108,033;108,06;108,689;109,082;108,554;108,94;109,749;109,94;109,3;109,264;109,885;110,1;110,709;110,143;109,84;110,333;110,675;110,558;111,073;110,669;111,126;110,948;111,113;110,909;111,719;111,04;112,036;112,018;111,7;111,923;112,359;112,755;112,319;112,812;112,261;112,758;112,654;112,497;112,7;112,511;113,3;113,597;112,762;112,756;113,048;113,437;113,911;113,864;113,611;113,563;113,45;113,766;114,406;113,876;114,404;114,037;114,949;114,662;115,055;114,895;114,786;114,577;115,132;115,598;115,644;116,001;116,094;115,672;116,273;116,808;116,169;116,612;116,509;116,61;117,688;116,721;116,941;117,303;117,528;118,294;118,502;117,991;118,337;118,271;117,605;118,456;118,706
D07;X2;;3;87,738;88,756;88,587;88,702;89,074;89,19;88,857;89,437;89,206;89,21;89,537;89,206;89,724;89,814;89,863;89,531;89,947;90,247;90,25;90,042;89,914;90,358;90,711;90,776;90,443;90,814;90,934;91,099;90,862;91,04;91,61;91,482;91,454;91,489;92,07;91,778;92,315;92,184;92,419;92,483;92,725;92,824;92,794;93,395;93,817;93,741;94,412;94,673;94,555;95,33;95,381;94,96;95,52;96,121;95,674;95,895;96,113;96,559;97,003;96,896;96,704;97,194;97,284;96,768;96,748;97,428;97,316;97,755;97,543;97,849;97,966;97,551;97,686;97,751;98,429;98,418;98,305;99,024;98,651;99,033;98,726;99,093;99,155;99,39;99,149;99,506;99,076;99,482;99,242;99,338;99,789;99,563;99,411;99,769;99,957;99,955;100,271;100,134;99,944;99,767;100,199;99,923;99,882;100,166;100,341;100,752;100,619;100,587;100,681;100,866;100,926;101,38;101,351;100,956;101,362;101,484;101,977;101,252;102,097;101,873;101,875;101,917;101,646;102,517;102,03;102,281;102,734;102,562;103,059;103,252;102,782;103,201;103,063;103,222;103,493;103,62;103,334;103,912;103,513;104,037;104,29;104,045;104,253;104,522;104,71;104,86;104,827;104,588;105,26;105,782
D08;X2;;3;86,112;87,161;86,898;87,276;87,284;87,384;87,675;87,471;87,732;87,857;87,685;87,706;88,23;88,275;88,094;88,094;88,371;88,421;88,635;88,597;88,352;88,63;88,859;88,639;89,031;89,12;89,268;89,301;89,373;89,691;89,714;89,516;89,925;90,429;90,447;90,439;90,319;90,236;90,593;90,654;90,999;91,519;91,265;91,81;92,157;92,433;92,862;93,002;93,538;93,642;93,683;93,569;93,326;94,164;93,908;93,988;94,484;94,559;94,688;95,093;94,907;95,235;94,939;94,735;95,179;95,082;95,317;96,252;96,052;95,566;95,726;96,287;95,863;96,573;96,311;96,377;96,575;96,584;96,713;96,867;97,013;97,001;97,039;97,467;97,073;97,332;97,339;97,979;97,264;97,738;97,98;97,772;98,046;97,469;98,539;97,986;98,273;98,387;98,193;98,048;98,228;98,781;98,503;98,794;98,678;98,886;98,771;99,288;99,006;99,34;99,054;99,125;99,502;99,606;99,311;99,939;100,634;99,94;100,122;100,557;100,46;100,332;100,963;100,409;100,687;101,113;100,685;100,944;101,539;100,984;101,246;101,52;101,609;101,939;101,508;102,165;102,261;102,382;102,634;102,34;102,603;102,571;103,055;102,86;103,597;103,011;103,338;103,166;103,552;104,129
D09;X2;;3;98,089;106,854;106,155;110,367;112,055;109,054;112,483;112,064;110,329;107,843;111,319;105,76;111,996;109,667;111,011;108,46;108,391;108,445;108,129;108,057;107,33;104,631;107,954;105,873;103,512;104,391;105,017;103,114;103,807;103,833;102,017;101,711;99,866;102,325;99,381;100,509;99,574;99,689;100,848;99,993;98,588;99,727;98,933;97,209;98,038;97,405;96,105;96,486;95,138;95,079;96,211;94,675;94,512;95,022;95,65;94,571;96,501;95,211;95,362;95,58;95,145;96,721;95,5;94,942;95,32;94,938;95,451;94,684;95,062;94,035;93,366;95,313;94,593;95,586;93,906;94,715;95,238;94,495;94,526;93,557;94,131;94,115;94,727;94,07;94,306;93,652;93,842;93,503;93,949;93,891;93,602;93,896;93,951;93,579;93,85;93,68;93,185;93,765;93,709;94,36;93,406;93,623;93,596;93,783;93,624;93,987;93,209;93,552;93,828;93,971;93,809;94,04;94,137;93,921;93,89;94,135;94,137;94,362;94,161;94,006;94,487;94,177;94,744;94,384;94,234;94,169;94,442;94,144;94,483;94,233;94,769;94,354;94,656;94,769;94,815;95,017;94,427;94,922;94,945;95,103;95,097;95,427;95,051;95,031;95,197;95,253;95,696;95,453;95,682;96,039
D10;X2;;3;84,551;89,157;86,851;88,598;87,353;88,624;86,723;87,652;86,292;87,885;86,411;87,128;89,473;88,579;89,005;89,212;86,84;88,689;86,692;87,623;88,507;88,088;89,158;88,42;89,433;87,285;87,684;89,333;87,771;87,69;88,722;87,779;89,437;89,74;89,431;89,452;89,903;89,976;90,706;90,749;89,607;89,837;90,229;90,463;90,367;91,24;91,228;91,675;91,89;92,133;92,401;92,39;92,331;92,527;92,827;92,861;93,074;93,547;93,749;93,94;93,755;93,842;94,119;94,154;94,037;94,177;94,727;94,447;94,661;94,708;95,039;94,726;94,723;94,9;95,224;95,012;95,398;95,642;95,548;95,682;95,681;96,055;96,133;96,238;96,205;96,171;96,144;96,357;96,371;96,743;96,851;96,941;96,945;97,226;96,894;96,933;97,469;97,72;97,543;98,017;97,818;97,623;98,177;98,222;98,181;98,375;98,348;98,502;98,812;98,857;99,278;98,807;98,816;99,379;99,01;99,43;99,744;99,565;99,599;99,885;100,38;99,774;99,703;100,341;99,621;100,441;100,655;100,606;100,737;100,991;101,168;101,373;100,691;100,956;100,965;101,178;100,961;101,21;101,462;100,95;101,747;101,831;101,925;101,775;101,868;102,061;102,39;102,041;102,503;102,757
E03;B3;;3;291,196;285,68;298,396;301,152;287,802;293,401;298,964;289,964;275,307;264,151;255,355;262,243;263,872;257,037;266,94;261,092;259,428;267,705;255,043;259,501;265,581;262,48;258,648;264,82;261,538;264,64;264,611;268,84;267,044;262,931;270,894;293,733;272,988;274,446;279,576;279,215;289,527;286,37;287,559;278,221;284,782;287,929;297,527;276,308;278,046;276,569;281,581;282,141;283,05;282,552;279,994;280,231;290,509;282,749;285,458;268,218;282,029;277,041;276,616;275,078;262,706;272,258;273,503;273,351;269,337;271,616;275,95;258,138;263,013;268,746;262,192;261,539;264,945;257,471;261,478;255,483;255,582;256,7;252,412;255,574;259,694;254,248;254,423;246,481;255,036;249,381;251,64;253,481;256,828;252,786;238,324;245,334;244,268;241,3;245,122;243,684;243,564;237,377;233,164;255,837;240,716;235,283;230,599;232,129;240,306;230,677;242,957;238,768;227,655;227,778;225,343;225,442;223,78;213,207;221,667;219,185;224,385;220,752;219,685;219,491;210,81;230,321;214,078;223,992;233,236;216,571;213,204;222,484;215,207;222,309;213,594;214,717;217,844;217,951;212,832;210,362;213,566;214,603;210,123;216,682;212,451;208,721;210,642;208,816;213,402;207,66;207,388;229,576;207,722;214,635
E04;B3;;3;253,799;251,192;244,102;246,033;253,538;254,1;249,9;248,993;252,435;253,497;251,271;257,757;257,108;255,438;256,248;260,531;259,603;263,449;266,886;268,843;268,575;265,025;269,592;274,599;275,366;278,422;277,647;281,444;280,98;282,393;281,851;295,328;285,867;292,502;295,129;280,156;296,549;302,638;305,897;301,897;303,492;304,426;306,952;299,542;306,147;307,245;310,537;305,778;316,785;322,605;316,755;320,97;325,975;319,707;324,736;324,159;325,423;328,821;332,718;328,969;325,309;325,431;324,044;330,503;325,168;336,32;332,262;333,771;336,363;337,877;337,207;335,018;335,051;340,189;338,888;337,382;337,198;340,7;332,07;338,929;338,859;330,086;338,512;333,143;337,434;333,071;337,678;332,326;332,111;337,867;334,053;337,426;334,032;334,261;335,875;335,926;335,132;331,682;334,905;335,017;333,604;336,276;331,827;335,19;331,128;334,29;334,069;333,14;334,306;334,904;333,892;334,169;332,419;332,656;333,888;333,762;333,538;331,734;333,745;334,786;334,922;335,965;336,674;337,935;338,154;338,926;337,394;340,934;340,468;341,554;340,059;341,091;340,585;340,311;339,571;340,115;339,335;339,21;339,443;338,976;340,837;339,766;339,779;339,799;339,8;339,746;340,026;339,791;339,925;340,41
E05;B3;;3;295,923;302,773;288,679;263,513;220,988;211,608;199,491;204,984;212,983;206,119;193,015;204,075;199,956;197,872;186,743;198,426;195,013;173,307;151,398;155,639;156,66;144,72;159,768;124,832;118,907;103,781;111,072;110,377;104,203;93,895;97,921;90,155;87,601;87,397;87,31;86,47;87,06;86,982;86,791;86,593;87,339;87,202;86,746;86,836;87,244;87,11;87,344;87,216;86,941;87,295;87,234;86,94;86,975;88,105;87,04;87,202;87,522;87,344;87,212;87,56;87,359;87,922;87,837;87,64;87,794;87,139;87,929;87,863;87,955;88,027;87,983;87,824;87,795;87,894;87,869;87,594;87,973;87,782;88,063;87,669;87,894;88,069;87,841;88,259;88,055;88,092;88,164;87,872;88,263;88,092;88,179;88,169;88,126;88,027;88,064;88,284;88,355;88,128;88,165;88,285;88,197;88,418;88,1;88,416;88,588;88,451;88,338;88,531;88,408;88,311;88,23;88,128;88,48;88,322;88,382;88,415;88,665;88,506;88,548;88,449;88,621;88,496;88,704;88,634;88,649;88,419;88,501;88,951;88,789;88,776;88,862;88,999;88,587;88,726;88,764;88,945;88,901;88,838;89,119;88,997;89,092;89,293;89,174;89,205;89,016;89,091;89,158;88,949;89,171;89,379
E06;X3;;3;97,832;99,137;99,102;98,805;98,858;98,928;99,229;99,097;99,101;98,96;98,957;99,31;99,31;99,405;99,252;99,502;99,641;99,777;99,978;99,682;99,551;100,006;100,116;100,026;100,575;100,245;100,373;100,365;100,659;100,73;100,618;100,649;100,646;100,915;100,979;100,745;101,129;100,964;101,257;101,422;101,402;101,697;101,938;102,207;102,428;102,725;103,005;102,779;103,101;103,41;103,887;104,205;104,567;104,613;105,162;105,483;105,979;106,496;106,909;107,246;107,911;108,627;109,275;109,728;110,389;111,032;111,904;112,482;113,319;113,86;114,789;115,904;116,345;117,837;119,198;120,178;121,328;122,515;123,855;125,029;126,295;128,14;129,487;131,214;132,563;134,036;135,838;137,814;139,836;141,799;143,918;146,014;147,897;150,274;150,934;152,155;154,412;156,522;158,808;160,881;161,983;163,519;165,481;167,511;168,936;170,466;172,315;174,485;176,749;179,164;180,796;182,593;185,356;187,056;189,812;192,896;194,966;197,382;200,898;203,787;207,072;210,009;214,128;219,509;226,959;233,659;237,947;244,244;248,79;253,596;261,341;274,538;281,707;287,809;296,487;303,336;310,697;315,908;321,56;326,481;328,374;329,255;329,63;332,57;331,369;331,933;331,805;330,379;329,355;329,968
E07;X3;;3;82,126;83,393;83,931;84,079;84,162;84,075;84,342;84,189;84,41;84,43;84,479;84,577;84,668;84,612;84,666;84,701;84,839;85,209;85,024;85,004;84,7;85,047;84,908;85,19;85,424;85,44;85,357;85,444;85,507;85,586;85,512;85,894;85,821;85,987;86,177;85,659;86,214;86,084;86,759;86,688;86,888;86,589;86,823;87,3;87,262;87,562;87,649;88,031;88,258;88,703;89,071;89,381;89,66;90,02;90,332;90,943;91,424;91,716;92,18;92,825;93,237;94,256;94,673;95,355;96,428;96,835;97,642;98,769;99,304;100,214;101,308;101,794;102,873;103,829;105,139;106,123;107,147;108,331;109,802;111,397;112,954;115,01;116,108;118,004;119,444;121,074;123,034;125,405;126,696;128,946;130,83;133,184;135,321;136,259;136,92;138,194;140,794;143,292;144,935;146,584;148,07;149,912;151,486;153,879;156,315;157,721;159,543;161,896;164,51;166,488;168,371;170,489;173,308;174,99;177,501;180,315;182,816;185,232;188,311;191,665;194,241;197,52;201,805;206,348;208,288;212,795;218,128;222,556;226,718;231,715;234,411;236,537;240,617;241,556;246,642;249,975;256,195;261,798;265,269;276,057;281,194;286,64;288,421;294,522;295,417;295,028;298,397;299,22;299,548;299,529
E08;X3;;3;80,381;82,941;84,518;82,385;83,138;83,073;85,057;81,616;83,4;80,934;81,002;83,25;82,269;82,187;82,883;81,196;82,254;83,32;84,577;84,062;80,974;81,39;82,623;83,48;82,315;81,756;82,025;82,36;81,755;81,509;82,521;82,054;82,325;83,622;82,501;82,188;82,299;82,305;83,469;83,566;83,27;83,085;83,351;83,518;83,967;84,248;84,059;84,519;84,8;85,057;85,282;85,66;86,004;86,475;87,037;87,205;87,758;88,367;88,642;89,158;89,802;90,246;90,971;91,616;92,276;92,757;93,702;94,67;95,377;95,857;96,711;97,677;98,608;99,824;101,032;102,12;103,315;105,099;106,235;107,543;108,746;110,587;111,755;113,456;115,178;116,496;118,131;120,089;121,907;123,499;125,988;128,16;129,273;130,349;132,15;133,733;135,933;137,84;139,846;141,332;142,7;144,465;146,212;148,512;150,563;151,859;154,26;156,325;158,805;160,864;163,136;164,999;167,43;169,475;171,886;174,702;177,57;180,116;183,329;186,393;189,855;192,643;196,319;200,953;203,572;207,545;211,997;217,227;220,45;224,342;227,318;228,837;230,655;232,663;233,643;233,809;234,796;235,799;235,739;235,733;236,107;236,526;241,11;245,055;246,583;245,334;247,708;245,221;245,587;247,089
E09;X3;;3;85,949;87,358;86,854;87,289;87,393;86,539;86,696;86,54;86,478;86,842;87,671;87,201;88,003;87,712;88,231;88,563;87,679;88,393;89,159;91,149;88,683;89,317;89,278;90,127;88,477;90,694;89,696;90,234;89,953;90,768;90,964;89,255;91,486;89,931;91,294;91,373;90,365;89,786;90,84;92,86;93,437;92,071;93,648;92,404;95,757;95,017;92,176;93,488;95,169;94,803;95,583;95,388;93,552;95,544;96,911;95,881;97,506;96,331;99,498;99,388;97,214;99,614;99,591;100,94;100,72;100,838;102,76;103,271;104,544;106,123;105,022;107,51;107,407;111,183;109,973;110,845;113,592;115,768;117,13;116,022;119,219;120,862;120,896;123,915;124,684;128,276;130,438;131,655;132,199;132,982;134,674;135,583;138,42;139,859;143,094;144,84;145,497;147,318;150,128;153,792;154,053;158,077;159,538;162,679;165,203;167,152;170,104;173,74;175,957;178,855;182,956;185,032;188,33;191,685;196,169;201,744;204,847;207,969;212,5;218,548;222,75;226,03;229,675;232,741;233,518;235,921;237,563;238,338;239,851;241,494;244,117;243,693;243,582;243,638;248,064;250,002;253,679;254,913;256,943;258,71;258,135;259,265;257,54;258,382;258,03;259,512;259,56;259,868;259,863;263,536
E10;X3;;3;93,964;95,877;95,753;95,663;96,1;95,968;95,926;96,34;96,16;96,174;96,563;96,411;96,223;96,266;96,45;96,477;96,323;96,643;96,656;96,149;96,458;96,349;96,56;96,602;96,457;96,607;96,992;96,875;97,144;96,783;97,077;96,978;97,341;97,511;97,504;97,333;97,729;97,565;98,005;98,226;98,457;98,073;98,568;99,051;99,143;99,776;99,597;100,029;100,276;100,949;101,207;101,517;101,962;102,482;103,112;103,451;103,935;104,624;104,998;105,613;106,648;107,152;107,963;108,741;109,784;110,15;111,41;112,204;113,285;113,932;115,049;116,164;117,342;118,855;120,107;121,079;122,451;123,949;125,545;127,096;128,664;130,552;131,874;134,047;135,591;137,577;139,295;141,715;143,705;145,264;145,777;147,984;149,897;152,351;154,504;156,332;158,814;160,645;162,166;164,444;166,234;168,828;171,219;174,126;176,389;178,47;181,03;183,621;185,619;188,61;191,406;193,546;197,119;199,907;202,651;206,631;210,51;214,049;217,754;222,329;225,926;230,695;236,127;241,707;243,771;247,25;250,512;253,29;254,316;255,929;258,023;260,076;262,318;263,748;265,791;267,483;267,911;269,469;270,301;271,818;273,814;275,672;274,897;274,44;271,167;273,909;276,255;278,623;282,835;285,707
F03;B4;;3;239,227;240,203;241,374;247,368;246,433;250,52;248,565;258,394;255,672;258,191;254,46;265,748;255,603;266,459;264,664;258,225;260,987;258,847;247,068;250,385;255,226;261,065;268,113;267,134;269,496;274,431;271,306;277,891;269,563;267,852;273,56;288,978;281,146;243,962;239,663;242,474;249,541;236,441;237,613;237,706;252,127;253,453;255,958;255,091;256,105;245,801;252,527;239,064;244,712;248,051;251,634;253,985;253,665;247,258;253,318;247,97;249,083;252,075;260,598;261,92;254,572;259,225;267,824;296,455;316,576;277,615;255,688;268,496;282,308;311,035;274,463;267,31;276,561;300,727;286,257;316,137;301,648;301,433;314,099;288,102;308,588;292,294;313,311;286,39;314,117;302,77;285,01;303,308;292,735;286,978;299,702;298,983;289,54;288,383;296,832;302,449;297,006;289,609;301,011;305,841;296,945;303,249;306,487;309,438;289,734;291,98;300,371;297,86;301,194;306,974;305,27;304,628;304,452;309,587;296,511;299,973;300,26;296,763;297,286;304,7;303,539;299,322;286,482;307,194;309,66;286,856;310,079;304,911;303,05;296,995;310,113;341,238;340,667;340,755;340,601;340,054;339,989;340,163;340,185;339,61;340,864;340,667;339,943;340,659;339,834;339,875;340,36;340,51;339,728;340,605
F04;B4;;3;225,239;291,975;312,071;322,176;329,855;334,803;338,334;340,835;343,109;344,609;346,54;347,666;348,788;345,109;349,739;350,066;350,499;351,356;351,541;351,171;351,417;350,385;351,63;352,225;352,513;352,43;353,246;352,846;352,909;351,401;352,037;343,824;352,34;346,594;345,14;336,469;343,892;346,516;342,894;345,452;332,416;314,735;308,463;309,806;292,598;303,454;288,995;280,391;272,624;264,669;261,831;269,908;269,132;249,914;261,74;264,643;259,223;255,993;242,304;240,532;234,473;225,592;234,226;238,196;226,897;223,051;223,831;225,056;238,81;229,724;231,891;229,728;228,6;232,226;236,182;234,818;231,805;225,075;225,045;221,92;239,144;233,054;221,691;238,145;231,345;227,037;222,286;234,865;231,323;223,774;232,475;229,787;227,242;225,985;225,69;221,713;221,665;225,766;223,991;216,915;221,668;225,66;223,099;214,761;231,919;223,603;232,685;218,759;227,645;233,458;204,796;232,247;219,044;220,988;224,545;231,221;226,989;212,328;213,975;231,106;224,158;204,072;197,808;209,692;216,377;209,602;206,594;202,899;214,842;204,828;193,388;197,927;219,652;216,808;209,394;203,142;204,72;201,296;208,559;187,531;201,356;203,283;201,143;204,328;201,306;202,444;199,767;179,713;192,222;188,265
F05;B4;;3;295,112;215,43;183,402;173,409;171,982;175,297;170,124;165,47;158,048;153,426;147,672;157,357;161,008;131,198;127,762;122,245;96,383;89,705;88,075;87,852;87,824;88,099;88,12;88,004;88,11;87,921;88,207;88,075;88,089;88,057;88,256;87,871;88,081;88,192;88,076;87,887;87,935;87,901;87,976;88,046;88,061;87,845;87,951;88,238;88,139;88,109;88,016;87,95;88,191;88,124;88,172;88,136;88,258;88,004;88,392;88,225;88,236;88,405;88,01;88,188;88,167;88,212;88,14;88,297;88,255;88,198;88,227;88,264;88,271;88,167;88,288;88,139;88,068;88,191;88,354;88,317;88,352;88,232;88,182;88,435;88,271;88,345;88,418;88,476;88,455;88,248;88,211;88,447;88,504;88,376;88,51;88,49;88,447;88,253;88,591;88,446;88,524;88,431;88,414;88,474;88,459;88,468;88,312;88,356;88,386;88,437;88,616;88,434;88,63;88,459;88,434;88,346;88,557;88,456;88,453;88,562;88,651;88,59;88,739;88,68;88,611;88,476;88,562;88,678;88,537;88,518;88,682;88,624;88,734;88,721;88,9;88,722;88,676;88,688;88,88;88,703;88,71;88,732;88,649;88,789;88,816;88,897;88,589;88,823;88,775;88,703;88,988;88,741;88,68;89,004
F06;X4;;3;94,242;95,439;96,084;96,645;97,088;97,349;97,779;98,049;98,335;98,828;99,106;99,435;99,746;100,098;100,029;100,49;100,6;100,818;101,076;100,969;101,095;101,213;101,356;101,574;101,366;101,445;101,862;101,952;102,201;102,209;102,239;102,273;102,564;102,834;102,881;102,715;103,118;103,19;103,376;103,604;103,876;103,903;104,141;104,597;104,853;105,085;105,227;105,713;106,07;106,6;107,021;107,339;107,955;108,444;109,059;109,551;110,183;110,823;111,227;112,09;112,264;113,379;113,986;114,681;115,476;115,868;116,926;117,803;118,579;119,363;120,521;121,299;122,129;123,355;124,466;125,669;126,853;127,939;129,235;131,111;132,189;133,948;135,296;137,22;138,62;139,094;140,121;142,169;143,902;146,461;148,232;150,046;151,891;154,573;156,666;159,601;162,372;164,583;167,488;170,387;172,896;176,333;178,73;182,865;186,816;189,747;193,422;197,146;201,298;205,344;208,54;212,89;217,845;219,587;223,2;228,903;234,37;238,041;242,643;245,615;250,243;253,389;258,288;260,89;265,523;270,196;275,466;279,686;285,617;291,052;296,464;303,336;307,997;313,84;320,957;321,835;321,861;327,521;332,125;337,416;341,076;340,984;340,283;341,116;340,174;340,24;340,677;340,831;340,703;341,185
F07;X4;;3;86,968;87,865;88,038;88,559;88,635;88,946;89,511;89,539;89,831;89,852;90,047;90,306;90,451;90,549;90,812;91,006;91,324;91,436;91,552;91,322;91,547;91,932;92,183;91,915;92,267;92,599;92,628;92,615;93,225;92,964;93,111;93,452;93,647;93,931;93,986;93,925;94,393;94,346;94,546;94,824;95,089;95,047;95,391;95,986;95,912;96,153;96,34;96,972;97,164;97,686;98,177;98,414;99,127;99,517;100,025;100,372;100,913;101,51;101,702;102,547;102,899;103,707;104,116;104,841;105,591;106,137;106,909;107,729;108,601;109,069;110,104;111,022;111,835;112,89;114,186;114,889;116,008;117,188;118,38;119,754;121,115;122,553;123,823;125,786;127,119;128,019;128,176;130,01;132,047;134,038;136,287;137,77;139,724;142,179;144,023;146,842;149,497;151,249;154,228;157,072;158,734;161,919;164,6;168,722;172,011;174,528;177,977;181,51;185,149;189,311;192,612;196,273;200,505;204,299;206,01;210,762;214,919;219,095;223,326;226,949;230,451;233,036;236,819;239,915;242,807;247,019;250,897;254,892;258,23;262,29;267,192;272,296;277,685;282,824;288,379;294,362;299,842;305,31;308,164;314,272;316,891;323,223;326,304;332,188;334,565;338,578;339,999;340,132;340,774;341,281
F08;X4;;3;85,588;86,656;86,488;86,421;86,732;86,934;86,845;86,894;86,987;87,181;87,181;87,166;87,186;87,652;87,474;87,428;87,616;87,753;87,927;87,926;87,972;88,197;88,5;88,48;88,579;88,559;88,879;88,962;89,005;89,066;89,248;89,286;89,596;89,729;89,854;89,861;90,171;89,962;90,222;90,566;90,816;90,815;90,949;91,342;91,346;91,679;91,896;92,031;92,463;92,628;93,063;93,211;93,778;94,324;94,673;94,962;95,524;96,077;96,302;96,975;97,221;97,804;98,269;98,97;99,485;99,953;100,851;101,391;102,159;102,654;103,681;104,278;105,027;105,98;106,909;107,645;108,58;109,744;110,855;111,898;112,995;114,635;115,585;117,396;118,488;120,072;121,507;122,171;122,529;124,612;126,668;128,579;130,02;131,889;133,883;135,833;138,262;140,558;142,881;145,694;147,64;150,643;153,346;156,572;159,558;161,693;165,183;168,501;171,816;175,566;178,874;182,228;186,739;190,589;194,081;197,395;199,997;203,623;208,691;213,524;216,471;219,39;223,293;225,544;229,538;232,644;236,032;239,71;243,909;248,399;252,794;258,972;263,523;269,883;275,045;280,853;284,888;289,378;293,399;297,637;301,888;306,295;309,86;313,99;313,902;316,921;320,202;319,92;321,511;325,274
F09;X4;;3;87,608;87,841;86,737;87,37;87,472;87,625;88,129;87,683;88,34;88,233;88,861;88,475;90,262;89,783;88,847;88,746;89,157;89,614;89,652;89,697;89,52;89,728;89,796;90,282;90,238;90,341;90,69;90,806;91,803;91,686;91,667;91,828;92,231;92,726;92,677;92,98;93,539;93,564;94,154;94,697;95,128;95,037;95,725;96,154;96,315;96,946;97,193;97,733;98,334;98,798;99,279;99,764;100,595;101,078;101,854;102,245;103,016;103,896;104,39;105,282;105,921;106,955;107,588;108,521;109,515;110,119;111,177;112,122;113,035;114,062;115,111;115,966;117,066;118,295;119,543;120,837;122,075;123,546;125,024;126,336;127,903;130,174;131,456;133,528;135,31;136,274;136,847;139,169;141,192;143,223;145,736;147,437;149,212;152,138;154,555;157,197;159,841;162,618;165,097;168,854;170,891;174,556;177,24;181,786;185,283;187,773;192,442;196,36;200,691;205,095;209,133;212,509;218,079;220,653;224,575;230,291;235,421;240,114;243,246;248,862;251,558;255,696;259,281;264,6;268,24;274,315;279,593;285,336;290,699;296,523;302,689;308,479;314,158;319,856;327,827;331,479;330,349;333,865;337,749;340,353;341,503;341,308;340,607;341,44;340,497;340,563;341,001;341,155;341,023;341,506
F10;X4;;3;94,132;95,701;95,781;95,874;96,45;96,226;96,55;96,783;96,933;97,355;97,791;97,636;98,084;98,52;98,649;99,043;99,125;99,654;99,932;99,949;100,476;100,347;100,852;101,045;101,239;101,325;101,88;101,874;102,357;102,184;102,32;102,484;102,917;103,364;103,555;103,716;104,018;103,869;104,558;104,772;105,154;105,229;105,712;106,257;106,386;106,964;107,025;107,513;108,246;108,855;109,525;109,749;110,622;111,249;111,982;112,29;113,076;113,901;114,693;115,229;116,2;116,82;117,22;118,197;119,167;119,596;120,831;121,483;122,575;123,245;124,15;125,276;126,032;127,117;128,272;129,292;130,681;131,703;133,094;134,421;135,466;137,235;138,882;140,338;141,852;143,364;143,307;145,033;146,448;148,64;151,051;152,614;154,53;156,866;158,429;161,121;163,591;165,497;168,203;170,88;172,744;175,926;178,669;182,687;185,451;187,246;191,523;194,833;197,731;202,302;206,353;209,886;213,775;218,207;220,824;224,608;229,553;233,498;237,979;241,784;245,91;248,936;252,97;257,457;259,921;264,62;268,916;273,036;277,238;281,656;287,411;293,433;298,25;305,329;311,195;317,469;323,094;327,9;332,275;337,964;340,731;341,36;340,671;341,546;340,603;340,669;341,107;341,26;341,129;341,612
C03;B1;;4;295,932;305,305;317,047;324,413;330,367;335,541;339,089;341,584;343,58;344,811;346,119;347,574;348,489;349,294;349,756;350,242;350,219;351,102;351,242;351,102;351,521;351,265;351,428;351,919;352,317;352,388;352,481;352,552;353,164;352,411;352,622;352,552;352,341;352,599;351,521;352,27;352,341;352,13;352,106;351,592;351,521;351,592;350,636;351,125;350,381;350,219;349,409;349,479;348,673;347,779;347,505;347,345;346,708;346,754;346,572;345,893;345,441;345,081;344,586;344,295;343,78;343,379;344,16;343,223;342,978;342,579;342,335;341,65;341,65;341,584;340,989;341,297;341,143;340,682;340,726;340,551;340,222;340,353;339,873;339,524;339,089;339,089;339,023;338,135;338,135;337,898;337,639;337,08;337,639;337,402;337,22;337,316;337,03;337,224;336,486;336,541;336,537;336,19;336,398;335,071;335,514;335,032;335,097;334,149;333,696;333,347;332,805;331,302;330,547;330,558;330,315;329,086;328,829;329,434;329,773;328,93;329,528;329,397;329,158;329,759;331,027;329,28;329,464;331,072;328,893;330,574;332,802;332,219;333,22;334,671;334,966;335,067;337,447;336,702;339,184;339,589;339,916;340,353;340,288;340,178;340,814;340,178;340,025;340,616;339,873;340,222;340,047;340,419;340,441
C04;B1;;4;296,024;305,4;317,146;324,514;330,47;335,645;339,194;341,69;343,686;344,918;346,226;347,682;348,597;349,403;349,864;350,351;350,328;351,211;351,351;351,211;351,631;351,374;351,537;352,028;352,427;352,497;352,591;352,661;353,273;352,52;352,732;352,661;352,45;352,708;351,631;352,38;352,45;352,239;352,216;351,701;351,631;351,701;350,745;351,234;350,49;350,328;349,518;349,587;348,781;347,887;347,606;347,446;346,799;346,775;346,43;344,077;344,659;344,476;342,247;344,116;340,878;339,397;344,078;335,757;342,082;335,563;336,997;340,329;340,179;335,183;335,215;335,548;327,327;327,338;329,042;331,004;327,949;327,469;323,378;326,324;323,644;325,142;325,517;320,262;322,843;317,601;319,914;316,93;312,465;316,05;311,576;311,372;296,442;301,316;296,485;293,947;294,036;294,661;294,056;292,957;294,019;296,324;298,908;308,803;320,782;331,585;334,169;334,981;334,726;334,663;334,521;334,542;334,458;333,93;334,268;333,657;333,657;334,226;334,881;334,712;335,348;336,136;336,991;337,895;338,955;339,629;339,956;340,832;340,854;341,293;341,183;341,425;340,35;340,131;340,788;339,694;340,022;340,459;340,393;340,284;340,92;340,284;340,131;340,722;339,978;340,328;340,153;340,525;340,547
C05;B1;;4;296,116;305,495;317,244;324,615;330,573;335,75;339,299;341,796;343,793;345,025;346,334;347,789;348,706;349,511;349,973;350,459;350,436;351,32;351,46;351,32;351,74;351,483;351,646;352,137;352,536;352,606;352,7;352,771;353,383;352,63;352,841;352,771;352,559;352,818;351,74;352,489;352,559;352,348;352,325;351,81;351,74;351,81;350,854;351,343;350,599;350,436;349,626;349,696;348,889;347,995;347,721;347,561;346,924;346,969;346,787;346,107;345,655;345,295;344,8;344,509;343,994;343,592;344,374;343,436;343,191;342,791;342,548;341,862;341,862;341,796;341,201;341,509;341,355;340,894;340,938;340,762;340,433;340,565;340,084;339,735;339,299;339,299;339,234;338,345;338,345;338,108;337,849;337,289;337,849;337,612;337,44;337,526;337,246;337,44;336,732;336,817;336,753;336,496;336,86;335,813;336,005;336,24;336,133;335,728;335,75;335,388;334,816;335,112;334,837;334,773;334,625;334,646;334,562;334,034;334,372;333,76;333,76;334,329;334,985;334,816;335,452;336,237;337,093;338;339,04;339,687;339,953;340,767;340,837;341,129;341,091;340,759;339,259;339,065;339,74;337,409;337,271;336,205;333,639;334,871;335,691;330,278;329,251;328,633;328;327,775;327,852;330,222;327,236
C06;X1;;4;255,762;256,916;256,195;256,962;257,949;259,418;261,896;260,984;262,148;262,679;262,223;263,667;264,026;264,042;265,487;265,246;266,122;266,139;267,174;266,769;267,538;267,35;267,555;268,546;268,938;270,064;269,264;270,473;271,943;271,438;271,671;272,538;274,157;274,658;274,347;275,845;276,443;278,951;278,685;279,327;281,145;283;282,596;284,576;286,633;287,987;290,24;293,21;293,752;295,528;299,193;300,009;302,788;305,137;308,313;311,824;314,167;317,057;321,617;324,837;328,69;331,267;335,757;338,583;338,001;338,709;339,417;339,669;341,003;341,474;341,205;341,584;341,451;340,996;341,047;340,871;340,542;340,674;340,193;339,843;339,408;339,408;339,343;338,454;338,454;338,216;337,957;337,397;337,957;337,72;337,548;337,634;337,354;337,548;336,84;336,925;336,861;336,604;336,968;335,921;336,113;336,348;336,241;335,836;335,857;335,495;334,923;335,219;334,944;334,88;334,732;334,753;334,669;334,141;334,479;333,867;333,867;334,436;335,092;334,923;335,559;336,348;337,204;338,108;339,169;339,843;340,171;341,047;341,069;341,508;341,398;341,641;340,564;340,346;341,003;339,909;340,236;340,674;340,608;340,499;341,135;340,499;340,346;340,937;340,193;340,542;340,367;340,74;340,762
C07;X1;;4;276,061;276,863;276,675;277,512;276,58;278,542;278,635;280,356;278,812;278,996;279,964;280,918;280,984;280,448;280,184;282,268;282,102;282,187;284,023;283,274;282,025;283,961;283,72;286,573;284,336;286,542;285,414;287,307;287,777;286,871;288,135;288,547;288,892;288,98;290,752;292,606;292,859;293,893;294,3;297,486;297,631;299,123;299,22;300,664;302,308;302,796;306,375;307,528;308,149;310,992;311,147;312,424;313,365;315,201;315,501;315,918;317,709;319,331;319,653;323,634;326,208;327,715;332,345;333,874;337,781;338,191;340,706;341,356;341,78;341,854;341,379;341,714;341,564;341,109;341,153;340,977;340,648;340,78;340,298;339,949;339,513;339,513;339,448;338,559;338,559;338,321;338,062;337,502;338,062;337,825;337,653;337,739;337,459;337,653;336,944;337,03;336,965;336,708;337,073;336,025;336,217;336,452;336,345;335,94;335,961;335,6;335,027;335,323;335,048;334,984;334,836;334,857;334,773;334,245;334,582;333,971;333,971;334,54;335,196;335,027;335,663;336,452;337,309;338,213;339,274;339,949;340,276;341,153;341,174;341,614;341,504;341,747;340,67;340,451;341,109;340,014;340,342;340,78;340,714;340,604;341,24;340,604;340,451;341,043;340,298;340,648;340,473;340,845;340,867
C08;X1;;4;281,247;281,838;283,772;284,581;286,307;288,13;290,768;291,741;292,562;292,819;294,814;295,169;296,002;296,861;298,819;299,599;298,99;301,333;301,348;302,74;304,239;304,344;305,154;306,623;307,214;309,23;309,238;310,183;311,722;312,053;313,967;314,236;316,832;318,06;318,165;320,84;320,925;323,607;323,974;325,708;327,192;329,627;331,383;334,647;336,377;338,771;340,042;342,846;342,765;344,401;345,354;346,051;345,858;346,334;346,419;346,083;345,87;345,547;345,094;344,812;344,314;343,912;344,695;343,759;343,514;343,114;342,87;342,184;342,184;342,117;341,522;341,831;341,676;341,214;341,258;341,083;340,754;340,885;340,404;340,054;339,618;339,618;339,553;338,664;338,664;338,426;338,167;337,607;338,167;337,929;337,757;337,843;337,564;337,757;337,048;337,134;337,07;336,813;337,177;336,129;336,321;336,556;336,449;336,044;336,065;335,704;335,131;335,427;335,152;335,088;334,94;334,961;334,876;334,348;334,686;334,074;334,074;334,644;335,3;335,131;335,767;336,556;337,413;338,318;339,379;340,054;340,382;341,258;341,28;341,72;341,61;341,853;340,776;340,557;341,214;340,12;340,447;340,885;340,819;340,71;341,346;340,71;340,557;341,148;340,404;340,754;340,579;340,951;340,973
C09;X1;;4;267,069;268,559;269,54;271,199;272,332;277,467;276,56;278,396;278,206;279,531;280,252;282,196;282,565;284,24;285,33;286,544;286,802;287,785;289,363;289,582;292,773;291,63;291,79;294,08;294,617;295,195;296,929;297,589;299,93;300,463;300,276;301,783;303,169;305,443;304,714;307,674;310,064;311,518;312,361;314,405;316,222;318,204;319,377;321,418;324,313;328,168;330,874;333,463;333,623;335,342;334,172;334,638;332,906;332,717;334,841;334,243;338,249;334,903;334,161;336,22;334,436;337,725;339,68;340,174;341,477;341,694;342,455;342,088;342,214;342,199;341,618;341,933;341,786;341,324;341,367;341,192;340,863;340,994;340,512;340,163;339,727;339,727;339,662;338,772;338,772;338,534;338,275;337,715;338,275;338,038;337,865;337,951;337,672;337,865;337,156;337,242;337,178;336,921;337,285;336,237;336,429;336,664;336,557;336,152;336,173;335,811;335,238;335,535;335,259;335,195;335,047;335,068;334,984;334,455;334,793;334,181;334,181;334,751;335,407;335,238;335,875;336,664;337,521;338,426;339,488;340,163;340,491;341,367;341,389;341,83;341,72;341,962;340,885;340,666;341,324;340,228;340,556;340,994;340,928;340,819;341,455;340,819;340,666;341,258;340,512;340,863;340,688;341,06;341,082
C10;X1;;4;251,595;252,678;255,122;256,894;259,412;260,789;262,823;264,155;265,045;265,501;266,82;268,745;269,069;270,499;272,405;272,52;272,643;276,393;274,807;276,607;276,793;276,634;277,216;278,844;280,109;280,704;281,655;282,922;284,485;284,433;285,744;286,22;288,479;289,874;290,685;293,072;294,231;296,569;297,054;299,504;301,355;303,183;304,077;307,901;308,505;311,631;313,199;314,924;315,999;319,177;319,082;319,475;320,142;320,334;321,377;320,723;320,2;322,555;322,859;324,303;325,85;328,482;332,231;335,716;336,923;337,974;338,913;339,457;340,808;341,31;341,246;341,868;341,833;341,399;341,463;341,291;340,968;341,1;340,618;340,268;339,832;339,832;339,767;338,877;338,877;338,639;338,38;337,819;338,38;338,142;337,97;338,056;337,776;337,97;337,261;337,347;337,282;337,025;337,39;336,341;336,533;336,768;336,661;336,256;336,277;335,915;335,342;335,639;335,363;335,299;335,151;335,172;335,087;334,559;334,897;334,285;334,285;334,855;335,511;335,342;335,979;336,768;337,626;338,531;339,593;340,268;340,596;341,473;341,495;341,936;341,825;342,068;340,99;340,771;341,429;340,334;340,662;341,1;341,034;340,925;341,561;340,925;340,771;341,363;340,618;340,968;340,793;341,166;341,188
D03;B2;;4;295,935;305,308;317,051;324,417;330,371;335,545;339,092;341,587;343,583;344,814;346,122;347,577;348,493;349,298;349,759;350,245;350,222;351,105;351,245;351,105;351,525;351,268;351,432;351,922;352,321;352,391;352,485;352,555;353,167;352,415;352,626;352,555;352,344;352,602;351,525;352,274;352,344;352,133;352,11;351,595;351,525;351,595;350,64;351,129;350,385;350,222;349,413;349,482;348,676;347,783;347,509;347,349;346,712;346,757;346,576;345,896;345,444;345,084;344,59;344,298;343,784;343,382;344,164;343,226;342,982;342,582;342,338;341,653;341,653;341,587;340,993;341,301;341,147;340,686;340,729;340,554;340,226;340,357;339,876;339,527;339,092;339,092;339,027;338,139;338,139;337,901;337,643;337,083;337,643;337,406;337,234;337,32;337,04;337,234;336,526;336,612;336,547;336,291;336,655;335,608;335,8;336,035;335,928;335,523;335,545;335,183;334,611;334,908;334,632;334,569;334,421;334,442;334,357;333,83;334,167;333,557;333,557;334,125;334,78;334,611;335,247;336,035;336,89;337,793;338,853;339,527;339,854;340,729;340,751;341,191;341,081;341,323;340,247;340,029;340,686;339,592;339,92;340,357;340,291;340,182;340,817;340,182;340,029;340,62;339,876;340,226;340,051;340,423;340,444
D04;B2;;4;296,027;305,403;317,149;324,517;330,473;335,649;339,197;341,693;343,69;344,921;346,23;347,685;348,601;349,406;349,868;350,354;350,331;351,214;351,354;351,214;351,634;351,377;351,541;352,032;352,43;352,5;352,594;352,665;353,277;352,524;352,735;352,665;352,454;352,712;351,634;352,383;352,454;352,242;352,219;351,704;351,634;351,704;350,749;351,238;350,493;350,331;349,521;349,591;348,785;347,891;347,617;347,457;346,819;346,865;346,683;346,003;345,552;345,191;344,697;344,405;343,891;343,489;344,271;343,333;343,088;342,689;342,445;341,759;341,759;341,693;341,099;341,407;341,253;340,791;340,835;340,66;340,331;340,463;339,982;339,633;339,197;339,197;339,132;338,244;338,244;338,006;337,747;337,188;337,747;337,51;337,338;337,424;337,145;337,338;336,631;336,716;336,652;336,395;336,759;335,713;335,904;336,139;336,032;335,627;335,649;335,287;334,715;335,012;334,736;334,673;334,525;334,546;334,461;333,934;334,271;333,66;333,66;334,229;334,884;334,715;335,351;336,139;336,995;337,898;338,958;339,633;339,96;340,835;340,857;341,297;341,187;341,429;340,353;340,134;340,791;339,698;340,025;340,463;340,397;340,287;340,923;340,287;340,134;340,725;339,982;340,331;340,156;340,528;340,55
D05;B2;;4;296,119;305,498;317,247;324,618;330,576;334,392;333,9;336,251;334,551;341,499;335,72;341,517;339,199;342,788;338,67;340,908;341,741;336,175;334,438;337,722;338,711;341,169;337,762;338,805;339,76;341,959;340,01;338,387;339,975;335,255;339,238;340,53;338,403;343,1;337,626;340,575;341,592;339,804;333,777;334,405;340,805;339,5;338,357;338,304;338,433;338,378;335,419;338,643;334,255;339,465;337,165;337,087;335,885;332,294;337,013;331,042;334,53;331,202;331,549;333,268;333,682;330,614;328,854;328,068;331,66;331,662;331,542;331,703;328,1;331,42;326,653;327,957;331,15;331,078;332,287;328,116;328,263;330,025;326,846;327,504;325,675;323,922;329,021;320,404;328,433;325,15;322,72;324,617;322,399;318,595;325,048;326,152;320,974;315,899;319,052;326,832;325,624;323,082;315,664;313,866;315,972;313,063;310,7;313,736;310,227;323,089;321,502;314,743;312,236;312,418;316,533;310,708;315,254;314,704;319,921;316,507;312,291;315,102;308,579;311,904;311,272;310,98;315,561;307,686;313,256;312,611;310,145;319,481;314,181;310,483;317,826;307,848;311,257;309,337;304,254;301,842;301,68;304,267;302,944;305,085;300,402;299,429;298,896;299,941;298,214;299,792;300,039;299,934;299,77
D06;X2;;4;286,199;287,657;287,817;289,458;291,167;291,977;293,638;294,55;294,654;295,775;295,746;296,899;297,077;298,229;298,178;298,996;299,393;299,891;299,965;300,647;300,82;302,381;301,282;303,656;304,148;302,401;303,816;303,651;303,403;303,749;304,563;303,849;305,329;305,344;304,996;306,153;306,461;308,591;306,071;308,708;306,594;306,887;308,631;309,866;311,2;311,325;312,153;313,464;312,465;312,974;313,514;314,222;312,802;314,177;313,044;314,619;313,548;314,741;315,291;315,493;317,201;315,524;317,228;316,714;316,605;317,441;319,512;320,843;320,888;320,118;320,001;320,085;320,624;322,278;322,695;321,762;320,995;320,853;321,591;322,522;322,703;323,433;323,392;323,523;323,046;325,807;324,993;325,569;324,905;325,974;325,822;326,868;325,733;327,071;325,893;328,073;327,505;327,555;328,489;326,278;328,233;327,961;328,409;329,152;328,615;328,49;328,05;329,555;330,011;329,325;330,124;330,275;329,572;329,297;330,657;330,032;329,865;330,796;331,24;331,8;331,45;330,741;332,268;332,239;333,827;334,396;334,453;333,686;334,991;335,252;334,338;336,127;337,467;335,493;336,622;336,249;336,856;338,131;337,364;337,599;339,22;337,749;338,943;339,228;338,674;339,169;339,329;339,662;339,752
D07;X2;;4;256,968;258,237;258,796;259,568;261,142;263,148;264,606;264,867;265,279;265,742;266,452;267,9;267,949;268,561;268,821;269,805;269,637;270,426;270,649;271,016;271,231;271,061;271,881;271,362;271,333;273,06;271,746;273,393;272,926;274,095;273,871;273,95;273,747;274,827;275,544;275,616;276,14;276,62;276,175;278,173;277,431;278,201;277,772;279,861;280,429;281,036;281,87;281,901;282,274;283,111;282,189;281,909;282,823;283,162;284,246;283,893;284,75;285,148;285,388;285,847;286,442;285,475;286,628;286,195;286,43;286,772;286,89;287,586;287,983;287,616;288,242;289,025;288,666;289,422;288,357;288,42;289,662;289,75;289,718;288,958;289,468;290,629;290,152;289,998;289,443;289,598;290,225;289,991;291,3;291,846;291,458;291,552;290,872;292,441;291,018;293,351;291,98;291,889;293,223;291,576;293,783;292,538;292,677;294,522;292,979;294,435;293,795;294,341;295,275;295,393;295,226;294,29;295,655;294,397;295,953;295,913;295,913;297,314;297,257;296,181;298,215;296,916;298,506;298;301,09;299,979;299,284;300,631;300,797;300,618;301,177;302,498;301,791;300,255;303,233;303,458;303,423;303,64;305,139;302,567;304,207;304,155;304,774;305,962;305,205;307,039;307,16;307,182;307,018
D08;X2;;4;253,489;254,775;255,979;257,989;260,467;262,628;263,621;263,751;265,361;266,164;266,071;266,695;268,138;268,712;267,49;269,998;269,044;269,504;269,693;270,095;270,062;270,333;270,191;270,428;271,46;272,365;272,138;271,55;272,456;273,234;273,903;273,258;272,749;274,287;274,537;274,511;275,198;275,985;274,99;278,444;276,976;277,113;278,084;280,275;280,169;280,517;282,78;281,975;281,314;283,066;281,646;283,238;282,392;282,766;282,406;283,193;282,765;284,522;284,018;284,778;285,034;284,846;286,159;286,284;285,101;285,009;284,724;285,273;286,888;287,12;287,132;288,232;287,241;287,74;286,921;287,585;288,435;288,782;287,659;287,619;289,104;288,231;289,538;288,826;288,64;289,192;289,549;288,968;289,938;288,907;289,458;291,745;289,353;291,177;290,125;290,755;291,158;291,303;290,822;290,003;291,14;291,872;291,719;292,93;292,068;292,69;291,487;292,627;292,628;294,901;294,469;293,824;294,487;294,644;296,217;294,129;294,176;293,64;294,772;295,897;295,831;296,503;297,288;298,633;296,658;298,479;300,261;300,116;301,869;299,504;300,118;300,755;300,864;300,432;303,059;302,607;301,69;302,443;302,054;303,531;304,794;304,495;304,413;305,416;304,974;306,708;305,652;305,29;307,683
D09;X2;;4;283,473;294,169;304,988;303,965;311,026;306,78;310,091;318,304;323,481;322,147;318,097;326,17;323,971;323,079;329,076;322,732;319,182;327,223;317,121;324,189;316,458;316,392;325,613;319,177;310,71;321;313,069;309,286;307,234;311,774;314,617;309,607;310,11;300,75;305,847;304,94;299,457;297,846;303,503;300,704;300,25;299,271;293,746;292,087;295,728;290,057;287,196;293,374;289,901;289,44;290,83;286,47;283,462;286,447;287,186;284,194;285,173;288,642;284,691;286,406;288,973;286,249;282,937;284,105;285,358;284,076;285,725;282,166;281,273;283,859;281,201;281,988;281,474;282,977;279,335;279,546;279,661;280,727;280,582;282,335;279,759;280,879;280,01;278,505;279,511;279,961;278,908;279,594;277,93;277,08;276,128;277,607;278,157;277,125;278,777;276,607;276,668;280,149;276,942;279,624;276,599;277,526;276,22;276,727;277,753;276,853;276,373;276,337;277,56;277,468;277,422;277,299;277,195;276,454;277,925;277,263;278,723;278,181;278,273;277,784;277,278;277,472;279,44;279,773;279,036;280,257;280,122;281,099;280,814;280,899;282,455;281,332;280,303;281,219;281,193;280,671;281,248;281,443;281,77;281,496;282,472;281,377;281,526;282,332;282,26;283,873;283,104;283,546;284,604
D10;X2;;4;248,747;248,37;252,709;257,982;260,59;261,33;258,867;262,431;258,676;269,51;272,855;262,567;271,572;263,748;267,203;268,525;261,643;270,137;265,165;270,559;268,415;262,791;265,246;268,655;270,578;266,57;270,051;269,466;267,352;269,588;267,815;267,51;270,522;266,985;271,823;270,482;268,772;269,881;274,39;270,912;271,418;273,465;271,1;274,843;276,204;274,084;276,478;274,905;276,855;276,595;277,383;277,3;276;277,29;277,998;277,82;279,603;277,725;279,28;279,968;278,892;281,445;279,928;280,021;280,423;280,6;281,213;281,581;282,08;282,029;281,385;282,422;281,652;281,742;283,037;282,445;282,963;283,567;284,17;283,123;284,306;283,406;284,594;284,346;284,705;283,923;285,643;284,06;286,009;285,876;287,044;286,026;287,072;286,037;287,56;288,372;287,13;287,901;288,466;288,463;288,816;289,099;289,307;289,822;290,626;289,018;289,469;289,618;291,324;290,254;291,545;292,518;291,537;292,929;291,13;292,662;291,851;293,911;293,746;293,936;294,441;293,467;295,088;295,883;295,538;295,919;295,955;296,298;295,747;296,73;297,201;297,456;298,925;298,45;299,665;298,074;298,695;298,547;299,522;301,736;300,746;299,467;300,677;301,445;301,049;301,795;301,865;301,656;302,862
E03;B3;;4;295,935;305,308;317,051;324,417;330,371;335,545;339,092;341,587;343,583;344,814;346,122;347,577;348,493;349,298;349,759;350,245;350,222;351,105;351,245;351,105;351,525;351,268;351,432;351,922;352,321;352,391;352,485;352,555;353,167;352,415;352,626;352,555;352,344;352,602;351,525;352,274;352,344;352,133;352,11;351,595;351,525;351,595;350,64;351,129;350,385;350,222;349,413;349,482;348,676;347,783;347,509;347,349;346,712;346,757;346,576;345,896;345,444;345,084;344,59;344,298;343,784;343,382;344,164;343,226;342,982;342,582;342,338;341,653;341,653;341,587;340,993;341,301;341,147;340,686;340,729;340,554;340,226;340,357;339,876;339,527;339,092;339,092;339,027;338,139;338,139;337,901;337,643;337,083;337,643;337,406;337,234;337,32;337,04;337,234;336,526;336,612;336,547;336,291;336,655;335,608;335,8;336,035;335,928;335,523;335,545;335,183;334,611;334,908;334,632;334,569;334,421;334,442;334,357;333,83;334,167;333,557;333,557;334,125;334,78;334,611;335,247;336,035;336,89;337,793;338,853;339,527;339,854;340,729;340,751;341,191;341,081;341,323;340,247;340,029;340,686;339,592;339,92;340,357;340,291;340,182;340,817;340,182;340,029;340,62;339,876;340,226;340,051;340,423;340,444
E04;B3;;4;296,03;305,406;317,152;324,521;330,477;335,652;339,201;341,697;343,693;344,925;346,233;347,688;348,604;349,41;349,871;350,358;350,335;351,218;351,358;351,218;351,638;351,381;351,544;352,035;352,434;352,504;352,598;352,668;353,28;352,527;352,739;352,668;352,457;352,715;351,638;352,387;352,457;352,246;352,223;351,708;351,638;351,708;350,752;351,241;350,497;350,335;349,525;349,594;348,788;347,894;347,62;347,46;346,823;346,868;346,687;346,007;345,555;345,195;344,7;344,409;343,894;343,492;344,274;343,336;343,092;342,692;342,448;341,763;341,763;341,697;341,102;341,41;341,256;340,795;340,839;340,663;340,335;340,466;339,985;339,636;339,201;339,201;339,135;338,247;338,247;338,01;337,751;337,191;337,751;337,514;337,342;337,428;337,148;337,342;336,634;336,72;336,655;336,399;336,762;335,716;335,908;336,142;336,036;335,631;335,652;335,291;334,718;335,015;334,739;334,676;334,528;334,549;334,465;333,937;334,274;333,663;333,663;334,232;334,888;334,718;335,354;336,142;336,998;337,902;338,962;339,636;339,963;340,839;340,861;341,3;341,19;341,432;340,356;340,138;340,795;339,701;340,029;340,466;340,4;340,291;340,926;340,291;340,138;340,729;339,985;340,335;340,16;340,532;340,554
E05;B3;;4;296,122;305,501;317,251;324,621;330,579;335,756;339,299;341,803;343,8;345,021;346,323;347,796;348,712;349,518;349,98;350,466;350,391;350,166;346,092;347,536;346,924;347,596;327,534;315,681;307,538;293,614;296,795;312,866;296,117;282,442;276,145;289,645;265,219;264,308;263,645;262,605;262,555;263,18;262,158;261,518;262,025;264,046;261,552;263,031;262,709;262,587;265,595;264,846;262,919;260,706;262,042;262,996;262,597;263,632;262,515;260,944;261,897;263,113;261,904;259,69;262,945;262,111;263,459;262,034;263,059;262,293;262,792;263,022;262,311;262,376;261,288;263,599;261,416;262,984;261,666;262,333;261,664;262,556;262,491;262,508;261,332;262,226;263,482;261,763;262,098;261,589;261,172;260,841;261,723;261,996;262,072;262,46;261,979;262,92;261,93;261,75;262,085;261,891;262,363;261,844;261,704;262,52;262,262;261,808;262,544;262,023;262,041;262,116;261,773;261,442;261,765;262,233;262,355;261,744;262,145;261,011;261,629;262,567;262,817;262,396;262,834;263,267;263,323;263,122;262,838;264,589;264,244;265,27;264,461;264,761;264,734;264,672;264,768;264,35;264,478;265,578;264,622;265,484;265,433;264,659;265,73;264,884;265,766;265,597;264,942;266,513;264,813;265,375;266,081
E06;X3;;4;286,884;287,953;288,801;288,789;289,953;291,248;291,848;293,075;292,885;293,24;293,268;293,815;294,749;295,098;295,316;296,256;296,7;296,952;298,178;296,924;297,673;297,646;297,115;298,894;297,736;298,435;297,946;298,546;299,675;299,302;299,28;299,319;299,937;300,496;299,828;300,847;300,96;301,887;301,786;301,623;302,672;302,782;301,977;304,043;304,069;305,594;304,44;306,398;306,728;307,158;307,559;308,343;309,177;309,86;311,433;311,571;312,638;314,205;314,635;316,455;317,57;319,816;321,502;322,524;324,619;326,509;328,35;331,241;332,535;334,225;335,915;337,332;338,987;339,665;340,18;340,649;340,41;340,647;340,186;339,843;339,411;339,411;339,346;338,457;338,457;338,219;337,96;337,401;337,96;337,723;337,551;337,637;337,358;337,551;336,843;336,929;336,864;336,607;336,971;335,924;336,116;336,351;336,244;335,839;335,86;335,499;334,926;335,223;334,947;334,884;334,736;334,757;334,672;334,144;334,482;333,871;333,871;334,44;335,096;334,926;335,563;336,351;337,207;338,111;339,172;339,847;340,174;341,05;341,072;341,512;341,402;341,644;340,568;340,349;341,006;339,912;340,24;340,677;340,612;340,502;341,138;340,502;340,349;340,94;340,196;340,546;340,371;340,743;340,765
E07;X3;;4;242,221;243,982;245,508;247,03;248,278;249,267;251,162;251,399;252,768;252,168;253,464;253,377;253,577;253,841;254,611;255,505;254,702;255,288;255,158;255,235;256,255;255,456;256,863;256,309;257,305;257,508;257,838;259,174;258,715;257,666;258,004;257,97;258,013;259,474;258,484;259,218;259,52;260,215;259,753;259,824;260,635;261,088;260,733;262,194;261,888;262,699;262,778;264,146;264,508;264,955;266,549;266,656;267,479;269,053;269,991;269,905;271,393;273,353;274,608;275,71;276,981;278,621;281,01;282,541;285,571;286,707;289,157;290,881;293,58;295,74;297,818;300,722;303,743;305,994;309,053;311,544;314,521;318,566;323,082;326,286;329,896;333,217;336,871;337,502;338,335;338,284;338,055;337,502;338,069;337,831;337,659;337,745;337,466;337,659;336,951;337,036;336,972;336,715;337,079;336,032;336,224;336,459;336,352;335,947;335,968;335,606;335,033;335,33;335,055;334,991;334,843;334,864;334,779;334,251;334,589;333,977;333,977;334,547;335,203;335,033;335,67;336,459;337,315;338,22;339,281;339,956;340,283;341,159;341,181;341,621;341,511;341,753;340,677;340,458;341,115;340,021;340,349;340,786;340,721;340,611;341,247;340,611;340,458;341,05;340,305;340,655;340,48;340,852;340,874
E08;X3;;4;237,126;242,181;246,701;248,869;243,699;255,131;246,886;248,32;253,7;252,969;254,518;250,171;253,008;252,358;252,296;249,812;251,346;248,952;258,809;256,006;247,982;249,426;253,379;253,584;256,144;252,758;249,178;250,217;252,366;248,79;250,408;249,959;250,504;250,455;251,679;253,03;255,861;250,569;251,311;251,835;252,795;253,806;253,724;254,767;256,515;254,997;256,434;257,069;256,983;257,762;257,775;259,333;259,993;260,531;262,456;263,632;263,478;265,152;267,523;268,131;269,768;270,963;273,331;275,563;277,506;277,471;281,216;281,868;284,168;286,818;288,273;292,443;294,361;297,918;299,758;304,201;306,811;310,225;313,868;318,15;321,681;326,259;329,731;333,296;335,298;336,883;337,764;337,475;338,153;337,929;337,764;337,85;337,57;337,764;337,055;337,141;337,077;336,82;337,184;336,136;336,328;336,563;336,456;336,051;336,072;335,71;335,137;335,434;335,158;335,095;334,947;334,968;334,883;334,355;334,693;334,081;334,081;334,651;335,307;335,137;335,774;336,563;337,42;338,325;339,386;340,061;340,389;341,265;341,287;341,727;341,617;341,859;340,782;340,563;341,221;340,126;340,454;340,892;340,826;340,717;341,353;340,717;340,563;341,155;340,41;340,761;340,585;340,958;340,98
E09;X3;;4;254,953;256,118;254,23;256,452;256,59;259,869;259,774;259,817;260,248;263,588;265,707;264,68;265,764;268,348;265,816;270,756;269,605;274,286;268,24;270,215;272,724;275,972;270,036;270,343;271,517;272,09;274,037;266,342;270,907;283,638;278,162;276,63;278,236;277,539;284,943;271,46;274,153;283,613;281,771;276,69;277,779;278,5;274,622;279,083;284,7;284,761;283,644;285,153;283,755;288,653;287,058;284,449;286,691;281,252;286,863;293,613;289,058;293,418;291,769;289,643;300,052;296,156;295,714;302,302;297,387;306,98;307,8;308,55;311,725;315,229;313,94;325,284;321,744;329,935;328,885;327,481;331,67;335,251;337,364;339,486;339,221;339,639;339,645;338,772;338,775;338,537;338,278;337,718;338,278;338,041;337,869;337,955;337,675;337,869;337,16;337,245;337,181;336,924;337,288;336,24;336,432;336,667;336,56;336,155;336,176;335,814;335,241;335,538;335,262;335,199;335,05;335,072;334,987;334,459;334,797;334,185;334,185;334,754;335,411;335,241;335,878;336,667;337,525;338,429;339,491;340,166;340,494;341,371;341,393;341,833;341,723;341,965;340,888;340,669;341,327;340,232;340,56;340,998;340,932;340,822;341,459;340,822;340,669;341,261;340,516;340,866;340,691;341,063;341,085
E10;X3;;4;276,271;277,72;278,777;280,052;281,119;282,434;283,046;284,756;284,83;285,961;285,177;285,763;287,399;287,136;287,081;286,884;286,897;287,616;287,622;287,834;287,214;286,776;288,169;288,962;288,227;288,991;288,401;289,013;289,645;289,455;289,699;290,496;290,703;290,566;289,604;292,105;291,892;291,555;291,941;292,701;292,276;293,496;293,465;295,6;295,581;296,356;296,402;297;297,524;298,826;299,635;300,35;301,552;302,363;303,856;305,114;306,874;308,593;309,352;310,504;313,238;314,042;317,766;319,303;322,379;323,682;326,225;328,316;332,261;333,767;335,778;338,597;340,071;340,484;341,139;341,226;340,948;341,097;340,625;340,275;339,839;339,839;339,774;338,884;338,884;338,646;338,386;337,826;338,386;338,149;337,977;338,063;337,783;337,977;337,268;337,353;337,289;337,032;337,396;336,348;336,54;336,775;336,668;336,263;336,284;335,922;335,348;335,645;335,37;335,306;335,158;335,179;335,094;334,566;334,904;334,292;334,292;334,861;335,518;335,348;335,986;336,775;337,633;338,538;339,6;340,275;340,603;341,48;341,502;341,942;341,832;342,075;340,997;340,778;341,436;340,341;340,669;341,107;341,041;340,931;341,568;340,931;340,778;341,37;340,625;340,975;340,8;341,173;341,195
F03;B4;;4;295,938;305,311;317,054;324,42;330,374;335,548;339,095;341,591;343,586;344,818;346,126;347,581;348,496;349,301;349,763;350,249;350,226;351,109;351,249;351,109;351,529;351,272;351,435;351,926;352,324;352,395;352,488;352,559;353,171;352,418;352,629;352,559;352,348;352,606;351,529;352,277;352,348;352,137;352,113;351,599;351,529;351,599;350,643;351,132;350,388;350,226;349,416;349,486;348,68;347,786;347,512;347,352;346,715;346,761;346,579;345,899;345,448;345,088;344,593;344,302;343,787;343,386;344,167;343,23;342,985;342,586;342,342;341,657;341,657;341,591;340,996;341,304;341,15;340,689;340,733;340,557;340,229;340,36;339,879;339,531;339,095;339,095;339,03;338,142;338,142;337,905;337,646;337,087;337,646;337,409;337,237;337,323;337,044;337,237;336,529;336,615;336,551;336,294;336,658;335,612;335,803;336,038;335,931;335,527;335,548;335,187;334,614;334,911;334,636;334,572;334,424;334,445;334,361;333,833;334,171;333,56;333,56;334,129;334,784;334,614;335,25;336,038;336,894;337,797;338,857;339,531;339,858;340,733;340,755;341,194;341,084;341,326;340,251;340,032;340,689;339,596;339,923;340,36;340,295;340,185;340,821;340,185;340,032;340,623;339,879;340,229;340,054;340,426;340,448
F04;B4;;4;296,03;305,406;317,152;324,521;330,477;335,652;339,201;341,697;343,693;344,925;346,233;347,688;348,604;349,41;349,871;350,358;350,335;351,218;351,358;351,218;351,638;351,381;351,544;352,035;352,434;352,504;352,598;352,668;353,28;352,527;352,739;352,668;352,457;352,715;351,638;352,387;352,457;352,246;352,223;351,708;351,638;351,708;350,752;351,241;350,497;350,335;349,525;349,594;348,788;347,894;347,62;347,46;346,823;346,868;346,687;346,007;345,555;345,195;344,7;344,409;343,894;343,492;344,274;343,336;343,092;342,692;342,448;341,763;341,763;341,697;341,102;341,41;341,256;340,795;340,839;340,663;340,335;340,466;339,985;339,636;339,201;339,201;339,135;338,247;338,247;338,01;337,751;337,191;337,751;337,514;337,342;337,428;337,148;337,342;336,634;336,72;336,655;336,399;336,762;335,716;335,908;336,142;336,036;335,631;335,652;335,291;334,718;335,015;334,739;334,676;334,528;334,549;334,465;333,937;334,274;333,663;333,663;334,232;334,888;334,718;335,354;336,142;336,998;337,902;338,962;339,636;339,963;340,839;340,861;341,3;341,19;341,432;340,356;340,138;340,795;339,701;340,029;340,466;340,4;340,291;340,926;340,291;340,138;340,729;339,985;340,335;340,16;340,532;340,554
F05;B4;;4;296,125;305,504;317,235;324,342;330,576;335,729;339,211;340,787;343,538;344,096;345,013;341,336;346,796;334,116;336,477;335,293;287,51;267,574;267,054;267,627;267,563;266,724;266,408;267,922;267,759;267,689;267,065;267,546;267,596;267,347;267,193;267,366;267,145;266,981;266,581;267,702;267,385;268,287;267,059;266,806;267,313;266,412;266,654;266,611;267,302;266,599;266,641;267,201;265,971;266,71;265,439;265,741;266,125;265,448;265,573;264,91;265,204;264,675;265,048;264,993;264,449;264,873;264,938;264,457;265,003;264,406;264,338;264,528;263,484;264,843;263,655;264,388;263,78;264,086;264,355;263,905;263,957;264,076;263,649;263,317;263,577;263,567;263,937;263,073;262,907;263,643;262,822;262,485;263,536;263,584;263,598;263,081;263,117;263,355;263,076;262,937;263,524;263,138;263,692;262,476;262,868;263,149;262,998;262,604;263,135;262,519;263,053;262,78;262,818;262,715;262,826;262,25;262,659;262,329;262,607;261,713;262,254;262,979;263,029;262,711;263,466;263,432;264,072;263,989;264,236;264,684;264,626;265,13;264,778;265,079;265,075;265,598;264,908;264,22;264,939;264,776;264,588;265,569;265,211;264,809;265,887;264,721;264,85;265,16;264,986;265,474;265,031;265,678;265,303
F06;X4;;4;275,746;277,934;280,923;282,226;284,607;287,353;289,125;290,903;292,334;293,334;294,869;296,349;297,412;298,736;298,553;299,988;299,79;300,908;301,882;301,741;302,39;302,553;302,472;303,293;303,4;303,693;304,745;305,198;305,175;304,705;305,795;305,575;306,08;307,05;306,062;307,734;307,453;308,408;308,684;308,754;309,481;309,88;310,015;311,706;312;312,606;313,752;314,584;315,262;315,621;316,601;318,205;319,087;320,674;322,28;322,943;324,583;325,969;327,997;329,354;330,725;332,041;335,454;336,407;338,066;338,918;340,264;340,555;341,229;341,577;341,191;341,567;341,451;341,006;341,05;340,878;340,549;340,681;340,199;339,85;339,415;339,415;339,349;338,46;338,46;338,223;337,964;337,404;337,964;337,727;337,555;337,641;337,361;337,555;336,846;336,932;336,868;336,611;336,975;335,928;336,12;336,354;336,248;335,843;335,864;335,502;334,929;335,226;334,951;334,887;334,739;334,76;334,676;334,148;334,485;333,874;333,874;334,443;335,099;334,929;335,566;336,354;337,211;338,115;339,176;339,85;340,177;341,054;341,076;341,515;341,405;341,647;340,571;340,352;341,01;339,916;340,243;340,681;340,615;340,505;341,141;340,505;340,352;340,944;340,199;340,549;340,374;340,746;340,768
F07;X4;;4;254,888;256,047;257,408;258,574;260,454;263,286;264,759;265,992;266,72;267,473;269,357;270,127;270,937;271,986;271,872;272,52;272,779;274,156;274,389;274,951;275,818;276,032;276,203;276,25;277,021;278,058;278,082;278,858;279,116;279,463;280,538;280,454;280,745;281,194;280,772;281,835;282,188;283,222;283,65;283,623;283,901;284,919;285,065;285,912;286,875;287,307;287,808;288,978;289,272;290,049;290,858;292,279;293,08;294,299;295,578;296,488;298;298,93;299,817;301,904;302,968;304,014;306,995;308,307;310,945;312,095;314,596;316,036;318,178;320,843;322,487;325,909;327,976;330,685;332,977;335,496;337,139;339,181;339,583;339,707;339,469;339,51;339,451;338,565;338,565;338,328;338,069;337,509;338,069;337,831;337,659;337,745;337,466;337,659;336,951;337,036;336,972;336,715;337,079;336,032;336,224;336,459;336,352;335,947;335,968;335,606;335,033;335,33;335,055;334,991;334,843;334,864;334,779;334,251;334,589;333,977;333,977;334,547;335,203;335,033;335,67;336,459;337,315;338,22;339,281;339,956;340,283;341,159;341,181;341,621;341,511;341,753;340,677;340,458;341,115;340,021;340,349;340,786;340,721;340,611;341,247;340,611;340,458;341,05;340,305;340,655;340,48;340,852;340,874
F08;X4;;4;251,865;253,421;256,789;258,752;260,629;262,718;264,844;265,667;265,97;266,792;266,903;267,632;267,391;268,491;268,755;269,311;268,918;270,556;271,494;270,756;271,555;270,829;271,321;272,091;273,465;272,401;273,892;274,484;274,758;274,801;275,089;274,353;274,933;275,59;275,684;276,84;276,112;276,863;277,688;278,831;279,55;279,102;278,042;279,576;280,152;280,752;280,827;282,332;282,446;282,192;283,863;284,209;285,635;286,517;288,699;287,776;289,466;290,142;291,062;293,333;293,896;295,156;297,392;298,662;300,008;302,3;303,426;304,567;306,897;308,22;310,945;312,521;314,765;317,297;319,222;321,864;323,782;327,275;329,321;332,234;334,158;336,637;338,083;338,176;338,498;338,392;338,167;337,6;338,17;337,933;337,767;337,853;337,574;337,767;337,059;337,144;337,08;336,823;337,187;336,139;336,331;336,566;336,46;336,054;336,076;335,714;335,141;335,437;335,162;335,098;334,95;334,971;334,886;334,358;334,696;334,084;334,084;334,654;335,31;335,141;335,777;336,566;337,423;338,328;339,389;340,064;340,392;341,269;341,291;341,731;341,62;341,863;340,786;340,567;341,225;340,13;340,458;340,895;340,83;340,72;341,356;340,72;340,567;341,159;340,414;340,764;340,589;340,961;340,983
F09;X4;;4;253,898;255,197;258,275;260,253;261,91;262,443;265,353;266,991;267,34;269,006;267,936;269,236;270,455;271,996;272,359;271,896;274,214;271,315;272,208;274,114;275,392;273,626;273,661;275,274;277,124;276,127;277,302;277,294;278,157;278,154;279,133;279,405;281,398;281,9;282,127;283,081;285,247;284,576;285,964;286,415;288,393;289,754;289,237;291,205;292,907;293,985;293,82;295,299;296,472;297,573;298,702;300,325;301,309;303,081;304,287;305,623;307,635;309,913;310,825;313,814;314,781;316,611;319,978;321,688;324,482;326,704;329,252;331,115;333,719;335,936;337,506;339,424;340,409;340,86;341,17;341,137;340,853;340,998;340,519;340,17;339,734;339,734;339,669;338,779;338,779;338,541;338,282;337,721;338,282;338,044;337,872;337,958;337,678;337,872;337,163;337,249;337,184;336,927;337,292;336,244;336,436;336,671;336,564;336,158;336,18;335,818;335,244;335,541;335,266;335,202;335,054;335,075;334,99;334,462;334,8;334,188;334,188;334,758;335,414;335,244;335,882;336,671;337,528;338,433;339,495;340,17;340,497;341,374;341,396;341,837;341,726;341,969;340,891;340,672;341,33;340,235;340,563;341,001;340,935;340,826;341,462;340,826;340,672;341,264;340,519;340,87;340,694;341,067;341,089
F10;X4;;4;276,235;278,817;279,12;280,436;280,62;281,785;284,061;285,293;285,394;286,755;288,148;289,154;289,985;290,746;292,08;292,531;293,568;295,138;294,604;295,858;297,43;297,041;298,161;298,908;299,01;299,677;301,345;301,338;303,308;302,185;302,945;304,848;303,804;305,877;305,562;306,813;307,591;308,038;309,283;309,38;310,343;310,937;311,254;312,634;313,642;315,103;316,345;317,755;318,629;319,609;321,324;322,136;324,042;326,414;327,829;329,05;331,198;333,78;334,385;335,854;337,983;339,661;341,855;341,659;342,697;342,791;342,901;342,314;342,365;342,326;341,741;342,049;341,895;341,436;341,48;341,304;340,975;341,107;340,625;340,275;339,839;339,839;339,774;338,884;338,884;338,646;338,386;337,826;338,386;338,149;337,977;338,063;337,783;337,977;337,268;337,353;337,289;337,032;337,396;336,348;336,54;336,775;336,668;336,263;336,284;335,922;335,348;335,645;335,37;335,306;335,158;335,179;335,094;334,566;334,904;334,292;334,292;334,861;335,518;335,348;335,986;336,775;337,633;338,538;339,6;340,275;340,603;341,48;341,502;341,942;341,832;342,075;340,997;340,778;341,436;340,341;340,669;341,107;341,041;340,931;341,568;340,931;340,778;341,37;340,625;340,975;340,8;341,173;341,195
C06;X1;;Blanked.1;-23,859;-24,764;-26,371;-27,836;-28,546;-29,181;-29,872;-30,758;-31,47;-31,93;-32,051;-32,455;-32,119;-32,559;-33,195;-33,172;-32,701;-32,803;-32,991;-33,079;-32,386;-33,09;-32,722;-32,15;-32,258;-32,239;-32,316;-31,998;-31,439;-31,055;-31,307;-30,257;-31,005;-30,78;-30,449;-29,236;-29,605;-28,553;-28,585;-28,828;-28,716;-28,141;-26,947;-27,186;-26,933;-26,732;-27,414;-26,024;-25,901;-25,453;-25,059;-24,63;-23,404;-23,931;-23,517;-23,041;-22,424;-21,178;-20,882;-20,872;-20,24;-19,88;-18,371;-18,649;-19,281;-17,89;-17,118;-17,101;-17,152;-17,008;-15,77;-15,654;-15,548;-14,877;-13,795;-13,278;-13,723;-13,672;-12,445;-10,933;-9,987;-9,561;-8,114;-8,838;-6,773;-6,804;-7,217;-6,102;-5,645;-5,063;-4,066;-2,497;-1,675;-1,621;-0,244;0,258;1,196;2,891;4,73;6,343;8,607;9,17;10,311;12,749;13,116;13,569;14,606;15,689;17,417;18,413;18,775;19,722;20,417;20,927;21,956;22,88;23,688;24,921;26,573;27,588;29,255;31,43;32,807;33,494;33,217;32,155;30,794;31,266;30,447;29,771;30,696;30,577;30,957;30,239;30,64;31,248;29,325;28,827;29,143;27,922;28,701;29,348;29,645;28,875;30,619;29,88;31,043;30,712;31,153;32,358
C07;X1;;Blanked.1;-23,118;-23,87;-25,634;-27,085;-27,818;-28,525;-29,245;-30,089;-30,713;-31,2;-31,334;-31,73;-31,465;-31,902;-32,586;-32,479;-32,005;-32,069;-32,327;-32,426;-31,753;-32,394;-32,062;-31,491;-31,596;-31,502;-31,65;-31,299;-30,712;-30,43;-30,648;-29,573;-30,31;-30,131;-29,793;-28,559;-28,894;-27,828;-27,94;-28,18;-28,034;-27,547;-26,289;-26,585;-26,302;-26,03;-26,784;-25,352;-25,185;-24,757;-24,474;-24,052;-22,781;-23,41;-23,163;-22,673;-22,195;-21,032;-20,872;-20,761;-20,247;-19,894;-18,402;-18,81;-19,309;-17,873;-16,967;-16,95;-16,943;-16,806;-15,531;-15,391;-15,22;-14,508;-13,484;-12,889;-13,29;-13,249;-11,994;-10,402;-9,357;-9,004;-7,468;-8,1;-6,136;-6,177;-6,648;-5,398;-4,897;-4,333;-3,303;-1,94;-1,162;-1,26;-0,025;0,308;1,028;0,794;1,978;3,001;4,847;4,878;6,077;9,342;10,597;10,993;12,833;13,952;15,314;15,916;16,13;17,282;18,313;19,905;20,762;21,338;21,982;22,985;24,426;25,356;27,179;29,552;30,312;30,182;30,924;30,8;30,713;30,164;29,843;29,457;29,194;28,151;27,806;28,338;28,544;28,01;26,543;25,002;25,651;25,324;24,672;26,243;26,087;27,514;28,083;29,003;29,734;30,777;31,525;32,102
C08;X1;;Blanked.1;-22,963;-23,792;-25,431;-26,828;-27,552;-28,211;-28,825;-29,645;-30,357;-30,791;-30,891;-31,276;-30,929;-31,305;-31,968;-31,912;-31,392;-31,501;-31,685;-31,737;-31,04;-31,722;-31,355;-30,738;-30,809;-30,832;-30,828;-30,536;-29,943;-29,541;-29,79;-28,726;-29,401;-29,175;-28,807;-27,596;-27,933;-26,87;-26,876;-27,042;-26,936;-26,396;-25,171;-25,383;-25,106;-24,84;-25,524;-24,134;-23,981;-23,559;-23,241;-22,717;-21,575;-22,13;-21,762;-21,312;-20,756;-19,543;-19,402;-19,445;-18,845;-18,52;-17,106;-17,475;-17,987;-16,458;-15,595;-15,475;-15,529;-15,499;-14,278;-14,246;-14,134;-13,569;-12,497;-11,976;-12,536;-12,45;-11,39;-9,819;-8,897;-8,521;-7,005;-7,706;-5,723;-5,683;-6,211;-5,009;-4,46;-3,866;-2,83;-1,376;-0,48;-0,46;0,802;1,237;2,05;2,038;3,384;4,778;8,068;8,985;10,637;13,159;13,804;14,15;15,697;17,507;19,772;19,989;20,063;21,068;21,747;22,75;23,82;24,561;25,243;26,331;28,016;29,308;31,664;34,201;34,456;34,028;34,168;33,37;33,014;31,744;32,194;31,197;31,783;30,157;30,964;30,962;30,057;30,042;30,037;29,669;28,331;28,608;29,826;30;29,816;30,068;31,349;31,878;32,13;32,667;33,013;33,16
C09;X1;;Blanked.1;-23,474;-24,282;-25,923;-27,377;-28,031;-28,671;-29,326;-30,134;-30,806;-31,293;-31,379;-31,765;-31,399;-31,822;-32,447;-32,409;-31,924;-31,985;-32,187;-32,208;-31,49;-32,133;-31,833;-31,21;-31,335;-31,312;-31,325;-30,988;-30,37;-29,986;-30,242;-29,146;-29,863;-29,609;-29,304;-28,051;-28,405;-27,296;-27,292;-27,542;-27,326;-26,829;-25,624;-25,791;-25,509;-25,233;-25,895;-24,46;-24,323;-23,938;-23,642;-23,222;-22,183;-22,789;-22,485;-22,117;-21,529;-20,388;-20,274;-20,437;-19,912;-19,58;-18,157;-18,552;-19,092;-17,649;-16,789;-16,727;-16,779;-16,673;-15,45;-15,377;-15,237;-14,634;-13,505;-13,067;-13,532;-13,464;-12,325;-10,838;-9,888;-9,51;-7,964;-8,637;-6,618;-6,672;-6,953;-5,801;-5,334;-4,732;-3,695;-2,159;-1,132;-1,071;0,316;0,676;1,399;1,57;3,549;5,199;7,781;8,581;10,311;12,749;13,328;13,982;15,889;17,497;18,93;19,523;19,701;20,619;21,375;21,697;22,84;23,605;24,19;25,471;26,738;27,887;29,53;31,838;33,397;33,882;34,117;33,605;33,136;31,969;31,443;31,512;30,08;30,04;30,526;30,825;29,469;30,386;28,368;28,953;28,601;27,455;27,911;29,304;28,681;28,881;30,258;30,75;30,051;31,804;32,131;32,334
C10;X1;;Blanked.1;-24,052;-24,865;-26,487;-27,935;-28,625;-29,255;-29,922;-30,768;-31,453;-31,895;-31,989;-32,365;-32,018;-32,465;-33,058;-33,046;-32,526;-32,638;-32,794;-32,865;-32,165;-32,791;-32,445;-31,889;-31,962;-31,936;-31,942;-31,588;-31,05;-30,702;-30,895;-29,844;-30,529;-30,307;-29,938;-28,714;-29,056;-28,015;-28,014;-28,169;-28,076;-27,54;-26,261;-26,522;-26,2;-25,939;-26,634;-25,23;-25,105;-24,697;-24,342;-23,93;-22,802;-23,372;-23,093;-22,725;-22,157;-21,015;-20,834;-20,872;-20,371;-19,998;-18,584;-18,893;-19,46;-17,983;-17,169;-17,135;-17,214;-17,158;-15,969;-15,889;-15,784;-15,232;-14,071;-13,642;-14,166;-14,174;-12,977;-11,43;-10,504;-10,111;-8,662;-9,317;-7,35;-7,342;-7,745;-6,647;-5,905;-5,337;-4,225;-2,727;-1,709;-1,753;-0,426;0,075;0,886;0,805;2,086;3,344;6,462;7,12;8,229;10,519;10,859;10,895;12,359;13,723;15,656;16,643;17,119;18,353;19,254;19,684;20,665;21,395;21,938;23,039;24,527;25,49;26,96;29,212;30,72;31,172;30,975;31,625;31,257;30,018;29,709;29,867;29,54;28,698;27,99;28,008;27,602;27,394;25,8;24,252;24,914;24,717;24,137;25,564;25,303;25,707;26,907;27,888;28,459;28,972;29,74;30,188
D06;X2;;Blanked.1;-14,422;-18,82;-20,672;-28,256;-29,788;-22,394;-21,999;-22,89;-23,134;-21,602;-23,362;-23,025;-22,653;-23,712;-22,584;-23,429;-22,556;-22,532;-22,403;-23,187;-23,117;-23,268;-23,724;-24,09;-23,946;-23,856;-23,483;-23,703;-23,305;-23,746;-23,497;-23,058;-24,319;-24,186;-23,614;-22,798;-24,314;-22,991;-23,99;-24,723;-24,096;-23,188;-23,35;-24,329;-23,162;-24,006;-23,634;-24,343;-23,765;-23,602;-23,527;-23,379;-23,105;-22,655;-22,67;-23,004;-23,669;-21,967;-21,367;-22,657;-21,507;-21,432;-22,77;-21,596;-21,426;-22,086;-20,622;-20,081;-20,182;-21,052;-19,892;-20,227;-20,245;-20,42;-19,562;-20,73;-20,576;-20,18;-19,88;-19,194;-19,412;-18,9;-18,881;-18,966;-19,012;-19,072;-18,207;-18,581;-18,612;-17,883;-17,581;-18,362;-17,465;-17,267;-17,821;-18,242;-17,117;-17,27;-18,52;-17,11;-17,351;-16,793;-17,895;-17,08;-17,522;-17,091;-17,245;-16,64;-16,592;-16,36;-16,617;-16,116;-17,099;-15,692;-16,482;-16,325;-16,375;-15,202;-15,628;-15,455;-15,14;-14,852;-14,699;-14,792;-14,576;-13,78;-14,171;-13,911;-13,121;-15,191;-14,113;-12,179;-13,336;-12,874;-12,913;-12,299;-12,988;-13,371;-12,104;-12,323;-11,313;-11,209;-10,204;-10,572;-10,509;-11,262;-9,527;-9,097;-9,215;-10,67
D07;X2;;Blanked.1;-15,519;-19,905;-21,817;-29,376;-30,934;-23,541;-23,164;-24,017;-24,318;-22,821;-24,522;-24,257;-23,844;-24,875;-23,772;-24,619;-23,778;-23,736;-23,611;-24,371;-24,354;-24,46;-24,929;-25,294;-25,166;-25,101;-24,731;-24,868;-24,491;-25,006;-24,735;-24,262;-25,56;-25,406;-24,808;-24,043;-25,5;-24,189;-25,191;-25,899;-25,271;-24,336;-24,535;-25,555;-24,333;-25,248;-24,897;-25,579;-24,952;-24,796;-24,711;-24,564;-24,263;-23,862;-23,974;-24,257;-24,886;-23,165;-22,553;-23,866;-22,729;-22,609;-23,962;-22,766;-22,607;-23,32;-21,827;-21,312;-21,421;-22,225;-21,128;-21,457;-21,485;-21,649;-20,746;-21,957;-21,755;-21,488;-21,14;-20,403;-20,726;-20,085;-20,129;-20,325;-20,222;-20,389;-19,535;-19,894;-19,884;-19,199;-18,922;-19,774;-18,815;-18,621;-19,164;-19,548;-18,469;-18,645;-19,906;-18,497;-18,68;-18,166;-19,257;-18,392;-18,782;-18,408;-18,578;-18,009;-17,907;-17,668;-17,945;-17,468;-18,469;-16,985;-17,804;-17,712;-17,744;-16,518;-16,953;-16,789;-16,467;-16,209;-16,112;-16,137;-15,835;-15,081;-15,561;-15,259;-14,513;-16,494;-15,488;-13,528;-14,7;-14,28;-14,282;-13,706;-14,378;-14,757;-13,536;-13,735;-12,7;-12,516;-11,659;-12,022;-11,927;-12,643;-10,938;-10,544;-10,666;-12,028
D08;X2;;Blanked.1;-15,674;-20,052;-21,976;-29,52;-31,065;-23,687;-23,329;-24,197;-24,473;-22,969;-24,689;-24,402;-24,042;-25,067;-23,961;-24,752;-23,939;-23,89;-23,755;-24,568;-24,534;-24,643;-25,14;-25,544;-25,402;-25,249;-24,904;-25,07;-24,653;-25,186;-24,908;-24,449;-25,719;-25,589;-25,019;-24,201;-25,718;-24,375;-25,361;-26,058;-25,451;-24,501;-24,711;-25,731;-24,53;-25,406;-25,041;-25,761;-25,158;-24,974;-24,903;-24,756;-24,464;-24,053;-24,127;-24,43;-25,063;-23,366;-22,737;-24,08;-22,936;-22,812;-24,114;-22,962;-22,82;-23,515;-22,032;-21,507;-21,626;-22,44;-21,329;-21,635;-21,731;-21,875;-20,975;-22,168;-21,959;-21,631;-21,304;-20,566;-20,931;-20,258;-20,33;-20,488;-20,374;-20,576;-19,735;-20,05;-20,125;-19,388;-19,013;-19,95;-19,034;-18,84;-19,377;-19,703;-18,601;-18,844;-20,051;-18,679;-18,835;-18,267;-19,429;-18,611;-18,946;-18,633;-18,753;-18,197;-18,078;-17,845;-18,116;-17,635;-18,577;-17,15;-17,941;-17,876;-17,897;-16,709;-17,114;-16,95;-16,652;-16,441;-16,264;-16,37;-16,061;-15,275;-15,714;-15,406;-14,657;-16,706;-15,748;-13,723;-14,816;-14,454;-14,429;-13,921;-14,521;-14,924;-13,672;-13,936;-12,803;-12,769;-11,884;-12,162;-12,06;-12,766;-11,078;-10,704;-10,843;-12,161
D09;X2;;Blanked.1;-14,723;-17,693;-19,542;-27,043;-28,446;-21,137;-20,706;-21,726;-22,168;-20,429;-22,473;-21,803;-21,55;-23,079;-21,594;-22,757;-21,68;-21,85;-21,742;-22,508;-22,52;-22,829;-23,411;-23,703;-23,661;-23,422;-23,148;-23,272;-23,418;-23,598;-23,426;-23,383;-24,414;-24,309;-23,66;-23,02;-24,789;-23,358;-24,41;-25,279;-24,55;-23,86;-23,849;-25,035;-24,063;-25,066;-24,677;-25,201;-24,907;-24,806;-24,756;-24,456;-24,256;-23,887;-23,936;-24,368;-24,91;-23,286;-22,723;-24,025;-22,891;-22,747;-24,169;-22,855;-22,758;-23,464;-22,118;-21,49;-21,685;-22,587;-21,435;-21,809;-21,905;-22,038;-21,194;-22,451;-22,181;-21,816;-21,516;-20,825;-21,183;-20,673;-20,653;-20,869;-20,764;-20,884;-19,986;-20,398;-20,548;-19,838;-19,331;-20,325;-19,392;-19,275;-19,843;-20,155;-19,103;-19,229;-20,523;-19,153;-19,364;-18,779;-19,937;-19,085;-19,484;-19,103;-19,29;-18,71;-18,732;-18,456;-18,662;-18,255;-19,23;-17,776;-18,59;-18,431;-18,503;-17,335;-17,825;-17,567;-17,314;-17,047;-16,921;-16,951;-16,744;-15,961;-16,367;-16,081;-15,339;-17,393;-16,336;-14,447;-15,578;-15,187;-15,18;-14,596;-15,216;-15,691;-14,436;-14,751;-13,655;-13,547;-12,678;-13,007;-12,976;-13,629;-11,886;-11,513;-11,62;-12,997
D10;X2;;Blanked.1;-15,913;-20,15;-22,06;-29,681;-31,085;-23,781;-23,39;-23,956;-24,61;-23,027;-24,709;-24,454;-24,032;-25,028;-24,042;-24,77;-23,956;-23,911;-23,797;-24,613;-24,632;-24,745;-25,14;-25,477;-25,377;-25,136;-25,073;-25,253;-24,724;-25,299;-24,901;-24,593;-25,67;-25,621;-25,163;-24,35;-25,884;-24,548;-25,544;-26,234;-25,592;-24,68;-24,799;-25,914;-24,684;-25,501;-25,194;-25,925;-25,291;-25,151;-25,035;-24,899;-24,582;-24,195;-24,315;-24,576;-25,187;-23,539;-22,892;-24,201;-23,057;-22,937;-24,286;-23,083;-22,943;-23,622;-22,142;-21,638;-21,75;-22,56;-21,449;-21,734;-21,813;-21,974;-21,101;-22,291;-22,082;-21,785;-21,482;-20,733;-21,033;-20,486;-20,483;-20,628;-20,541;-20,708;-19,799;-20,178;-20,192;-19,51;-19,155;-20,038;-19,082;-18,853;-19,441;-19,825;-18,705;-18,888;-20,125;-18,75;-18,909;-18,368;-19,493;-18,634;-19,027;-18,633;-18,84;-18,193;-18,159;-17,889;-18,176;-17,692;-18,58;-17,203;-18,021;-17,963;-17,928;-16,769;-17,205;-17,021;-16,729;-16,431;-16,257;-16,36;-16,109;-15,349;-15,796;-15,484;-14,766;-16,75;-15,731;-13,805;-14,942;-14,505;-14,508;-13,989;-14,63;-15,047;-13,802;-14,001;-12,936;-12,854;-11,949;-12,25;-12,254;-12,916;-11,163;-10,793;-10,908;-12,295
E06;X3;;Blanked.1;-23,188;-21,854;-20,612;-17,964;-16,733;-16,294;-15,991;-16,213;-15,821;-15,717;-15,087;-14,734;-15,189;-14,572;-14,78;-14,014;-14,179;-14,681;-14,495;-13,767;-13,735;-13,522;-14,039;-12,808;-12,677;-11,835;-12,211;-12,824;-12,472;-12,199;-12,432;-13,443;-12,603;-12,233;-12,166;-13,259;-12,661;-13,301;-13,492;-13,519;-12,9;-14,378;-14,245;-13,171;-12,931;-13,232;-13,187;-13,482;-13,163;-12,988;-13,184;-13,413;-13,3;-13,408;-13,612;-13,004;-13,2;-13,002;-12,778;-13,109;-13,096;-12,575;-13,564;-12,335;-11,94;-12,712;-12,579;-12,445;-12,921;-12,793;-12,118;-12,363;-12,602;-12,795;-12,32;-12,243;-12,186;-11,772;-11,259;-11,492;-11,257;-11,785;-11,817;-11,368;-10,553;-10,41;-9,466;-10,399;-9,435;-9,824;-9,455;-8,878;-8,696;-8,53;-8,091;-8,867;-8,213;-8,466;-7,852;-6,953;-7,265;-6,321;-6,799;-7,475;-6,848;-5,796;-5,621;-5,852;-5,596;-5,009;-4,873;-5,271;-4,898;-3,719;-4,187;-3,59;-3,54;-3,023;-3,369;-2,177;-2,732;-2,414;-1,653;-1,701;-0,7;-0,153;0,612;1,252;2,093;2,509;3,161;4,532;4,913;6,276;6,614;8,078;8,414;9,098;9,976;9,936;10,451;10,736;10,919;10,776;11,067;10,971;11,354;11,091;10,699;10,464
E07;X3;;Blanked.1;-24,858;-23,504;-22,211;-19,539;-18,322;-17,881;-17,584;-17,737;-17,362;-17,269;-16,669;-16,331;-16,769;-16,165;-16,357;-15,607;-15,769;-16,303;-16,103;-15,338;-15,334;-15,101;-15,599;-14,389;-14,274;-13,423;-13,78;-14,407;-14,049;-13,787;-14,037;-15,006;-14,186;-13,845;-13,764;-14,895;-14,276;-14,913;-15,077;-15,118;-14,487;-15,972;-15,866;-14,773;-14,499;-14,812;-14,755;-15,078;-14,755;-14,572;-14,762;-14,999;-14,836;-14,983;-15,197;-14,563;-14,787;-14,518;-14,328;-14,642;-14,649;-14,16;-15,101;-13,876;-13,454;-14,186;-14,071;-13,968;-14,393;-14,267;-13,58;-13,822;-14,071;-14,328;-13,791;-13,739;-13,697;-13,255;-12,737;-12,98;-12,748;-13,204;-13,249;-12,806;-11,977;-11,799;-10,865;-11,766;-10,816;-11,22;-10,783;-10,239;-10,073;-9,985;-9,627;-10,318;-9,653;-9,909;-9,285;-8,397;-8,709;-7,745;-8,248;-8,891;-8,198;-7,167;-6,964;-7,136;-6,951;-6,29;-6,228;-6,553;-6,128;-5,076;-5,519;-4,851;-4,828;-4,306;-4,607;-3,565;-4,002;-3,734;-2,998;-3,249;-2,324;-2,299;-1,36;-0,914;-0,122;0,238;0,497;0,638;0,486;1,486;1,319;2,585;2,334;2,966;3,848;4,116;5,396;5,908;6,573;6,697;7,228;7,243;7,816;7,491;7,497;7,052
E08;X3;;Blanked.1;-25,109;-23,689;-22,398;-19,498;-18,174;-18,008;-17,715;-17,961;-17,732;-17,196;-16,728;-16,476;-16,981;-16,259;-16,675;-15,635;-15,923;-16,433;-16,257;-15,612;-15,577;-15,333;-15,884;-14,833;-14,496;-13,747;-14,171;-14,806;-14,473;-14,196;-14,485;-15,352;-14,609;-14,254;-14,12;-15,261;-14,663;-15,255;-15,51;-15,502;-14,885;-16,352;-16,235;-15,184;-14,93;-15,197;-15,154;-15,456;-15,143;-14,948;-15,138;-15,396;-15,271;-15,368;-15,583;-14,951;-15,186;-14,923;-14,76;-15,019;-15,022;-14,553;-15,483;-14,265;-13,89;-14,639;-14,502;-14,414;-14,814;-14,705;-14,058;-14,293;-14,522;-14,731;-14,218;-14,175;-14,082;-13,644;-13,123;-13,419;-13,163;-13,615;-13,674;-13,265;-12,448;-12,276;-11,326;-12,261;-11,357;-11,738;-11,317;-10,81;-10,653;-10,579;-10,197;-10,859;-10,145;-10,374;-9,889;-8,956;-9,292;-8,321;-8,874;-9,492;-8,735;-7,744;-7,606;-7,659;-7,518;-6,9;-6,801;-7,152;-6,771;-5,626;-6,081;-5,432;-5,41;-4,876;-5,164;-4,054;-4,53;-4,269;-3,558;-3,715;-2,885;-2,927;-2,08;-1,529;-0,784;-0,528;-0,211;-0,155;-0,344;0,386;-0,009;0,959;0,403;0,452;0,973;0,624;0,818;0,827;1,144;1,698;1,942;1,912;2,393;1,953;1,685;1,408
E09;X3;;Blanked.1;-24,624;-23,124;-21,925;-19,347;-18,079;-17,621;-17,284;-17,482;-17,139;-16,928;-16,386;-15,973;-16,316;-15,784;-16,025;-15,204;-15,191;-16,008;-15,495;-14,993;-14,951;-14,654;-15,227;-13,872;-13,749;-12,967;-13,293;-14,05;-13,686;-13,176;-13,54;-14,583;-13,724;-13,22;-13,321;-14,302;-13,699;-14,244;-14,443;-14,614;-14,019;-15,465;-15,191;-14,341;-13,738;-14,187;-14,009;-14,385;-14,113;-13,743;-14,079;-14,27;-14,068;-14,174;-14,638;-14,073;-14,243;-13,635;-13,466;-14,09;-13,976;-13,614;-14,56;-13,219;-12,912;-13,585;-13,445;-13,429;-13,903;-13,754;-13,16;-13,207;-13,477;-13,635;-13,173;-13,248;-12,967;-12,739;-12,263;-12,422;-12,091;-12,484;-12,542;-12,123;-11,258;-11,199;-10,15;-11,039;-10,247;-10,71;-10,378;-9,746;-9,759;-9,576;-9,08;-9,667;-9,002;-9,366;-8,8;-7,909;-8,01;-7,105;-7,559;-7,959;-7,281;-6,058;-5,863;-5,966;-5,764;-4,956;-4,729;-5,04;-4,507;-3,24;-3,525;-2,875;-2,634;-1,915;-2,141;-0,9;-1,046;-0,727;0,067;-0,386;0,402;0,098;0,663;1,044;1,397;1,274;1,215;1,393;1,04;1,698;1,363;2,496;2,28;2,482;3,118;2,888;3,129;3,175;3,39;3,236;3,459;3,307;3,695;3,471;3,549;3,148
E10;X3;;Blanked.1;-23,611;-22,254;-20,998;-18,294;-17,045;-16,628;-16,348;-16,508;-16,088;-16,026;-15,319;-15,061;-15,551;-14,872;-15,042;-14,34;-14,561;-15,057;-14,867;-14,101;-14,094;-13,884;-14,415;-13,129;-13,072;-12,22;-12,567;-13,188;-12,871;-12,594;-12,837;-13,785;-12,934;-12,614;-12,574;-13,657;-13,066;-13,685;-13,854;-13,86;-13,241;-14,702;-14,565;-13,504;-13,289;-13,559;-13,509;-13,794;-13,46;-13,294;-13,446;-13,681;-13,533;-13,699;-13,859;-13,244;-13,439;-13,192;-12,978;-13,271;-13,265;-12,772;-13,699;-12,503;-12,029;-12,764;-12,644;-12,517;-12,941;-12,765;-12,101;-12,308;-12,51;-12,71;-12,214;-12,137;-11,982;-11,609;-11,085;-11,318;-11,015;-11,503;-11,528;-11,069;-10,252;-10,058;-9,063;-9,955;-8,995;-9,421;-9,162;-8,638;-8,484;-8,253;-7,773;-8,432;-7,791;-8,041;-7,491;-6,512;-6,813;-5,796;-6,23;-6,742;-6,015;-4,947;-4,758;-4,795;-4,643;-3,994;-3,813;-4,173;-3,699;-2,469;-2,849;-2,109;-1,975;-1,365;-1,517;-0,249;-0,653;-0,219;0,648;0,587;1,421;1,454;2,097;2,436;3,025;2,929;3,062;3,125;3,006;3,844;3,425;4,602;4,081;4,206;4,526;4,416;4,663;4,816;5,227;5,156;4,74;4,695;5,369;5,345;5,518;5,656
F06;X4;;Blanked.1;-20,918;-17,314;-16,993;-17,53;-17,935;-19,258;-19,338;-19,214;-18,576;-18,312;-18,067;-18,68;-18,885;-19,603;-17,506;-17,923;-17,342;-16,881;-16,906;-17,068;-16,856;-16,894;-16,27;-16,269;-16,752;-16,427;-16,628;-16,246;-17,323;-16,481;-16,154;-16,109;-15,704;-14,13;-13,633;-13,817;-13,696;-13,789;-13,468;-13,775;-12,944;-12,621;-11,994;-11,655;-11,409;-11,559;-11,172;-11,023;-10,398;-10,22;-9,834;-10,264;-9,967;-9,579;-9,35;-9,857;-9,706;-9,77;-9,693;-9,485;-8,139;-8,884;-8,518;-8,948;-9,154;-8,195;-8,431;-8,045;-8,235;-8,348;-8,383;-8,471;-10,274;-8,657;-9,107;-8,12;-8,408;-8,727;-7,152;-8,263;-8,223;-8,055;-8,092;-7,535;-7,44;-7,351;-6,883;-7,734;-6,429;-6,241;-5,765;-5,645;-6,356;-5,276;-5,572;-6,082;-4,795;-4,525;-4,453;-4,593;-4,001;-3,269;-3,187;-2,744;-2,661;-3,007;-2,032;-1,335;-0,679;-0,063;0,087;0,084;1,341;1,147;2,239;2,194;3,166;3,064;3,507;3,914;4,844;5,36;6,161;6,66;5,815;6,853;7,666;8,111;8,768;9,304;10,183;11,471;5,827;6,164;6,566;7,81;9,067;8,314;8,855;9,419;10,177;11,529;12,195;11,257;11,422;12,046;12,445;13,079;12,952;13,903
F07;X4;;Blanked.1;-21,689;-18,085;-17,818;-18,374;-18,821;-20,158;-20,22;-20,144;-19,484;-19,252;-19,04;-19,655;-19,89;-20,602;-18,513;-18,946;-18,368;-17,917;-17,91;-18,045;-17,84;-17,868;-17,265;-17,262;-17,718;-17,411;-17,594;-17,213;-18,293;-17,437;-17,1;-17,037;-16,659;-15,086;-14,58;-14,751;-14,611;-14,761;-14,416;-14,715;-13,876;-13,532;-12,908;-12,593;-12,342;-12,478;-12,099;-11,972;-11,345;-11,164;-10,767;-11,208;-10,878;-10,533;-10,317;-10,836;-10,714;-10,771;-10,697;-10,521;-9,144;-9,926;-9,572;-9,981;-10,211;-9,232;-9,492;-9,115;-9,331;-9,428;-9,496;-9,568;-11,377;-9,76;-10,247;-9,251;-9,543;-9,865;-8,293;-9,441;-9,395;-9,268;-9,337;-8,759;-8,701;-8,55;-8,099;-8,996;-7,735;-7,516;-7,052;-6,942;-7,666;-6,602;-6,882;-7,362;-6,185;-5,904;-5,839;-6,04;-5,516;-4,727;-4,683;-4,257;-4,186;-4,552;-3,678;-2,972;-2,326;-1,695;-1,7;-1,741;-0,454;-0,458;0,432;0,115;1,132;0,967;1,491;1,843;2,735;3,363;4,083;4,433;3,509;4,34;5,117;5,344;5,956;6,305;7,193;8,396;2,573;3,033;3,282;4,62;6,744;6,12;6,481;6,961;7,003;7,677;8,699;8,488;8,767;9,914;10,839;11,605;11,545;13,142
F08;X4;;Blanked.1;-21,823;-18,241;-17,989;-18,563;-19,008;-20,385;-20,473;-20,395;-19,768;-19,558;-19,338;-19,981;-20,214;-20,951;-18,873;-19,306;-18,743;-18,279;-18,289;-18,414;-18,227;-18,273;-17,655;-17,695;-18,106;-17,831;-18,017;-17,644;-18,703;-17,847;-17,52;-17,471;-17,121;-15,52;-15,031;-15,21;-15,065;-15,176;-14,863;-15,17;-14,337;-14,004;-13,408;-13,068;-12,808;-12,98;-12,61;-12,48;-11,865;-11,7;-11,304;-11,77;-11,442;-11,116;-10,89;-11,395;-11,279;-11,328;-11,274;-11,108;-9,755;-10,524;-10,162;-10,61;-10,843;-9,878;-10,146;-9,776;-10,026;-10,126;-10,192;-10,271;-12,122;-10,521;-10,999;-10,018;-10,31;-10,671;-9,088;-10,269;-10,27;-10,113;-10,212;-9,652;-9,572;-9,437;-8,824;-9,802;-8,696;-8,534;-8,073;-7,922;-8,695;-7,625;-8,016;-8,557;-7,287;-7,026;-6,966;-7,205;-6,699;-5,979;-5,955;-5,542;-5,452;-5,889;-4,977;-4,283;-3,745;-3,157;-3,205;-3,193;-1,935;-2,076;-0,924;-1,102;-0,41;-0,698;-0,059;0,344;1,253;1,808;2,643;3,034;1,97;2,853;3,648;3,88;4,519;4,876;5,617;6,831;1,076;1,561;1,927;3,046;5,034;4,614;4,811;5,331;5,323;6,168;7,046;6,643;6,602;7,52;8,279;8,981;8,82;10,139
F09;X4;;Blanked.1;-21,87;-18,04;-17,933;-18,441;-18,916;-20,135;-20,264;-20,303;-19,556;-19,242;-18,974;-19,839;-19,873;-20,693;-18,716;-19,166;-18,596;-18,117;-18,156;-18,238;-18,009;-17,984;-17,441;-17,459;-17,958;-17,567;-17,759;-17,429;-18,502;-17,638;-17,273;-17,221;-16,825;-15,231;-14,704;-14,86;-14,702;-14,807;-14,444;-14,74;-13,887;-13,536;-12,887;-12,558;-12,31;-12,418;-12,029;-11,881;-11,247;-11,028;-10,649;-11,059;-10,746;-10,367;-10,132;-10,617;-10,486;-10,511;-10,43;-10,224;-8,84;-9,581;-9,18;-9,623;-9,824;-8,81;-9,054;-8,655;-8,817;-8,939;-8,96;-9,011;-10,838;-9,189;-9,653;-8,638;-8,889;-9,209;-7,606;-8,753;-8,673;-8,503;-8,521;-7,943;-7,823;-7,653;-7,147;-8,065;-6,757;-6,549;-6,066;-5,899;-6,664;-5,549;-5,839;-6,346;-5,028;-4,727;-4,652;-4,768;-4,241;-3,478;-3,315;-2,815;-2,775;-3,095;-2,102;-1,378;-0,756;-0,073;-0,023;0,07;1,421;1,16;2,336;2,194;3,256;3,117;3,631;4,142;5,012;5,642;6,542;6,927;5,998;7,132;8,057;8,688;9,205;9,783;10,716;12,106;6,565;6,937;7,314;8,546;10,194;9,288;9,721;10,169;10,906;12,836;14,52;14,404;13,941;14,215;14,473;14,721;14,274;14,968
F10;X4;;Blanked.1;-20,933;-17,302;-17,015;-17,559;-18,014;-19,358;-19,473;-19,37;-18,686;-18,478;-18,223;-18,857;-19,073;-19,795;-17,632;-18,095;-17,524;-16,994;-16,987;-17,166;-16,933;-16,958;-16,348;-16,336;-16,774;-16,452;-16,635;-16,256;-17,316;-16,495;-16,122;-16,07;-15,644;-14,077;-13,58;-13,757;-13,572;-13,704;-13,373;-13,658;-12,789;-12,449;-11,829;-11,48;-11,244;-11,373;-10,98;-10,831;-10,192;-9,98;-9,569;-10,02;-9,675;-9,302;-9,065;-9,576;-9,383;-9,441;-9,344;-9,178;-7,756;-8,535;-8,143;-8,573;-8,79;-7,772;-8,007;-7,616;-7,831;-7,913;-7,969;-8,051;-9,875;-8,244;-8,697;-7,715;-7,982;-8,331;-6,732;-7,888;-7,832;-7,657;-7,735;-7,192;-7,074;-6,918;-6,432;-7,399;-6,141;-5,944;-5,488;-5,297;-6,09;-5,029;-5,346;-5,88;-4,65;-4,394;-4,281;-4,482;-4,035;-3,296;-3,2;-2,768;-2,758;-3,162;-2,22;-1,493;-0,887;-0,327;-0,329;-0,328;0,959;0,886;2,051;1,696;2,54;2,571;3,034;3,509;4,472;5,08;5,871;6,247;5,21;6,235;7,143;7,343;8,079;8,353;9,338;10,507;4,876;5,315;5,593;6,931;9,159;8,566;8,988;9,627;9,785;10,666;11,606;11,993;12,666;14,365;15,247;16,28;16,675;19,874
C06;X1;;Blanked.2;-82,627;-83,02;-88,296;-92,454;-93,557;-96,268;-99,409;-101,856;-102,885;-104,806;-106,489;-106,123;-107,764;-107,404;-108,79;-110,415;-107,709;-107,501;-108,246;-106,567;-107,869;-107,992;-106,511;-105,654;-106,345;-106,775;-102,362;-104,33;-103,551;-104,608;-103,945;-99,345;-100,577;-101,166;-100,6;-98,291;-96,467;-95,134;-95,478;-95,487;-94,352;-90,657;-89,694;-90,081;-91,493;-86,236;-87,26;-87,038;-84,338;-84,143;-83,719;-79,44;-76,268;-73,284;-76,441;-73,626;-73,156;-72,436;-73,17;-70,888;-67,664;-66,976;-65,022;-64,78;-60,71;-59,461;-58,365;-55,162;-54,125;-52,371;-49,484;-50,363;-49,788;-50,549;-45,281;-43,569;-41,021;-37,842;-37,55;-36,122;-34,836;-29,944;-27,487;-28,734;-26,561;-23,383;-23,527;-18,911;-18,114;-16,58;-14,908;-10,939;-7,028;-4,449;-1,542;-1,453;6,009;11,125;17,332;20,534;27,56;30,866;34,72;39,772;41,281;44,715;45,976;51,518;57,652;59,255;63,159;65,948;67,006;71,777;71,328;75,418;79,349;82,666;87,477;93,168;97,078;104,077;108,551;107,788;108,943;102,371;103,137;100,311;101,107;100,125;97,2;100,861;101,239;102,426;100,018;102,714;96,754;96,183;91,567;95,013;95,533;93,025;93,506;95,758;96,177;100,712;98,55;104,639;101,966;105,992
C07;X1;;Blanked.2;-80,325;-80,459;-85,804;-90,02;-90,848;-94,023;-96,857;-99,517;-100,521;-102,451;-104,249;-104,033;-105,67;-105,109;-106,634;-108,088;-105,436;-105,331;-105,912;-104,528;-105,595;-105,814;-104,263;-103,561;-104,23;-104,691;-100,089;-101,891;-101,44;-102,566;-101,79;-97,147;-98,515;-98,722;-98,529;-95,999;-94,41;-92,832;-93,248;-93,344;-91,903;-88,413;-87,41;-87,783;-89,525;-84,034;-84,938;-84,621;-81,95;-81,815;-81,934;-77,252;-74,15;-71,831;-75,398;-72,38;-72,848;-72,138;-72,634;-70,77;-67,796;-67,248;-65,043;-65,028;-61,27;-59,118;-58,046;-54,892;-53,378;-51,851;-48,834;-49,102;-48,984;-49,733;-44,236;-42,03;-39,43;-36,275;-35,921;-34,481;-33,244;-28,011;-25,41;-26,511;-24,492;-20,925;-21,348;-16,709;-15,806;-14,208;-12,501;-9,029;-5,438;-3,124;-0,789;-1,345;5,024;3,674;7,517;9,155;14,313;16,848;22,838;28,75;32,39;36,72;39,68;46,321;50,258;51,351;54,24;57,506;59,831;68,242;67,057;70,458;74,033;75,65;79,809;85,326;90,423;97,599;99,707;98,915;102,283;102,755;100,719;98,018;96,482;96,675;95,628;95,014;91,836;91,125;90,111;88,461;82,704;81,038;84,908;84,312;82,623;83,894;88,481;88,13;91,137;91,968;98,516;100,602;103,641;103,598
C08;X1;;Blanked.2;-79,616;-79,912;-85,07;-89,146;-90,223;-92,834;-95,903;-98,219;-99,112;-100,946;-102,726;-102,351;-103,819;-103,352;-104,808;-106,206;-103,399;-103,234;-103,894;-102,159;-103,529;-103,528;-101,87;-101,049;-101,659;-102,053;-97,359;-99,428;-98,618;-99,581;-98,915;-94,189;-95,39;-95,884;-95,208;-92,831;-90,881;-89,644;-89,713;-89,742;-88,349;-84,694;-83,765;-84,068;-85,511;-79,925;-81,026;-80,855;-78,032;-77,979;-77,58;-73,366;-70,266;-67,542;-70,767;-68,073;-68,12;-67,211;-68,214;-66,226;-63,107;-62,693;-60,822;-60,7;-56,765;-54,901;-53,394;-49,95;-49,025;-47,449;-44,667;-45,542;-45,111;-45,868;-41,099;-39,597;-36,974;-34,018;-33,893;-32,331;-31,268;-26,476;-23,846;-25,225;-23,254;-19,704;-20,429;-15,426;-14,078;-12,354;-10,805;-7,129;-3,08;-0,516;2,058;1,569;8,48;7,876;12,497;14,947;26,779;30,199;35,687;40,881;43,357;47,151;49,142;57,623;64,84;64,626;67,455;70,004;71,799;77,756;76,791;81,051;84,489;88,243;92,294;99,125;105,996;112,691;112,616;111,883;111,534;109,784;107,966;106,085;104,478;104,42;100,475;102,054;101,977;98,368;98,364;98,466;97,313;97,359;97,321;97,73;94,647;100,004;97,944;99,593;101,937;105,077;106,057;105,73;107,741;107,366
C09;X1;;Blanked.2;-81,376;-81,596;-86,724;-90,863;-91,915;-94,444;-97,472;-99,817;-100,789;-102,621;-104,387;-103,998;-105,568;-105,008;-106,323;-107,775;-105,044;-104,929;-105,459;-103,765;-105,067;-104,93;-103,4;-102,549;-103,163;-103,702;-98,915;-100,757;-100,17;-101,153;-100,374;-95,78;-96,986;-97,134;-96,93;-94,341;-92,465;-90,998;-91,336;-91,191;-89,693;-86,057;-85,155;-85,618;-86,973;-81,296;-82,106;-82,067;-79,236;-79,265;-79,044;-74,992;-72,238;-69,86;-73,121;-70,541;-70,423;-69,884;-71,353;-69,551;-66,306;-66,267;-64,305;-64,308;-60,448;-58,682;-57,543;-54,073;-52,933;-51,331;-48,584;-49,239;-48,899;-49,541;-44,622;-42,666;-40,482;-37,169;-37,001;-35,775;-34,485;-29,472;-26,885;-27,994;-26,412;-22,786;-22,615;-17,783;-17,057;-15,172;-13,387;-9,374;-5,421;-2,587;0,067;-0,015;6,688;6,38;12,854;17,229;25,088;28,742;34,3;40,024;42,193;46,123;50,417;57,935;62,948;63,387;66,232;68,453;69,559;74,532;73,874;78,045;81,07;84,742;88,225;93,849;98,34;105,589;109,887;110,753;110,888;109,866;108,573;104,71;102,554;102,269;102,253;100,55;97,756;100,421;97,894;100,029;91,482;94,674;90,444;92,767;92,369;92,885;93,659;97,183;96,607;96,49;98,775;102,388;105,868;106,364
C10;X1;;Blanked.2;-83,162;-83,458;-88,66;-92,728;-93,821;-96,459;-99,524;-101,876;-102,83;-104,619;-106,336;-105,998;-107,488;-107,051;-108,38;-109,787;-107,053;-106,877;-107,575;-105,972;-107,123;-107,217;-105,577;-104,747;-105,349;-105,782;-101,167;-103,136;-102,307;-103,301;-102,532;-97,946;-99,203;-99,697;-99,079;-96,619;-94,685;-93,188;-93,446;-93,478;-92,089;-88,417;-87,516;-87,857;-89,237;-83,673;-84,702;-84,554;-81,726;-81,798;-81,359;-77,214;-74,223;-71,772;-75,165;-72,477;-72,536;-71,826;-72,945;-70,929;-67,923;-67,599;-65,642;-65,517;-61,295;-59,818;-58,814;-55,45;-54,341;-52,957;-50,154;-51,098;-50,878;-51,569;-46,545;-44,813;-42,343;-39,324;-39,074;-37,69;-36,648;-31,758;-29,102;-30,438;-28,609;-24,834;-25,221;-20,462;-19,056;-17,314;-15,486;-11,616;-7,526;-4,591;-1,714;-2,01;4,767;3,734;8,239;10,843;20,484;24,266;28,75;32,307;33,221;36,471;38,284;44,829;51,694;53,338;57,775;61,1;63,082;68,315;66,236;70,518;74,033;76,162;79,806;85,527;89,79;96,42;101,39;99,541;101,667;103,773;102,142;99,912;97,427;97,564;96,385;93,148;92,974;89,146;91,072;86,641;80,685;81,552;82,464;81,411;83,26;84,666;85,205;87,471;87,206;88,813;90,78;92,798;99,214;98,274
D06;X2;;Blanked.2;-48,57;-62,417;-69,853;-94,756;-91,656;-71,285;-72,562;-74,091;-72,864;-76,04;-72,622;-73,878;-73,87;-74,209;-73,991;-74,655;-75,111;-74,488;-73,868;-73,457;-75,243;-75,521;-76,594;-76,494;-77,183;-75,702;-78,434;-75,136;-74,848;-76,357;-76,695;-75,419;-78,852;-80,155;-79,416;-74,09;-76,903;-77,891;-76,15;-79,835;-78,866;-75,839;-76,26;-79,815;-79,951;-79,198;-79,319;-79,192;-76,784;-77,904;-78,029;-76,493;-77,215;-77,731;-74,352;-76,69;-75,624;-72,914;-69,853;-72,323;-76,116;-72,443;-69,062;-69,418;-70,037;-67,735;-69,904;-68,963;-67,744;-68,989;-67,139;-65,116;-68,615;-67,227;-67,882;-64,073;-65,133;-63,098;-64,364;-63,718;-64,317;-59,318;-63,269;-63,783;-62,232;-61,077;-59,869;-61,343;-63,056;-61,073;-60,765;-58,893;-56,487;-57,626;-60,584;-58,506;-58,721;-57,626;-57,738;-58,89;-59,115;-55,66;-56,785;-55,809;-54,809;-58,104;-54,571;-56,039;-55,015;-56,147;-55,506;-54,089;-54,152;-52,243;-53,38;-51,884;-51,199;-49,686;-50,212;-47,976;-48,228;-46,331;-48,529;-43,94;-49,217;-49,108;-46,82;-43,733;-43,17;-45,108;-45,119;-38,722;-45,721;-39,577;-39,359;-38,304;-45,89;-36,286;-36,539;-37,482;-37,985;-35,836;-37,442;-33,87;-35,201;-34,55;-37,673;-34,029;-34,21;-35,665
D07;X2;;Blanked.2;-52,031;-66,071;-73,533;-98,409;-95,31;-74,923;-76,471;-77,888;-76,606;-79,765;-76,579;-77,863;-77,696;-78,149;-77,896;-78,598;-79,144;-78,674;-77,706;-77,4;-79,119;-79,467;-80,501;-80,493;-81,258;-79,608;-82,595;-79,126;-78,862;-80,268;-80,605;-79,409;-82,814;-84,166;-83,26;-78,093;-80,929;-81,837;-80,084;-83,903;-82,864;-79,787;-80,236;-83,67;-84,029;-83,324;-83,406;-83,252;-80,831;-81,923;-82,025;-80,554;-81,12;-81,694;-78,301;-80,608;-79,5;-76,943;-73,775;-76,27;-80,204;-76,344;-73,117;-73,436;-74,257;-71,815;-74,042;-72,887;-72,001;-73,124;-71,086;-69,101;-72,923;-71,345;-72,256;-68,124;-69,406;-67,076;-68,444;-67,9;-68,402;-63,571;-67,416;-67,954;-66,638;-65,45;-64,223;-65,689;-67,261;-65,437;-65,098;-63,034;-61,031;-62,082;-65,301;-62,784;-62,987;-62,055;-62,151;-63,032;-63,604;-59,884;-61,263;-60,133;-59,273;-62,512;-58,875;-60,525;-59,314;-60,675;-60,013;-58,43;-58,643;-56,448;-57,6;-56,436;-55,508;-53,944;-54,421;-52,454;-52,728;-50,863;-52,928;-48,441;-53,538;-53,691;-51,214;-48,189;-47,508;-49,45;-49,583;-43,199;-50,318;-44,226;-43,917;-42,947;-50,137;-40,652;-41,198;-42,185;-42,589;-40,504;-42,242;-38,506;-39,962;-39,163;-42,293;-38,505;-38,941;-40,027
D08;X2;;Blanked.2;-52,622;-66,527;-74,042;-99;-95,984;-75,521;-76,795;-78,561;-77,194;-80,272;-77,071;-78,334;-78,283;-78,691;-78,491;-79,247;-79,6;-79,252;-78,223;-77,953;-79,812;-80,118;-81,195;-81,167;-81,925;-80,303;-83,196;-79,678;-79,435;-81,126;-81,259;-80,091;-83,456;-84,745;-83,941;-78,644;-81,54;-82,355;-80,723;-84,491;-83,367;-80,277;-80,795;-84,243;-84,531;-83,812;-83,893;-83,96;-81,484;-82,503;-82,743;-81,157;-81,733;-82,288;-78,909;-81,223;-80,22;-77,415;-74,55;-76,826;-80,808;-76,802;-73,748;-74,073;-74,79;-72,323;-74,597;-73,59;-72,615;-73,734;-71,88;-69,774;-73,419;-71,946;-72,73;-68,845;-70,004;-67,943;-69,361;-68,696;-69,129;-64,325;-67,997;-68,718;-67,204;-65,979;-64,978;-66,424;-67,837;-66,012;-65,477;-63,614;-61,745;-62,434;-65,682;-63,429;-63,797;-62,634;-62,876;-63,682;-64,265;-60,638;-61,623;-60,805;-59,832;-63,033;-59,41;-60,978;-59,838;-61,186;-60,462;-59,06;-59,223;-57,094;-58,203;-56,874;-56,244;-54,61;-54,924;-52,964;-53,466;-51,392;-53,485;-49,027;-54,024;-54,13;-51,79;-48,473;-48,013;-50,066;-50,155;-43,767;-50,728;-44,626;-44,595;-43,618;-50,627;-41,433;-41,673;-42,754;-43,281;-41,105;-42,552;-39,142;-40,508;-39,726;-42,996;-39,068;-39,524;-40,727
D09;X2;;Blanked.2;-47,204;-61,276;-68,802;-93,426;-88,288;-66,594;-69,621;-70,506;-68,888;-72,902;-69,736;-70,148;-70,432;-71,006;-70,664;-71,832;-71,75;-72,427;-72,022;-71,257;-73,716;-73,72;-74,624;-74,687;-76,544;-74,346;-78,53;-75,03;-75,106;-76,396;-76,578;-74,963;-79,714;-81,077;-79,762;-75,124;-78,251;-78,607;-78,147;-81,4;-81,101;-77,762;-79,131;-82,092;-82,911;-82,634;-82,75;-82,341;-80,157;-81,923;-82,039;-80,554;-81,444;-81,593;-78,801;-80,841;-79,753;-77,335;-74,325;-76,937;-80,584;-76,792;-73,669;-74,035;-75,083;-72,409;-75,002;-73,933;-73,022;-74,216;-72,027;-70,621;-73,962;-72,864;-73,404;-69,32;-70,981;-68,704;-70,05;-69,377;-70,01;-65,099;-68,833;-69,627;-68,411;-67,037;-65,914;-67,64;-69,074;-67,598;-66,906;-64,917;-62,783;-63,944;-67,268;-64,948;-65,292;-64,309;-64,55;-65,114;-65,966;-62,203;-63,395;-62,405;-61,864;-64,827;-61,422;-62,947;-61,663;-63,203;-62,375;-61,033;-61,34;-59,07;-60,401;-58,929;-58,139;-56,632;-57,145;-55,101;-55,674;-53,56;-55,758;-51,074;-56,214;-56,208;-54,102;-50,984;-50,346;-52,326;-52,48;-46,098;-53,271;-47,079;-46,934;-45,921;-53,059;-44,003;-44,147;-45,371;-45,825;-43,754;-45,31;-41,836;-43,169;-42,578;-45,624;-41,805;-42,225;-43,428
D10;X2;;Blanked.2;-53,411;-67,13;-74,271;-98,483;-95,234;-75,809;-77,255;-78,841;-77,053;-79,502;-76,336;-77,992;-78,499;-78,565;-78,627;-79,525;-79,849;-79,84;-78,908;-78,326;-79,59;-80,062;-81,248;-81,439;-82,289;-80,667;-82,945;-79,911;-79,35;-81,02;-81,548;-80,653;-83,961;-85,345;-84,438;-78,806;-81,875;-82,933;-81,188;-84,936;-83,926;-80,801;-80,996;-84,819;-85,15;-84,271;-84,472;-84,485;-81,84;-82,953;-83,154;-81,606;-82,298;-82,716;-79,497;-81,806;-80,577;-77,928;-74,868;-77,327;-81,109;-77,301;-74,017;-74,621;-75,238;-72,869;-74,971;-74,111;-73,115;-74,148;-72,201;-70,266;-73,873;-72,41;-73,178;-69,327;-70,537;-68,339;-69,549;-68,918;-69,531;-64,62;-68,408;-68,874;-67,628;-66,393;-65,311;-66,719;-68,196;-66,34;-65,99;-63,969;-61,785;-62,815;-66,091;-63,567;-63,949;-62,958;-63,042;-63,972;-64,47;-60,695;-61,755;-60,886;-60,124;-63,217;-59,608;-61,281;-60,066;-61,444;-60,676;-59,167;-59,528;-57,205;-58,589;-57,052;-56,355;-54,657;-55,166;-53,199;-53,735;-51,698;-53,707;-49,081;-54,32;-54,419;-52,124;-48,811;-48,487;-50,182;-50,466;-43,876;-51,104;-44,845;-44,701;-43,707;-51,022;-41,821;-41,949;-43,013;-43,455;-41,587;-43,039;-39,364;-40,804;-40,322;-43,198;-39,395;-39,848;-40,911
E06;X3;;Blanked.2;-73,713;-68,971;-66,681;-58,405;-54,441;-51,897;-53,321;-53,658;-51,797;-49,037;-49,864;-48,823;-49,904;-49,63;-47,578;-46,789;-47,488;-48,87;-46,044;-45,668;-43,831;-45,573;-44,718;-40,587;-41,887;-40,535;-41,202;-41,26;-42,621;-42,22;-41,871;-44,119;-41,11;-40,13;-42,103;-44,057;-42,119;-43,363;-44,177;-43,864;-41,901;-47,21;-45,435;-44,059;-44,914;-43,897;-43,904;-44,476;-43,657;-43,976;-43,178;-44,646;-45,391;-43,893;-44,185;-42,884;-43,445;-43,547;-43,228;-43,827;-43,093;-42,052;-42,038;-40,753;-41,103;-41,297;-40,813;-39,52;-39,194;-39,891;-39,324;-40,808;-40,46;-40,38;-40,29;-40,007;-40,201;-38,883;-37,648;-37,74;-37,205;-38,58;-35,809;-35,918;-33,909;-32,488;-33,565;-32,609;-33,299;-30,393;-32,051;-30,257;-27,403;-29,333;-27,62;-27,422;-26,697;-29,114;-24,862;-23,79;-24,231;-22,439;-20,588;-19,926;-20,215;-21,245;-20,564;-18,541;-18,316;-16,605;-15,557;-15,968;-14,839;-13,573;-13,944;-11,935;-12,235;-9,801;-7,663;-10,657;-6,848;-6,572;-4,685;-4,097;-2,756;0,484;4,472;5,812;5,386;7,77;8,765;15,887;18,531;20,606;23,927;26,533;26,36;30,54;31,461;31,328;35,542;36,24;35,132;35,422;35,753;35,977;37,54;35,716;35,532;33,844
E07;X3;;Blanked.2;-79,184;-74,363;-72,03;-63,649;-59,596;-57,11;-58,508;-58,95;-56,979;-54,225;-54,938;-54,045;-55,081;-54,86;-52,91;-52,052;-52,735;-54,243;-51,292;-50,871;-49,026;-50,777;-50,004;-45,934;-47,191;-45,768;-46,544;-46,541;-47,866;-47,438;-47,032;-49,233;-46,466;-45,302;-47,337;-49,224;-47,267;-48,539;-49,335;-49,035;-47,12;-52,44;-50,783;-49,257;-50,254;-49,195;-49,173;-49,812;-48,815;-49,196;-48,446;-49,867;-50,595;-49,113;-49,243;-48,121;-48,561;-48,71;-48,336;-48,938;-48,103;-47,126;-47,206;-45,859;-45,984;-46,203;-45,654;-44,387;-43,91;-44,742;-44,089;-45,664;-45,202;-45,115;-45,221;-45,001;-45,064;-43,834;-42,577;-42,487;-41,966;-43,318;-40,5;-40,516;-38,565;-37,132;-38,275;-37,073;-37,924;-34,821;-36,319;-34,819;-32,156;-34,235;-32,717;-32,095;-31,479;-33,812;-29,703;-28,477;-29,021;-27,148;-25,215;-24,559;-24,776;-25,635;-25,072;-23,067;-22,601;-20,928;-19,856;-20,112;-19,005;-17,869;-18,258;-16,262;-16,798;-14,036;-11,947;-14,683;-11,241;-10,932;-9,098;-8,893;-8,849;-6,565;-2,732;-1,553;-2,391;0,162;0,555;2,719;3,858;4,671;6,376;8,028;7,256;10,671;11,592;13,752;18,754;20,524;20,566;21,676;23,332;23,755;25,675;24,35;24,656;23,872
E08;X3;;Blanked.2;-80,208;-74,982;-72,263;-64,056;-60,129;-57,263;-58,643;-58,776;-57,024;-55,399;-56,006;-55,041;-55,321;-55,646;-53,32;-53,032;-53,804;-55,511;-51,974;-52,163;-49,716;-51,83;-50,405;-46,685;-48,494;-47,053;-47,481;-47,884;-49,079;-48,721;-48,251;-50,028;-47,214;-46,686;-48,72;-50,3;-48,234;-49,932;-50,595;-50,409;-48,538;-53,722;-52,054;-50,596;-51,459;-50,443;-50,33;-51,056;-50,153;-50,356;-49,663;-51,117;-51,916;-50,389;-50,707;-49,402;-49,86;-49,98;-49,623;-50,136;-49,454;-48,435;-48,508;-47,096;-47,408;-47,543;-47,113;-45,812;-45,39;-46,241;-45,625;-47,324;-46,624;-46,539;-46,533;-46,375;-46,437;-45,105;-43,95;-43,985;-43,296;-44,677;-41,975;-42,176;-40,176;-38,722;-39,796;-38,645;-39,642;-36,608;-38,178;-36,644;-33,929;-36,3;-34,674;-33,919;-33,285;-35,834;-31,562;-30,475;-30,931;-29,144;-27,053;-26,469;-26,748;-27,745;-27,047;-24,854;-24,524;-22,912;-21,802;-22,179;-21,078;-19,81;-20,141;-18,089;-18,596;-15,877;-13,724;-16,527;-12,955;-12,599;-10,669;-10,646;-10,43;-8,698;-4,925;-3,474;-4,352;-2,553;-2,223;-0,22;0,952;1,289;2,156;2,567;0,437;2,727;2,169;0,095;3,358;3,748;3,645;4,842;6,4;6,342;8,153;5,995;6,126;5,393
E09;X3;;Blanked.2;-78,175;-73,165;-70,923;-62,391;-58,881;-56,264;-57,534;-58,145;-56,213;-53,079;-54,064;-52,864;-53,883;-53,595;-50,878;-50,721;-51,83;-52,914;-49,436;-49,674;-47,995;-49,491;-48,749;-43,94;-45,581;-43,918;-44,819;-44,279;-45,641;-45,59;-45,559;-47,688;-44,799;-43,756;-45,325;-47,478;-45,778;-47,101;-47,927;-46,825;-45,476;-49,859;-49,281;-47,813;-48,13;-46,667;-46,963;-48,141;-46,193;-47,396;-46,424;-48,299;-48,746;-47,688;-47,144;-45,98;-46,129;-46,619;-46,45;-46,714;-45,702;-44,734;-45,325;-44,029;-44,213;-44,205;-44,324;-42,509;-41,757;-42,62;-41,684;-43,979;-43,346;-43,132;-43,174;-43,032;-42,68;-41,857;-40,501;-40,725;-39,987;-41,29;-38,444;-38,514;-36,764;-34,827;-35,967;-34,763;-35,708;-33,018;-35,015;-33,4;-30,837;-32,461;-30,643;-30,134;-29,647;-32,043;-27,939;-26,832;-26,559;-24,674;-22,891;-21,523;-21,459;-22,279;-21,361;-19,126;-18,282;-16,675;-15,285;-14,829;-13,467;-12,107;-11,797;-9,251;-9,101;-6,049;-3,585;-6,072;-1,89;-1,066;0,715;0,739;-0,227;1,75;4,234;4,784;2,708;3,797;3,12;4,831;5,444;5,058;6,428;7,786;6,581;9,536;8,92;8,476;10,734;11,228;9,723;9,389;10,611;10,561;12,705;10,607;11,137;10,461
E10;X3;;Blanked.2;-75,105;-70,139;-67,848;-59,467;-55,441;-52,876;-54,332;-54,73;-52,801;-50,018;-50,901;-49,921;-51,017;-50,563;-48,824;-47,906;-48,74;-50,191;-47,214;-46,809;-44,947;-46,789;-45,962;-41,882;-43,12;-41,848;-42,503;-42,518;-43,887;-43,425;-43,037;-45,271;-42,434;-41,383;-43,381;-45,358;-43,202;-44,54;-45,278;-45,048;-43,08;-48,383;-46,579;-45,131;-46,102;-45,04;-44,935;-45,611;-44,688;-45,031;-44,242;-45,534;-46,307;-44,793;-44,995;-43,633;-44,12;-44,261;-43,844;-44,359;-43,629;-42,585;-42,634;-41,08;-41,427;-41,52;-40,943;-39,705;-39,272;-39,874;-39,269;-40,767;-40,228;-40,066;-40,041;-39,716;-39,842;-38,299;-37,007;-37,107;-36,518;-37,707;-34,987;-35,019;-32,976;-31,305;-32,487;-31,22;-31,998;-29,077;-31,104;-29,512;-26,709;-28,427;-26,675;-26,001;-25,371;-27,854;-23,701;-22,438;-22,628;-20,719;-18,554;-17,593;-17,54;-18,594;-17,633;-15,538;-15,08;-13,134;-12,169;-12,072;-10,794;-9,546;-9,469;-7,206;-7,139;-4,241;-1,844;-4,237;-0,18;0,722;2,898;3,473;3,782;5,54;8,896;9,183;7,166;8,872;8,567;10,908;11,921;12,181;13,546;14,256;11,915;14,992;14,313;12,447;16,023;16,758;16,155;15,618;14,699;15,512;18,714;17,702;18,531;18,422
F06;X4;;Blanked.2;-74,735;-54,914;-54,858;-57,696;-59,854;-64,18;-63,475;-62,075;-61,008;-58,543;-60,032;-62,759;-63,414;-62,668;-57,723;-59,212;-56,531;-55,24;-55,848;-56,482;-52,573;-55,086;-54,617;-52,864;-55,262;-56,398;-56,253;-55,258;-55,334;-52,255;-52,236;-50,176;-50,658;-47,224;-46,31;-45,278;-47,121;-44,262;-41,441;-45,383;-46,125;-40,514;-41,478;-38,29;-37,556;-36,286;-38,105;-36,27;-34,087;-32,639;-32,255;-32,305;-33,512;-33,37;-30,495;-30,428;-33,547;-30,951;-30,913;-31,482;-27,497;-29,88;-28,876;-28,873;-28,738;-29,6;-28,51;-30,591;-31,391;-27,007;-27,635;-26,645;-26,094;-29,148;-27,759;-29,432;-27,368;-25,673;-25,533;-28,685;-27,298;-27,346;-21,704;-24,578;-22,029;-21,321;-21,929;-23,385;-22,586;-19,398;-19,667;-22,033;-20,783;-18,817;-18,29;-17,107;-13,916;-15,041;-15,574;-9,905;-12,602;-11,365;-11,539;-8,417;-5,615;-7,196;-6,459;-3,921;-2,094;-0,019;1,576;0,511;4,521;6,778;5,737;7,84;9,772;11,004;13,453;14,611;14,494;16,716;20,156;19,405;21,939;24,343;24,868;26,932;28,478;29,827;34,906;17,876;20,769;24,015;24,033;24,551;28,309;26,748;28,221;29,936;34,394;37,364;39,048;40,141;37,201;37,831;40,297;43,062;41,986;41,794
F07;X4;;Blanked.2;-77,29;-57,539;-57,601;-60,51;-62,718;-67,174;-66,376;-65,185;-64,135;-61,815;-63,202;-65,933;-66,73;-66,039;-61,078;-62,47;-59,905;-58,618;-59,117;-59,791;-55,927;-58,359;-57,905;-56,117;-58,539;-59,59;-59,512;-58,446;-58,623;-55,388;-55,39;-53,272;-53,772;-50,437;-49,401;-48,442;-50,167;-47,411;-44,514;-48,439;-49,201;-43,55;-44,581;-41,411;-40,6;-39,35;-41,199;-39,335;-37,212;-35,728;-35,448;-35,467;-36,723;-36,612;-33,728;-33,673;-36,838;-34,253;-34,294;-34,883;-30,852;-33,257;-32,355;-32,246;-32,122;-33,027;-32,035;-34,135;-34,969;-30,518;-31,172;-30,185;-29,789;-32,753;-31,484;-33,222;-31,074;-29,565;-29,371;-32,656;-31,264;-31,368;-25,705;-28,654;-26,258;-25,142;-25,986;-27,541;-26,835;-23,501;-23,939;-26,293;-25,005;-23,064;-22,73;-21,733;-18,394;-19,517;-20,314;-14,613;-17,247;-16,232;-16,493;-13,397;-10,93;-12,252;-11,91;-9,068;-7,833;-5,715;-4,288;-5,522;-1,831;1,023;-0,527;1,006;3,173;4,098;6,818;8,06;7,614;9,759;13,271;11,912;14,045;16,402;16,35;17,742;19,214;20,194;24,915;7,049;10,341;13,386;13,314;13,817;20,424;19,295;20,907;21,071;24,195;25,062;28,832;30,876;29,271;32,038;34,711;37,904;38,364;39,697
F08;X4;;Blanked.2;-77,672;-58,01;-58,153;-61,133;-63,383;-67,919;-67,238;-66,001;-64,977;-62,702;-64,322;-66,999;-67,791;-66,996;-62,229;-63,685;-61,038;-59,806;-60,365;-61,041;-57,17;-59,698;-59,17;-57,473;-59,825;-60,936;-60,817;-59,789;-59,889;-56,798;-56,793;-54,665;-55,206;-51,782;-50,739;-49,807;-51,599;-48,754;-45,961;-49,916;-50,661;-45,131;-46,122;-42,989;-42,164;-40,987;-42,932;-40,986;-38,874;-37,521;-37,132;-37,267;-38,451;-38,371;-35,529;-35,533;-38,711;-36,205;-36,142;-36,796;-32,825;-35,285;-34,295;-34,355;-34,251;-35,18;-34,149;-36,369;-37,21;-32,75;-33,59;-32,461;-32,145;-35,181;-33,975;-35,71;-33,615;-32,065;-32,033;-35,328;-33,967;-34,082;-28,553;-31,572;-29,263;-28,075;-28,28;-30,281;-30,078;-26,854;-27,082;-29,616;-28,395;-26,625;-26,303;-25,41;-22,265;-23,322;-24,194;-18,589;-21,309;-20,385;-20,853;-17,657;-15,025;-16,757;-16,344;-13,513;-12,475;-10,387;-9,146;-10,53;-6,356;-3,995;-4,972;-3,094;-1,916;-1,04;1,83;3,163;2,682;4,887;8,276;6,985;9,305;11,37;11,088;12,794;14,006;15,471;19,975;1,95;5,576;8,579;8,63;9,269;15,309;14,104;15,238;15,901;17,818;19,662;22,713;24,603;21,658;23,646;26,573;29,357;28,995;28,67
F09;X4;;Blanked.2;-77,628;-57,977;-57,899;-60,397;-63,291;-67,632;-66,873;-65,629;-64,747;-62,412;-63,143;-66,083;-67,341;-66,731;-61,683;-63,049;-60,578;-59,172;-59,747;-60,389;-56,483;-59,007;-58,666;-56,77;-59,27;-60,364;-59,838;-59,195;-59,175;-55,957;-55,927;-53,76;-54,259;-50,712;-49,769;-48,643;-50,424;-47,559;-44,613;-48,601;-49,18;-43,564;-44,448;-41,298;-40,474;-39,147;-41,002;-39,006;-36,926;-35,368;-34,96;-34,951;-36,089;-35,917;-33,019;-32,982;-36,093;-33,462;-33,359;-33,885;-29,854;-32,169;-31,046;-30,985;-30,788;-31,691;-30,562;-32,589;-33,327;-28,855;-29,547;-28,443;-27,947;-30,8;-29,553;-31,13;-28,96;-27,308;-27,022;-30,196;-28,825;-28,729;-23,091;-26,014;-23,487;-22,271;-22,929;-24,55;-23,707;-20,355;-20,536;-22,893;-21,618;-19,685;-19,251;-18,043;-14,797;-15,86;-16,306;-10,36;-13,144;-11,883;-12,223;-8,696;-6,18;-7,515;-6,785;-3,83;-2,346;0,001;1,345;0,371;4,568;6,775;5,968;7,951;10,013;11,195;14,02;15,631;14,764;17,046;21,236;19,906;22,741;25,704;26,149;28,358;30,105;31,639;36,739;19,65;23,104;26,874;26,17;26,977;31,511;29,403;31,635;32,458;37,354;41,708;48,153;49,324;45,599;45,409;47,415;47,93;46,069;43,892
F10;X4;;Blanked.2;-74,661;-54,959;-54,94;-57,838;-60,088;-64,585;-63,871;-62,464;-61,444;-59,122;-60,611;-63,191;-63,958;-63,185;-58,311;-59,665;-57,022;-55,715;-56,217;-56,83;-52,904;-55,336;-54,935;-53,033;-55,457;-56,596;-56,33;-55,258;-55,299;-52,166;-52,034;-50,088;-50,524;-47,037;-45,95;-44,982;-46,701;-43,892;-41,039;-45,01;-45,71;-39,993;-40,897;-37,731;-36,86;-35,651;-37,526;-35,517;-33,451;-31,937;-31,464;-31,42;-32,547;-32,396;-29,55;-29,449;-32,456;-29,856;-29,819;-30,411;-26,385;-28,733;-27,604;-27,633;-27,465;-28,268;-27,235;-29,303;-30,14;-25,627;-26,304;-25,292;-24,774;-27,809;-26,474;-28,119;-26,039;-24,426;-24,234;-27,569;-26,162;-26,161;-20,49;-23,526;-21,066;-19,728;-20,727;-22,443;-21,627;-18,477;-18,471;-21,115;-19,934;-18,019;-17,642;-16,695;-13,66;-14,674;-15,368;-9,774;-12,417;-11,691;-11,853;-8,434;-6,029;-7,703;-7,263;-4,368;-3,111;-1,002;0,222;-0,544;2,948;5,63;4,923;5,896;7,927;8,915;11,947;13,256;13,067;15,282;18,776;17,889;20,372;22,666;22,821;24,266;25,61;26,944;31,793;14,312;17,963;20,991;20,951;22,194;28,619;27,696;29,153;30,011;32,993;34,941;39,743;41,061;43,316;46,343;50,084;53,9;54,332;60,869
C06;X1;;Blanked.3;-160,332;-181,673;-207,178;-222,328;-227,796;-239,836;-245,826;-251,23;-253,397;-255,163;-256,828;-258,62;-259,647;-260,285;-260,664;-260,79;-261,366;-261,734;-261,275;-260,943;-256,184;-259,751;-258,996;-256,991;-255,898;-254,444;-257,854;-253,112;-247,04;-248,569;-250,245;-240,711;-244,021;-242,038;-233,725;-240,642;-234,007;-232,585;-231,403;-227,451;-230,758;-223,06;-220,785;-221,372;-218,53;-213,287;-210,286;-208,569;-211,551;-200,436;-193,322;-202,638;-197,198;-191,05;-189,667;-183,501;-184,353;-180,663;-177,286;-168,201;-172,412;-164,605;-155,272;-155,34;-158,901;-150,734;-145,228;-139,045;-143,186;-133,101;-138,18;-129,525;-134,087;-118,522;-110,051;-116,105;-102,432;-95,419;-99,279;-93,582;-89,342;-85,279;-71,173;-72,214;-66,079;-55,289;-49,67;-55,434;-41,616;-38,299;-34,936;-40,013;-18,196;-16,24;-4,246;4,157;5,165;28,902;56,739;69;78,259;97,221;104,529;120,829;127,347;132,6;138,569;148,583;166,258;175,767;179,793;184,131;185,042;179,439;174,672;169,714;166,056;166,778;167,332;171,161;168,378;171,34;178,089;178,873;182,373;185,761;185,954;188,543;192,131;193,82;192,654;196,361;197,565;198,724;200,281;196,209;186,723;180,305;175,584;178,44;179,26;178,745;181,532;186,518;185,431;187,029;190,292;189,376;193,553;196,793
C07;X1;;Blanked.3;-153,514;-173,966;-199,495;-215,266;-221,209;-232,921;-239,654;-244,627;-247,395;-248,902;-250,687;-252,222;-253,232;-254,06;-254,221;-254,341;-255,344;-255,029;-254,771;-254,252;-249,714;-253,503;-253,165;-250,337;-249,87;-248,132;-251,311;-247,032;-240,069;-242,871;-244,168;-233,924;-237,41;-235,221;-227,992;-233,907;-227,493;-226,411;-225,069;-221,356;-223,983;-216,548;-214,028;-215,186;-212,116;-206,666;-204,072;-202,814;-204,716;-193,876;-187,487;-195,755;-192,329;-187,455;-186,222;-180,668;-181,834;-179,214;-176,733;-167,521;-172,706;-165,226;-156,284;-156,548;-158,41;-150,154;-143,699;-136,426;-141,281;-130,795;-135,783;-126,826;-131,083;-116,535;-107,4;-111,908;-98,596;-91,767;-95,018;-87,936;-84,532;-79,311;-64,025;-65,825;-59,082;-49,235;-43,701;-48,676;-34,074;-31,1;-28,525;-35,022;-13,75;-12,404;-2,266;5,069;1,111;6,249;27,563;35,684;41,277;55,174;70,939;91,388;101,958;112,878;122,749;133,141;145,891;152,364;154,383;166,319;177,717;179,482;174,776;169,818;166,16;166,881;167,436;171,265;168,483;171,444;178,194;178,978;182,479;185,866;186,06;188,649;192,237;193,926;192,76;196,467;197,671;198,83;200,387;196,314;186,829;180,411;175,69;178,545;179,366;178,851;181,637;186,623;185,536;187,135;190,398;189,482;193,658;196,899
C08;X1;;Blanked.3;-151,491;-172,471;-198,305;-212,62;-218,22;-229,874;-235,79;-240,536;-243,307;-244,475;-246,257;-247,308;-248,183;-248,539;-248,708;-248,509;-249,172;-249,408;-248,352;-248,286;-243,138;-246,809;-245,831;-243,686;-242,472;-240,892;-244,185;-239,32;-232,733;-234,452;-235,75;-225,851;-228,987;-226,647;-218,758;-224,968;-218,358;-216,709;-214,923;-211,204;-214,168;-206,693;-203,443;-204,356;-200,82;-195,501;-192,466;-190,76;-193,627;-182,477;-175,968;-185,091;-180,42;-174,521;-173,592;-167,699;-169,424;-165,946;-163,563;-154,674;-159,867;-152,275;-144,114;-144,437;-145,742;-137,545;-131,171;-124,161;-128,636;-118,649;-125,02;-116,214;-121,546;-106,166;-97,97;-104,114;-90,741;-84,419;-88,786;-83,056;-79,271;-75,654;-60,609;-61,678;-55,911;-45,429;-40,247;-45,605;-30,952;-27,31;-23,849;-29,552;-6,705;-5,636;6,951;13,833;11,201;19,566;42,626;54,484;74,543;97,211;108,276;127,043;132,854;140,822;150,508;165,813;184,561;189,509;187,228;185,743;185,293;179,646;174,88;169,922;166,263;166,985;167,54;171,369;168,587;171,548;178,298;179,083;182,584;185,971;186,165;188,755;192,343;194,032;192,866;196,573;197,777;198,936;200,492;196,42;186,935;180,516;175,796;178,651;179,472;178,957;181,743;186,729;185,642;187,24;190,503;189,588;193,764;197,005
C09;X1;;Blanked.3;-156,704;-177,423;-203,324;-217,346;-222,749;-234,373;-240,434;-245,265;-247,797;-249,5;-250,871;-252,139;-253,033;-253,354;-253,111;-253,293;-254,056;-253,896;-252,783;-252,962;-247,645;-250,811;-250,567;-248,316;-246,944;-245,609;-248,209;-243,298;-236,977;-238,639;-240,015;-230,648;-233,073;-230,934;-222,54;-229,039;-222,555;-220,706;-218,697;-215,423;-217,983;-210,328;-207,481;-208,215;-204,859;-198,811;-195,78;-193,859;-196,749;-186,008;-180,092;-190,252;-185,679;-181,063;-180,442;-175,023;-176,074;-174,051;-172,511;-164,003;-169,046;-162,137;-153,622;-154,725;-157,333;-148,508;-142,499;-135,552;-140,116;-130,053;-135,581;-126,805;-131,253;-116,341;-108,165;-113,972;-100,057;-94,156;-97,787;-91,219;-88,451;-83,755;-69,651;-71,471;-64,366;-53,494;-46,314;-52,875;-39,371;-34,71;-30,723;-36,158;-12,871;-10,641;0,02;8,382;5,28;16,198;44,302;61,331;72,065;90,827;104,31;121,138;128,812;138,119;153,4;167,431;178,903;185,84;185,717;185,8;185,401;179,753;174,987;170,029;166,371;167,092;167,647;171,477;168,694;171,656;178,406;179,191;182,692;186,08;186,274;188,864;192,452;194,142;192,976;196,682;197,886;199,045;200,602;196,529;187,044;180,625;175,905;178,76;179,581;179,066;181,852;186,838;185,751;187,349;190,612;189,697;193,873;197,114
C10;X1;;Blanked.3;-161,463;-182,767;-208,495;-222,966;-228,78;-240,259;-246,195;-251,244;-253,597;-254,959;-256,679;-257,666;-258,495;-259,022;-259,18;-259,254;-259,765;-259,757;-259,03;-258,851;-253,855;-257,125;-256,623;-254,509;-253,223;-251,445;-254,745;-249,893;-243,397;-245,042;-246,531;-236,553;-239,723;-237,638;-229,477;-235,789;-228,745;-227,559;-225,552;-221,732;-224,818;-216,537;-213,978;-214,855;-211,439;-206,175;-202,858;-201,204;-204,464;-192,92;-186,814;-196,329;-191,758;-186,447;-185,993;-180,613;-182,028;-179,422;-177,162;-168,322;-173,292;-166,364;-157,782;-157,604;-159,999;-151,656;-145,787;-139,494;-144,289;-134,598;-140,184;-131,879;-137,017;-121,599;-113,074;-119,504;-106,233;-100,026;-103,981;-97,862;-94,355;-89,991;-75,872;-77,235;-71,478;-60,51;-54,911;-59,772;-43,994;-40,982;-36,768;-41,956;-19,075;-17,105;-5,043;1,945;-0,462;7,314;30,51;45,527;61,438;79,756;84,837;99,287;107,26;115,52;117,77;130,379;149,649;159,295;164,685;175,037;183,542;179,81;175,091;170,133;166,474;167,196;167,751;171,581;168,799;171,76;178,511;179,296;182,798;186,185;186,38;188,97;192,558;194,248;193,082;196,788;197,992;199,151;200,707;196,634;187,149;180,731;176,01;178,866;179,687;179,172;181,957;186,944;185,856;187,455;190,718;189,802;193,979;197,22
D06;X2;;Blanked.3;-147,636;-182,029;-200,413;-210,567;-216,956;-193,783;-188,914;-192,735;-188,249;-188,477;-190,794;-186,597;-191,059;-187,508;-186,498;-190,645;-183,931;-192,221;-192;-192,832;-187,189;-185,633;-191,527;-185,685;-186,246;-186,684;-190,094;-193,272;-192,972;-184,7;-183,886;-188,854;-186,703;-193,133;-186,274;-186,096;-189,253;-182,64;-188,774;-183,483;-189,131;-186,767;-186,621;-185,919;-181,248;-186,386;-180,772;-184,6;-183,406;-180,714;-177,213;-178,711;-178,057;-172,911;-180,347;-168,338;-174,786;-173,988;-176,086;-170,37;-167,793;-173,303;-167,785;-163,663;-165,163;-165,159;-167,933;-163,951;-162,374;-166,875;-159,396;-161,013;-157,123;-158,024;-155,177;-156,294;-156,413;-162,394;-154,377;-156,339;-154,582;-150,124;-151,881;-147,455;-150,277;-144,278;-147,073;-146,106;-146,876;-148,428;-151,549;-135,644;-142,692;-144,387;-135,194;-139,843;-139,389;-142,098;-133,754;-143,395;-139,927;-136,492;-133,288;-133,866;-130,506;-131,482;-137,781;-132,913;-133,692;-128,374;-133,465;-133,28;-129,354;-129,002;-131,701;-122,908;-129,79;-130,131;-121,61;-120,964;-120,546;-123,992;-119,006;-117,526;-128,46;-118,457;-123,341;-124,314;-112,246;-116,293;-109,174;-110,553;-102,323;-116,855;-99,386;-108,93;-103,157;-101,544;-103,095;-104,523;-106,626;-99,148;-95,163;-100,49;-93,234;-101,597;-94,644;-103,296;-86,502;-91,377
D07;X2;;Blanked.3;-157,715;-192,106;-210,739;-221,063;-227,533;-204,23;-200,014;-203,252;-198,831;-199,603;-201,762;-197,968;-202,195;-198,642;-197,547;-201,945;-195,135;-203,362;-203,269;-204,698;-198,88;-197,406;-202,978;-196,73;-197,911;-198,193;-201,528;-204,64;-204,955;-196,868;-195,274;-200,255;-198,442;-204,686;-197,795;-197,298;-200,487;-193,913;-199,989;-195,434;-200,669;-198,159;-198,288;-197,551;-192,621;-198,428;-191,982;-195,645;-195,319;-192,339;-188,703;-190,422;-189,406;-183,882;-192,14;-179,595;-186,104;-185,668;-187,111;-181,747;-179,241;-184,209;-178,668;-174,927;-176,475;-176,42;-179,7;-174,75;-173,771;-178,775;-171,369;-172,763;-168,701;-170,158;-166,848;-168,585;-168,251;-173,209;-166,059;-167,982;-166,414;-162,104;-163,395;-159,191;-162,076;-155,885;-158,906;-158,343;-158,673;-161,126;-163,778;-147,782;-155,203;-156,977;-147,992;-152,206;-151,93;-154,225;-146,568;-156,283;-152,225;-149,269;-145,918;-147,001;-143,762;-143,491;-149,918;-145,374;-146,448;-141,418;-146,403;-145,511;-141,566;-141,496;-144,105;-135,831;-141,689;-143,282;-133,55;-134,039;-133,333;-137,13;-132,255;-129,795;-141,006;-131,307;-136,206;-137,396;-125,188;-129,134;-122,064;-123,625;-116,069;-129,802;-112,505;-121,82;-116,432;-115,32;-116,303;-117,428;-119,639;-112,631;-109,204;-114,47;-106,515;-115,074;-108,087;-116,312;-99,697;-104,301
D08;X2;;Blanked.3;-159,341;-193,701;-212,428;-222,488;-229,323;-206,037;-201,196;-205,217;-200,305;-200,956;-203,614;-199,468;-203,689;-200,181;-199,316;-203,382;-196,712;-205,188;-204,885;-206,143;-200,442;-199,134;-204,83;-198,867;-199,323;-199,887;-203,194;-206,438;-206,444;-198,216;-197,17;-202,221;-199,971;-205,746;-199,418;-198,637;-202,483;-195,861;-201,815;-197,264;-202,395;-199,464;-199,817;-199,136;-194,281;-199,736;-193,532;-197,315;-196,336;-194,027;-190,401;-191,813;-191,601;-185,839;-193,906;-181,502;-187,733;-187,669;-189,426;-183,549;-181,038;-186,167;-181,013;-176,96;-178,044;-178,766;-181,698;-176,254;-175,262;-181,058;-173,609;-174,027;-170,524;-171,336;-168,966;-170,626;-169,981;-175,65;-167,997;-170,148;-168,127;-164,197;-165,51;-161,114;-164,152;-158,059;-160,643;-159,846;-160,652;-162,726;-165,587;-149,573;-156,568;-159,277;-149,411;-154,175;-153,928;-155,971;-148,318;-158,002;-154,195;-150,411;-147,297;-148,373;-145,425;-145,358;-151,766;-146,673;-148,122;-142,944;-148,275;-147,766;-143,414;-142,846;-146,156;-137,376;-143,031;-144,594;-135,525;-135,355;-134,748;-138,714;-132,937;-131,903;-142,35;-132,476;-138,254;-139,014;-126,708;-131,403;-123,599;-125,306;-117,522;-131,086;-114,49;-123,274;-117,505;-116,85;-117,182;-119,124;-121,325;-114,105;-110,402;-116,132;-107,628;-116,923;-109,577;-117,734;-101,405;-105,953
D09;X2;;Blanked.3;-147,363;-174,008;-193,172;-199,398;-204,552;-184,367;-176,388;-180,625;-177,708;-180,97;-179,98;-181,414;-179,923;-178,789;-176,398;-183,015;-176,691;-185,165;-185,39;-186,683;-181,464;-183,134;-185,735;-181,633;-184,842;-184,616;-187,445;-192,626;-192,01;-184,075;-184,867;-190,026;-190,03;-193,85;-190,484;-188,567;-193,228;-186,408;-191,56;-187,924;-194,807;-191,256;-192,149;-193,737;-188,4;-194,763;-190,289;-193,831;-194,736;-192,59;-187,873;-190,707;-190,415;-184,98;-192,165;-180,919;-185,716;-187,017;-188,752;-183,062;-180,8;-184,681;-180,451;-176,754;-177,903;-178,91;-181,565;-177,822;-176,252;-182,589;-175,969;-175,001;-171,794;-172,323;-171,371;-172,288;-171,318;-177,738;-170,185;-173,458;-171,01;-167,082;-167,823;-164,511;-166,919;-161,739;-164,141;-164,323;-163,966;-166,573;-169,966;-153,448;-160,664;-163,167;-154,099;-158,481;-159,016;-160,594;-152,803;-161,69;-159,018;-155,569;-152,204;-153,383;-150,479;-150,256;-157,328;-152,409;-153,301;-148,313;-153,52;-152,851;-148,78;-148,532;-151,577;-143,18;-149,528;-150,172;-141,486;-141,906;-140,722;-144,87;-139,157;-137,928;-148,803;-139,42;-144,498;-145,815;-133,764;-138,154;-130,077;-132,472;-124,475;-138,255;-121,182;-130,422;-125,34;-124,311;-124,872;-126,362;-128,831;-121,249;-118,407;-123,961;-116,028;-124,681;-117,219;-125,448;-109,276;-114,044
D10;X2;;Blanked.3;-160,901;-191,705;-212,476;-221,166;-229,254;-204,797;-202,148;-205,037;-201,744;-200,929;-204,888;-200,046;-202,446;-199,877;-198,405;-202,264;-198,242;-204,921;-206,828;-207,117;-200,288;-199,676;-204,531;-199,086;-198,92;-201,722;-204,778;-206,407;-208,046;-200,218;-198,162;-203,958;-200,458;-206,435;-200,434;-199,624;-202,899;-196,121;-201,703;-197,168;-203,787;-201,146;-200,853;-200,482;-196,07;-200,928;-195,166;-198,643;-197,984;-195,536;-191,684;-192,992;-192,595;-187,476;-194,987;-182,629;-189,143;-188,681;-190,366;-184,702;-182,19;-187,56;-181,832;-177,541;-179,186;-179,671;-182,288;-178,058;-176,653;-181,916;-174,297;-175,588;-171,665;-173,009;-170,052;-171,991;-171,158;-176,592;-169,163;-171,333;-169,46;-165,143;-166,417;-162,344;-165,02;-159,22;-161,838;-161,468;-161,545;-163,721;-166,716;-150,404;-157,67;-159,52;-151,056;-155,229;-154,732;-156,639;-148,969;-158,033;-154,606;-151,569;-147,623;-148,944;-145,922;-145,868;-152,189;-147,458;-148,317;-143,427;-148,051;-148,084;-144,101;-143,074;-146,457;-137,885;-143,922;-144,969;-136,048;-136,027;-134,829;-139,273;-134,198;-131,971;-143,415;-133,148;-138,285;-139,352;-127,51;-131,396;-123,678;-125,453;-118,44;-132,068;-115,032;-124,261;-118,806;-118,022;-118,354;-120,515;-122,182;-114,845;-111,533;-117,217;-109,357;-117,873;-110,524;-118,86;-102,455;-107,326
E06;X3;;Blanked.3;-182,475;-180,745;-177,957;-171,427;-155,251;-154,108;-150,223;-148,884;-147,807;-142,296;-134,257;-142,048;-141,003;-137,377;-137,392;-140,514;-138,373;-135,043;-124,464;-128,312;-130,721;-124,069;-129,219;-121,391;-118,028;-115,369;-117,403;-119,855;-116,75;-112,343;-116,27;-125,756;-114,839;-117,201;-119,693;-114,536;-123,249;-124,366;-125,492;-120,815;-123,802;-124,822;-128,47;-118,688;-121,385;-120,916;-123,482;-122,267;-125,824;-127,407;-124,107;-125,175;-129,919;-125,574;-127,249;-121,043;-125,679;-124,573;-125,273;-123,289;-117,214;-119,909;-119,186;-120,769;-117,044;-120,66;-120,143;-114,109;-115,791;-117,689;-114,338;-112,223;-112,918;-110,681;-110,214;-106,642;-105,589;-105,878;-100,326;-102,362;-102,521;-95,995;-97,439;-91,413;-94,279;-89,479;-89,989;-86,745;-85,898;-84,449;-76,268;-77,629;-74,245;-70,922;-72,086;-70,476;-67,938;-62,54;-59,937;-65,499;-58,856;-56,474;-51,361;-51,068;-51,071;-47,341;-49,473;-45,661;-40,041;-37,834;-35,025;-33,32;-29,537;-24,339;-24,834;-20,891;-20,563;-16,282;-13,094;-10,455;-4,379;-8,252;0,976;2,655;6,946;19,021;24,914;26,787;33,968;36,05;47,169;59,602;66,035;72,147;82,764;90,195;96,763;101,692;108,665;111,596;114,247;116,661;116,432;119,964;117,296;119,768;119,614;110,94;117,082;115,16
E07;X3;;Blanked.3;-198,181;-196,488;-193,128;-186,154;-169,947;-168,961;-165,109;-163,792;-162,499;-156,826;-148,735;-156,782;-155,644;-152,17;-151,978;-155,315;-153,176;-149,611;-139,419;-142,99;-145,572;-139,028;-144,427;-136,227;-133,179;-130,174;-132,42;-134,777;-131,902;-127,487;-131,376;-140,511;-129,664;-132,128;-134,494;-129,621;-138,165;-139,246;-139,99;-135,549;-138,316;-139,93;-143,585;-133,596;-136,551;-136,079;-138,839;-137,015;-140,667;-142,114;-138,923;-139,999;-144,827;-140,167;-142,079;-135,583;-140,234;-139,353;-140,002;-137,71;-131,888;-134,281;-133,788;-135,143;-131,006;-134,856;-134,406;-127,822;-129,806;-131,336;-127,82;-126,333;-126,391;-124,69;-124,273;-120,697;-119,771;-120,063;-114,38;-115,993;-115,862;-109,125;-110,817;-104,623;-107,397;-102,44;-102,794;-99,155;-99,038;-97,303;-89,356;-90,459;-86,821;-84,937;-86,101;-84,437;-81,556;-75,77;-73,81;-79,796;-72,769;-70,08;-65,356;-64,7;-63,692;-60,085;-62,244;-58,25;-52,28;-50,51;-47,45;-45,425;-41,584;-36,405;-37,145;-33,472;-32,714;-28,432;-25,681;-22,577;-17,21;-20,741;-11,347;-10,506;-11,725;-1,844;5,095;5,099;11,897;14,169;20,24;21,601;24,945;25,893;32,919;36,834;42,261;47,581;52,374;61,172;67,068;74,046;75,222;81,916;81,345;82,863;86,206;79,782;87,275;84,721
E08;X3;;Blanked.3;-199,925;-196,941;-192,541;-187,848;-170,971;-169,963;-164,395;-166,365;-163,509;-160,322;-152,211;-158,108;-158,043;-154,595;-153,761;-158,82;-155,76;-151,5;-139,866;-143,933;-149,298;-142,685;-146,712;-137,937;-136,289;-133,858;-135,751;-137,861;-135,654;-131,565;-134,367;-144,351;-133,16;-134,493;-138,171;-133,093;-142,08;-143,025;-143,28;-138,671;-141,935;-143,434;-147,057;-137,378;-139,846;-139,393;-142,428;-140,526;-144,125;-145,76;-142,713;-143,721;-148,482;-143,712;-145,374;-139,321;-143,9;-142,702;-143,54;-141,377;-135,323;-138,291;-137,49;-138,882;-135,157;-138,935;-138,345;-131,921;-133,733;-135,693;-132,416;-130,45;-130,656;-128,695;-128,379;-124,699;-123,603;-123,295;-117,947;-119,848;-120,069;-113,548;-115,17;-109,171;-111,664;-107,018;-107,696;-104,471;-103,827;-102,75;-94,197;-95,483;-92,869;-90,847;-90,87;-88,898;-86,417;-81,222;-78,898;-85,048;-78,139;-75,527;-70,63;-70,067;-69,445;-65,947;-67,528;-63,821;-57,985;-56,133;-52,685;-50,915;-47,462;-41,92;-42,76;-39,085;-37,959;-33,548;-30,664;-27,849;-21,596;-25,618;-16,833;-15,9;-16,441;-7,094;-1,037;-0,23;5,629;6,795;13,147;13,902;14,983;17;19,92;20,668;20,862;21,582;22,844;20,848;21,98;23,933;27,911;32,448;32,511;33,168;35,517;25,783;33,314;32,28
E09;X3;;Blanked.3;-194,357;-192,524;-190,205;-182,944;-166,716;-166,497;-162,755;-161,441;-160,43;-154,413;-145,543;-154,157;-152,31;-149,07;-148,413;-151,453;-150,336;-146,427;-135,283;-136,845;-141,589;-134,758;-140,058;-131,29;-130,127;-124,92;-128,08;-129,987;-127,456;-122,305;-125,924;-137,151;-124;-128,184;-129,378;-123,908;-134,014;-135,545;-135,91;-129,377;-131,767;-134,448;-136,76;-128,492;-128,055;-128,624;-134,311;-131,557;-133,756;-136,014;-132,411;-133,992;-140,935;-134,643;-135,5;-130,645;-134,152;-134,738;-132,684;-131,147;-127,911;-128,923;-128,87;-129,557;-126,713;-130,854;-129,287;-123,32;-124,567;-125,427;-124,106;-120,617;-121,857;-117,335;-119,438;-115,974;-113,325;-112,626;-107,052;-111,369;-109,597;-103,272;-106,029;-98,713;-102,157;-95,238;-95,389;-92,904;-93,535;-93,266;-85,511;-88,06;-83,722;-81,337;-79,926;-77,791;-76,853;-71,744;-68,616;-72,588;-66,786;-61,915;-57,304;-55,9;-54,804;-50,654;-51,684;-46,406;-40,833;-38,142;-32,865;-30,882;-26,563;-19,71;-18,476;-12,044;-10,682;-5,695;-1,493;4,306;11,299;7,769;16,523;15,888;13,505;21,282;24,529;20,881;25,03;23,948;29,946;28,757;27,91;27,975;34,342;36,861;39,745;40,696;44,048;43,825;44,009;46,671;44,342;45,776;43,957;47,347;47,369;40,429;47,59;48,727
E10;X3;;Blanked.3;-186,343;-184,005;-181,306;-174,57;-158,009;-157,068;-153,525;-151,641;-150,748;-145,081;-136,651;-144,947;-144,09;-140,516;-140,194;-143,539;-141,691;-138,178;-127,787;-131,845;-133,814;-127,726;-132,776;-124,815;-122,147;-119,007;-120,784;-123,345;-120,265;-116,29;-119,812;-129,427;-118,145;-120,604;-123,168;-117,947;-126,649;-127,765;-128,744;-124,01;-126,747;-128,446;-131,841;-121,845;-124,669;-123,865;-126,89;-125,017;-128,649;-129,868;-126,788;-127,864;-132,524;-127,705;-129,3;-123,075;-127,724;-126,445;-127,184;-124,922;-118,476;-121,385;-120,498;-121,757;-117,65;-121,541;-120,637;-114,387;-115,825;-117,618;-114,078;-111,963;-111,922;-109,664;-109,305;-105,741;-104,467;-104,445;-98,637;-100,295;-100,152;-93,582;-95,052;-88,58;-91,25;-85,937;-86,532;-82,845;-82,029;-80,985;-74,408;-75,659;-72,245;-68,845;-68,516;-66,299;-63,536;-58,417;-56,578;-61,936;-54,605;-51,164;-45,623;-44,453;-43,618;-39,336;-40,758;-36,526;-31,171;-28,387;-24,415;-22,367;-17,774;-11,488;-11,995;-7,156;-5,019;0,385;3,761;8,087;14,476;12,434;22,975;24,854;23,758;32,611;37,479;35,834;39,495;38,383;43,851;45,14;46,646;48,085;52,069;54,342;53,977;55,253;57,406;56,933;59,687;63,078;61,699;61,834;57,094;61,743;64,064;59,185;70,562;70,899
F06;X4;;Blanked.3;-158,951;-153,763;-149,532;-151,006;-152,335;-156,191;-154,562;-156,85;-153,941;-153,247;-150,451;-157,488;-155,387;-147,491;-147,359;-143,021;-135,356;-132,485;-127,818;-128,834;-130,394;-131,97;-134,599;-134,213;-135,341;-136,816;-135,724;-137,652;-134,652;-133,561;-135,712;-137,952;-137,958;-123,416;-121,412;-119,562;-124,004;-120,43;-119,451;-120,131;-120,326;-114,775;-113,316;-113,114;-107,428;-107,37;-104,619;-96,755;-95,773;-93,682;-93,524;-96,67;-95,73;-86,615;-92,092;-90,728;-88,665;-88,002;-85,743;-84,79;-80,14;-77,631;-82,744;-92,968;-95,1;-80,42;-72,323;-76,136;-84,55;-90,279;-77,693;-73,76;-75,614;-83,693;-79,132;-87,422;-80,416;-76,975;-79,874;-68,375;-79,812;-70,617;-72,51;-67,117;-72,686;-66,924;-58,381;-66,705;-60,285;-53,248;-58,664;-55,708;-49,852;-46,301;-47,038;-44,601;-40,026;-36,685;-36,985;-33,356;-29,462;-29,459;-27,237;-21,32;-16,531;-11,593;-13,802;-4,539;-4,525;-4,287;9,04;4,483;13,827;13,244;20,03;22,317;29,07;38,814;42,643;37,453;44,807;56,099;67,337;59,035;60,664;75,204;73,681;80,875;83,408;94,204;98,997;94,04;91,665;98,423;107,999;111,201;110,721;117,458;119,66;132,106;130,731;130,035;130,392;129,846;130,203;129,899;130,972;137,843;133,826;135,227
F07;X4;;Blanked.3;-166,225;-161,337;-157,578;-159,092;-160,788;-164,594;-162,83;-165,361;-162,445;-162,223;-159,51;-166,618;-164,682;-157,039;-156,577;-152,506;-144,633;-141,867;-137,342;-138,481;-139,942;-141,251;-143,771;-143,872;-144,439;-145,661;-144,958;-146,989;-143,629;-142,807;-144,84;-146,773;-146,875;-132,318;-130,307;-128,352;-132,73;-129,273;-128,282;-128,911;-129,112;-123,63;-122,067;-121,726;-116,369;-116,301;-113,506;-105,497;-104,679;-102,595;-102,369;-105,595;-104,558;-95,542;-101,125;-99,907;-97,935;-97,314;-95,269;-94,333;-89,505;-87,302;-92,614;-102,808;-104,985;-90,151;-82,34;-86,209;-94,529;-100,573;-88,11;-84,037;-85,908;-94,158;-89,412;-98,202;-91,26;-87,726;-90,728;-79,732;-90,886;-82,012;-83,984;-78,551;-84,187;-77,999;-70,326;-78,864;-72,14;-65,672;-70,609;-67,984;-62,019;-58,695;-59,681;-57,36;-52,901;-50,02;-50,244;-46,671;-43,623;-43,873;-41,366;-35,463;-31,336;-26,812;-29,247;-20,175;-20,674;-20,319;-6,888;-12,134;-3,512;-2,044;2,841;4,177;9,619;19,867;23,326;18,787;25,015;35,746;45,869;38,06;37,949;52,027;49,112;56,08;56,022;65,442;69,725;63;61,353;67,407;75,42;83,729;88,702;95,246;95,7;108,962;106,545;112,274;116,413;120,918;124,594;128,237;130,294;137,143;133,898;135,323
F08;X4;;Blanked.3;-167,605;-162,546;-159,128;-161,23;-162,691;-166,605;-165,496;-168,005;-165,29;-164,895;-162,376;-169,758;-167,947;-159,937;-159,914;-156,084;-148,34;-145,55;-140,967;-141,877;-143,517;-144,986;-147,454;-147,307;-148,127;-149,702;-148,707;-150,642;-147,848;-146,704;-148,703;-150,938;-150,926;-136,52;-134,439;-132,416;-136,952;-133,658;-132,605;-133,169;-133,385;-127,863;-126,508;-126,37;-120,934;-120,776;-117,95;-110,437;-109,38;-107,653;-107,483;-110,799;-109,907;-100,735;-106,477;-105,317;-103,324;-102,747;-100,669;-99,905;-95,183;-93,205;-98,462;-108,679;-111,091;-96,335;-88,398;-92,547;-100,971;-106,988;-94,533;-90,781;-92,716;-101,069;-96,689;-105,446;-98,689;-95,17;-98,254;-87,588;-99,006;-89,929;-92,221;-86,941;-92,818;-85,946;-76,996;-86,702;-81,658;-75,098;-80,228;-77,175;-71,723;-68,985;-69,821;-68,369;-64,136;-60,711;-61,591;-58,049;-54,717;-55,149;-52,62;-47,613;-43,789;-39,648;-42,042;-33,183;-34,007;-34,065;-20,626;-26,179;-17,278;-15,755;-9,088;-9,19;-5,303;4,396;8,691;5,362;11,035;22,1;32,343;23,689;24,68;37,652;34,247;40,899;41,7;51,55;55,327;49,676;47,191;54,466;62,087;70,219;73,748;79,314;80,935;92,327;91,542;95,345;99,968;102,72;103,931;106,58;110,497;116,932;114,634;119,317
F09;X4;;Blanked.3;-165,585;-161,362;-158,879;-160,281;-161,951;-165,915;-164,212;-167,217;-163,936;-163,842;-160,697;-168,449;-164,871;-157,806;-158,541;-154,766;-146,799;-143,689;-139,243;-140,105;-141,969;-143,455;-146,158;-145,505;-146,469;-147,92;-146,896;-148,798;-145,051;-144,084;-146,284;-148,396;-148,291;-133,523;-131,616;-129,297;-133,583;-130,055;-128,673;-129,038;-129,073;-123,641;-121,733;-121,558;-115,966;-115,509;-112,652;-104,735;-103,509;-101,483;-101,267;-104,246;-103,09;-93,981;-99,297;-98,035;-95,831;-94,929;-92,581;-91,598;-86,483;-84,054;-89,143;-99,128;-101,061;-86,169;-78,072;-81,816;-90,095;-95,58;-83,103;-79,093;-80,677;-88,753;-84,055;-92,254;-85,193;-81,367;-84,085;-73,149;-84,098;-74,39;-76,351;-70,809;-75,996;-69,745;-61,655;-69,705;-62,995;-56,486;-61,159;-58,316;-52,531;-48,736;-49,149;-47,006;-42,558;-38,651;-39,375;-34,889;-31,466;-31,237;-28,727;-22,399;-18,063;-13,567;-14,782;-5,324;-5,132;-4,535;9,633;4,102;14,062;14,31;21,405;23,706;30,121;40,887;43,246;40,7;46,121;58,406;68,33;62,745;63,382;79,323;77,808;86,525;88,49;99,675;105,221;99,183;97,827;104,439;114,869;120,846;119,21;123,801;125,285;135,043;131,157;130,359;130,715;130,171;130,526;130,222;131,296;138,166;134,146;135,548
F10;X4;;Blanked.3;-159,06;-153,502;-149,835;-151,777;-152,973;-157,314;-155,791;-158,116;-155,343;-154,721;-151,766;-159,288;-157,049;-149,069;-148,739;-144,469;-136,831;-133,649;-128,962;-129,853;-131,013;-132,836;-135,102;-134,742;-135,468;-136,936;-135,707;-137,73;-134,497;-133,586;-135,63;-137,74;-137,605;-122,886;-120,738;-118,561;-123,105;-119,75;-118,27;-118,963;-119,047;-113,448;-111,746;-111,455;-105,895;-105,49;-102,821;-94,956;-93,597;-91,427;-91,021;-94,26;-93,062;-83,81;-89,169;-87,989;-85,771;-84,923;-82,278;-81,652;-76,204;-74,189;-79,51;-89,452;-91,409;-76,692;-68,418;-72,455;-80,555;-86,397;-74,064;-69,783;-71,711;-79,931;-75,326;-83,798;-76,587;-73,21;-76,014;-65,065;-76,536;-67,33;-68,925;-63,999;-69,454;-62,654;-55,195;-63,841;-57,739;-51,069;-55,845;-53,14;-47,213;-44,008;-45,275;-43,081;-38,807;-35,772;-36,27;-32,863;-29,613;-29,866;-27,297;-21,498;-17,895;-14,094;-15,701;-6,851;-8,092;-7,328;6,853;1,479;9,758;11,863;17,654;18,022;24,253;34,271;37,979;33,622;40,474;51,646;62,02;55,602;55,063;69,628;67,132;74,225;75,03;84,808;89,944;84,137;81,918;89,912;98,237;106,835;111,954;117,836;119,81;132,654;130,386;130,41;130,78;130,276;130,631;130,328;131,402;138,272;134,252;135,654
C06;X1;;Blanked.4;-40,262;-48,484;-60,951;-67,552;-72,521;-76,227;-77,298;-80,706;-81,539;-82,238;-84,003;-84,015;-84,571;-85,361;-84,378;-85,105;-84,205;-85,071;-84,177;-84,442;-84,092;-84,024;-83,982;-83,483;-83,489;-82,433;-83,327;-82,189;-81,33;-81,083;-81,061;-80,123;-78,293;-78,05;-77,284;-76,535;-76,007;-73,288;-73,53;-72,373;-70,486;-68,701;-68,149;-66,658;-63,857;-62,34;-59,278;-56,377;-55,029;-52,359;-48,418;-47,442;-44,022;-41,695;-38,284;-33,535;-31,085;-27,894;-22,261;-19,469;-14,194;-10,855;-8,447;-2,223;-4,749;-1,602;-1,209;-1,612;-0,227;1,953;2,069;2,133;4,842;4,691;4,145;3,432;4,341;4,545;5,748;4,649;5,397;4,898;4,751;6,206;5,346;7,014;6,156;6,964;8,639;7,365;8,802;8,896;13,782;12,221;13,606;14,49;14,419;14,155;14,53;14,641;14,267;13,816;12,861;9,609;5,781;2,055;0,993;1,421;1,574;1,549;1,579;1,995;2,053;1,675;1,674;1,752;1,552;1,786;2,084;1,827;1,617;2,463;2,688;2,453;3,539;3,213;2,6;3,107;2,765;2,477;2,318;2,557;1,546;1,713;1,099;1,011;1,167;1,668;2,501;2,054;1,993;3,585;3,876;4,28;4,242;4,434;4,35;3,684;4,687
C07;X1;;Blanked.4;-19,964;-28,536;-40,471;-47,002;-53,89;-57,103;-60,559;-61,333;-64,875;-65,922;-66,262;-66,763;-67,613;-68,955;-69,68;-68,083;-68,226;-69,023;-67,327;-67,937;-69,606;-67,413;-67,817;-65,455;-68,091;-65,955;-67,177;-65,354;-65,496;-65,649;-64,597;-64,115;-63,558;-63,728;-60,879;-59,774;-59,591;-58,346;-57,916;-54,215;-54;-52,577;-51,525;-50,57;-48,182;-47,532;-43,143;-42,059;-40,632;-36,895;-36,463;-35,027;-33,446;-31,631;-31,095;-29,441;-27,542;-25,62;-24,225;-20,672;-16,676;-14,408;-11,859;-6,932;-4,969;-2,12;0,08;0,075;0,55;2,333;2,244;2,263;4,955;4,804;4,251;3,538;4,446;4,65;5,853;4,755;5,503;5,003;4,856;6,311;5,451;7,119;6,261;7,069;8,744;7,47;8,907;9,001;13,886;12,326;13,71;14,594;14,523;14,26;14,635;14,745;14,371;13,92;12,966;9,713;5,885;2,16;1,097;1,525;1,678;1,653;1,682;2,099;2,156;1,779;1,778;1,855;1,656;1,889;2,188;1,931;1,721;2,568;2,792;2,557;3,645;3,319;2,706;3,213;2,871;2,583;2,424;2,663;1,651;1,818;1,204;1,117;1,272;1,774;2,607;2,16;2,099;3,691;3,982;4,386;4,348;4,54;4,456;3,79;4,793
C08;X1;;Blanked.4;-14,777;-23,562;-33,374;-39,933;-44,163;-47,516;-48,426;-49,949;-51,125;-52,099;-51,412;-52,513;-52,595;-52,542;-51,045;-50,752;-51,338;-49,878;-50,003;-48,471;-47,392;-47,03;-46,383;-45,405;-45,213;-43,267;-43,352;-42,478;-41,551;-40,467;-38,765;-38,425;-35,618;-34,648;-33,465;-31,54;-31,525;-28,632;-28,242;-25,993;-24,439;-22,074;-19,363;-16,587;-14,113;-11,557;-9,476;-6,741;-6,017;-3,486;-2,256;-1,4;-0,953;-0,499;-0,177;0,724;0,618;0,597;1,216;0,506;1,43;1,789;0,491;2,954;0,764;2,803;2,243;0,903;0,953;2,596;2,387;2,379;5,068;4,91;4,356;3,644;4,552;4,756;5,959;4,86;5,608;5,109;4,962;6,416;5,556;7,224;6,366;7,174;8,849;7,575;9,012;9,105;13,991;12,431;13,815;14,699;14,628;14,364;14,739;14,849;14,475;14,024;13,07;9,817;5,989;2,264;1,201;1,629;1,782;1,757;1,786;2,203;2,26;1,882;1,882;1,959;1,759;1,993;2,292;2,035;1,825;2,672;2,897;2,662;3,75;3,424;2,811;3,319;2,977;2,689;2,53;2,769;1,757;1,924;1,31;1,222;1,378;1,879;2,713;2,266;2,205;3,796;4,087;4,491;4,453;4,645;4,561;3,896;4,898
C09;X1;;Blanked.4;-28,955;-36,841;-47,605;-53,315;-58,138;-58,178;-62,634;-63,293;-65,48;-65,387;-65,974;-65,486;-66,032;-65,163;-64,535;-63,807;-63,526;-63,426;-61,988;-61,629;-58,858;-59,744;-59,747;-57,948;-57,809;-57,302;-55,662;-55,073;-53,343;-52,058;-52,456;-50,878;-49,281;-47,265;-46,917;-44,706;-42,386;-40,721;-39,854;-37,296;-35,408;-33,496;-31,369;-29,816;-26,177;-22,16;-18,644;-16,124;-15,158;-12,546;-13,438;-12,813;-13,904;-14,115;-11,756;-11,116;-7,003;-10,048;-9,717;-8,087;-8,448;-4,397;-4,524;-0,631;-1,273;1,383;1,828;0,807;0,984;2,679;2,483;2,481;5,177;5,019;4,466;3,753;4,661;4,865;6,068;4,969;5,716;5,217;5,07;6,524;5,664;7,332;6,474;7,282;8,957;7,683;9,12;9,213;14,099;12,539;13,922;14,807;14,736;14,472;14,847;14,957;14,583;14,132;13,178;9,925;6,097;2,371;1,308;1,736;1,889;1,864;1,893;2,31;2,367;1,989;1,989;2,066;1,866;2,1;2,399;2,142;1,933;2,78;3,005;2,771;3,858;3,533;2,92;3,428;3,086;2,798;2,639;2,878;1,866;2,033;1,419;1,331;1,487;1,988;2,822;2,375;2,314;3,905;4,196;4,601;4,562;4,754;4,67;4,005;5,007
C10;X1;;Blanked.4;-44,429;-52,722;-62,024;-67,62;-71,058;-74,856;-76,371;-77,535;-78,641;-79,417;-79,406;-78,936;-79,528;-78,904;-77,46;-77,83;-77,685;-74,818;-76,543;-74,604;-74,837;-74,74;-74,321;-73,184;-72,318;-71,792;-70,936;-69,739;-68,789;-68,088;-66,988;-66,442;-63,971;-62,834;-60,946;-59,308;-58,219;-55,67;-55,162;-52,197;-50,275;-48,518;-46,669;-43,333;-41,985;-38,697;-36,319;-34,664;-32,782;-28,71;-28,528;-27,976;-26,668;-26,499;-25,219;-24,636;-25,052;-22,396;-21,019;-20,003;-17,034;-13,641;-11,973;-5,09;-5,828;-2,336;-1,713;-1,824;-0,422;1,789;2,11;2,417;5,225;5,094;4,561;3,852;4,767;4,971;6,173;5,074;5,822;5,323;5,176;6,629;5,769;7,437;6,579;7,386;9,062;7,788;9,225;9,318;14,204;12,643;14,027;14,911;14,84;14,576;14,951;15,061;14,687;14,236;13,282;10,029;6,201;2,475;1,412;1,84;1,993;1,968;1,997;2,414;2,471;2,093;2,093;2,169;1,97;2,204;2,503;2,246;2,037;2,884;3,11;2,875;3,964;3,638;3,026;3,534;3,192;2,904;2,745;2,984;1,972;2,139;1,525;1,436;1,592;2,094;2,927;2,48;2,42;4,011;4,302;4,706;4,668;4,86;4,776;4,11;5,113
D06;X2;;Blanked.4;-9,828;-17,746;-29,332;-35,059;-39,306;-43,218;-43,759;-45,294;-45,954;-47,97;-46,944;-48,694;-48,354;-48,935;-47,921;-48,174;-48,038;-46,273;-45,714;-46,033;-46,47;-45,557;-45,629;-43,931;-44,023;-46,549;-44,547;-44,218;-45,403;-42,983;-43,637;-44,735;-42,405;-44,127;-41,933;-42,257;-42,335;-39,469;-39,965;-37,194;-41,394;-40,712;-37,951;-37,024;-35,237;-34,985;-32,632;-32,441;-31,44;-32,072;-30,583;-29,742;-30,337;-27,795;-30,38;-26,361;-28,294;-25,751;-24,987;-25,164;-23,251;-23,638;-21,868;-21,495;-22,638;-21,537;-19,263;-17,529;-16,283;-18,116;-16,247;-16,803;-17,226;-15,24;-15,255;-14,681;-15,278;-16,095;-13,977;-13,032;-11,951;-10,637;-12,335;-8,739;-11,893;-7,879;-7,711;-7,394;-7,692;-5,196;-7,385;-6,764;-5,987;-3,086;-4,843;-5,314;-5,437;-4,368;-1,204;-2,117;-0,992;-0,451;0,856;0,857;1,475;-2,697;-2,226;1,334;2,809;2,105;1,631;3,71;1,548;1,808;1,204;2,125;3,363;2,977;5,159;4,723;4,16;3,023;2,453;4,446;3,472;3,806;4,467;0,005;3,061;4,262;0,974;5,927;6,848;5,66;8,045;9,205;9,648;9,769;9,487;9,081;11,839;11,116;12,589;12,133;12,651;12,387;12,58;12,701;12,831
D07;X2;;Blanked.4;-39,059;-47,166;-58,353;-64,95;-69,331;-72,047;-72,79;-74,977;-75,329;-78,002;-76,238;-77,693;-77,482;-78,603;-77,278;-77,364;-77,795;-75,739;-75,03;-75,664;-76,059;-76,877;-75,031;-76,225;-76,837;-75,89;-76,617;-74,476;-75,88;-72,636;-74,329;-74,633;-73,986;-74,644;-71,385;-72,795;-72,657;-71,44;-69,86;-67,729;-70,558;-69,399;-68,81;-67,029;-66,008;-65,275;-62,915;-64,004;-61,631;-61,935;-61,908;-62,055;-60,316;-58,81;-59,178;-57,088;-57,091;-55,344;-54,89;-54,81;-54,01;-53,687;-52,468;-52,015;-52,813;-52,205;-51,885;-50,786;-49,188;-50,618;-48,006;-47,863;-49,184;-48,096;-49,593;-48,023;-46,611;-47,199;-45,85;-46,596;-45,187;-43,442;-45,575;-42,264;-45,496;-44,088;-42,478;-42,972;-41,296;-39,324;-41,749;-42,08;-40,848;-37,717;-39,718;-40,036;-40,961;-40,034;-36,47;-36,82;-35,442;-35,874;-34,876;-33,773;-34,162;-36,751;-36,481;-33,88;-31,926;-31,826;-33,267;-32,275;-32,369;-33,092;-33,501;-31,995;-30,59;-30,505;-28,825;-30,895;-29,075;-30,801;-31,309;-29,792;-29,266;-30,611;-30,702;-33,05;-31,133;-30,372;-32,187;-27,702;-28,828;-29,578;-25,343;-23,587;-23,785;-24,722;-22,739;-25,951;-23,173;-22,478;-21,579;-21,134;-20,819;-19,744;-19,589;-19,779;-19,903
D08;X2;;Blanked.4;-42,538;-50,627;-61,17;-66,529;-70,006;-72,568;-73,775;-76,092;-75,246;-77,581;-76,619;-78,898;-77,293;-78,452;-78,609;-77,171;-78,388;-76,661;-75,986;-76,586;-77,228;-77,605;-76,72;-77,159;-76,71;-76,585;-76,225;-76,319;-76,35;-73,497;-74,297;-75,325;-74,985;-75,184;-72,392;-73,899;-73,599;-72,075;-71,045;-67,458;-71,012;-70,487;-68,498;-66,615;-66,268;-65,794;-62,005;-63,93;-62,591;-61,98;-62,451;-60,726;-60,747;-59,206;-61,018;-57,787;-59,077;-55,97;-56,26;-55,879;-55,418;-54,316;-52,937;-51,925;-54,143;-53,969;-54,051;-53,099;-50,283;-51,114;-49,116;-48,656;-50,608;-49,778;-51,03;-48,858;-47,838;-48,167;-47,909;-47,936;-45,551;-45,839;-46,189;-43,436;-46,298;-44,494;-43,155;-43,995;-42,659;-42,264;-43,748;-41,887;-42,366;-38,98;-40,611;-42,632;-41,783;-40,62;-38,87;-38,393;-38,085;-36,54;-35,835;-35,366;-35,072;-38,497;-38,789;-35,594;-34,574;-32,319;-34,024;-32,741;-33,537;-32,845;-33,236;-33,779;-32,327;-34,179;-31,309;-31,18;-31,459;-31,215;-32,527;-29,16;-33,698;-32,111;-29,725;-33,566;-30,061;-31,486;-33,246;-29,445;-29,755;-29,401;-25,517;-24,437;-25,518;-25,919;-25,823;-24,987;-22,586;-22,138;-21,94;-21,679;-21,05;-20,074;-21,097;-21,671;-19,238
D09;X2;;Blanked.4;-12,554;-11,234;-12,161;-20,553;-19,448;-28,415;-27,305;-21,539;-17,126;-21,598;-24,594;-19,423;-21,459;-24,085;-17,023;-24,438;-28,25;-18,942;-28,558;-22,492;-30,832;-31,546;-21,299;-28,409;-37,46;-27,95;-35,295;-38,583;-41,572;-34,957;-33,583;-38,976;-37,623;-48,721;-41,081;-43,471;-49,34;-50,214;-42,532;-45,197;-47,738;-48,329;-52,836;-54,803;-50,709;-56,254;-57,589;-52,531;-54,005;-55,606;-53,267;-57,494;-59,677;-55,525;-56,238;-56,786;-56,669;-51,85;-55,587;-54,252;-51,479;-52,913;-56,159;-54,105;-53,885;-54,902;-53,05;-56,206;-55,898;-54,374;-55,048;-54,9;-56,375;-54,541;-58,616;-56,897;-56,612;-56,221;-54,986;-53,22;-54,896;-53,191;-55,716;-53,757;-55,428;-53,725;-53,796;-53,369;-54,666;-54,09;-57,079;-56,025;-53,563;-53,033;-51,959;-56,78;-56,273;-51,774;-52,751;-48,772;-52,627;-50,887;-51,334;-51,569;-49,388;-54,334;-53,903;-51,884;-49,641;-49,752;-51,071;-49,267;-50,829;-51,035;-51,529;-50,645;-47,78;-49,638;-47,808;-49,293;-50,012;-50,246;-50,375;-48,019;-51,32;-50,333;-49,864;-52,583;-51,116;-50,091;-50,91;-48,867;-50,316;-48,614;-47,384;-46,373;-45,96;-46,919;-46,107;-47,022;-44,908;-45,256;-44,827;-44,763;-43,763;-42,91;-43,645;-43,415;-42,317
D10;X2;;Blanked.4;-47,28;-57,033;-64,44;-66,535;-69,884;-73,865;-78,529;-77,413;-81,932;-74,235;-69,836;-83,026;-73,859;-83,416;-78,896;-78,644;-85,788;-76,028;-80,514;-76,121;-78,875;-85,147;-81,665;-78,931;-77,592;-82,38;-78,312;-78,403;-81,454;-77,143;-80,385;-81,073;-77,211;-82,487;-75,106;-77,928;-80,025;-78,179;-71,645;-74,989;-76,57;-74,135;-75,482;-72,047;-70,233;-72,226;-68,307;-71;-67,05;-68,452;-66,714;-66,664;-67,139;-64,682;-65,426;-63,16;-62,239;-62,768;-60,998;-60,689;-61,56;-57,717;-59,168;-58,188;-58,821;-58,377;-57,562;-56,791;-55,091;-56,204;-54,863;-54,466;-56,198;-55,776;-54,913;-53,998;-53,31;-53,382;-51,398;-52,431;-50,349;-50,665;-51,133;-47,916;-50,233;-49,763;-47,06;-48,903;-46,588;-45,295;-46,163;-47,606;-44,648;-44,12;-43,176;-45,015;-45,811;-44,021;-41,227;-39,932;-40,409;-39,313;-38,247;-38,474;-36,514;-42,169;-40,807;-38,602;-35,877;-36,966;-36,948;-34,047;-36,487;-34,56;-38,323;-35,245;-34,652;-33,908;-32,335;-33,141;-32,849;-34,251;-34,727;-31,91;-34,818;-34,671;-34,031;-37,384;-36,183;-34,26;-36,163;-32,743;-31,694;-31,383;-28,912;-28,97;-28,514;-29,815;-28,355;-26,782;-26,634;-27,166;-25,676;-25,65;-24,975;-24,988;-24,884;-25,306;-24,059
E06;X3;;Blanked.4;-9,145;-17,452;-28,35;-35,731;-40,522;-44,403;-47,349;-48,62;-50,807;-51,68;-52,958;-53,873;-53,854;-54,311;-54,554;-54,1;-53,616;-53,878;-51,387;-53,029;-52,356;-52,436;-46,388;-40,985;-39,694;-34,402;-36,013;-40,818;-34,513;-29,826;-27,89;-32,304;-23,403;-22,713;-22,442;-21,574;-21,492;-20,632;-20,377;-19,984;-19,057;-19,668;-19,005;-17,757;-17,127;-15,454;-17,071;-14,91;-13,4;-11,637;-11,497;-10,925;-9,534;-9,226;-7,159;-6,045;-4,994;-3,592;-2,429;0,323;0,695;3,487;4,203;6,325;8,241;10,653;12,491;15,762;17,293;19,005;21,454;21,896;24,381;24,844;25,769;26,133;26,335;26,187;26,068;25,953;26,203;25,905;25,464;25,741;25,629;25,719;25,772;25,695;25,588;25,418;25,335;25,235;25,302;25,053;25,146;25,235;25,102;25,08;25,045;24,868;24,979;24,785;24,836;24,852;24,614;24,667;24,469;24,543;24,566;24,655;24,498;24,349;24,28;24,307;24,286;24,46;24,254;24,131;24,267;24,351;24,417;24,536;24,804;25,172;25,621;25,263;25,487;25,438;25,715;25,761;25,734;25,835;25,444;25,51;25,687;24,955;25,383;25,242;25,237;25,458;25,313;25,383;25,038;25,292;25,262;24,855;25,363;25,3;25,072
E07;X3;;Blanked.4;-53,808;-61,423;-71,644;-77,489;-82,197;-86,384;-88,036;-90,297;-90,924;-92,752;-92,762;-94,31;-95,026;-95,567;-95,259;-94,852;-95,613;-95,542;-94,407;-94,718;-93,774;-94,626;-86,64;-83,571;-80,126;-75,329;-76,122;-80,189;-75,473;-71,462;-69,166;-73,652;-65,327;-63,735;-63,785;-63,204;-62,932;-62,305;-62,41;-61,783;-61,095;-61,362;-60,248;-59,606;-59,309;-58,349;-58,733;-57,161;-55,62;-53,839;-52,508;-52,613;-51,231;-50,033;-48,601;-47,71;-46,239;-44,444;-42,457;-40,423;-39,893;-37,707;-36,289;-33,658;-30,806;-29,149;-26,703;-24,599;-21,662;-19,48;-16,643;-14,715;-10,863;-8,828;-5,358;-2,973;0,446;4,106;8,964;12,396;16,688;19,711;22,989;24,786;25,507;25,784;25,867;25,797;25,696;25,526;25,443;25,343;25,41;25,161;25,254;25,343;25,21;25,188;25,153;24,976;25,086;24,893;24,943;24,959;24,721;24,774;24,577;24,651;24,673;24,762;24,605;24,456;24,387;24,414;24,393;24,567;24,361;24,239;24,374;24,458;24,525;24,644;24,911;25,28;25,73;25,372;25,596;25,547;25,824;25,871;25,843;25,945;25,553;25,619;25,796;25,064;25,492;25,351;25,346;25,567;25,423;25,492;25,147;25,401;25,371;24,964;25,472;25,409;25,181
E08;X3;;Blanked.4;-58,903;-63,224;-70,45;-75,651;-86,776;-80,52;-92,311;-93,376;-89,992;-91,951;-91,708;-97,516;-95,595;-97,051;-97,575;-100,544;-98,97;-101,878;-90,756;-93,948;-102,047;-100,655;-90,125;-86,295;-81,287;-80,079;-84,781;-89,147;-81,822;-80,338;-76,762;-81,664;-72,836;-72,754;-70,59;-69,392;-66,591;-71,95;-70,852;-69,772;-68,935;-68,643;-67,257;-67,033;-64,681;-66,051;-65,077;-64,238;-63,145;-61,032;-61,282;-59,935;-58,718;-58,555;-56,136;-53,984;-54,154;-52,645;-49,542;-48,001;-47,106;-45,366;-43,968;-40,636;-38,871;-38,385;-34,643;-33,611;-31,075;-28,401;-26,188;-22,993;-20,245;-16,904;-14,654;-10,316;-7,264;-4,235;-0,25;4,259;8,473;12,753;15,849;20,58;22,47;24,383;25,576;25,77;25,781;25,624;25,548;25,448;25,514;25,266;25,359;25,447;25,314;25,293;25,257;25,08;25,191;24,997;25,048;25,064;24,825;24,878;24,68;24,755;24,777;24,866;24,709;24,56;24,491;24,518;24,497;24,671;24,465;24,342;24,478;24,562;24,629;24,748;25,016;25,385;25,835;25,477;25,701;25,653;25,93;25,977;25,949;26,05;25,658;25,725;25,902;25,169;25,597;25,456;25,451;25,673;25,528;25,598;25,253;25,507;25,476;25,07;25,578;25,515;25,287
E09;X3;;Blanked.4;-41,076;-49,287;-62,921;-68,068;-73,886;-75,782;-79,424;-81,878;-83,444;-81,333;-80,519;-83,008;-82,839;-81,061;-84,054;-79,601;-80,711;-76,543;-81,325;-79,739;-77,305;-74,109;-73,467;-69,537;-65,914;-60,746;-59,922;-73,022;-63,282;-45,49;-49,008;-54,993;-45,104;-45,669;-37,326;-50,962;-48,299;-38,907;-40,392;-44,917;-43,95;-43,95;-46,36;-42,717;-36,497;-36,287;-37,867;-36,155;-36,373;-30,141;-31,999;-34,82;-32,02;-37,834;-31,729;-24,002;-28,575;-24,379;-25,296;-26,489;-16,822;-20,172;-21,586;-13,897;-18,99;-8,876;-8,059;-6,93;-3,517;0,009;-0,521;9,847;7,138;15,113;14,474;12,965;17,595;20,791;23,247;25,596;26,013;26,133;25,763;26,056;25,947;26,038;26,09;26,013;25,906;25,736;25,653;25,552;25,619;25,37;25,463;25,552;25,419;25,397;25,362;25,184;25,295;25,102;25,152;25,168;24,93;24,982;24,784;24,859;24,881;24,97;24,813;24,663;24,595;24,622;24,601;24,774;24,568;24,446;24,582;24,666;24,733;24,853;25,121;25,49;25,94;25,582;25,807;25,758;26,035;26,083;26,055;26,156;25,764;25,83;26,008;25,275;25,703;25,562;25,557;25,778;25,634;25,703;25,358;25,613;25,582;25,175;25,683;25,62;25,392
E10;X3;;Blanked.4;-19,758;-27,685;-38,374;-44,467;-49,356;-53,217;-56,151;-56,94;-58,862;-58,959;-61,049;-61,924;-61,204;-62,272;-62,789;-63,473;-63,419;-63,213;-61,943;-62,119;-62,815;-63,306;-55,335;-50,917;-49,203;-43,846;-45,559;-50,351;-44,543;-39,673;-37,471;-41,127;-32,637;-32,643;-32,665;-30,317;-30,56;-30,965;-30,223;-28,906;-29,453;-28,953;-27,517;-26,2;-25,616;-24,692;-25,108;-24,307;-22,604;-19,968;-19,422;-18,919;-17,159;-16,723;-14,736;-12,502;-10,758;-9,204;-7,713;-5,628;-3,636;-2,287;0,466;3,104;6,002;7,826;10,365;12,837;17,019;18,547;21,317;23,161;25,464;25,663;26,727;26,709;26,873;26,637;26,507;26,385;26,631;26,333;25,892;26,168;26,056;26,146;26,198;26,121;26,014;25,844;25,761;25,661;25,727;25,478;25,571;25,659;25,527;25,505;25,469;25,292;25,403;25,209;25,26;25,275;25,037;25,09;24,892;24,966;24,988;25,077;24,92;24,771;24,702;24,729;24,708;24,881;24,675;24,553;24,69;24,773;24,84;24,96;25,229;25,598;26,049;25,691;25,916;25,868;26,145;26,192;26,164;26,266;25,873;25,939;26,117;25,383;25,812;25,671;25,666;25,887;25,743;25,812;25,467;25,722;25,69;25,284;25,792;25,73;25,502
F06;X4;;Blanked.4;-20,285;-27,473;-36,223;-42,202;-45,869;-48,29;-50,044;-50,455;-51,272;-51,279;-50,921;-49,186;-50,553;-45,54;-46,818;-45,311;-29,567;-22,392;-21,338;-21,577;-21,186;-20,572;-20,657;-20,668;-20,773;-20,503;-19,306;-19,06;-19,507;-19,393;-18,392;-18,622;-17,903;-17,051;-17,187;-16,388;-16,61;-15,815;-15,115;-14,617;-14,012;-13,359;-12,669;-11,289;-10,729;-9,781;-8,109;-7,51;-5,884;-5,176;-3,589;-1,979;-0,801;0,982;2,667;4,004;5,848;7,65;9,884;11,453;13,348;14,791;17,661;19,399;21,04;22,357;23,888;24,573;25,594;25,534;25,94;25,867;26,055;25,816;25,741;25,836;25,709;25,713;25,695;25,689;25,457;25,46;25,315;25,306;25,362;25,037;25,224;25,15;24,986;24,891;24,829;25,03;24,925;24,91;24,767;24,841;24,624;24,667;24,604;24,66;24,593;24,578;24,592;24,589;24,419;24,503;24,134;24,324;24,219;24,233;24,146;24,345;24,181;24,115;24,135;24,228;24,048;23,997;24,199;24,248;24,209;24,484;24,556;24,886;25,157;25,233;25,362;25,487;25,611;25,658;25,622;25,529;25,399;25,556;25,536;25,225;25,396;25,216;25,313;25,41;25,263;25,44;25,346;25,44;25,249;25,204;25,293;25,201;25,333
F07;X4;;Blanked.4;-41,143;-49,359;-59,739;-65,854;-70,021;-72,357;-74,41;-75,366;-76,885;-77,14;-76,433;-75,408;-77,029;-72,29;-73,498;-72,779;-56,578;-49,144;-48,832;-48,367;-47,758;-47,094;-46,927;-47,711;-47,151;-46,138;-45,968;-45,399;-45,567;-44,634;-43,649;-43,744;-43,239;-42,907;-42,477;-42,287;-41,875;-41,002;-40,148;-39,748;-39,592;-38,32;-37,618;-37,082;-35,854;-35,08;-34,053;-33,116;-31,874;-30,747;-29,332;-27,905;-26,808;-25,393;-24,035;-22,451;-20,735;-19,389;-18,297;-15,997;-14,409;-13,236;-10,799;-8,701;-6,082;-4,466;-1,78;0,054;2,543;4,8;7,236;10,209;12,581;15,496;17,668;20,454;22,298;24,213;25,079;25,546;25,511;25,555;25,417;25,411;25,467;25,142;25,329;25,254;25,091;24,996;24,933;25,135;25,029;25,015;24,871;24,946;24,729;24,772;24,709;24,764;24,697;24,682;24,697;24,693;24,523;24,607;24,238;24,428;24,323;24,337;24,25;24,449;24,284;24,218;24,238;24,332;24,152;24,1;24,303;24,352;24,313;24,588;24,661;24,991;25,262;25,339;25,468;25,592;25,717;25,764;25,728;25,635;25,505;25,661;25,641;25,33;25,502;25,321;25,419;25,516;25,369;25,546;25,451;25,545;25,355;25,309;25,398;25,307;25,439
F08;X4;;Blanked.4;-44,166;-51,986;-60,358;-65,675;-69,846;-72,925;-74,325;-75,691;-77,636;-77,821;-78,888;-77,903;-80,575;-75,784;-76,615;-75,989;-60,439;-52,744;-51,727;-52,562;-52,021;-52,296;-51,808;-51,87;-50,708;-51,795;-50,158;-49,774;-49,924;-49,297;-49,098;-49,845;-49,05;-48,511;-47,564;-47,282;-47,952;-47,36;-46,111;-44,54;-43,943;-44,137;-44,641;-43,419;-42,577;-41,635;-41,034;-39,762;-38,701;-38,605;-36,328;-35,976;-34,252;-33,176;-30,914;-31,163;-29,27;-28,177;-27,052;-24,569;-23,481;-22,095;-20,401;-18,346;-17,019;-14,261;-12,95;-11,415;-8,738;-7,824;-4,306;-3,18;-0,631;2,107;3,913;6,822;8,942;12,307;14,817;18,072;20,2;22,682;24,049;25,022;25,399;25,206;25,427;25,345;25,193;25,097;25,042;25,243;25,137;25,123;24,979;25,054;24,837;24,879;24,816;24,872;24,805;24,79;24,804;24,8;24,631;24,715;24,345;24,536;24,431;24,444;24,357;24,556;24,392;24,325;24,345;24,439;24,259;24,207;24,41;24,459;24,421;24,696;24,769;25,099;25,371;25,448;25,577;25,702;25,826;25,873;25,837;25,744;25,614;25,77;25,751;25,439;25,611;25,43;25,528;25,625;25,478;25,655;25,56;25,655;25,464;25,418;25,507;25,416;25,548
F09;X4;;Blanked.4;-42,133;-50,209;-58,872;-64,174;-68,566;-73,2;-73,816;-74,367;-76,266;-75,607;-77,855;-76,299;-77,511;-72,279;-73,011;-73,404;-55,143;-51,985;-51,013;-49,204;-48,184;-49,5;-49,468;-48,687;-47,049;-48,069;-46,748;-46,964;-46,525;-45,944;-45,054;-44,792;-42,586;-42,2;-41,122;-41,042;-38,816;-39,647;-37,835;-36,955;-35,1;-33,486;-33,446;-31,79;-29,822;-28,402;-28,041;-26,795;-24,674;-23,224;-21,488;-19,859;-18,579;-16,611;-15,326;-13,316;-11,1;-8,406;-7,288;-4,087;-2,596;-0,64;2,185;4,68;7,455;10,143;12,876;15,132;18,084;19,893;22,255;23,723;25,013;25,67;25,861;26,095;26,012;26,03;26,015;26,009;25,776;25,78;25,634;25,625;25,68;25,355;25,542;25,467;25,304;25,209;25,146;25,347;25,242;25,227;25,083;25,158;24,941;24,984;24,921;24,976;24,909;24,894;24,909;24,904;24,735;24,819;24,449;24,64;24,534;24,548;24,461;24,66;24,495;24,429;24,449;24,542;24,362;24,311;24,514;24,563;24,525;24,8;24,873;25,204;25,476;25,553;25,682;25,807;25,932;25,979;25,943;25,85;25,72;25,876;25,856;25,544;25,716;25,536;25,633;25,731;25,584;25,76;25,666;25,76;25,569;25,524;25,613;25,522;25,654
F10;X4;;Blanked.4;-19,796;-26,59;-38,027;-43,992;-49,856;-53,858;-55,108;-56,065;-58,212;-57,858;-57,643;-56,381;-57,98;-53,529;-53,291;-52,768;-35,789;-28,163;-28,616;-27,459;-26,146;-26,085;-24,968;-25,053;-25,162;-24,519;-22,705;-22,919;-21,374;-21,912;-21,242;-19,35;-20,179;-18,223;-17,687;-17,309;-16,473;-16,186;-14,515;-13,991;-13,15;-12,303;-11,429;-10,361;-9,087;-7,284;-5,516;-4,339;-2,518;-1,188;1,133;1,951;4,154;6,722;8,217;10,112;12,462;15,461;16,271;17,953;20,606;22,411;24,061;24,651;25,67;26,23;26,525;26,331;26,73;26,283;26,49;26,348;26,499;26,246;26,171;26,262;26,135;26,139;26,12;26,114;25,881;25,885;25,739;25,73;25,785;25,46;25,647;25,572;25,409;25,313;25,251;25,452;25,347;25,332;25,188;25,263;25,046;25,088;25,026;25,08;25,014;24,999;25,013;25,009;24,839;24,923;24,553;24,744;24,638;24,652;24,565;24,764;24,599;24,533;24,553;24,646;24,466;24,415;24,618;24,667;24,629;24,904;24,978;25,309;25,581;25,658;25,788;25,913;26,038;26,085;26,049;25,956;25,825;25,981;25,962;25,65;25,822;25,642;25,739;25,836;25,69;25,866;25,771;25,866;25,675;25,629;25,718;25,627;25,76
C03;B1;;Cal.Biomass[DCW [g/L]]:FS=2;0;0;0;0;0;0;0;0;0;0;0;0;0;0;0;0;0;0;0;0;0;0;0;0;0;0;0;0;0;0;0;0;0;0;0;0;0;0;0;0;0;0;0;0;0;0;0;0;0;0;0;0;0;0;0;0;0;0;0;0;0;0;0;0;0;0;0;0;0;0;0;0;0;0;0;0;0;0;0;0;0;0;0;0;0;0;0;0;0;0;0;0;0;0;0;0;0;0;0;0;0;0;0;0;0;0;0;0;0;0;0;0;0;0;0;0;0;0;0;0;0;0;0;0;0;0;0;0;0;0;0;0;0;0;0;0;0;0;0;0;0;0;0;0;0;0;0;0;0;0
C04;B1;;Cal.Biomass[DCW [g/L]]:FS=2;0;0;0;0;0;0;0;0;0;0;0;0;0;0;0;0;0;0;0;0;0;0;0;0;0;0;0;0;0;0;0;0;0;0;0;0;0;0;0;0;0;0;0;0;0;0;0;0;0;0;0;0;0;0;0;0;0;0;0;0;0;0;0;0;0;0;0;0;0;0;0;0;0;0;0;0;0;0;0;0;0;0;0;0;0;0;0;0;0;0;0;0;0;0;0;0;0;0;0;0;0;0;0;0;0;0;0;0;0;0;0;0;0;0;0;0;0;0;0;0;0;0;0;0;0;0;0;0;0;0;0;0;0;0;0;0;0;0;0;0;0;0;0;0;0;0;0;0;0;0
C05;B1;;Cal.Biomass[DCW [g/L]]:FS=2;0;0;0;0;0;0;0;0;0;0;0;0;0;0;0;0;0;0;0;0;0;0;0;0;0;0;0;0;0;0;0;0;0;0;0;0;0;0;0;0;0;0;0;0;0;0;0;0;0;0;0;0;0;0;0;0;0;0;0;0;0;0;0;0;0;0;0;0;0;0;0;0;0;0;0;0;0;0;0;0;0;0;0;0;0;0;0;0;0;0;0;0;0;0;0;0;0;0;0;0;0;0;0;0;0;0;0;0;0;0;0;0;0;0;0;0;0;0;0;0;0;0;0;0;0;0;0;0;0;0;0;0;0;0;0;0;0;0;0;0;0;0;0;0;0;0;0;0;0;0
C06;X1;;Cal.Biomass[DCW [g/L]]:FS=2;0;0;0;0;0;0;0;0;0;0;0;0;0;0;0;0;0;0;0;0;0;0;0;0;0;0;0;0;0;0;0;0;0;0;0;0;0;0;0;0;0;0;0;0;0;0;0;0;0;0;0;0;0;0;0;0;0;0;0;0;0;0;0;0;0;0;0;0;0;0;0;0;0;0;0;0;0;0;0;0;0;0;0;0;0;0;0;0;0;0;0;0;0;0;0;0;0;0;0;0;0;0;0;0;0;0;0;0;0;0;0;0;0;0;0;0;0;0;0;0;0;0;0;0;0;0;0;0;0;0;0;0;0;0;0;0;0;0;0;0;0;0;0;0;0;0;0;0;0;0
C07;X1;;Cal.Biomass[DCW [g/L]]:FS=2;0;0;0;0;0;0;0;0;0;0;0;0;0;0;0;0;0;0;0;0;0;0;0;0;0;0;0;0;0;0;0;0;0;0;0;0;0;0;0;0;0;0;0;0;0;0;0;0;0;0;0;0;0;0;0;0;0;0;0;0;0;0;0;0;0;0;0;0;0;0;0;0;0;0;0;0;0;0;0;0;0;0;0;0;0;0;0;0;0;0;0;0;0;0;0;0;0;0;0;0;0;0;0;0;0;0;0;0;0;0;0;0;0;0;0;0;0;0;0;0;0;0;0;0;0;0;0;0;0;0;0;0;0;0;0;0;0;0;0;0;0;0;0;0;0;0;0;0;0;0
C08;X1;;Cal.Biomass[DCW [g/L]]:FS=2;0;0;0;0;0;0;0;0;0;0;0;0;0;0;0;0;0;0;0;0;0;0;0;0;0;0;0;0;0;0;0;0;0;0;0;0;0;0;0;0;0;0;0;0;0;0;0;0;0;0;0;0;0;0;0;0;0;0;0;0;0;0;0;0;0;0;0;0;0;0;0;0;0;0;0;0;0;0;0;0;0;0;0;0;0;0;0;0;0;0;0;0;0;0;0;0;0;0;0;0;0;0;0;0;0;0;0;0;0;0;0;0;0;0;0;0;0;0;0;0;0;0;0;0;0;0;0;0;0;0;0;0;0;0;0;0;0;0;0;0;0;0;0;0;0;0;0;0;0;0
C09;X1;;Cal.Biomass[DCW [g/L]]:FS=2;0;0;0;0;0;0;0;0;0;0;0;0;0;0;0;0;0;0;0;0;0;0;0;0;0;0;0;0;0;0;0;0;0;0;0;0;0;0;0;0;0;0;0;0;0;0;0;0;0;0;0;0;0;0;0;0;0;0;0;0;0;0;0;0;0;0;0;0;0;0;0;0;0;0;0;0;0;0;0;0;0;0;0;0;0;0;0;0;0;0;0;0;0;0;0;0;0;0;0;0;0;0;0;0;0;0;0;0;0;0;0;0;0;0;0;0;0;0;0;0;0;0;0;0;0;0;0;0;0;0;0;0;0;0;0;0;0;0;0;0;0;0;0;0;0;0;0;0;0;0
C10;X1;;Cal.Biomass[DCW [g/L]]:FS=2;0;0;0;0;0;0;0;0;0;0;0;0;0;0;0;0;0;0;0;0;0;0;0;0;0;0;0;0;0;0;0;0;0;0;0;0;0;0;0;0;0;0;0;0;0;0;0;0;0;0;0;0;0;0;0;0;0;0;0;0;0;0;0;0;0;0;0;0;0;0;0;0;0;0;0;0;0;0;0;0;0;0;0;0;0;0;0;0;0;0;0;0;0;0;0;0;0;0;0;0;0;0;0;0;0;0;0;0;0;0;0;0;0;0;0;0;0;0;0;0;0;0;0;0;0;0;0;0;0;0;0;0;0;0;0;0;0;0;0;0;0;0;0;0;0;0;0;0;0;0
D03;B2;;Cal.Biomass[DCW [g/L]]:FS=2;0;0;0;0;0;0;0;0;0;0;0;0;0;0;0;0;0;0;0;0;0;0;0;0;0;0;0;0;0;0;0;0;0;0;0;0;0;0;0;0;0;0;0;0;0;0;0;0;0;0;0;0;0;0;0;0;0;0;0;0;0;0;0;0;0;0;0;0;0;0;0;0;0;0;0;0;0;0;0;0;0;0;0;0;0;0;0;0;0;0;0;0;0;0;0;0;0;0;0;0;0;0;0;0;0;0;0;0;0;0;0;0;0;0;0;0;0;0;0;0;0;0;0;0;0;0;0;0;0;0;0;0;0;0;0;0;0;0;0;0;0;0;0;0;0;0;0;0;0;0
D04;B2;;Cal.Biomass[DCW [g/L]]:FS=2;0;0;0;0;0;0;0;0;0;0;0;0;0;0;0;0;0;0;0;0;0;0;0;0;0;0;0;0;0;0;0;0;0;0;0;0;0;0;0;0;0;0;0;0;0;0;0;0;0;0;0;0;0;0;0;0;0;0;0;0;0;0;0;0;0;0;0;0;0;0;0;0;0;0;0;0;0;0;0;0;0;0;0;0;0;0;0;0;0;0;0;0;0;0;0;0;0;0;0;0;0;0;0;0;0;0;0;0;0;0;0;0;0;0;0;0;0;0;0;0;0;0;0;0;0;0;0;0;0;0;0;0;0;0;0;0;0;0;0;0;0;0;0;0;0;0;0;0;0;0
D05;B2;;Cal.Biomass[DCW [g/L]]:FS=2;0;0;0;0;0;0;0;0;0;0;0;0;0;0;0;0;0;0;0;0;0;0;0;0;0;0;0;0;0;0;0;0;0;0;0;0;0;0;0;0;0;0;0;0;0;0;0;0;0;0;0;0;0;0;0;0;0;0;0;0;0;0;0;0;0;0;0;0;0;0;0;0;0;0;0;0;0;0;0;0;0;0;0;0;0;0;0;0;0;0;0;0;0;0;0;0;0;0;0;0;0;0;0;0;0;0;0;0;0;0;0;0;0;0;0;0;0;0;0;0;0;0;0;0;0;0;0;0;0;0;0;0;0;0;0;0;0;0;0;0;0;0;0;0;0;0;0;0;0;0
D06;X2;;Cal.Biomass[DCW [g/L]]:FS=2;0;0;0;0;0;0;0;0;0;0;0;0;0;0;0;0;0;0;0;0;0;0;0;0;0;0;0;0;0;0;0;0;0;0;0;0;0;0;0;0;0;0;0;0;0;0;0;0;0;0;0;0;0;0;0;0;0;0;0;0;0;0;0;0;0;0;0;0;0;0;0;0;0;0;0;0;0;0;0;0;0;0;0;0;0;0;0;0;0;0;0;0;0;0;0;0;0;0;0;0;0;0;0;0;0;0;0;0;0;0;0;0;0;0;0;0;0;0;0;0;0;0;0;0;0;0;0;0;0;0;0;0;0;0;0;0;0;0;0;0;0;0;0;0;0;0;0;0;0;0
D07;X2;;Cal.Biomass[DCW [g/L]]:FS=2;0;0;0;0;0;0;0;0;0;0;0;0;0;0;0;0;0;0;0;0;0;0;0;0;0;0;0;0;0;0;0;0;0;0;0;0;0;0;0;0;0;0;0;0;0;0;0;0;0;0;0;0;0;0;0;0;0;0;0;0;0;0;0;0;0;0;0;0;0;0;0;0;0;0;0;0;0;0;0;0;0;0;0;0;0;0;0;0;0;0;0;0;0;0;0;0;0;0;0;0;0;0;0;0;0;0;0;0;0;0;0;0;0;0;0;0;0;0;0;0;0;0;0;0;0;0;0;0;0;0;0;0;0;0;0;0;0;0;0;0;0;0;0;0;0;0;0;0;0;0
D08;X2;;Cal.Biomass[DCW [g/L]]:FS=2;0;0;0;0;0;0;0;0;0;0;0;0;0;0;0;0;0;0;0;0;0;0;0;0;0;0;0;0;0;0;0;0;0;0;0;0;0;0;0;0;0;0;0;0;0;0;0;0;0;0;0;0;0;0;0;0;0;0;0;0;0;0;0;0;0;0;0;0;0;0;0;0;0;0;0;0;0;0;0;0;0;0;0;0;0;0;0;0;0;0;0;0;0;0;0;0;0;0;0;0;0;0;0;0;0;0;0;0;0;0;0;0;0;0;0;0;0;0;0;0;0;0;0;0;0;0;0;0;0;0;0;0;0;0;0;0;0;0;0;0;0;0;0;0;0;0;0;0;0;0
D09;X2;;Cal.Biomass[DCW [g/L]]:FS=2;0;0;0;0;0;0;0;0;0;0;0;0;0;0;0;0;0;0;0;0;0;0;0;0;0;0;0;0;0;0;0;0;0;0;0;0;0;0;0;0;0;0;0;0;0;0;0;0;0;0;0;0;0;0;0;0;0;0;0;0;0;0;0;0;0;0;0;0;0;0;0;0;0;0;0;0;0;0;0;0;0;0;0;0;0;0;0;0;0;0;0;0;0;0;0;0;0;0;0;0;0;0;0;0;0;0;0;0;0;0;0;0;0;0;0;0;0;0;0;0;0;0;0;0;0;0;0;0;0;0;0;0;0;0;0;0;0;0;0;0;0;0;0;0;0;0;0;0;0;0
D10;X2;;Cal.Biomass[DCW [g/L]]:FS=2;0;0;0;0;0;0;0;0;0;0;0;0;0;0;0;0;0;0;0;0;0;0;0;0;0;0;0;0;0;0;0;0;0;0;0;0;0;0;0;0;0;0;0;0;0;0;0;0;0;0;0;0;0;0;0;0;0;0;0;0;0;0;0;0;0;0;0;0;0;0;0;0;0;0;0;0;0;0;0;0;0;0;0;0;0;0;0;0;0;0;0;0;0;0;0;0;0;0;0;0;0;0;0;0;0;0;0;0;0;0;0;0;0;0;0;0;0;0;0;0;0;0;0;0;0;0;0;0;0;0;0;0;0;0;0;0;0;0;0;0;0;0;0;0;0;0;0;0;0;0
E03;B3;;Cal.Biomass[DCW [g/L]]:FS=2;0;0;0;0;0;0;0;0;0;0;0;0;0;0;0;0;0;0;0;0;0;0;0;0;0;0;0;0;0;0;0;0;0;0;0;0;0;0;0;0;0;0;0;0;0;0;0;0;0;0;0;0;0;0;0;0;0;0;0;0;0;0;0;0;0;0;0;0;0;0;0;0;0;0;0;0;0;0;0;0;0;0;0;0;0;0;0;0;0;0;0;0;0;0;0;0;0;0;0;0;0;0;0;0;0;0;0;0;0;0;0;0;0;0;0;0;0;0;0;0;0;0;0;0;0;0;0;0;0;0;0;0;0;0;0;0;0;0;0;0;0;0;0;0;0;0;0;0;0;0
E04;B3;;Cal.Biomass[DCW [g/L]]:FS=2;0;0;0;0;0;0;0;0;0;0;0;0;0;0;0;0;0;0;0;0;0;0;0;0;0;0;0;0;0;0;0;0;0;0;0;0;0;0;0;0;0;0;0;0;0;0;0;0;0;0;0;0;0;0;0;0;0;0;0;0;0;0;0;0;0;0;0;0;0;0;0;0;0;0;0;0;0;0;0;0;0;0;0;0;0;0;0;0;0;0;0;0;0;0;0;0;0;0;0;0;0;0;0;0;0;0;0;0;0;0;0;0;0;0;0;0;0;0;0;0;0;0;0;0;0;0;0;0;0;0;0;0;0;0;0;0;0;0;0;0;0;0;0;0;0;0;0;0;0;0
E05;B3;;Cal.Biomass[DCW [g/L]]:FS=2;0;0;0;0;0;0;0;0;0;0;0;0;0;0;0;0;0;0;0;0;0;0;0;0;0;0;0;0;0;0;0;0;0;0;0;0;0;0;0;0;0;0;0;0;0;0;0;0;0;0;0;0;0;0;0;0;0;0;0;0;0;0;0;0;0;0;0;0;0;0;0;0;0;0;0;0;0;0;0;0;0;0;0;0;0;0;0;0;0;0;0;0;0;0;0;0;0;0;0;0;0;0;0;0;0;0;0;0;0;0;0;0;0;0;0;0;0;0;0;0;0;0;0;0;0;0;0;0;0;0;0;0;0;0;0;0;0;0;0;0;0;0;0;0;0;0;0;0;0;0
E06;X3;;Cal.Biomass[DCW [g/L]]:FS=2;0;0;0;0;0;0;0;0;0;0;0;0;0;0;0;0;0;0;0;0;0;0;0;0;0;0;0;0;0;0;0;0;0;0;0;0;0;0;0;0;0;0;0;0;0;0;0;0;0;0;0;0;0;0;0;0;0;0;0;0;0;0;0;0;0;0;0;0;0;0;0;0;0;0;0;0;0;0;0;0;0;0;0;0;0;0;0;0;0;0;0;0;0;0;0;0;0;0;0;0;0;0;0;0;0;0;0;0;0;0;0;0;0;0;0;0;0;0;0;0;0;0;0;0;0;0;0;0;0;0;0;0;0;0;0;0;0;0;0;0;0;0;0;0;0;0;0;0;0;0
E07;X3;;Cal.Biomass[DCW [g/L]]:FS=2;0;0;0;0;0;0;0;0;0;0;0;0;0;0;0;0;0;0;0;0;0;0;0;0;0;0;0;0;0;0;0;0;0;0;0;0;0;0;0;0;0;0;0;0;0;0;0;0;0;0;0;0;0;0;0;0;0;0;0;0;0;0;0;0;0;0;0;0;0;0;0;0;0;0;0;0;0;0;0;0;0;0;0;0;0;0;0;0;0;0;0;0;0;0;0;0;0;0;0;0;0;0;0;0;0;0;0;0;0;0;0;0;0;0;0;0;0;0;0;0;0;0;0;0;0;0;0;0;0;0;0;0;0;0;0;0;0;0;0;0;0;0;0;0;0;0;0;0;0;0
E08;X3;;Cal.Biomass[DCW [g/L]]:FS=2;0;0;0;0;0;0;0;0;0;0;0;0;0;0;0;0;0;0;0;0;0;0;0;0;0;0;0;0;0;0;0;0;0;0;0;0;0;0;0;0;0;0;0;0;0;0;0;0;0;0;0;0;0;0;0;0;0;0;0;0;0;0;0;0;0;0;0;0;0;0;0;0;0;0;0;0;0;0;0;0;0;0;0;0;0;0;0;0;0;0;0;0;0;0;0;0;0;0;0;0;0;0;0;0;0;0;0;0;0;0;0;0;0;0;0;0;0;0;0;0;0;0;0;0;0;0;0;0;0;0;0;0;0;0;0;0;0;0;0;0;0;0;0;0;0;0;0;0;0;0
E09;X3;;Cal.Biomass[DCW [g/L]]:FS=2;0;0;0;0;0;0;0;0;0;0;0;0;0;0;0;0;0;0;0;0;0;0;0;0;0;0;0;0;0;0;0;0;0;0;0;0;0;0;0;0;0;0;0;0;0;0;0;0;0;0;0;0;0;0;0;0;0;0;0;0;0;0;0;0;0;0;0;0;0;0;0;0;0;0;0;0;0;0;0;0;0;0;0;0;0;0;0;0;0;0;0;0;0;0;0;0;0;0;0;0;0;0;0;0;0;0;0;0;0;0;0;0;0;0;0;0;0;0;0;0;0;0;0;0;0;0;0;0;0;0;0;0;0;0;0;0;0;0;0;0;0;0;0;0;0;0;0;0;0;0
E10;X3;;Cal.Biomass[DCW [g/L]]:FS=2;0;0;0;0;0;0;0;0;0;0;0;0;0;0;0;0;0;0;0;0;0;0;0;0;0;0;0;0;0;0;0;0;0;0;0;0;0;0;0;0;0;0;0;0;0;0;0;0;0;0;0;0;0;0;0;0;0;0;0;0;0;0;0;0;0;0;0;0;0;0;0;0;0;0;0;0;0;0;0;0;0;0;0;0;0;0;0;0;0;0;0;0;0;0;0;0;0;0;0;0;0;0;0;0;0;0;0;0;0;0;0;0;0;0;0;0;0;0;0;0;0;0;0;0;0;0;0;0;0;0;0;0;0;0;0;0;0;0;0;0;0;0;0;0;0;0;0;0;0;0
F03;B4;;Cal.Biomass[DCW [g/L]]:FS=2;0;0;0;0;0;0;0;0;0;0;0;0;0;0;0;0;0;0;0;0;0;0;0;0;0;0;0;0;0;0;0;0;0;0;0;0;0;0;0;0;0;0;0;0;0;0;0;0;0;0;0;0;0;0;0;0;0;0;0;0;0;0;0;0;0;0;0;0;0;0;0;0;0;0;0;0;0;0;0;0;0;0;0;0;0;0;0;0;0;0;0;0;0;0;0;0;0;0;0;0;0;0;0;0;0;0;0;0;0;0;0;0;0;0;0;0;0;0;0;0;0;0;0;0;0;0;0;0;0;0;0;0;0;0;0;0;0;0;0;0;0;0;0;0;0;0;0;0;0;0
F04;B4;;Cal.Biomass[DCW [g/L]]:FS=2;0;0;0;0;0;0;0;0;0;0;0;0;0;0;0;0;0;0;0;0;0;0;0;0;0;0;0;0;0;0;0;0;0;0;0;0;0;0;0;0;0;0;0;0;0;0;0;0;0;0;0;0;0;0;0;0;0;0;0;0;0;0;0;0;0;0;0;0;0;0;0;0;0;0;0;0;0;0;0;0;0;0;0;0;0;0;0;0;0;0;0;0;0;0;0;0;0;0;0;0;0;0;0;0;0;0;0;0;0;0;0;0;0;0;0;0;0;0;0;0;0;0;0;0;0;0;0;0;0;0;0;0;0;0;0;0;0;0;0;0;0;0;0;0;0;0;0;0;0;0
F05;B4;;Cal.Biomass[DCW [g/L]]:FS=2;0;0;0;0;0;0;0;0;0;0;0;0;0;0;0;0;0;0;0;0;0;0;0;0;0;0;0;0;0;0;0;0;0;0;0;0;0;0;0;0;0;0;0;0;0;0;0;0;0;0;0;0;0;0;0;0;0;0;0;0;0;0;0;0;0;0;0;0;0;0;0;0;0;0;0;0;0;0;0;0;0;0;0;0;0;0;0;0;0;0;0;0;0;0;0;0;0;0;0;0;0;0;0;0;0;0;0;0;0;0;0;0;0;0;0;0;0;0;0;0;0;0;0;0;0;0;0;0;0;0;0;0;0;0;0;0;0;0;0;0;0;0;0;0;0;0;0;0;0;0
F06;X4;;Cal.Biomass[DCW [g/L]]:FS=2;0;0;0;0;0;0;0;0;0;0;0;0;0;0;0;0;0;0;0;0;0;0;0;0;0;0;0;0;0;0;0;0;0;0;0;0;0;0;0;0;0;0;0;0;0;0;0;0;0;0;0;0;0;0;0;0;0;0;0;0;0;0;0;0;0;0;0;0;0;0;0;0;0;0;0;0;0;0;0;0;0;0;0;0;0;0;0;0;0;0;0;0;0;0;0;0;0;0;0;0;0;0;0;0;0;0;0;0;0;0;0;0;0;0;0;0;0;0;0;0;0;0;0;0;0;0;0;0;0;0;0;0;0;0;0;0;0;0;0;0;0;0;0;0;0;0;0;0;0;0
F07;X4;;Cal.Biomass[DCW [g/L]]:FS=2;0;0;0;0;0;0;0;0;0;0;0;0;0;0;0;0;0;0;0;0;0;0;0;0;0;0;0;0;0;0;0;0;0;0;0;0;0;0;0;0;0;0;0;0;0;0;0;0;0;0;0;0;0;0;0;0;0;0;0;0;0;0;0;0;0;0;0;0;0;0;0;0;0;0;0;0;0;0;0;0;0;0;0;0;0;0;0;0;0;0;0;0;0;0;0;0;0;0;0;0;0;0;0;0;0;0;0;0;0;0;0;0;0;0;0;0;0;0;0;0;0;0;0;0;0;0;0;0;0;0;0;0;0;0;0;0;0;0;0;0;0;0;0;0;0;0;0;0;0;0
F08;X4;;Cal.Biomass[DCW [g/L]]:FS=2;0;0;0;0;0;0;0;0;0;0;0;0;0;0;0;0;0;0;0;0;0;0;0;0;0;0;0;0;0;0;0;0;0;0;0;0;0;0;0;0;0;0;0;0;0;0;0;0;0;0;0;0;0;0;0;0;0;0;0;0;0;0;0;0;0;0;0;0;0;0;0;0;0;0;0;0;0;0;0;0;0;0;0;0;0;0;0;0;0;0;0;0;0;0;0;0;0;0;0;0;0;0;0;0;0;0;0;0;0;0;0;0;0;0;0;0;0;0;0;0;0;0;0;0;0;0;0;0;0;0;0;0;0;0;0;0;0;0;0;0;0;0;0;0;0;0;0;0;0;0
F09;X4;;Cal.Biomass[DCW [g/L]]:FS=2;0;0;0;0;0;0;0;0;0;0;0;0;0;0;0;0;0;0;0;0;0;0;0;0;0;0;0;0;0;0;0;0;0;0;0;0;0;0;0;0;0;0;0;0;0;0;0;0;0;0;0;0;0;0;0;0;0;0;0;0;0;0;0;0;0;0;0;0;0;0;0;0;0;0;0;0;0;0;0;0;0;0;0;0;0;0;0;0;0;0;0;0;0;0;0;0;0;0;0;0;0;0;0;0;0;0;0;0;0;0;0;0;0;0;0;0;0;0;0;0;0;0;0;0;0;0;0;0;0;0;0;0;0;0;0;0;0;0;0;0;0;0;0;0;0;0;0;0;0;0
F10;X4;;Cal.Biomass[DCW [g/L]]:FS=2;0;0;0;0;0;0;0;0;0;0;0;0;0;0;0;0;0;0;0;0;0;0;0;0;0;0;0;0;0;0;0;0;0;0;0;0;0;0;0;0;0;0;0;0;0;0;0;0;0;0;0;0;0;0;0;0;0;0;0;0;0;0;0;0;0;0;0;0;0;0;0;0;0;0;0;0;0;0;0;0;0;0;0;0;0;0;0;0;0;0;0;0;0;0;0;0;0;0;0;0;0;0;0;0;0;0;0;0;0;0;0;0;0;0;0;0;0;0;0;0;0;0;0;0;0;0;0;0;0;0;0;0;0;0;0;0;0;0;0;0;0;0;0;0;0;0;0;0;0;0
C03;B1;;Cal.Biomass[DCW [g/L]]:FS=1;0;0;0;0;0;0;0;0;0;0;0;0;0;0;0;0;0;0;0;0;0;0;0;0;0;0;0;0;0;0;0;0;0;0;0;0;0;0;0;0;0;0;0;0;0;0;0;0;0;0;0;0;0;0;0;0;0;0;0;0;0;0;0;0;0;0;0;0;0;0;0;0;0;0;0;0;0;0;0;0;0;0;0;0;0;0;0;0;0;0;0;0;0;0;0;0;0;0;0;0;0;0;0;0;0;0;0;0;0;0;0;0;0;0;0;0;0;0;0;0;0;0;0;0;0;0;0;0;0;0;0;0;0;0;0;0;0;0;0;0;0;0;0;0;0;0;0;0;0;0
C04;B1;;Cal.Biomass[DCW [g/L]]:FS=1;0;0;0;0;0;0;0;0;0;0;0;0;0;0;0;0;0;0;0;0;0;0;0;0;0;0;0;0;0;0;0;0;0;0;0;0;0;0;0;0;0;0;0;0;0;0;0;0;0;0;0;0;0;0;0;0;0;0;0;0;0;0;0;0;0;0;0;0;0;0;0;0;0;0;0;0;0;0;0;0;0;0;0;0;0;0;0;0;0;0;0;0;0;0;0;0;0;0;0;0;0;0;0;0;0;0;0;0;0;0;0;0;0;0;0;0;0;0;0;0;0;0;0;0;0;0;0;0;0;0;0;0;0;0;0;0;0;0;0;0;0;0;0;0;0;0;0;0;0;0
C05;B1;;Cal.Biomass[DCW [g/L]]:FS=1;0;0;0;0;0;0;0;0;0;0;0;0;0;0;0;0;0;0;0;0;0;0;0;0;0;0;0;0;0;0;0;0;0;0;0;0;0;0;0;0;0;0;0;0;0;0;0;0;0;0;0;0;0;0;0;0;0;0;0;0;0;0;0;0;0;0;0;0;0;0;0;0;0;0;0;0;0;0;0;0;0;0;0;0;0;0;0;0;0;0;0;0;0;0;0;0;0;0;0;0;0;0;0;0;0;0;0;0;0;0;0;0;0;0;0;0;0;0;0;0;0;0;0;0;0;0;0;0;0;0;0;0;0;0;0;0;0;0;0;0;0;0;0;0;0;0;0;0;0;0
C06;X1;;Cal.Biomass[DCW [g/L]]:FS=1;0;0;0;0;0;0;0;0;0;0;0;0;0;0;0;0;0;0;0;0;0;0;0;0;0;0;0;0;0;0;0;0;0;0;0;0;0;0;0;0;0;0;0;0;0;0;0;0;0;0;0;0;0;0;0;0;0;0;0;0;0;0;0;0;0;0;0;0;0;0;0;0;0;0;0;0;0;0;0;0;0;0;0;0;0;0;0;0;0;0;0;0;0;0;0;0;0;0;0;0;0;0;0;0;0;0;0;0;0;0;0;0;0;0;0;0;0;0;0;0;0;0;0;0;0;0;0;0;0;0;0;0;0;0;0;0;0;0;0;0;0;0;0;0;0;0;0;0;0;0
C07;X1;;Cal.Biomass[DCW [g/L]]:FS=1;0;0;0;0;0;0;0;0;0;0;0;0;0;0;0;0;0;0;0;0;0;0;0;0;0;0;0;0;0;0;0;0;0;0;0;0;0;0;0;0;0;0;0;0;0;0;0;0;0;0;0;0;0;0;0;0;0;0;0;0;0;0;0;0;0;0;0;0;0;0;0;0;0;0;0;0;0;0;0;0;0;0;0;0;0;0;0;0;0;0;0;0;0;0;0;0;0;0;0;0;0;0;0;0;0;0;0;0;0;0;0;0;0;0;0;0;0;0;0;0;0;0;0;0;0;0;0;0;0;0;0;0;0;0;0;0;0;0;0;0;0;0;0;0;0;0;0;0;0;0
C08;X1;;Cal.Biomass[DCW [g/L]]:FS=1;0;0;0;0;0;0;0;0;0;0;0;0;0;0;0;0;0;0;0;0;0;0;0;0;0;0;0;0;0;0;0;0;0;0;0;0;0;0;0;0;0;0;0;0;0;0;0;0;0;0;0;0;0;0;0;0;0;0;0;0;0;0;0;0;0;0;0;0;0;0;0;0;0;0;0;0;0;0;0;0;0;0;0;0;0;0;0;0;0;0;0;0;0;0;0;0;0;0;0;0;0;0;0;0;0;0;0;0;0;0;0;0;0;0;0;0;0;0;0;0;0;0;0;0;0;0;0;0;0;0;0;0;0;0;0;0;0;0;0;0;0;0;0;0;0;0;0;0;0;0
C09;X1;;Cal.Biomass[DCW [g/L]]:FS=1;0;0;0;0;0;0;0;0;0;0;0;0;0;0;0;0;0;0;0;0;0;0;0;0;0;0;0;0;0;0;0;0;0;0;0;0;0;0;0;0;0;0;0;0;0;0;0;0;0;0;0;0;0;0;0;0;0;0;0;0;0;0;0;0;0;0;0;0;0;0;0;0;0;0;0;0;0;0;0;0;0;0;0;0;0;0;0;0;0;0;0;0;0;0;0;0;0;0;0;0;0;0;0;0;0;0;0;0;0;0;0;0;0;0;0;0;0;0;0;0;0;0;0;0;0;0;0;0;0;0;0;0;0;0;0;0;0;0;0;0;0;0;0;0;0;0;0;0;0;0
C10;X1;;Cal.Biomass[DCW [g/L]]:FS=1;0;0;0;0;0;0;0;0;0;0;0;0;0;0;0;0;0;0;0;0;0;0;0;0;0;0;0;0;0;0;0;0;0;0;0;0;0;0;0;0;0;0;0;0;0;0;0;0;0;0;0;0;0;0;0;0;0;0;0;0;0;0;0;0;0;0;0;0;0;0;0;0;0;0;0;0;0;0;0;0;0;0;0;0;0;0;0;0;0;0;0;0;0;0;0;0;0;0;0;0;0;0;0;0;0;0;0;0;0;0;0;0;0;0;0;0;0;0;0;0;0;0;0;0;0;0;0;0;0;0;0;0;0;0;0;0;0;0;0;0;0;0;0;0;0;0;0;0;0;0
D03;B2;;Cal.Biomass[DCW [g/L]]:FS=1;0;0;0;0;0;0;0;0;0;0;0;0;0;0;0;0;0;0;0;0;0;0;0;0;0;0;0;0;0;0;0;0;0;0;0;0;0;0;0;0;0;0;0;0;0;0;0;0;0;0;0;0;0;0;0;0;0;0;0;0;0;0;0;0;0;0;0;0;0;0;0;0;0;0;0;0;0;0;0;0;0;0;0;0;0;0;0;0;0;0;0;0;0;0;0;0;0;0;0;0;0;0;0;0;0;0;0;0;0;0;0;0;0;0;0;0;0;0;0;0;0;0;0;0;0;0;0;0;0;0;0;0;0;0;0;0;0;0;0;0;0;0;0;0;0;0;0;0;0;0
D04;B2;;Cal.Biomass[DCW [g/L]]:FS=1;0;0;0;0;0;0;0;0;0;0;0;0;0;0;0;0;0;0;0;0;0;0;0;0;0;0;0;0;0;0;0;0;0;0;0;0;0;0;0;0;0;0;0;0;0;0;0;0;0;0;0;0;0;0;0;0;0;0;0;0;0;0;0;0;0;0;0;0;0;0;0;0;0;0;0;0;0;0;0;0;0;0;0;0;0;0;0;0;0;0;0;0;0;0;0;0;0;0;0;0;0;0;0;0;0;0;0;0;0;0;0;0;0;0;0;0;0;0;0;0;0;0;0;0;0;0;0;0;0;0;0;0;0;0;0;0;0;0;0;0;0;0;0;0;0;0;0;0;0;0
D05;B2;;Cal.Biomass[DCW [g/L]]:FS=1;0;0;0;0;0;0;0;0;0;0;0;0;0;0;0;0;0;0;0;0;0;0;0;0;0;0;0;0;0;0;0;0;0;0;0;0;0;0;0;0;0;0;0;0;0;0;0;0;0;0;0;0;0;0;0;0;0;0;0;0;0;0;0;0;0;0;0;0;0;0;0;0;0;0;0;0;0;0;0;0;0;0;0;0;0;0;0;0;0;0;0;0;0;0;0;0;0;0;0;0;0;0;0;0;0;0;0;0;0;0;0;0;0;0;0;0;0;0;0;0;0;0;0;0;0;0;0;0;0;0;0;0;0;0;0;0;0;0;0;0;0;0;0;0;0;0;0;0;0;0
D06;X2;;Cal.Biomass[DCW [g/L]]:FS=1;0;0;0;0;0;0;0;0;0;0;0;0;0;0;0;0;0;0;0;0;0;0;0;0;0;0;0;0;0;0;0;0;0;0;0;0;0;0;0;0;0;0;0;0;0;0;0;0;0;0;0;0;0;0;0;0;0;0;0;0;0;0;0;0;0;0;0;0;0;0;0;0;0;0;0;0;0;0;0;0;0;0;0;0;0;0;0;0;0;0;0;0;0;0;0;0;0;0;0;0;0;0;0;0;0;0;0;0;0;0;0;0;0;0;0;0;0;0;0;0;0;0;0;0;0;0;0;0;0;0;0;0;0;0;0;0;0;0;0;0;0;0;0;0;0;0;0;0;0;0
D07;X2;;Cal.Biomass[DCW [g/L]]:FS=1;0;0;0;0;0;0;0;0;0;0;0;0;0;0;0;0;0;0;0;0;0;0;0;0;0;0;0;0;0;0;0;0;0;0;0;0;0;0;0;0;0;0;0;0;0;0;0;0;0;0;0;0;0;0;0;0;0;0;0;0;0;0;0;0;0;0;0;0;0;0;0;0;0;0;0;0;0;0;0;0;0;0;0;0;0;0;0;0;0;0;0;0;0;0;0;0;0;0;0;0;0;0;0;0;0;0;0;0;0;0;0;0;0;0;0;0;0;0;0;0;0;0;0;0;0;0;0;0;0;0;0;0;0;0;0;0;0;0;0;0;0;0;0;0;0;0;0;0;0;0
D08;X2;;Cal.Biomass[DCW [g/L]]:FS=1;0;0;0;0;0;0;0;0;0;0;0;0;0;0;0;0;0;0;0;0;0;0;0;0;0;0;0;0;0;0;0;0;0;0;0;0;0;0;0;0;0;0;0;0;0;0;0;0;0;0;0;0;0;0;0;0;0;0;0;0;0;0;0;0;0;0;0;0;0;0;0;0;0;0;0;0;0;0;0;0;0;0;0;0;0;0;0;0;0;0;0;0;0;0;0;0;0;0;0;0;0;0;0;0;0;0;0;0;0;0;0;0;0;0;0;0;0;0;0;0;0;0;0;0;0;0;0;0;0;0;0;0;0;0;0;0;0;0;0;0;0;0;0;0;0;0;0;0;0;0
D09;X2;;Cal.Biomass[DCW [g/L]]:FS=1;0;0;0;0;0;0;0;0;0;0;0;0;0;0;0;0;0;0;0;0;0;0;0;0;0;0;0;0;0;0;0;0;0;0;0;0;0;0;0;0;0;0;0;0;0;0;0;0;0;0;0;0;0;0;0;0;0;0;0;0;0;0;0;0;0;0;0;0;0;0;0;0;0;0;0;0;0;0;0;0;0;0;0;0;0;0;0;0;0;0;0;0;0;0;0;0;0;0;0;0;0;0;0;0;0;0;0;0;0;0;0;0;0;0;0;0;0;0;0;0;0;0;0;0;0;0;0;0;0;0;0;0;0;0;0;0;0;0;0;0;0;0;0;0;0;0;0;0;0;0
D10;X2;;Cal.Biomass[DCW [g/L]]:FS=1;0;0;0;0;0;0;0;0;0;0;0;0;0;0;0;0;0;0;0;0;0;0;0;0;0;0;0;0;0;0;0;0;0;0;0;0;0;0;0;0;0;0;0;0;0;0;0;0;0;0;0;0;0;0;0;0;0;0;0;0;0;0;0;0;0;0;0;0;0;0;0;0;0;0;0;0;0;0;0;0;0;0;0;0;0;0;0;0;0;0;0;0;0;0;0;0;0;0;0;0;0;0;0;0;0;0;0;0;0;0;0;0;0;0;0;0;0;0;0;0;0;0;0;0;0;0;0;0;0;0;0;0;0;0;0;0;0;0;0;0;0;0;0;0;0;0;0;0;0;0
E03;B3;;Cal.Biomass[DCW [g/L]]:FS=1;0;0;0;0;0;0;0;0;0;0;0;0;0;0;0;0;0;0;0;0;0;0;0;0;0;0;0;0;0;0;0;0;0;0;0;0;0;0;0;0;0;0;0;0;0;0;0;0;0;0;0;0;0;0;0;0;0;0;0;0;0;0;0;0;0;0;0;0;0;0;0;0;0;0;0;0;0;0;0;0;0;0;0;0;0;0;0;0;0;0;0;0;0;0;0;0;0;0;0;0;0;0;0;0;0;0;0;0;0;0;0;0;0;0;0;0;0;0;0;0;0;0;0;0;0;0;0;0;0;0;0;0;0;0;0;0;0;0;0;0;0;0;0;0;0;0;0;0;0;0
E04;B3;;Cal.Biomass[DCW [g/L]]:FS=1;0;0;0;0;0;0;0;0;0;0;0;0;0;0;0;0;0;0;0;0;0;0;0;0;0;0;0;0;0;0;0;0;0;0;0;0;0;0;0;0;0;0;0;0;0;0;0;0;0;0;0;0;0;0;0;0;0;0;0;0;0;0;0;0;0;0;0;0;0;0;0;0;0;0;0;0;0;0;0;0;0;0;0;0;0;0;0;0;0;0;0;0;0;0;0;0;0;0;0;0;0;0;0;0;0;0;0;0;0;0;0;0;0;0;0;0;0;0;0;0;0;0;0;0;0;0;0;0;0;0;0;0;0;0;0;0;0;0;0;0;0;0;0;0;0;0;0;0;0;0
E05;B3;;Cal.Biomass[DCW [g/L]]:FS=1;0;0;0;0;0;0;0;0;0;0;0;0;0;0;0;0;0;0;0;0;0;0;0;0;0;0;0;0;0;0;0;0;0;0;0;0;0;0;0;0;0;0;0;0;0;0;0;0;0;0;0;0;0;0;0;0;0;0;0;0;0;0;0;0;0;0;0;0;0;0;0;0;0;0;0;0;0;0;0;0;0;0;0;0;0;0;0;0;0;0;0;0;0;0;0;0;0;0;0;0;0;0;0;0;0;0;0;0;0;0;0;0;0;0;0;0;0;0;0;0;0;0;0;0;0;0;0;0;0;0;0;0;0;0;0;0;0;0;0;0;0;0;0;0;0;0;0;0;0;0
E06;X3;;Cal.Biomass[DCW [g/L]]:FS=1;0;0;0;0;0;0;0;0;0;0;0;0;0;0;0;0;0;0;0;0;0;0;0;0;0;0;0;0;0;0;0;0;0;0;0;0;0;0;0;0;0;0;0;0;0;0;0;0;0;0;0;0;0;0;0;0;0;0;0;0;0;0;0;0;0;0;0;0;0;0;0;0;0;0;0;0;0;0;0;0;0;0;0;0;0;0;0;0;0;0;0;0;0;0;0;0;0;0;0;0;0;0;0;0;0;0;0;0;0;0;0;0;0;0;0;0;0;0;0;0;0;0;0;0;0;0;0;0;0;0;0;0;0;0;0;0;0;0;0;0;0;0;0;0;0;0;0;0;0;0
E07;X3;;Cal.Biomass[DCW [g/L]]:FS=1;0;0;0;0;0;0;0;0;0;0;0;0;0;0;0;0;0;0;0;0;0;0;0;0;0;0;0;0;0;0;0;0;0;0;0;0;0;0;0;0;0;0;0;0;0;0;0;0;0;0;0;0;0;0;0;0;0;0;0;0;0;0;0;0;0;0;0;0;0;0;0;0;0;0;0;0;0;0;0;0;0;0;0;0;0;0;0;0;0;0;0;0;0;0;0;0;0;0;0;0;0;0;0;0;0;0;0;0;0;0;0;0;0;0;0;0;0;0;0;0;0;0;0;0;0;0;0;0;0;0;0;0;0;0;0;0;0;0;0;0;0;0;0;0;0;0;0;0;0;0
E08;X3;;Cal.Biomass[DCW [g/L]]:FS=1;0;0;0;0;0;0;0;0;0;0;0;0;0;0;0;0;0;0;0;0;0;0;0;0;0;0;0;0;0;0;0;0;0;0;0;0;0;0;0;0;0;0;0;0;0;0;0;0;0;0;0;0;0;0;0;0;0;0;0;0;0;0;0;0;0;0;0;0;0;0;0;0;0;0;0;0;0;0;0;0;0;0;0;0;0;0;0;0;0;0;0;0;0;0;0;0;0;0;0;0;0;0;0;0;0;0;0;0;0;0;0;0;0;0;0;0;0;0;0;0;0;0;0;0;0;0;0;0;0;0;0;0;0;0;0;0;0;0;0;0;0;0;0;0;0;0;0;0;0;0
E09;X3;;Cal.Biomass[DCW [g/L]]:FS=1;0;0;0;0;0;0;0;0;0;0;0;0;0;0;0;0;0;0;0;0;0;0;0;0;0;0;0;0;0;0;0;0;0;0;0;0;0;0;0;0;0;0;0;0;0;0;0;0;0;0;0;0;0;0;0;0;0;0;0;0;0;0;0;0;0;0;0;0;0;0;0;0;0;0;0;0;0;0;0;0;0;0;0;0;0;0;0;0;0;0;0;0;0;0;0;0;0;0;0;0;0;0;0;0;0;0;0;0;0;0;0;0;0;0;0;0;0;0;0;0;0;0;0;0;0;0;0;0;0;0;0;0;0;0;0;0;0;0;0;0;0;0;0;0;0;0;0;0;0;0
E10;X3;;Cal.Biomass[DCW [g/L]]:FS=1;0;0;0;0;0;0;0;0;0;0;0;0;0;0;0;0;0;0;0;0;0;0;0;0;0;0;0;0;0;0;0;0;0;0;0;0;0;0;0;0;0;0;0;0;0;0;0;0;0;0;0;0;0;0;0;0;0;0;0;0;0;0;0;0;0;0;0;0;0;0;0;0;0;0;0;0;0;0;0;0;0;0;0;0;0;0;0;0;0;0;0;0;0;0;0;0;0;0;0;0;0;0;0;0;0;0;0;0;0;0;0;0;0;0;0;0;0;0;0;0;0;0;0;0;0;0;0;0;0;0;0;0;0;0;0;0;0;0;0;0;0;0;0;0;0;0;0;0;0;0
F03;B4;;Cal.Biomass[DCW [g/L]]:FS=1;0;0;0;0;0;0;0;0;0;0;0;0;0;0;0;0;0;0;0;0;0;0;0;0;0;0;0;0;0;0;0;0;0;0;0;0;0;0;0;0;0;0;0;0;0;0;0;0;0;0;0;0;0;0;0;0;0;0;0;0;0;0;0;0;0;0;0;0;0;0;0;0;0;0;0;0;0;0;0;0;0;0;0;0;0;0;0;0;0;0;0;0;0;0;0;0;0;0;0;0;0;0;0;0;0;0;0;0;0;0;0;0;0;0;0;0;0;0;0;0;0;0;0;0;0;0;0;0;0;0;0;0;0;0;0;0;0;0;0;0;0;0;0;0;0;0;0;0;0;0
F04;B4;;Cal.Biomass[DCW [g/L]]:FS=1;0;0;0;0;0;0;0;0;0;0;0;0;0;0;0;0;0;0;0;0;0;0;0;0;0;0;0;0;0;0;0;0;0;0;0;0;0;0;0;0;0;0;0;0;0;0;0;0;0;0;0;0;0;0;0;0;0;0;0;0;0;0;0;0;0;0;0;0;0;0;0;0;0;0;0;0;0;0;0;0;0;0;0;0;0;0;0;0;0;0;0;0;0;0;0;0;0;0;0;0;0;0;0;0;0;0;0;0;0;0;0;0;0;0;0;0;0;0;0;0;0;0;0;0;0;0;0;0;0;0;0;0;0;0;0;0;0;0;0;0;0;0;0;0;0;0;0;0;0;0
F05;B4;;Cal.Biomass[DCW [g/L]]:FS=1;0;0;0;0;0;0;0;0;0;0;0;0;0;0;0;0;0;0;0;0;0;0;0;0;0;0;0;0;0;0;0;0;0;0;0;0;0;0;0;0;0;0;0;0;0;0;0;0;0;0;0;0;0;0;0;0;0;0;0;0;0;0;0;0;0;0;0;0;0;0;0;0;0;0;0;0;0;0;0;0;0;0;0;0;0;0;0;0;0;0;0;0;0;0;0;0;0;0;0;0;0;0;0;0;0;0;0;0;0;0;0;0;0;0;0;0;0;0;0;0;0;0;0;0;0;0;0;0;0;0;0;0;0;0;0;0;0;0;0;0;0;0;0;0;0;0;0;0;0;0
F06;X4;;Cal.Biomass[DCW [g/L]]:FS=1;0;0;0;0;0;0;0;0;0;0;0;0;0;0;0;0;0;0;0;0;0;0;0;0;0;0;0;0;0;0;0;0;0;0;0;0;0;0;0;0;0;0;0;0;0;0;0;0;0;0;0;0;0;0;0;0;0;0;0;0;0;0;0;0;0;0;0;0;0;0;0;0;0;0;0;0;0;0;0;0;0;0;0;0;0;0;0;0;0;0;0;0;0;0;0;0;0;0;0;0;0;0;0;0;0;0;0;0;0;0;0;0;0;0;0;0;0;0;0;0;0;0;0;0;0;0;0;0;0;0;0;0;0;0;0;0;0;0;0;0;0;0;0;0;0;0;0;0;0;0
F07;X4;;Cal.Biomass[DCW [g/L]]:FS=1;0;0;0;0;0;0;0;0;0;0;0;0;0;0;0;0;0;0;0;0;0;0;0;0;0;0;0;0;0;0;0;0;0;0;0;0;0;0;0;0;0;0;0;0;0;0;0;0;0;0;0;0;0;0;0;0;0;0;0;0;0;0;0;0;0;0;0;0;0;0;0;0;0;0;0;0;0;0;0;0;0;0;0;0;0;0;0;0;0;0;0;0;0;0;0;0;0;0;0;0;0;0;0;0;0;0;0;0;0;0;0;0;0;0;0;0;0;0;0;0;0;0;0;0;0;0;0;0;0;0;0;0;0;0;0;0;0;0;0;0;0;0;0;0;0;0;0;0;0;0
F08;X4;;Cal.Biomass[DCW [g/L]]:FS=1;0;0;0;0;0;0;0;0;0;0;0;0;0;0;0;0;0;0;0;0;0;0;0;0;0;0;0;0;0;0;0;0;0;0;0;0;0;0;0;0;0;0;0;0;0;0;0;0;0;0;0;0;0;0;0;0;0;0;0;0;0;0;0;0;0;0;0;0;0;0;0;0;0;0;0;0;0;0;0;0;0;0;0;0;0;0;0;0;0;0;0;0;0;0;0;0;0;0;0;0;0;0;0;0;0;0;0;0;0;0;0;0;0;0;0;0;0;0;0;0;0;0;0;0;0;0;0;0;0;0;0;0;0;0;0;0;0;0;0;0;0;0;0;0;0;0;0;0;0;0
F09;X4;;Cal.Biomass[DCW [g/L]]:FS=1;0;0;0;0;0;0;0;0;0;0;0;0;0;0;0;0;0;0;0;0;0;0;0;0;0;0;0;0;0;0;0;0;0;0;0;0;0;0;0;0;0;0;0;0;0;0;0;0;0;0;0;0;0;0;0;0;0;0;0;0;0;0;0;0;0;0;0;0;0;0;0;0;0;0;0;0;0;0;0;0;0;0;0;0;0;0;0;0;0;0;0;0;0;0;0;0;0;0;0;0;0;0;0;0;0;0;0;0;0;0;0;0;0;0;0;0;0;0;0;0;0;0;0;0;0;0;0;0;0;0;0;0;0;0;0;0;0;0;0;0;0;0;0;0;0;0;0;0;0;0
F10;X4;;Cal.Biomass[DCW [g/L]]:FS=1;0;0;0;0;0;0;0;0;0;0;0;0;0;0;0;0;0;0;0;0;0;0;0;0;0;0;0;0;0;0;0;0;0;0;0;0;0;0;0;0;0;0;0;0;0;0;0;0;0;0;0;0;0;0;0;0;0;0;0;0;0;0;0;0;0;0;0;0;0;0;0;0;0;0;0;0;0;0;0;0;0;0;0;0;0;0;0;0;0;0;0;0;0;0;0;0;0;0;0;0;0;0;0;0;0;0;0;0;0;0;0;0;0;0;0;0;0;0;0;0;0;0;0;0;0;0;0;0;0;0;0;0;0;0;0;0;0;0;0;0;0;0;0;0;0;0;0;0;0;0
C03;B1;;Cal.Biomass[DCW [g/L]]:FS=3;0;0;0;0;0;0;0;0;0;0;0;0;0;0;0;0;0;0;0;0;0;0;0;0;0;0;0;0;0;0;0;0;0;0;0;0;0;0;0;0;0;0;0;0;0;0;0;0;0;0;0;0;0;0;0;0;0;0;0;0;0;0;0;0;0;0;0;0;0;0;0;0;0;0;0;0;0;0;0;0;0;0;0;0;0;0;0;0;0;0;0;0;0;0;0;0;0;0;0;0;0;0;0;0;0;0;0;0;0;0;0;0;0;0;0;0;0;0;0;0;0;0;0;0;0;0;0;0;0;0;0;0;0;0;0;0;0;0;0;0;0;0;0;0;0;0;0;0;0;0
C04;B1;;Cal.Biomass[DCW [g/L]]:FS=3;0;0;0;0;0;0;0;0;0;0;0;0;0;0;0;0;0;0;0;0;0;0;0;0;0;0;0;0;0;0;0;0;0;0;0;0;0;0;0;0;0;0;0;0;0;0;0;0;0;0;0;0;0;0;0;0;0;0;0;0;0;0;0;0;0;0;0;0;0;0;0;0;0;0;0;0;0;0;0;0;0;0;0;0;0;0;0;0;0;0;0;0;0;0;0;0;0;0;0;0;0;0;0;0;0;0;0;0;0;0;0;0;0;0;0;0;0;0;0;0;0;0;0;0;0;0;0;0;0;0;0;0;0;0;0;0;0;0;0;0;0;0;0;0;0;0;0;0;0;0
C05;B1;;Cal.Biomass[DCW [g/L]]:FS=3;0;0;0;0;0;0;0;0;0;0;0;0;0;0;0;0;0;0;0;0;0;0;0;0;0;0;0;0;0;0;0;0;0;0;0;0;0;0;0;0;0;0;0;0;0;0;0;0;0;0;0;0;0;0;0;0;0;0;0;0;0;0;0;0;0;0;0;0;0;0;0;0;0;0;0;0;0;0;0;0;0;0;0;0;0;0;0;0;0;0;0;0;0;0;0;0;0;0;0;0;0;0;0;0;0;0;0;0;0;0;0;0;0;0;0;0;0;0;0;0;0;0;0;0;0;0;0;0;0;0;0;0;0;0;0;0;0;0;0;0;0;0;0;0;0;0;0;0;0;0
C06;X1;;Cal.Biomass[DCW [g/L]]:FS=3;0;0;0;0;0;0;0;0;0;0;0;0;0;0;0;0;0;0;0;0;0;0;0;0;0;0;0;0;0;0;0;0;0;0;0;0;0;0;0;0;0;0;0;0;0;0;0;0;0;0;0;0;0;0;0;0;0;0;0;0;0;0;0;0;0;0;0;0;0;0;0;0;0;0;0;0;0;0;0;0;0;0;0;0;0;0;0;0;0;0;0;0;0;0;0;0;0;0;0;0;0;0;0;0;0;0;0;0;0;0;0;0;0;0;0;0;0;0;0;0;0;0;0;0;0;0;0;0;0;0;0;0;0;0;0;0;0;0;0;0;0;0;0;0;0;0;0;0;0;0
C07;X1;;Cal.Biomass[DCW [g/L]]:FS=3;0;0;0;0;0;0;0;0;0;0;0;0;0;0;0;0;0;0;0;0;0;0;0;0;0;0;0;0;0;0;0;0;0;0;0;0;0;0;0;0;0;0;0;0;0;0;0;0;0;0;0;0;0;0;0;0;0;0;0;0;0;0;0;0;0;0;0;0;0;0;0;0;0;0;0;0;0;0;0;0;0;0;0;0;0;0;0;0;0;0;0;0;0;0;0;0;0;0;0;0;0;0;0;0;0;0;0;0;0;0;0;0;0;0;0;0;0;0;0;0;0;0;0;0;0;0;0;0;0;0;0;0;0;0;0;0;0;0;0;0;0;0;0;0;0;0;0;0;0;0
C08;X1;;Cal.Biomass[DCW [g/L]]:FS=3;0;0;0;0;0;0;0;0;0;0;0;0;0;0;0;0;0;0;0;0;0;0;0;0;0;0;0;0;0;0;0;0;0;0;0;0;0;0;0;0;0;0;0;0;0;0;0;0;0;0;0;0;0;0;0;0;0;0;0;0;0;0;0;0;0;0;0;0;0;0;0;0;0;0;0;0;0;0;0;0;0;0;0;0;0;0;0;0;0;0;0;0;0;0;0;0;0;0;0;0;0;0;0;0;0;0;0;0;0;0;0;0;0;0;0;0;0;0;0;0;0;0;0;0;0;0;0;0;0;0;0;0;0;0;0;0;0;0;0;0;0;0;0;0;0;0;0;0;0;0
C09;X1;;Cal.Biomass[DCW [g/L]]:FS=3;0;0;0;0;0;0;0;0;0;0;0;0;0;0;0;0;0;0;0;0;0;0;0;0;0;0;0;0;0;0;0;0;0;0;0;0;0;0;0;0;0;0;0;0;0;0;0;0;0;0;0;0;0;0;0;0;0;0;0;0;0;0;0;0;0;0;0;0;0;0;0;0;0;0;0;0;0;0;0;0;0;0;0;0;0;0;0;0;0;0;0;0;0;0;0;0;0;0;0;0;0;0;0;0;0;0;0;0;0;0;0;0;0;0;0;0;0;0;0;0;0;0;0;0;0;0;0;0;0;0;0;0;0;0;0;0;0;0;0;0;0;0;0;0;0;0;0;0;0;0
C10;X1;;Cal.Biomass[DCW [g/L]]:FS=3;0;0;0;0;0;0;0;0;0;0;0;0;0;0;0;0;0;0;0;0;0;0;0;0;0;0;0;0;0;0;0;0;0;0;0;0;0;0;0;0;0;0;0;0;0;0;0;0;0;0;0;0;0;0;0;0;0;0;0;0;0;0;0;0;0;0;0;0;0;0;0;0;0;0;0;0;0;0;0;0;0;0;0;0;0;0;0;0;0;0;0;0;0;0;0;0;0;0;0;0;0;0;0;0;0;0;0;0;0;0;0;0;0;0;0;0;0;0;0;0;0;0;0;0;0;0;0;0;0;0;0;0;0;0;0;0;0;0;0;0;0;0;0;0;0;0;0;0;0;0
D03;B2;;Cal.Biomass[DCW [g/L]]:FS=3;0;0;0;0;0;0;0;0;0;0;0;0;0;0;0;0;0;0;0;0;0;0;0;0;0;0;0;0;0;0;0;0;0;0;0;0;0;0;0;0;0;0;0;0;0;0;0;0;0;0;0;0;0;0;0;0;0;0;0;0;0;0;0;0;0;0;0;0;0;0;0;0;0;0;0;0;0;0;0;0;0;0;0;0;0;0;0;0;0;0;0;0;0;0;0;0;0;0;0;0;0;0;0;0;0;0;0;0;0;0;0;0;0;0;0;0;0;0;0;0;0;0;0;0;0;0;0;0;0;0;0;0;0;0;0;0;0;0;0;0;0;0;0;0;0;0;0;0;0;0
D04;B2;;Cal.Biomass[DCW [g/L]]:FS=3;0;0;0;0;0;0;0;0;0;0;0;0;0;0;0;0;0;0;0;0;0;0;0;0;0;0;0;0;0;0;0;0;0;0;0;0;0;0;0;0;0;0;0;0;0;0;0;0;0;0;0;0;0;0;0;0;0;0;0;0;0;0;0;0;0;0;0;0;0;0;0;0;0;0;0;0;0;0;0;0;0;0;0;0;0;0;0;0;0;0;0;0;0;0;0;0;0;0;0;0;0;0;0;0;0;0;0;0;0;0;0;0;0;0;0;0;0;0;0;0;0;0;0;0;0;0;0;0;0;0;0;0;0;0;0;0;0;0;0;0;0;0;0;0;0;0;0;0;0;0
D05;B2;;Cal.Biomass[DCW [g/L]]:FS=3;0;0;0;0;0;0;0;0;0;0;0;0;0;0;0;0;0;0;0;0;0;0;0;0;0;0;0;0;0;0;0;0;0;0;0;0;0;0;0;0;0;0;0;0;0;0;0;0;0;0;0;0;0;0;0;0;0;0;0;0;0;0;0;0;0;0;0;0;0;0;0;0;0;0;0;0;0;0;0;0;0;0;0;0;0;0;0;0;0;0;0;0;0;0;0;0;0;0;0;0;0;0;0;0;0;0;0;0;0;0;0;0;0;0;0;0;0;0;0;0;0;0;0;0;0;0;0;0;0;0;0;0;0;0;0;0;0;0;0;0;0;0;0;0;0;0;0;0;0;0
D06;X2;;Cal.Biomass[DCW [g/L]]:FS=3;0;0;0;0;0;0;0;0;0;0;0;0;0;0;0;0;0;0;0;0;0;0;0;0;0;0;0;0;0;0;0;0;0;0;0;0;0;0;0;0;0;0;0;0;0;0;0;0;0;0;0;0;0;0;0;0;0;0;0;0;0;0;0;0;0;0;0;0;0;0;0;0;0;0;0;0;0;0;0;0;0;0;0;0;0;0;0;0;0;0;0;0;0;0;0;0;0;0;0;0;0;0;0;0;0;0;0;0;0;0;0;0;0;0;0;0;0;0;0;0;0;0;0;0;0;0;0;0;0;0;0;0;0;0;0;0;0;0;0;0;0;0;0;0;0;0;0;0;0;0
D07;X2;;Cal.Biomass[DCW [g/L]]:FS=3;0;0;0;0;0;0;0;0;0;0;0;0;0;0;0;0;0;0;0;0;0;0;0;0;0;0;0;0;0;0;0;0;0;0;0;0;0;0;0;0;0;0;0;0;0;0;0;0;0;0;0;0;0;0;0;0;0;0;0;0;0;0;0;0;0;0;0;0;0;0;0;0;0;0;0;0;0;0;0;0;0;0;0;0;0;0;0;0;0;0;0;0;0;0;0;0;0;0;0;0;0;0;0;0;0;0;0;0;0;0;0;0;0;0;0;0;0;0;0;0;0;0;0;0;0;0;0;0;0;0;0;0;0;0;0;0;0;0;0;0;0;0;0;0;0;0;0;0;0;0
D08;X2;;Cal.Biomass[DCW [g/L]]:FS=3;0;0;0;0;0;0;0;0;0;0;0;0;0;0;0;0;0;0;0;0;0;0;0;0;0;0;0;0;0;0;0;0;0;0;0;0;0;0;0;0;0;0;0;0;0;0;0;0;0;0;0;0;0;0;0;0;0;0;0;0;0;0;0;0;0;0;0;0;0;0;0;0;0;0;0;0;0;0;0;0;0;0;0;0;0;0;0;0;0;0;0;0;0;0;0;0;0;0;0;0;0;0;0;0;0;0;0;0;0;0;0;0;0;0;0;0;0;0;0;0;0;0;0;0;0;0;0;0;0;0;0;0;0;0;0;0;0;0;0;0;0;0;0;0;0;0;0;0;0;0
D09;X2;;Cal.Biomass[DCW [g/L]]:FS=3;0;0;0;0;0;0;0;0;0;0;0;0;0;0;0;0;0;0;0;0;0;0;0;0;0;0;0;0;0;0;0;0;0;0;0;0;0;0;0;0;0;0;0;0;0;0;0;0;0;0;0;0;0;0;0;0;0;0;0;0;0;0;0;0;0;0;0;0;0;0;0;0;0;0;0;0;0;0;0;0;0;0;0;0;0;0;0;0;0;0;0;0;0;0;0;0;0;0;0;0;0;0;0;0;0;0;0;0;0;0;0;0;0;0;0;0;0;0;0;0;0;0;0;0;0;0;0;0;0;0;0;0;0;0;0;0;0;0;0;0;0;0;0;0;0;0;0;0;0;0
D10;X2;;Cal.Biomass[DCW [g/L]]:FS=3;0;0;0;0;0;0;0;0;0;0;0;0;0;0;0;0;0;0;0;0;0;0;0;0;0;0;0;0;0;0;0;0;0;0;0;0;0;0;0;0;0;0;0;0;0;0;0;0;0;0;0;0;0;0;0;0;0;0;0;0;0;0;0;0;0;0;0;0;0;0;0;0;0;0;0;0;0;0;0;0;0;0;0;0;0;0;0;0;0;0;0;0;0;0;0;0;0;0;0;0;0;0;0;0;0;0;0;0;0;0;0;0;0;0;0;0;0;0;0;0;0;0;0;0;0;0;0;0;0;0;0;0;0;0;0;0;0;0;0;0;0;0;0;0;0;0;0;0;0;0
E03;B3;;Cal.Biomass[DCW [g/L]]:FS=3;0;0;0;0;0;0;0;0;0;0;0;0;0;0;0;0;0;0;0;0;0;0;0;0;0;0;0;0;0;0;0;0;0;0;0;0;0;0;0;0;0;0;0;0;0;0;0;0;0;0;0;0;0;0;0;0;0;0;0;0;0;0;0;0;0;0;0;0;0;0;0;0;0;0;0;0;0;0;0;0;0;0;0;0;0;0;0;0;0;0;0;0;0;0;0;0;0;0;0;0;0;0;0;0;0;0;0;0;0;0;0;0;0;0;0;0;0;0;0;0;0;0;0;0;0;0;0;0;0;0;0;0;0;0;0;0;0;0;0;0;0;0;0;0;0;0;0;0;0;0
E04;B3;;Cal.Biomass[DCW [g/L]]:FS=3;0;0;0;0;0;0;0;0;0;0;0;0;0;0;0;0;0;0;0;0;0;0;0;0;0;0;0;0;0;0;0;0;0;0;0;0;0;0;0;0;0;0;0;0;0;0;0;0;0;0;0;0;0;0;0;0;0;0;0;0;0;0;0;0;0;0;0;0;0;0;0;0;0;0;0;0;0;0;0;0;0;0;0;0;0;0;0;0;0;0;0;0;0;0;0;0;0;0;0;0;0;0;0;0;0;0;0;0;0;0;0;0;0;0;0;0;0;0;0;0;0;0;0;0;0;0;0;0;0;0;0;0;0;0;0;0;0;0;0;0;0;0;0;0;0;0;0;0;0;0
E05;B3;;Cal.Biomass[DCW [g/L]]:FS=3;0;0;0;0;0;0;0;0;0;0;0;0;0;0;0;0;0;0;0;0;0;0;0;0;0;0;0;0;0;0;0;0;0;0;0;0;0;0;0;0;0;0;0;0;0;0;0;0;0;0;0;0;0;0;0;0;0;0;0;0;0;0;0;0;0;0;0;0;0;0;0;0;0;0;0;0;0;0;0;0;0;0;0;0;0;0;0;0;0;0;0;0;0;0;0;0;0;0;0;0;0;0;0;0;0;0;0;0;0;0;0;0;0;0;0;0;0;0;0;0;0;0;0;0;0;0;0;0;0;0;0;0;0;0;0;0;0;0;0;0;0;0;0;0;0;0;0;0;0;0
E06;X3;;Cal.Biomass[DCW [g/L]]:FS=3;0;0;0;0;0;0;0;0;0;0;0;0;0;0;0;0;0;0;0;0;0;0;0;0;0;0;0;0;0;0;0;0;0;0;0;0;0;0;0;0;0;0;0;0;0;0;0;0;0;0;0;0;0;0;0;0;0;0;0;0;0;0;0;0;0;0;0;0;0;0;0;0;0;0;0;0;0;0;0;0;0;0;0;0;0;0;0;0;0;0;0;0;0;0;0;0;0;0;0;0;0;0;0;0;0;0;0;0;0;0;0;0;0;0;0;0;0;0;0;0;0;0;0;0;0;0;0;0;0;0;0;0;0;0;0;0;0;0;0;0;0;0;0;0;0;0;0;0;0;0
E07;X3;;Cal.Biomass[DCW [g/L]]:FS=3;0;0;0;0;0;0;0;0;0;0;0;0;0;0;0;0;0;0;0;0;0;0;0;0;0;0;0;0;0;0;0;0;0;0;0;0;0;0;0;0;0;0;0;0;0;0;0;0;0;0;0;0;0;0;0;0;0;0;0;0;0;0;0;0;0;0;0;0;0;0;0;0;0;0;0;0;0;0;0;0;0;0;0;0;0;0;0;0;0;0;0;0;0;0;0;0;0;0;0;0;0;0;0;0;0;0;0;0;0;0;0;0;0;0;0;0;0;0;0;0;0;0;0;0;0;0;0;0;0;0;0;0;0;0;0;0;0;0;0;0;0;0;0;0;0;0;0;0;0;0
E08;X3;;Cal.Biomass[DCW [g/L]]:FS=3;0;0;0;0;0;0;0;0;0;0;0;0;0;0;0;0;0;0;0;0;0;0;0;0;0;0;0;0;0;0;0;0;0;0;0;0;0;0;0;0;0;0;0;0;0;0;0;0;0;0;0;0;0;0;0;0;0;0;0;0;0;0;0;0;0;0;0;0;0;0;0;0;0;0;0;0;0;0;0;0;0;0;0;0;0;0;0;0;0;0;0;0;0;0;0;0;0;0;0;0;0;0;0;0;0;0;0;0;0;0;0;0;0;0;0;0;0;0;0;0;0;0;0;0;0;0;0;0;0;0;0;0;0;0;0;0;0;0;0;0;0;0;0;0;0;0;0;0;0;0
E09;X3;;Cal.Biomass[DCW [g/L]]:FS=3;0;0;0;0;0;0;0;0;0;0;0;0;0;0;0;0;0;0;0;0;0;0;0;0;0;0;0;0;0;0;0;0;0;0;0;0;0;0;0;0;0;0;0;0;0;0;0;0;0;0;0;0;0;0;0;0;0;0;0;0;0;0;0;0;0;0;0;0;0;0;0;0;0;0;0;0;0;0;0;0;0;0;0;0;0;0;0;0;0;0;0;0;0;0;0;0;0;0;0;0;0;0;0;0;0;0;0;0;0;0;0;0;0;0;0;0;0;0;0;0;0;0;0;0;0;0;0;0;0;0;0;0;0;0;0;0;0;0;0;0;0;0;0;0;0;0;0;0;0;0
E10;X3;;Cal.Biomass[DCW [g/L]]:FS=3;0;0;0;0;0;0;0;0;0;0;0;0;0;0;0;0;0;0;0;0;0;0;0;0;0;0;0;0;0;0;0;0;0;0;0;0;0;0;0;0;0;0;0;0;0;0;0;0;0;0;0;0;0;0;0;0;0;0;0;0;0;0;0;0;0;0;0;0;0;0;0;0;0;0;0;0;0;0;0;0;0;0;0;0;0;0;0;0;0;0;0;0;0;0;0;0;0;0;0;0;0;0;0;0;0;0;0;0;0;0;0;0;0;0;0;0;0;0;0;0;0;0;0;0;0;0;0;0;0;0;0;0;0;0;0;0;0;0;0;0;0;0;0;0;0;0;0;0;0;0
F03;B4;;Cal.Biomass[DCW [g/L]]:FS=3;0;0;0;0;0;0;0;0;0;0;0;0;0;0;0;0;0;0;0;0;0;0;0;0;0;0;0;0;0;0;0;0;0;0;0;0;0;0;0;0;0;0;0;0;0;0;0;0;0;0;0;0;0;0;0;0;0;0;0;0;0;0;0;0;0;0;0;0;0;0;0;0;0;0;0;0;0;0;0;0;0;0;0;0;0;0;0;0;0;0;0;0;0;0;0;0;0;0;0;0;0;0;0;0;0;0;0;0;0;0;0;0;0;0;0;0;0;0;0;0;0;0;0;0;0;0;0;0;0;0;0;0;0;0;0;0;0;0;0;0;0;0;0;0;0;0;0;0;0;0
F04;B4;;Cal.Biomass[DCW [g/L]]:FS=3;0;0;0;0;0;0;0;0;0;0;0;0;0;0;0;0;0;0;0;0;0;0;0;0;0;0;0;0;0;0;0;0;0;0;0;0;0;0;0;0;0;0;0;0;0;0;0;0;0;0;0;0;0;0;0;0;0;0;0;0;0;0;0;0;0;0;0;0;0;0;0;0;0;0;0;0;0;0;0;0;0;0;0;0;0;0;0;0;0;0;0;0;0;0;0;0;0;0;0;0;0;0;0;0;0;0;0;0;0;0;0;0;0;0;0;0;0;0;0;0;0;0;0;0;0;0;0;0;0;0;0;0;0;0;0;0;0;0;0;0;0;0;0;0;0;0;0;0;0;0
F05;B4;;Cal.Biomass[DCW [g/L]]:FS=3;0;0;0;0;0;0;0;0;0;0;0;0;0;0;0;0;0;0;0;0;0;0;0;0;0;0;0;0;0;0;0;0;0;0;0;0;0;0;0;0;0;0;0;0;0;0;0;0;0;0;0;0;0;0;0;0;0;0;0;0;0;0;0;0;0;0;0;0;0;0;0;0;0;0;0;0;0;0;0;0;0;0;0;0;0;0;0;0;0;0;0;0;0;0;0;0;0;0;0;0;0;0;0;0;0;0;0;0;0;0;0;0;0;0;0;0;0;0;0;0;0;0;0;0;0;0;0;0;0;0;0;0;0;0;0;0;0;0;0;0;0;0;0;0;0;0;0;0;0;0
F06;X4;;Cal.Biomass[DCW [g/L]]:FS=3;0;0;0;0;0;0;0;0;0;0;0;0;0;0;0;0;0;0;0;0;0;0;0;0;0;0;0;0;0;0;0;0;0;0;0;0;0;0;0;0;0;0;0;0;0;0;0;0;0;0;0;0;0;0;0;0;0;0;0;0;0;0;0;0;0;0;0;0;0;0;0;0;0;0;0;0;0;0;0;0;0;0;0;0;0;0;0;0;0;0;0;0;0;0;0;0;0;0;0;0;0;0;0;0;0;0;0;0;0;0;0;0;0;0;0;0;0;0;0;0;0;0;0;0;0;0;0;0;0;0;0;0;0;0;0;0;0;0;0;0;0;0;0;0;0;0;0;0;0;0
F07;X4;;Cal.Biomass[DCW [g/L]]:FS=3;0;0;0;0;0;0;0;0;0;0;0;0;0;0;0;0;0;0;0;0;0;0;0;0;0;0;0;0;0;0;0;0;0;0;0;0;0;0;0;0;0;0;0;0;0;0;0;0;0;0;0;0;0;0;0;0;0;0;0;0;0;0;0;0;0;0;0;0;0;0;0;0;0;0;0;0;0;0;0;0;0;0;0;0;0;0;0;0;0;0;0;0;0;0;0;0;0;0;0;0;0;0;0;0;0;0;0;0;0;0;0;0;0;0;0;0;0;0;0;0;0;0;0;0;0;0;0;0;0;0;0;0;0;0;0;0;0;0;0;0;0;0;0;0;0;0;0;0;0;0
F08;X4;;Cal.Biomass[DCW [g/L]]:FS=3;0;0;0;0;0;0;0;0;0;0;0;0;0;0;0;0;0;0;0;0;0;0;0;0;0;0;0;0;0;0;0;0;0;0;0;0;0;0;0;0;0;0;0;0;0;0;0;0;0;0;0;0;0;0;0;0;0;0;0;0;0;0;0;0;0;0;0;0;0;0;0;0;0;0;0;0;0;0;0;0;0;0;0;0;0;0;0;0;0;0;0;0;0;0;0;0;0;0;0;0;0;0;0;0;0;0;0;0;0;0;0;0;0;0;0;0;0;0;0;0;0;0;0;0;0;0;0;0;0;0;0;0;0;0;0;0;0;0;0;0;0;0;0;0;0;0;0;0;0;0
F09;X4;;Cal.Biomass[DCW [g/L]]:FS=3;0;0;0;0;0;0;0;0;0;0;0;0;0;0;0;0;0;0;0;0;0;0;0;0;0;0;0;0;0;0;0;0;0;0;0;0;0;0;0;0;0;0;0;0;0;0;0;0;0;0;0;0;0;0;0;0;0;0;0;0;0;0;0;0;0;0;0;0;0;0;0;0;0;0;0;0;0;0;0;0;0;0;0;0;0;0;0;0;0;0;0;0;0;0;0;0;0;0;0;0;0;0;0;0;0;0;0;0;0;0;0;0;0;0;0;0;0;0;0;0;0;0;0;0;0;0;0;0;0;0;0;0;0;0;0;0;0;0;0;0;0;0;0;0;0;0;0;0;0;0
F10;X4;;Cal.Biomass[DCW [g/L]]:FS=3;0;0;0;0;0;0;0;0;0;0;0;0;0;0;0;0;0;0;0;0;0;0;0;0;0;0;0;0;0;0;0;0;0;0;0;0;0;0;0;0;0;0;0;0;0;0;0;0;0;0;0;0;0;0;0;0;0;0;0;0;0;0;0;0;0;0;0;0;0;0;0;0;0;0;0;0;0;0;0;0;0;0;0;0;0;0;0;0;0;0;0;0;0;0;0;0;0;0;0;0;0;0;0;0;0;0;0;0;0;0;0;0;0;0;0;0;0;0;0;0;0;0;0;0;0;0;0;0;0;0;0;0;0;0;0;0;0;0;0;0;0;0;0;0;0;0;0;0;0;0
C03;B1;;Cal.Biomass[DCW [g/L]]:FS=4;0;0;0;0;0;0;0;0;0;0;0;0;0;0;0;0;0;0;0;0;0;0;0;0;0;0;0;0;0;0;0;0;0;0;0;0;0;0;0;0;0;0;0;0;0;0;0;0;0;0;0;0;0;0;0;0;0;0;0;0;0;0;0;0;0;0;0;0;0;0;0;0;0;0;0;0;0;0;0;0;0;0;0;0;0;0;0;0;0;0;0;0;0;0;0;0;0;0;0;0;0;0;0;0;0;0;0;0;0;0;0;0;0;0;0;0;0;0;0;0;0;0;0;0;0;0;0;0;0;0;0;0;0;0;0;0;0;0;0;0;0;0;0;0;0;0;0;0;0
C04;B1;;Cal.Biomass[DCW [g/L]]:FS=4;0;0;0;0;0;0;0;0;0;0;0;0;0;0;0;0;0;0;0;0;0;0;0;0;0;0;0;0;0;0;0;0;0;0;0;0;0;0;0;0;0;0;0;0;0;0;0;0;0;0;0;0;0;0;0;0;0;0;0;0;0;0;0;0;0;0;0;0;0;0;0;0;0;0;0;0;0;0;0;0;0;0;0;0;0;0;0;0;0;0;0;0;0;0;0;0;0;0;0;0;0;0;0;0;0;0;0;0;0;0;0;0;0;0;0;0;0;0;0;0;0;0;0;0;0;0;0;0;0;0;0;0;0;0;0;0;0;0;0;0;0;0;0;0;0;0;0;0;0
C05;B1;;Cal.Biomass[DCW [g/L]]:FS=4;0;0;0;0;0;0;0;0;0;0;0;0;0;0;0;0;0;0;0;0;0;0;0;0;0;0;0;0;0;0;0;0;0;0;0;0;0;0;0;0;0;0;0;0;0;0;0;0;0;0;0;0;0;0;0;0;0;0;0;0;0;0;0;0;0;0;0;0;0;0;0;0;0;0;0;0;0;0;0;0;0;0;0;0;0;0;0;0;0;0;0;0;0;0;0;0;0;0;0;0;0;0;0;0;0;0;0;0;0;0;0;0;0;0;0;0;0;0;0;0;0;0;0;0;0;0;0;0;0;0;0;0;0;0;0;0;0;0;0;0;0;0;0;0;0;0;0;0;0
C06;X1;;Cal.Biomass[DCW [g/L]]:FS=4;0;0;0;0;0;0;0;0;0;0;0;0;0;0;0;0;0;0;0;0;0;0;0;0;0;0;0;0;0;0;0;0;0;0;0;0;0;0;0;0;0;0;0;0;0;0;0;0;0;0;0;0;0;0;0;0;0;0;0;0;0;0;0;0;0;0;0;0;0;0;0;0;0;0;0;0;0;0;0;0;0;0;0;0;0;0;0;0;0;0;0;0;0;0;0;0;0;0;0;0;0;0;0;0;0;0;0;0;0;0;0;0;0;0;0;0;0;0;0;0;0;0;0;0;0;0;0;0;0;0;0;0;0;0;0;0;0;0;0;0;0;0;0;0;0;0;0;0;0
C07;X1;;Cal.Biomass[DCW [g/L]]:FS=4;0;0;0;0;0;0;0;0;0;0;0;0;0;0;0;0;0;0;0;0;0;0;0;0;0;0;0;0;0;0;0;0;0;0;0;0;0;0;0;0;0;0;0;0;0;0;0;0;0;0;0;0;0;0;0;0;0;0;0;0;0;0;0;0;0;0;0;0;0;0;0;0;0;0;0;0;0;0;0;0;0;0;0;0;0;0;0;0;0;0;0;0;0;0;0;0;0;0;0;0;0;0;0;0;0;0;0;0;0;0;0;0;0;0;0;0;0;0;0;0;0;0;0;0;0;0;0;0;0;0;0;0;0;0;0;0;0;0;0;0;0;0;0;0;0;0;0;0;0
C08;X1;;Cal.Biomass[DCW [g/L]]:FS=4;0;0;0;0;0;0;0;0;0;0;0;0;0;0;0;0;0;0;0;0;0;0;0;0;0;0;0;0;0;0;0;0;0;0;0;0;0;0;0;0;0;0;0;0;0;0;0;0;0;0;0;0;0;0;0;0;0;0;0;0;0;0;0;0;0;0;0;0;0;0;0;0;0;0;0;0;0;0;0;0;0;0;0;0;0;0;0;0;0;0;0;0;0;0;0;0;0;0;0;0;0;0;0;0;0;0;0;0;0;0;0;0;0;0;0;0;0;0;0;0;0;0;0;0;0;0;0;0;0;0;0;0;0;0;0;0;0;0;0;0;0;0;0;0;0;0;0;0;0
C09;X1;;Cal.Biomass[DCW [g/L]]:FS=4;0;0;0;0;0;0;0;0;0;0;0;0;0;0;0;0;0;0;0;0;0;0;0;0;0;0;0;0;0;0;0;0;0;0;0;0;0;0;0;0;0;0;0;0;0;0;0;0;0;0;0;0;0;0;0;0;0;0;0;0;0;0;0;0;0;0;0;0;0;0;0;0;0;0;0;0;0;0;0;0;0;0;0;0;0;0;0;0;0;0;0;0;0;0;0;0;0;0;0;0;0;0;0;0;0;0;0;0;0;0;0;0;0;0;0;0;0;0;0;0;0;0;0;0;0;0;0;0;0;0;0;0;0;0;0;0;0;0;0;0;0;0;0;0;0;0;0;0;0
C10;X1;;Cal.Biomass[DCW [g/L]]:FS=4;0;0;0;0;0;0;0;0;0;0;0;0;0;0;0;0;0;0;0;0;0;0;0;0;0;0;0;0;0;0;0;0;0;0;0;0;0;0;0;0;0;0;0;0;0;0;0;0;0;0;0;0;0;0;0;0;0;0;0;0;0;0;0;0;0;0;0;0;0;0;0;0;0;0;0;0;0;0;0;0;0;0;0;0;0;0;0;0;0;0;0;0;0;0;0;0;0;0;0;0;0;0;0;0;0;0;0;0;0;0;0;0;0;0;0;0;0;0;0;0;0;0;0;0;0;0;0;0;0;0;0;0;0;0;0;0;0;0;0;0;0;0;0;0;0;0;0;0;0
D03;B2;;Cal.Biomass[DCW [g/L]]:FS=4;0;0;0;0;0;0;0;0;0;0;0;0;0;0;0;0;0;0;0;0;0;0;0;0;0;0;0;0;0;0;0;0;0;0;0;0;0;0;0;0;0;0;0;0;0;0;0;0;0;0;0;0;0;0;0;0;0;0;0;0;0;0;0;0;0;0;0;0;0;0;0;0;0;0;0;0;0;0;0;0;0;0;0;0;0;0;0;0;0;0;0;0;0;0;0;0;0;0;0;0;0;0;0;0;0;0;0;0;0;0;0;0;0;0;0;0;0;0;0;0;0;0;0;0;0;0;0;0;0;0;0;0;0;0;0;0;0;0;0;0;0;0;0;0;0;0;0;0;0
D04;B2;;Cal.Biomass[DCW [g/L]]:FS=4;0;0;0;0;0;0;0;0;0;0;0;0;0;0;0;0;0;0;0;0;0;0;0;0;0;0;0;0;0;0;0;0;0;0;0;0;0;0;0;0;0;0;0;0;0;0;0;0;0;0;0;0;0;0;0;0;0;0;0;0;0;0;0;0;0;0;0;0;0;0;0;0;0;0;0;0;0;0;0;0;0;0;0;0;0;0;0;0;0;0;0;0;0;0;0;0;0;0;0;0;0;0;0;0;0;0;0;0;0;0;0;0;0;0;0;0;0;0;0;0;0;0;0;0;0;0;0;0;0;0;0;0;0;0;0;0;0;0;0;0;0;0;0;0;0;0;0;0;0
D05;B2;;Cal.Biomass[DCW [g/L]]:FS=4;0;0;0;0;0;0;0;0;0;0;0;0;0;0;0;0;0;0;0;0;0;0;0;0;0;0;0;0;0;0;0;0;0;0;0;0;0;0;0;0;0;0;0;0;0;0;0;0;0;0;0;0;0;0;0;0;0;0;0;0;0;0;0;0;0;0;0;0;0;0;0;0;0;0;0;0;0;0;0;0;0;0;0;0;0;0;0;0;0;0;0;0;0;0;0;0;0;0;0;0;0;0;0;0;0;0;0;0;0;0;0;0;0;0;0;0;0;0;0;0;0;0;0;0;0;0;0;0;0;0;0;0;0;0;0;0;0;0;0;0;0;0;0;0;0;0;0;0;0
D06;X2;;Cal.Biomass[DCW [g/L]]:FS=4;0;0;0;0;0;0;0;0;0;0;0;0;0;0;0;0;0;0;0;0;0;0;0;0;0;0;0;0;0;0;0;0;0;0;0;0;0;0;0;0;0;0;0;0;0;0;0;0;0;0;0;0;0;0;0;0;0;0;0;0;0;0;0;0;0;0;0;0;0;0;0;0;0;0;0;0;0;0;0;0;0;0;0;0;0;0;0;0;0;0;0;0;0;0;0;0;0;0;0;0;0;0;0;0;0;0;0;0;0;0;0;0;0;0;0;0;0;0;0;0;0;0;0;0;0;0;0;0;0;0;0;0;0;0;0;0;0;0;0;0;0;0;0;0;0;0;0;0;0
D07;X2;;Cal.Biomass[DCW [g/L]]:FS=4;0;0;0;0;0;0;0;0;0;0;0;0;0;0;0;0;0;0;0;0;0;0;0;0;0;0;0;0;0;0;0;0;0;0;0;0;0;0;0;0;0;0;0;0;0;0;0;0;0;0;0;0;0;0;0;0;0;0;0;0;0;0;0;0;0;0;0;0;0;0;0;0;0;0;0;0;0;0;0;0;0;0;0;0;0;0;0;0;0;0;0;0;0;0;0;0;0;0;0;0;0;0;0;0;0;0;0;0;0;0;0;0;0;0;0;0;0;0;0;0;0;0;0;0;0;0;0;0;0;0;0;0;0;0;0;0;0;0;0;0;0;0;0;0;0;0;0;0;0
D08;X2;;Cal.Biomass[DCW [g/L]]:FS=4;0;0;0;0;0;0;0;0;0;0;0;0;0;0;0;0;0;0;0;0;0;0;0;0;0;0;0;0;0;0;0;0;0;0;0;0;0;0;0;0;0;0;0;0;0;0;0;0;0;0;0;0;0;0;0;0;0;0;0;0;0;0;0;0;0;0;0;0;0;0;0;0;0;0;0;0;0;0;0;0;0;0;0;0;0;0;0;0;0;0;0;0;0;0;0;0;0;0;0;0;0;0;0;0;0;0;0;0;0;0;0;0;0;0;0;0;0;0;0;0;0;0;0;0;0;0;0;0;0;0;0;0;0;0;0;0;0;0;0;0;0;0;0;0;0;0;0;0;0
D09;X2;;Cal.Biomass[DCW [g/L]]:FS=4;0;0;0;0;0;0;0;0;0;0;0;0;0;0;0;0;0;0;0;0;0;0;0;0;0;0;0;0;0;0;0;0;0;0;0;0;0;0;0;0;0;0;0;0;0;0;0;0;0;0;0;0;0;0;0;0;0;0;0;0;0;0;0;0;0;0;0;0;0;0;0;0;0;0;0;0;0;0;0;0;0;0;0;0;0;0;0;0;0;0;0;0;0;0;0;0;0;0;0;0;0;0;0;0;0;0;0;0;0;0;0;0;0;0;0;0;0;0;0;0;0;0;0;0;0;0;0;0;0;0;0;0;0;0;0;0;0;0;0;0;0;0;0;0;0;0;0;0;0
D10;X2;;Cal.Biomass[DCW [g/L]]:FS=4;0;0;0;0;0;0;0;0;0;0;0;0;0;0;0;0;0;0;0;0;0;0;0;0;0;0;0;0;0;0;0;0;0;0;0;0;0;0;0;0;0;0;0;0;0;0;0;0;0;0;0;0;0;0;0;0;0;0;0;0;0;0;0;0;0;0;0;0;0;0;0;0;0;0;0;0;0;0;0;0;0;0;0;0;0;0;0;0;0;0;0;0;0;0;0;0;0;0;0;0;0;0;0;0;0;0;0;0;0;0;0;0;0;0;0;0;0;0;0;0;0;0;0;0;0;0;0;0;0;0;0;0;0;0;0;0;0;0;0;0;0;0;0;0;0;0;0;0;0
E03;B3;;Cal.Biomass[DCW [g/L]]:FS=4;0;0;0;0;0;0;0;0;0;0;0;0;0;0;0;0;0;0;0;0;0;0;0;0;0;0;0;0;0;0;0;0;0;0;0;0;0;0;0;0;0;0;0;0;0;0;0;0;0;0;0;0;0;0;0;0;0;0;0;0;0;0;0;0;0;0;0;0;0;0;0;0;0;0;0;0;0;0;0;0;0;0;0;0;0;0;0;0;0;0;0;0;0;0;0;0;0;0;0;0;0;0;0;0;0;0;0;0;0;0;0;0;0;0;0;0;0;0;0;0;0;0;0;0;0;0;0;0;0;0;0;0;0;0;0;0;0;0;0;0;0;0;0;0;0;0;0;0;0
E04;B3;;Cal.Biomass[DCW [g/L]]:FS=4;0;0;0;0;0;0;0;0;0;0;0;0;0;0;0;0;0;0;0;0;0;0;0;0;0;0;0;0;0;0;0;0;0;0;0;0;0;0;0;0;0;0;0;0;0;0;0;0;0;0;0;0;0;0;0;0;0;0;0;0;0;0;0;0;0;0;0;0;0;0;0;0;0;0;0;0;0;0;0;0;0;0;0;0;0;0;0;0;0;0;0;0;0;0;0;0;0;0;0;0;0;0;0;0;0;0;0;0;0;0;0;0;0;0;0;0;0;0;0;0;0;0;0;0;0;0;0;0;0;0;0;0;0;0;0;0;0;0;0;0;0;0;0;0;0;0;0;0;0
E05;B3;;Cal.Biomass[DCW [g/L]]:FS=4;0;0;0;0;0;0;0;0;0;0;0;0;0;0;0;0;0;0;0;0;0;0;0;0;0;0;0;0;0;0;0;0;0;0;0;0;0;0;0;0;0;0;0;0;0;0;0;0;0;0;0;0;0;0;0;0;0;0;0;0;0;0;0;0;0;0;0;0;0;0;0;0;0;0;0;0;0;0;0;0;0;0;0;0;0;0;0;0;0;0;0;0;0;0;0;0;0;0;0;0;0;0;0;0;0;0;0;0;0;0;0;0;0;0;0;0;0;0;0;0;0;0;0;0;0;0;0;0;0;0;0;0;0;0;0;0;0;0;0;0;0;0;0;0;0;0;0;0;0
E06;X3;;Cal.Biomass[DCW [g/L]]:FS=4;0;0;0;0;0;0;0;0;0;0;0;0;0;0;0;0;0;0;0;0;0;0;0;0;0;0;0;0;0;0;0;0;0;0;0;0;0;0;0;0;0;0;0;0;0;0;0;0;0;0;0;0;0;0;0;0;0;0;0;0;0;0;0;0;0;0;0;0;0;0;0;0;0;0;0;0;0;0;0;0;0;0;0;0;0;0;0;0;0;0;0;0;0;0;0;0;0;0;0;0;0;0;0;0;0;0;0;0;0;0;0;0;0;0;0;0;0;0;0;0;0;0;0;0;0;0;0;0;0;0;0;0;0;0;0;0;0;0;0;0;0;0;0;0;0;0;0;0;0
E07;X3;;Cal.Biomass[DCW [g/L]]:FS=4;0;0;0;0;0;0;0;0;0;0;0;0;0;0;0;0;0;0;0;0;0;0;0;0;0;0;0;0;0;0;0;0;0;0;0;0;0;0;0;0;0;0;0;0;0;0;0;0;0;0;0;0;0;0;0;0;0;0;0;0;0;0;0;0;0;0;0;0;0;0;0;0;0;0;0;0;0;0;0;0;0;0;0;0;0;0;0;0;0;0;0;0;0;0;0;0;0;0;0;0;0;0;0;0;0;0;0;0;0;0;0;0;0;0;0;0;0;0;0;0;0;0;0;0;0;0;0;0;0;0;0;0;0;0;0;0;0;0;0;0;0;0;0;0;0;0;0;0;0
E08;X3;;Cal.Biomass[DCW [g/L]]:FS=4;0;0;0;0;0;0;0;0;0;0;0;0;0;0;0;0;0;0;0;0;0;0;0;0;0;0;0;0;0;0;0;0;0;0;0;0;0;0;0;0;0;0;0;0;0;0;0;0;0;0;0;0;0;0;0;0;0;0;0;0;0;0;0;0;0;0;0;0;0;0;0;0;0;0;0;0;0;0;0;0;0;0;0;0;0;0;0;0;0;0;0;0;0;0;0;0;0;0;0;0;0;0;0;0;0;0;0;0;0;0;0;0;0;0;0;0;0;0;0;0;0;0;0;0;0;0;0;0;0;0;0;0;0;0;0;0;0;0;0;0;0;0;0;0;0;0;0;0;0
E09;X3;;Cal.Biomass[DCW [g/L]]:FS=4;0;0;0;0;0;0;0;0;0;0;0;0;0;0;0;0;0;0;0;0;0;0;0;0;0;0;0;0;0;0;0;0;0;0;0;0;0;0;0;0;0;0;0;0;0;0;0;0;0;0;0;0;0;0;0;0;0;0;0;0;0;0;0;0;0;0;0;0;0;0;0;0;0;0;0;0;0;0;0;0;0;0;0;0;0;0;0;0;0;0;0;0;0;0;0;0;0;0;0;0;0;0;0;0;0;0;0;0;0;0;0;0;0;0;0;0;0;0;0;0;0;0;0;0;0;0;0;0;0;0;0;0;0;0;0;0;0;0;0;0;0;0;0;0;0;0;0;0;0
E10;X3;;Cal.Biomass[DCW [g/L]]:FS=4;0;0;0;0;0;0;0;0;0;0;0;0;0;0;0;0;0;0;0;0;0;0;0;0;0;0;0;0;0;0;0;0;0;0;0;0;0;0;0;0;0;0;0;0;0;0;0;0;0;0;0;0;0;0;0;0;0;0;0;0;0;0;0;0;0;0;0;0;0;0;0;0;0;0;0;0;0;0;0;0;0;0;0;0;0;0;0;0;0;0;0;0;0;0;0;0;0;0;0;0;0;0;0;0;0;0;0;0;0;0;0;0;0;0;0;0;0;0;0;0;0;0;0;0;0;0;0;0;0;0;0;0;0;0;0;0;0;0;0;0;0;0;0;0;0;0;0;0;0
F03;B4;;Cal.Biomass[DCW [g/L]]:FS=4;0;0;0;0;0;0;0;0;0;0;0;0;0;0;0;0;0;0;0;0;0;0;0;0;0;0;0;0;0;0;0;0;0;0;0;0;0;0;0;0;0;0;0;0;0;0;0;0;0;0;0;0;0;0;0;0;0;0;0;0;0;0;0;0;0;0;0;0;0;0;0;0;0;0;0;0;0;0;0;0;0;0;0;0;0;0;0;0;0;0;0;0;0;0;0;0;0;0;0;0;0;0;0;0;0;0;0;0;0;0;0;0;0;0;0;0;0;0;0;0;0;0;0;0;0;0;0;0;0;0;0;0;0;0;0;0;0;0;0;0;0;0;0;0;0;0;0;0;0
F04;B4;;Cal.Biomass[DCW [g/L]]:FS=4;0;0;0;0;0;0;0;0;0;0;0;0;0;0;0;0;0;0;0;0;0;0;0;0;0;0;0;0;0;0;0;0;0;0;0;0;0;0;0;0;0;0;0;0;0;0;0;0;0;0;0;0;0;0;0;0;0;0;0;0;0;0;0;0;0;0;0;0;0;0;0;0;0;0;0;0;0;0;0;0;0;0;0;0;0;0;0;0;0;0;0;0;0;0;0;0;0;0;0;0;0;0;0;0;0;0;0;0;0;0;0;0;0;0;0;0;0;0;0;0;0;0;0;0;0;0;0;0;0;0;0;0;0;0;0;0;0;0;0;0;0;0;0;0;0;0;0;0;0
F05;B4;;Cal.Biomass[DCW [g/L]]:FS=4;0;0;0;0;0;0;0;0;0;0;0;0;0;0;0;0;0;0;0;0;0;0;0;0;0;0;0;0;0;0;0;0;0;0;0;0;0;0;0;0;0;0;0;0;0;0;0;0;0;0;0;0;0;0;0;0;0;0;0;0;0;0;0;0;0;0;0;0;0;0;0;0;0;0;0;0;0;0;0;0;0;0;0;0;0;0;0;0;0;0;0;0;0;0;0;0;0;0;0;0;0;0;0;0;0;0;0;0;0;0;0;0;0;0;0;0;0;0;0;0;0;0;0;0;0;0;0;0;0;0;0;0;0;0;0;0;0;0;0;0;0;0;0;0;0;0;0;0;0
F06;X4;;Cal.Biomass[DCW [g/L]]:FS=4;0;0;0;0;0;0;0;0;0;0;0;0;0;0;0;0;0;0;0;0;0;0;0;0;0;0;0;0;0;0;0;0;0;0;0;0;0;0;0;0;0;0;0;0;0;0;0;0;0;0;0;0;0;0;0;0;0;0;0;0;0;0;0;0;0;0;0;0;0;0;0;0;0;0;0;0;0;0;0;0;0;0;0;0;0;0;0;0;0;0;0;0;0;0;0;0;0;0;0;0;0;0;0;0;0;0;0;0;0;0;0;0;0;0;0;0;0;0;0;0;0;0;0;0;0;0;0;0;0;0;0;0;0;0;0;0;0;0;0;0;0;0;0;0;0;0;0;0;0
F07;X4;;Cal.Biomass[DCW [g/L]]:FS=4;0;0;0;0;0;0;0;0;0;0;0;0;0;0;0;0;0;0;0;0;0;0;0;0;0;0;0;0;0;0;0;0;0;0;0;0;0;0;0;0;0;0;0;0;0;0;0;0;0;0;0;0;0;0;0;0;0;0;0;0;0;0;0;0;0;0;0;0;0;0;0;0;0;0;0;0;0;0;0;0;0;0;0;0;0;0;0;0;0;0;0;0;0;0;0;0;0;0;0;0;0;0;0;0;0;0;0;0;0;0;0;0;0;0;0;0;0;0;0;0;0;0;0;0;0;0;0;0;0;0;0;0;0;0;0;0;0;0;0;0;0;0;0;0;0;0;0;0;0
F08;X4;;Cal.Biomass[DCW [g/L]]:FS=4;0;0;0;0;0;0;0;0;0;0;0;0;0;0;0;0;0;0;0;0;0;0;0;0;0;0;0;0;0;0;0;0;0;0;0;0;0;0;0;0;0;0;0;0;0;0;0;0;0;0;0;0;0;0;0;0;0;0;0;0;0;0;0;0;0;0;0;0;0;0;0;0;0;0;0;0;0;0;0;0;0;0;0;0;0;0;0;0;0;0;0;0;0;0;0;0;0;0;0;0;0;0;0;0;0;0;0;0;0;0;0;0;0;0;0;0;0;0;0;0;0;0;0;0;0;0;0;0;0;0;0;0;0;0;0;0;0;0;0;0;0;0;0;0;0;0;0;0;0
F09;X4;;Cal.Biomass[DCW [g/L]]:FS=4;0;0;0;0;0;0;0;0;0;0;0;0;0;0;0;0;0;0;0;0;0;0;0;0;0;0;0;0;0;0;0;0;0;0;0;0;0;0;0;0;0;0;0;0;0;0;0;0;0;0;0;0;0;0;0;0;0;0;0;0;0;0;0;0;0;0;0;0;0;0;0;0;0;0;0;0;0;0;0;0;0;0;0;0;0;0;0;0;0;0;0;0;0;0;0;0;0;0;0;0;0;0;0;0;0;0;0;0;0;0;0;0;0;0;0;0;0;0;0;0;0;0;0;0;0;0;0;0;0;0;0;0;0;0;0;0;0;0;0;0;0;0;0;0;0;0;0;0;0
F10;X4;;Cal.Biomass[DCW [g/L]]:FS=4;0;0;0;0;0;0;0;0;0;0;0;0;0;0;0;0;0;0;0;0;0;0;0;0;0;0;0;0;0;0;0;0;0;0;0;0;0;0;0;0;0;0;0;0;0;0;0;0;0;0;0;0;0;0;0;0;0;0;0;0;0;0;0;0;0;0;0;0;0;0;0;0;0;0;0;0;0;0;0;0;0;0;0;0;0;0;0;0;0;0;0;0;0;0;0;0;0;0;0;0;0;0;0;0;0;0;0;0;0;0;0;0;0;0;0;0;0;0;0;0;0;0;0;0;0;0;0;0;0;0;0;0;0;0;0;0;0;0;0;0;0;0;0;0;0;0;0;0;0
C06;X1;;Cal.Biomass[DCW [g/L]]:FS=Blanked.2;0;0;0;0;0;0;0;0;0;0;0;0;0;0;0;0;0;0;0;0;0;0;0;0;0;0;0;0;0;0;0;0;0;0;0;0;0;0;0;0;0;0;0;0;0;0;0;0;0;0;0;0;0;0;0;0;0;0;0;0;0;0;0;0;0;0;0;0;0;0;0;0;0;0;0;0;0;0;0;0;0;0;0;0;0;0;0;0;0;0;0;0;0;0;0;0;0;0;0;0;0;0;0;0;0;0;0;0;0;0;0;0;0;0;0;0;0;0;0;0;0;0;0;0;0;0;0;0;0;0;0;0;0;0;0;0;0;0;0;0;0;0;0;0;0;0;0;0;0;0
C07;X1;;Cal.Biomass[DCW [g/L]]:FS=Blanked.2;0;0;0;0;0;0;0;0;0;0;0;0;0;0;0;0;0;0;0;0;0;0;0;0;0;0;0;0;0;0;0;0;0;0;0;0;0;0;0;0;0;0;0;0;0;0;0;0;0;0;0;0;0;0;0;0;0;0;0;0;0;0;0;0;0;0;0;0;0;0;0;0;0;0;0;0;0;0;0;0;0;0;0;0;0;0;0;0;0;0;0;0;0;0;0;0;0;0;0;0;0;0;0;0;0;0;0;0;0;0;0;0;0;0;0;0;0;0;0;0;0;0;0;0;0;0;0;0;0;0;0;0;0;0;0;0;0;0;0;0;0;0;0;0;0;0;0;0;0;0
C08;X1;;Cal.Biomass[DCW [g/L]]:FS=Blanked.2;0;0;0;0;0;0;0;0;0;0;0;0;0;0;0;0;0;0;0;0;0;0;0;0;0;0;0;0;0;0;0;0;0;0;0;0;0;0;0;0;0;0;0;0;0;0;0;0;0;0;0;0;0;0;0;0;0;0;0;0;0;0;0;0;0;0;0;0;0;0;0;0;0;0;0;0;0;0;0;0;0;0;0;0;0;0;0;0;0;0;0;0;0;0;0;0;0;0;0;0;0;0;0;0;0;0;0;0;0;0;0;0;0;0;0;0;0;0;0;0;0;0;0;0;0;0;0;0;0;0;0;0;0;0;0;0;0;0;0;0;0;0;0;0;0;0;0;0;0;0
C09;X1;;Cal.Biomass[DCW [g/L]]:FS=Blanked.2;0;0;0;0;0;0;0;0;0;0;0;0;0;0;0;0;0;0;0;0;0;0;0;0;0;0;0;0;0;0;0;0;0;0;0;0;0;0;0;0;0;0;0;0;0;0;0;0;0;0;0;0;0;0;0;0;0;0;0;0;0;0;0;0;0;0;0;0;0;0;0;0;0;0;0;0;0;0;0;0;0;0;0;0;0;0;0;0;0;0;0;0;0;0;0;0;0;0;0;0;0;0;0;0;0;0;0;0;0;0;0;0;0;0;0;0;0;0;0;0;0;0;0;0;0;0;0;0;0;0;0;0;0;0;0;0;0;0;0;0;0;0;0;0;0;0;0;0;0;0
C10;X1;;Cal.Biomass[DCW [g/L]]:FS=Blanked.2;0;0;0;0;0;0;0;0;0;0;0;0;0;0;0;0;0;0;0;0;0;0;0;0;0;0;0;0;0;0;0;0;0;0;0;0;0;0;0;0;0;0;0;0;0;0;0;0;0;0;0;0;0;0;0;0;0;0;0;0;0;0;0;0;0;0;0;0;0;0;0;0;0;0;0;0;0;0;0;0;0;0;0;0;0;0;0;0;0;0;0;0;0;0;0;0;0;0;0;0;0;0;0;0;0;0;0;0;0;0;0;0;0;0;0;0;0;0;0;0;0;0;0;0;0;0;0;0;0;0;0;0;0;0;0;0;0;0;0;0;0;0;0;0;0;0;0;0;0;0
D06;X2;;Cal.Biomass[DCW [g/L]]:FS=Blanked.2;0;0;0;0;0;0;0;0;0;0;0;0;0;0;0;0;0;0;0;0;0;0;0;0;0;0;0;0;0;0;0;0;0;0;0;0;0;0;0;0;0;0;0;0;0;0;0;0;0;0;0;0;0;0;0;0;0;0;0;0;0;0;0;0;0;0;0;0;0;0;0;0;0;0;0;0;0;0;0;0;0;0;0;0;0;0;0;0;0;0;0;0;0;0;0;0;0;0;0;0;0;0;0;0;0;0;0;0;0;0;0;0;0;0;0;0;0;0;0;0;0;0;0;0;0;0;0;0;0;0;0;0;0;0;0;0;0;0;0;0;0;0;0;0;0;0;0;0;0;0
D07;X2;;Cal.Biomass[DCW [g/L]]:FS=Blanked.2;0;0;0;0;0;0;0;0;0;0;0;0;0;0;0;0;0;0;0;0;0;0;0;0;0;0;0;0;0;0;0;0;0;0;0;0;0;0;0;0;0;0;0;0;0;0;0;0;0;0;0;0;0;0;0;0;0;0;0;0;0;0;0;0;0;0;0;0;0;0;0;0;0;0;0;0;0;0;0;0;0;0;0;0;0;0;0;0;0;0;0;0;0;0;0;0;0;0;0;0;0;0;0;0;0;0;0;0;0;0;0;0;0;0;0;0;0;0;0;0;0;0;0;0;0;0;0;0;0;0;0;0;0;0;0;0;0;0;0;0;0;0;0;0;0;0;0;0;0;0
D08;X2;;Cal.Biomass[DCW [g/L]]:FS=Blanked.2;0;0;0;0;0;0;0;0;0;0;0;0;0;0;0;0;0;0;0;0;0;0;0;0;0;0;0;0;0;0;0;0;0;0;0;0;0;0;0;0;0;0;0;0;0;0;0;0;0;0;0;0;0;0;0;0;0;0;0;0;0;0;0;0;0;0;0;0;0;0;0;0;0;0;0;0;0;0;0;0;0;0;0;0;0;0;0;0;0;0;0;0;0;0;0;0;0;0;0;0;0;0;0;0;0;0;0;0;0;0;0;0;0;0;0;0;0;0;0;0;0;0;0;0;0;0;0;0;0;0;0;0;0;0;0;0;0;0;0;0;0;0;0;0;0;0;0;0;0;0
D09;X2;;Cal.Biomass[DCW [g/L]]:FS=Blanked.2;0;0;0;0;0;0;0;0;0;0;0;0;0;0;0;0;0;0;0;0;0;0;0;0;0;0;0;0;0;0;0;0;0;0;0;0;0;0;0;0;0;0;0;0;0;0;0;0;0;0;0;0;0;0;0;0;0;0;0;0;0;0;0;0;0;0;0;0;0;0;0;0;0;0;0;0;0;0;0;0;0;0;0;0;0;0;0;0;0;0;0;0;0;0;0;0;0;0;0;0;0;0;0;0;0;0;0;0;0;0;0;0;0;0;0;0;0;0;0;0;0;0;0;0;0;0;0;0;0;0;0;0;0;0;0;0;0;0;0;0;0;0;0;0;0;0;0;0;0;0
D10;X2;;Cal.Biomass[DCW [g/L]]:FS=Blanked.2;0;0;0;0;0;0;0;0;0;0;0;0;0;0;0;0;0;0;0;0;0;0;0;0;0;0;0;0;0;0;0;0;0;0;0;0;0;0;0;0;0;0;0;0;0;0;0;0;0;0;0;0;0;0;0;0;0;0;0;0;0;0;0;0;0;0;0;0;0;0;0;0;0;0;0;0;0;0;0;0;0;0;0;0;0;0;0;0;0;0;0;0;0;0;0;0;0;0;0;0;0;0;0;0;0;0;0;0;0;0;0;0;0;0;0;0;0;0;0;0;0;0;0;0;0;0;0;0;0;0;0;0;0;0;0;0;0;0;0;0;0;0;0;0;0;0;0;0;0;0
E06;X3;;Cal.Biomass[DCW [g/L]]:FS=Blanked.2;0;0;0;0;0;0;0;0;0;0;0;0;0;0;0;0;0;0;0;0;0;0;0;0;0;0;0;0;0;0;0;0;0;0;0;0;0;0;0;0;0;0;0;0;0;0;0;0;0;0;0;0;0;0;0;0;0;0;0;0;0;0;0;0;0;0;0;0;0;0;0;0;0;0;0;0;0;0;0;0;0;0;0;0;0;0;0;0;0;0;0;0;0;0;0;0;0;0;0;0;0;0;0;0;0;0;0;0;0;0;0;0;0;0;0;0;0;0;0;0;0;0;0;0;0;0;0;0;0;0;0;0;0;0;0;0;0;0;0;0;0;0;0;0;0;0;0;0;0;0
E07;X3;;Cal.Biomass[DCW [g/L]]:FS=Blanked.2;0;0;0;0;0;0;0;0;0;0;0;0;0;0;0;0;0;0;0;0;0;0;0;0;0;0;0;0;0;0;0;0;0;0;0;0;0;0;0;0;0;0;0;0;0;0;0;0;0;0;0;0;0;0;0;0;0;0;0;0;0;0;0;0;0;0;0;0;0;0;0;0;0;0;0;0;0;0;0;0;0;0;0;0;0;0;0;0;0;0;0;0;0;0;0;0;0;0;0;0;0;0;0;0;0;0;0;0;0;0;0;0;0;0;0;0;0;0;0;0;0;0;0;0;0;0;0;0;0;0;0;0;0;0;0;0;0;0;0;0;0;0;0;0;0;0;0;0;0;0
E08;X3;;Cal.Biomass[DCW [g/L]]:FS=Blanked.2;0;0;0;0;0;0;0;0;0;0;0;0;0;0;0;0;0;0;0;0;0;0;0;0;0;0;0;0;0;0;0;0;0;0;0;0;0;0;0;0;0;0;0;0;0;0;0;0;0;0;0;0;0;0;0;0;0;0;0;0;0;0;0;0;0;0;0;0;0;0;0;0;0;0;0;0;0;0;0;0;0;0;0;0;0;0;0;0;0;0;0;0;0;0;0;0;0;0;0;0;0;0;0;0;0;0;0;0;0;0;0;0;0;0;0;0;0;0;0;0;0;0;0;0;0;0;0;0;0;0;0;0;0;0;0;0;0;0;0;0;0;0;0;0;0;0;0;0;0;0
E09;X3;;Cal.Biomass[DCW [g/L]]:FS=Blanked.2;0;0;0;0;0;0;0;0;0;0;0;0;0;0;0;0;0;0;0;0;0;0;0;0;0;0;0;0;0;0;0;0;0;0;0;0;0;0;0;0;0;0;0;0;0;0;0;0;0;0;0;0;0;0;0;0;0;0;0;0;0;0;0;0;0;0;0;0;0;0;0;0;0;0;0;0;0;0;0;0;0;0;0;0;0;0;0;0;0;0;0;0;0;0;0;0;0;0;0;0;0;0;0;0;0;0;0;0;0;0;0;0;0;0;0;0;0;0;0;0;0;0;0;0;0;0;0;0;0;0;0;0;0;0;0;0;0;0;0;0;0;0;0;0;0;0;0;0;0;0
E10;X3;;Cal.Biomass[DCW [g/L]]:FS=Blanked.2;0;0;0;0;0;0;0;0;0;0;0;0;0;0;0;0;0;0;0;0;0;0;0;0;0;0;0;0;0;0;0;0;0;0;0;0;0;0;0;0;0;0;0;0;0;0;0;0;0;0;0;0;0;0;0;0;0;0;0;0;0;0;0;0;0;0;0;0;0;0;0;0;0;0;0;0;0;0;0;0;0;0;0;0;0;0;0;0;0;0;0;0;0;0;0;0;0;0;0;0;0;0;0;0;0;0;0;0;0;0;0;0;0;0;0;0;0;0;0;0;0;0;0;0;0;0;0;0;0;0;0;0;0;0;0;0;0;0;0;0;0;0;0;0;0;0;0;0;0;0
F06;X4;;Cal.Biomass[DCW [g/L]]:FS=Blanked.2;0;0;0;0;0;0;0;0;0;0;0;0;0;0;0;0;0;0;0;0;0;0;0;0;0;0;0;0;0;0;0;0;0;0;0;0;0;0;0;0;0;0;0;0;0;0;0;0;0;0;0;0;0;0;0;0;0;0;0;0;0;0;0;0;0;0;0;0;0;0;0;0;0;0;0;0;0;0;0;0;0;0;0;0;0;0;0;0;0;0;0;0;0;0;0;0;0;0;0;0;0;0;0;0;0;0;0;0;0;0;0;0;0;0;0;0;0;0;0;0;0;0;0;0;0;0;0;0;0;0;0;0;0;0;0;0;0;0;0;0;0;0;0;0;0;0;0;0;0;0
F07;X4;;Cal.Biomass[DCW [g/L]]:FS=Blanked.2;0;0;0;0;0;0;0;0;0;0;0;0;0;0;0;0;0;0;0;0;0;0;0;0;0;0;0;0;0;0;0;0;0;0;0;0;0;0;0;0;0;0;0;0;0;0;0;0;0;0;0;0;0;0;0;0;0;0;0;0;0;0;0;0;0;0;0;0;0;0;0;0;0;0;0;0;0;0;0;0;0;0;0;0;0;0;0;0;0;0;0;0;0;0;0;0;0;0;0;0;0;0;0;0;0;0;0;0;0;0;0;0;0;0;0;0;0;0;0;0;0;0;0;0;0;0;0;0;0;0;0;0;0;0;0;0;0;0;0;0;0;0;0;0;0;0;0;0;0;0
F08;X4;;Cal.Biomass[DCW [g/L]]:FS=Blanked.2;0;0;0;0;0;0;0;0;0;0;0;0;0;0;0;0;0;0;0;0;0;0;0;0;0;0;0;0;0;0;0;0;0;0;0;0;0;0;0;0;0;0;0;0;0;0;0;0;0;0;0;0;0;0;0;0;0;0;0;0;0;0;0;0;0;0;0;0;0;0;0;0;0;0;0;0;0;0;0;0;0;0;0;0;0;0;0;0;0;0;0;0;0;0;0;0;0;0;0;0;0;0;0;0;0;0;0;0;0;0;0;0;0;0;0;0;0;0;0;0;0;0;0;0;0;0;0;0;0;0;0;0;0;0;0;0;0;0;0;0;0;0;0;0;0;0;0;0;0;0
F09;X4;;Cal.Biomass[DCW [g/L]]:FS=Blanked.2;0;0;0;0;0;0;0;0;0;0;0;0;0;0;0;0;0;0;0;0;0;0;0;0;0;0;0;0;0;0;0;0;0;0;0;0;0;0;0;0;0;0;0;0;0;0;0;0;0;0;0;0;0;0;0;0;0;0;0;0;0;0;0;0;0;0;0;0;0;0;0;0;0;0;0;0;0;0;0;0;0;0;0;0;0;0;0;0;0;0;0;0;0;0;0;0;0;0;0;0;0;0;0;0;0;0;0;0;0;0;0;0;0;0;0;0;0;0;0;0;0;0;0;0;0;0;0;0;0;0;0;0;0;0;0;0;0;0;0;0;0;0;0;0;0;0;0;0;0;0
F10;X4;;Cal.Biomass[DCW [g/L]]:FS=Blanked.2;0;0;0;0;0;0;0;0;0;0;0;0;0;0;0;0;0;0;0;0;0;0;0;0;0;0;0;0;0;0;0;0;0;0;0;0;0;0;0;0;0;0;0;0;0;0;0;0;0;0;0;0;0;0;0;0;0;0;0;0;0;0;0;0;0;0;0;0;0;0;0;0;0;0;0;0;0;0;0;0;0;0;0;0;0;0;0;0;0;0;0;0;0;0;0;0;0;0;0;0;0;0;0;0;0;0;0;0;0;0;0;0;0;0;0;0;0;0;0;0;0;0;0;0;0;0;0;0;0;0;0;0;0;0;0;0;0;0;0;0;0;0;0;0;0;0;0;0;0;0
C06;X1;;Cal.Biomass[DCW [g/L]]:FS=Blanked.3;0;0;0;0;0;0;0;0;0;0;0;0;0;0;0;0;0;0;0;0;0;0;0;0;0;0;0;0;0;0;0;0;0;0;0;0;0;0;0;0;0;0;0;0;0;0;0;0;0;0;0;0;0;0;0;0;0;0;0;0;0;0;0;0;0;0;0;0;0;0;0;0;0;0;0;0;0;0;0;0;0;0;0;0;0;0;0;0;0;0;0;0;0;0;0;0;0;0;0;0;0;0;0;0;0;0;0;0;0;0;0;0;0;0;0;0;0;0;0;0;0;0;0;0;0;0;0;0;0;0;0;0;0;0;0;0;0;0;0;0;0;0;0;0;0;0;0;0;0;0
C07;X1;;Cal.Biomass[DCW [g/L]]:FS=Blanked.3;0;0;0;0;0;0;0;0;0;0;0;0;0;0;0;0;0;0;0;0;0;0;0;0;0;0;0;0;0;0;0;0;0;0;0;0;0;0;0;0;0;0;0;0;0;0;0;0;0;0;0;0;0;0;0;0;0;0;0;0;0;0;0;0;0;0;0;0;0;0;0;0;0;0;0;0;0;0;0;0;0;0;0;0;0;0;0;0;0;0;0;0;0;0;0;0;0;0;0;0;0;0;0;0;0;0;0;0;0;0;0;0;0;0;0;0;0;0;0;0;0;0;0;0;0;0;0;0;0;0;0;0;0;0;0;0;0;0;0;0;0;0;0;0;0;0;0;0;0;0
C08;X1;;Cal.Biomass[DCW [g/L]]:FS=Blanked.3;0;0;0;0;0;0;0;0;0;0;0;0;0;0;0;0;0;0;0;0;0;0;0;0;0;0;0;0;0;0;0;0;0;0;0;0;0;0;0;0;0;0;0;0;0;0;0;0;0;0;0;0;0;0;0;0;0;0;0;0;0;0;0;0;0;0;0;0;0;0;0;0;0;0;0;0;0;0;0;0;0;0;0;0;0;0;0;0;0;0;0;0;0;0;0;0;0;0;0;0;0;0;0;0;0;0;0;0;0;0;0;0;0;0;0;0;0;0;0;0;0;0;0;0;0;0;0;0;0;0;0;0;0;0;0;0;0;0;0;0;0;0;0;0;0;0;0;0;0;0
C09;X1;;Cal.Biomass[DCW [g/L]]:FS=Blanked.3;0;0;0;0;0;0;0;0;0;0;0;0;0;0;0;0;0;0;0;0;0;0;0;0;0;0;0;0;0;0;0;0;0;0;0;0;0;0;0;0;0;0;0;0;0;0;0;0;0;0;0;0;0;0;0;0;0;0;0;0;0;0;0;0;0;0;0;0;0;0;0;0;0;0;0;0;0;0;0;0;0;0;0;0;0;0;0;0;0;0;0;0;0;0;0;0;0;0;0;0;0;0;0;0;0;0;0;0;0;0;0;0;0;0;0;0;0;0;0;0;0;0;0;0;0;0;0;0;0;0;0;0;0;0;0;0;0;0;0;0;0;0;0;0;0;0;0;0;0;0
C10;X1;;Cal.Biomass[DCW [g/L]]:FS=Blanked.3;0;0;0;0;0;0;0;0;0;0;0;0;0;0;0;0;0;0;0;0;0;0;0;0;0;0;0;0;0;0;0;0;0;0;0;0;0;0;0;0;0;0;0;0;0;0;0;0;0;0;0;0;0;0;0;0;0;0;0;0;0;0;0;0;0;0;0;0;0;0;0;0;0;0;0;0;0;0;0;0;0;0;0;0;0;0;0;0;0;0;0;0;0;0;0;0;0;0;0;0;0;0;0;0;0;0;0;0;0;0;0;0;0;0;0;0;0;0;0;0;0;0;0;0;0;0;0;0;0;0;0;0;0;0;0;0;0;0;0;0;0;0;0;0;0;0;0;0;0;0
D06;X2;;Cal.Biomass[DCW [g/L]]:FS=Blanked.3;0;0;0;0;0;0;0;0;0;0;0;0;0;0;0;0;0;0;0;0;0;0;0;0;0;0;0;0;0;0;0;0;0;0;0;0;0;0;0;0;0;0;0;0;0;0;0;0;0;0;0;0;0;0;0;0;0;0;0;0;0;0;0;0;0;0;0;0;0;0;0;0;0;0;0;0;0;0;0;0;0;0;0;0;0;0;0;0;0;0;0;0;0;0;0;0;0;0;0;0;0;0;0;0;0;0;0;0;0;0;0;0;0;0;0;0;0;0;0;0;0;0;0;0;0;0;0;0;0;0;0;0;0;0;0;0;0;0;0;0;0;0;0;0;0;0;0;0;0;0
D07;X2;;Cal.Biomass[DCW [g/L]]:FS=Blanked.3;0;0;0;0;0;0;0;0;0;0;0;0;0;0;0;0;0;0;0;0;0;0;0;0;0;0;0;0;0;0;0;0;0;0;0;0;0;0;0;0;0;0;0;0;0;0;0;0;0;0;0;0;0;0;0;0;0;0;0;0;0;0;0;0;0;0;0;0;0;0;0;0;0;0;0;0;0;0;0;0;0;0;0;0;0;0;0;0;0;0;0;0;0;0;0;0;0;0;0;0;0;0;0;0;0;0;0;0;0;0;0;0;0;0;0;0;0;0;0;0;0;0;0;0;0;0;0;0;0;0;0;0;0;0;0;0;0;0;0;0;0;0;0;0;0;0;0;0;0;0
D08;X2;;Cal.Biomass[DCW [g/L]]:FS=Blanked.3;0;0;0;0;0;0;0;0;0;0;0;0;0;0;0;0;0;0;0;0;0;0;0;0;0;0;0;0;0;0;0;0;0;0;0;0;0;0;0;0;0;0;0;0;0;0;0;0;0;0;0;0;0;0;0;0;0;0;0;0;0;0;0;0;0;0;0;0;0;0;0;0;0;0;0;0;0;0;0;0;0;0;0;0;0;0;0;0;0;0;0;0;0;0;0;0;0;0;0;0;0;0;0;0;0;0;0;0;0;0;0;0;0;0;0;0;0;0;0;0;0;0;0;0;0;0;0;0;0;0;0;0;0;0;0;0;0;0;0;0;0;0;0;0;0;0;0;0;0;0
D09;X2;;Cal.Biomass[DCW [g/L]]:FS=Blanked.3;0;0;0;0;0;0;0;0;0;0;0;0;0;0;0;0;0;0;0;0;0;0;0;0;0;0;0;0;0;0;0;0;0;0;0;0;0;0;0;0;0;0;0;0;0;0;0;0;0;0;0;0;0;0;0;0;0;0;0;0;0;0;0;0;0;0;0;0;0;0;0;0;0;0;0;0;0;0;0;0;0;0;0;0;0;0;0;0;0;0;0;0;0;0;0;0;0;0;0;0;0;0;0;0;0;0;0;0;0;0;0;0;0;0;0;0;0;0;0;0;0;0;0;0;0;0;0;0;0;0;0;0;0;0;0;0;0;0;0;0;0;0;0;0;0;0;0;0;0;0
D10;X2;;Cal.Biomass[DCW [g/L]]:FS=Blanked.3;0;0;0;0;0;0;0;0;0;0;0;0;0;0;0;0;0;0;0;0;0;0;0;0;0;0;0;0;0;0;0;0;0;0;0;0;0;0;0;0;0;0;0;0;0;0;0;0;0;0;0;0;0;0;0;0;0;0;0;0;0;0;0;0;0;0;0;0;0;0;0;0;0;0;0;0;0;0;0;0;0;0;0;0;0;0;0;0;0;0;0;0;0;0;0;0;0;0;0;0;0;0;0;0;0;0;0;0;0;0;0;0;0;0;0;0;0;0;0;0;0;0;0;0;0;0;0;0;0;0;0;0;0;0;0;0;0;0;0;0;0;0;0;0;0;0;0;0;0;0
E06;X3;;Cal.Biomass[DCW [g/L]]:FS=Blanked.3;0;0;0;0;0;0;0;0;0;0;0;0;0;0;0;0;0;0;0;0;0;0;0;0;0;0;0;0;0;0;0;0;0;0;0;0;0;0;0;0;0;0;0;0;0;0;0;0;0;0;0;0;0;0;0;0;0;0;0;0;0;0;0;0;0;0;0;0;0;0;0;0;0;0;0;0;0;0;0;0;0;0;0;0;0;0;0;0;0;0;0;0;0;0;0;0;0;0;0;0;0;0;0;0;0;0;0;0;0;0;0;0;0;0;0;0;0;0;0;0;0;0;0;0;0;0;0;0;0;0;0;0;0;0;0;0;0;0;0;0;0;0;0;0;0;0;0;0;0;0
E07;X3;;Cal.Biomass[DCW [g/L]]:FS=Blanked.3;0;0;0;0;0;0;0;0;0;0;0;0;0;0;0;0;0;0;0;0;0;0;0;0;0;0;0;0;0;0;0;0;0;0;0;0;0;0;0;0;0;0;0;0;0;0;0;0;0;0;0;0;0;0;0;0;0;0;0;0;0;0;0;0;0;0;0;0;0;0;0;0;0;0;0;0;0;0;0;0;0;0;0;0;0;0;0;0;0;0;0;0;0;0;0;0;0;0;0;0;0;0;0;0;0;0;0;0;0;0;0;0;0;0;0;0;0;0;0;0;0;0;0;0;0;0;0;0;0;0;0;0;0;0;0;0;0;0;0;0;0;0;0;0;0;0;0;0;0;0
E08;X3;;Cal.Biomass[DCW [g/L]]:FS=Blanked.3;0;0;0;0;0;0;0;0;0;0;0;0;0;0;0;0;0;0;0;0;0;0;0;0;0;0;0;0;0;0;0;0;0;0;0;0;0;0;0;0;0;0;0;0;0;0;0;0;0;0;0;0;0;0;0;0;0;0;0;0;0;0;0;0;0;0;0;0;0;0;0;0;0;0;0;0;0;0;0;0;0;0;0;0;0;0;0;0;0;0;0;0;0;0;0;0;0;0;0;0;0;0;0;0;0;0;0;0;0;0;0;0;0;0;0;0;0;0;0;0;0;0;0;0;0;0;0;0;0;0;0;0;0;0;0;0;0;0;0;0;0;0;0;0;0;0;0;0;0;0
E09;X3;;Cal.Biomass[DCW [g/L]]:FS=Blanked.3;0;0;0;0;0;0;0;0;0;0;0;0;0;0;0;0;0;0;0;0;0;0;0;0;0;0;0;0;0;0;0;0;0;0;0;0;0;0;0;0;0;0;0;0;0;0;0;0;0;0;0;0;0;0;0;0;0;0;0;0;0;0;0;0;0;0;0;0;0;0;0;0;0;0;0;0;0;0;0;0;0;0;0;0;0;0;0;0;0;0;0;0;0;0;0;0;0;0;0;0;0;0;0;0;0;0;0;0;0;0;0;0;0;0;0;0;0;0;0;0;0;0;0;0;0;0;0;0;0;0;0;0;0;0;0;0;0;0;0;0;0;0;0;0;0;0;0;0;0;0
E10;X3;;Cal.Biomass[DCW [g/L]]:FS=Blanked.3;0;0;0;0;0;0;0;0;0;0;0;0;0;0;0;0;0;0;0;0;0;0;0;0;0;0;0;0;0;0;0;0;0;0;0;0;0;0;0;0;0;0;0;0;0;0;0;0;0;0;0;0;0;0;0;0;0;0;0;0;0;0;0;0;0;0;0;0;0;0;0;0;0;0;0;0;0;0;0;0;0;0;0;0;0;0;0;0;0;0;0;0;0;0;0;0;0;0;0;0;0;0;0;0;0;0;0;0;0;0;0;0;0;0;0;0;0;0;0;0;0;0;0;0;0;0;0;0;0;0;0;0;0;0;0;0;0;0;0;0;0;0;0;0;0;0;0;0;0;0
F06;X4;;Cal.Biomass[DCW [g/L]]:FS=Blanked.3;0;0;0;0;0;0;0;0;0;0;0;0;0;0;0;0;0;0;0;0;0;0;0;0;0;0;0;0;0;0;0;0;0;0;0;0;0;0;0;0;0;0;0;0;0;0;0;0;0;0;0;0;0;0;0;0;0;0;0;0;0;0;0;0;0;0;0;0;0;0;0;0;0;0;0;0;0;0;0;0;0;0;0;0;0;0;0;0;0;0;0;0;0;0;0;0;0;0;0;0;0;0;0;0;0;0;0;0;0;0;0;0;0;0;0;0;0;0;0;0;0;0;0;0;0;0;0;0;0;0;0;0;0;0;0;0;0;0;0;0;0;0;0;0;0;0;0;0;0;0
F07;X4;;Cal.Biomass[DCW [g/L]]:FS=Blanked.3;0;0;0;0;0;0;0;0;0;0;0;0;0;0;0;0;0;0;0;0;0;0;0;0;0;0;0;0;0;0;0;0;0;0;0;0;0;0;0;0;0;0;0;0;0;0;0;0;0;0;0;0;0;0;0;0;0;0;0;0;0;0;0;0;0;0;0;0;0;0;0;0;0;0;0;0;0;0;0;0;0;0;0;0;0;0;0;0;0;0;0;0;0;0;0;0;0;0;0;0;0;0;0;0;0;0;0;0;0;0;0;0;0;0;0;0;0;0;0;0;0;0;0;0;0;0;0;0;0;0;0;0;0;0;0;0;0;0;0;0;0;0;0;0;0;0;0;0;0;0
F08;X4;;Cal.Biomass[DCW [g/L]]:FS=Blanked.3;0;0;0;0;0;0;0;0;0;0;0;0;0;0;0;0;0;0;0;0;0;0;0;0;0;0;0;0;0;0;0;0;0;0;0;0;0;0;0;0;0;0;0;0;0;0;0;0;0;0;0;0;0;0;0;0;0;0;0;0;0;0;0;0;0;0;0;0;0;0;0;0;0;0;0;0;0;0;0;0;0;0;0;0;0;0;0;0;0;0;0;0;0;0;0;0;0;0;0;0;0;0;0;0;0;0;0;0;0;0;0;0;0;0;0;0;0;0;0;0;0;0;0;0;0;0;0;0;0;0;0;0;0;0;0;0;0;0;0;0;0;0;0;0;0;0;0;0;0;0
F09;X4;;Cal.Biomass[DCW [g/L]]:FS=Blanked.3;0;0;0;0;0;0;0;0;0;0;0;0;0;0;0;0;0;0;0;0;0;0;0;0;0;0;0;0;0;0;0;0;0;0;0;0;0;0;0;0;0;0;0;0;0;0;0;0;0;0;0;0;0;0;0;0;0;0;0;0;0;0;0;0;0;0;0;0;0;0;0;0;0;0;0;0;0;0;0;0;0;0;0;0;0;0;0;0;0;0;0;0;0;0;0;0;0;0;0;0;0;0;0;0;0;0;0;0;0;0;0;0;0;0;0;0;0;0;0;0;0;0;0;0;0;0;0;0;0;0;0;0;0;0;0;0;0;0;0;0;0;0;0;0;0;0;0;0;0;0
F10;X4;;Cal.Biomass[DCW [g/L]]:FS=Blanked.3;0;0;0;0;0;0;0;0;0;0;0;0;0;0;0;0;0;0;0;0;0;0;0;0;0;0;0;0;0;0;0;0;0;0;0;0;0;0;0;0;0;0;0;0;0;0;0;0;0;0;0;0;0;0;0;0;0;0;0;0;0;0;0;0;0;0;0;0;0;0;0;0;0;0;0;0;0;0;0;0;0;0;0;0;0;0;0;0;0;0;0;0;0;0;0;0;0;0;0;0;0;0;0;0;0;0;0;0;0;0;0;0;0;0;0;0;0;0;0;0;0;0;0;0;0;0;0;0;0;0;0;0;0;0;0;0;0;0;0;0;0;0;0;0;0;0;0;0;0;0
C06;X1;;Cal.Biomass[DCW [g/L]]:FS=Blanked.4;0;0;0;0;0;0;0;0;0;0;0;0;0;0;0;0;0;0;0;0;0;0;0;0;0;0;0;0;0;0;0;0;0;0;0;0;0;0;0;0;0;0;0;0;0;0;0;0;0;0;0;0;0;0;0;0;0;0;0;0;0;0;0;0;0;0;0;0;0;0;0;0;0;0;0;0;0;0;0;0;0;0;0;0;0;0;0;0;0;0;0;0;0;0;0;0;0;0;0;0;0;0;0;0;0;0;0;0;0;0;0;0;0;0;0;0;0;0;0;0;0;0;0;0;0;0;0;0;0;0;0;0;0;0;0;0;0;0;0;0;0;0;0;0;0;0;0;0;0
C07;X1;;Cal.Biomass[DCW [g/L]]:FS=Blanked.4;0;0;0;0;0;0;0;0;0;0;0;0;0;0;0;0;0;0;0;0;0;0;0;0;0;0;0;0;0;0;0;0;0;0;0;0;0;0;0;0;0;0;0;0;0;0;0;0;0;0;0;0;0;0;0;0;0;0;0;0;0;0;0;0;0;0;0;0;0;0;0;0;0;0;0;0;0;0;0;0;0;0;0;0;0;0;0;0;0;0;0;0;0;0;0;0;0;0;0;0;0;0;0;0;0;0;0;0;0;0;0;0;0;0;0;0;0;0;0;0;0;0;0;0;0;0;0;0;0;0;0;0;0;0;0;0;0;0;0;0;0;0;0;0;0;0;0;0;0
C08;X1;;Cal.Biomass[DCW [g/L]]:FS=Blanked.4;0;0;0;0;0;0;0;0;0;0;0;0;0;0;0;0;0;0;0;0;0;0;0;0;0;0;0;0;0;0;0;0;0;0;0;0;0;0;0;0;0;0;0;0;0;0;0;0;0;0;0;0;0;0;0;0;0;0;0;0;0;0;0;0;0;0;0;0;0;0;0;0;0;0;0;0;0;0;0;0;0;0;0;0;0;0;0;0;0;0;0;0;0;0;0;0;0;0;0;0;0;0;0;0;0;0;0;0;0;0;0;0;0;0;0;0;0;0;0;0;0;0;0;0;0;0;0;0;0;0;0;0;0;0;0;0;0;0;0;0;0;0;0;0;0;0;0;0;0
C09;X1;;Cal.Biomass[DCW [g/L]]:FS=Blanked.4;0;0;0;0;0;0;0;0;0;0;0;0;0;0;0;0;0;0;0;0;0;0;0;0;0;0;0;0;0;0;0;0;0;0;0;0;0;0;0;0;0;0;0;0;0;0;0;0;0;0;0;0;0;0;0;0;0;0;0;0;0;0;0;0;0;0;0;0;0;0;0;0;0;0;0;0;0;0;0;0;0;0;0;0;0;0;0;0;0;0;0;0;0;0;0;0;0;0;0;0;0;0;0;0;0;0;0;0;0;0;0;0;0;0;0;0;0;0;0;0;0;0;0;0;0;0;0;0;0;0;0;0;0;0;0;0;0;0;0;0;0;0;0;0;0;0;0;0;0
C10;X1;;Cal.Biomass[DCW [g/L]]:FS=Blanked.4;0;0;0;0;0;0;0;0;0;0;0;0;0;0;0;0;0;0;0;0;0;0;0;0;0;0;0;0;0;0;0;0;0;0;0;0;0;0;0;0;0;0;0;0;0;0;0;0;0;0;0;0;0;0;0;0;0;0;0;0;0;0;0;0;0;0;0;0;0;0;0;0;0;0;0;0;0;0;0;0;0;0;0;0;0;0;0;0;0;0;0;0;0;0;0;0;0;0;0;0;0;0;0;0;0;0;0;0;0;0;0;0;0;0;0;0;0;0;0;0;0;0;0;0;0;0;0;0;0;0;0;0;0;0;0;0;0;0;0;0;0;0;0;0;0;0;0;0;0
D06;X2;;Cal.Biomass[DCW [g/L]]:FS=Blanked.4;0;0;0;0;0;0;0;0;0;0;0;0;0;0;0;0;0;0;0;0;0;0;0;0;0;0;0;0;0;0;0;0;0;0;0;0;0;0;0;0;0;0;0;0;0;0;0;0;0;0;0;0;0;0;0;0;0;0;0;0;0;0;0;0;0;0;0;0;0;0;0;0;0;0;0;0;0;0;0;0;0;0;0;0;0;0;0;0;0;0;0;0;0;0;0;0;0;0;0;0;0;0;0;0;0;0;0;0;0;0;0;0;0;0;0;0;0;0;0;0;0;0;0;0;0;0;0;0;0;0;0;0;0;0;0;0;0;0;0;0;0;0;0;0;0;0;0;0;0
D07;X2;;Cal.Biomass[DCW [g/L]]:FS=Blanked.4;0;0;0;0;0;0;0;0;0;0;0;0;0;0;0;0;0;0;0;0;0;0;0;0;0;0;0;0;0;0;0;0;0;0;0;0;0;0;0;0;0;0;0;0;0;0;0;0;0;0;0;0;0;0;0;0;0;0;0;0;0;0;0;0;0;0;0;0;0;0;0;0;0;0;0;0;0;0;0;0;0;0;0;0;0;0;0;0;0;0;0;0;0;0;0;0;0;0;0;0;0;0;0;0;0;0;0;0;0;0;0;0;0;0;0;0;0;0;0;0;0;0;0;0;0;0;0;0;0;0;0;0;0;0;0;0;0;0;0;0;0;0;0;0;0;0;0;0;0
D08;X2;;Cal.Biomass[DCW [g/L]]:FS=Blanked.4;0;0;0;0;0;0;0;0;0;0;0;0;0;0;0;0;0;0;0;0;0;0;0;0;0;0;0;0;0;0;0;0;0;0;0;0;0;0;0;0;0;0;0;0;0;0;0;0;0;0;0;0;0;0;0;0;0;0;0;0;0;0;0;0;0;0;0;0;0;0;0;0;0;0;0;0;0;0;0;0;0;0;0;0;0;0;0;0;0;0;0;0;0;0;0;0;0;0;0;0;0;0;0;0;0;0;0;0;0;0;0;0;0;0;0;0;0;0;0;0;0;0;0;0;0;0;0;0;0;0;0;0;0;0;0;0;0;0;0;0;0;0;0;0;0;0;0;0;0
D09;X2;;Cal.Biomass[DCW [g/L]]:FS=Blanked.4;0;0;0;0;0;0;0;0;0;0;0;0;0;0;0;0;0;0;0;0;0;0;0;0;0;0;0;0;0;0;0;0;0;0;0;0;0;0;0;0;0;0;0;0;0;0;0;0;0;0;0;0;0;0;0;0;0;0;0;0;0;0;0;0;0;0;0;0;0;0;0;0;0;0;0;0;0;0;0;0;0;0;0;0;0;0;0;0;0;0;0;0;0;0;0;0;0;0;0;0;0;0;0;0;0;0;0;0;0;0;0;0;0;0;0;0;0;0;0;0;0;0;0;0;0;0;0;0;0;0;0;0;0;0;0;0;0;0;0;0;0;0;0;0;0;0;0;0;0
D10;X2;;Cal.Biomass[DCW [g/L]]:FS=Blanked.4;0;0;0;0;0;0;0;0;0;0;0;0;0;0;0;0;0;0;0;0;0;0;0;0;0;0;0;0;0;0;0;0;0;0;0;0;0;0;0;0;0;0;0;0;0;0;0;0;0;0;0;0;0;0;0;0;0;0;0;0;0;0;0;0;0;0;0;0;0;0;0;0;0;0;0;0;0;0;0;0;0;0;0;0;0;0;0;0;0;0;0;0;0;0;0;0;0;0;0;0;0;0;0;0;0;0;0;0;0;0;0;0;0;0;0;0;0;0;0;0;0;0;0;0;0;0;0;0;0;0;0;0;0;0;0;0;0;0;0;0;0;0;0;0;0;0;0;0;0
E06;X3;;Cal.Biomass[DCW [g/L]]:FS=Blanked.4;0;0;0;0;0;0;0;0;0;0;0;0;0;0;0;0;0;0;0;0;0;0;0;0;0;0;0;0;0;0;0;0;0;0;0;0;0;0;0;0;0;0;0;0;0;0;0;0;0;0;0;0;0;0;0;0;0;0;0;0;0;0;0;0;0;0;0;0;0;0;0;0;0;0;0;0;0;0;0;0;0;0;0;0;0;0;0;0;0;0;0;0;0;0;0;0;0;0;0;0;0;0;0;0;0;0;0;0;0;0;0;0;0;0;0;0;0;0;0;0;0;0;0;0;0;0;0;0;0;0;0;0;0;0;0;0;0;0;0;0;0;0;0;0;0;0;0;0;0
E07;X3;;Cal.Biomass[DCW [g/L]]:FS=Blanked.4;0;0;0;0;0;0;0;0;0;0;0;0;0;0;0;0;0;0;0;0;0;0;0;0;0;0;0;0;0;0;0;0;0;0;0;0;0;0;0;0;0;0;0;0;0;0;0;0;0;0;0;0;0;0;0;0;0;0;0;0;0;0;0;0;0;0;0;0;0;0;0;0;0;0;0;0;0;0;0;0;0;0;0;0;0;0;0;0;0;0;0;0;0;0;0;0;0;0;0;0;0;0;0;0;0;0;0;0;0;0;0;0;0;0;0;0;0;0;0;0;0;0;0;0;0;0;0;0;0;0;0;0;0;0;0;0;0;0;0;0;0;0;0;0;0;0;0;0;0
E08;X3;;Cal.Biomass[DCW [g/L]]:FS=Blanked.4;0;0;0;0;0;0;0;0;0;0;0;0;0;0;0;0;0;0;0;0;0;0;0;0;0;0;0;0;0;0;0;0;0;0;0;0;0;0;0;0;0;0;0;0;0;0;0;0;0;0;0;0;0;0;0;0;0;0;0;0;0;0;0;0;0;0;0;0;0;0;0;0;0;0;0;0;0;0;0;0;0;0;0;0;0;0;0;0;0;0;0;0;0;0;0;0;0;0;0;0;0;0;0;0;0;0;0;0;0;0;0;0;0;0;0;0;0;0;0;0;0;0;0;0;0;0;0;0;0;0;0;0;0;0;0;0;0;0;0;0;0;0;0;0;0;0;0;0;0
E09;X3;;Cal.Biomass[DCW [g/L]]:FS=Blanked.4;0;0;0;0;0;0;0;0;0;0;0;0;0;0;0;0;0;0;0;0;0;0;0;0;0;0;0;0;0;0;0;0;0;0;0;0;0;0;0;0;0;0;0;0;0;0;0;0;0;0;0;0;0;0;0;0;0;0;0;0;0;0;0;0;0;0;0;0;0;0;0;0;0;0;0;0;0;0;0;0;0;0;0;0;0;0;0;0;0;0;0;0;0;0;0;0;0;0;0;0;0;0;0;0;0;0;0;0;0;0;0;0;0;0;0;0;0;0;0;0;0;0;0;0;0;0;0;0;0;0;0;0;0;0;0;0;0;0;0;0;0;0;0;0;0;0;0;0;0
E10;X3;;Cal.Biomass[DCW [g/L]]:FS=Blanked.4;0;0;0;0;0;0;0;0;0;0;0;0;0;0;0;0;0;0;0;0;0;0;0;0;0;0;0;0;0;0;0;0;0;0;0;0;0;0;0;0;0;0;0;0;0;0;0;0;0;0;0;0;0;0;0;0;0;0;0;0;0;0;0;0;0;0;0;0;0;0;0;0;0;0;0;0;0;0;0;0;0;0;0;0;0;0;0;0;0;0;0;0;0;0;0;0;0;0;0;0;0;0;0;0;0;0;0;0;0;0;0;0;0;0;0;0;0;0;0;0;0;0;0;0;0;0;0;0;0;0;0;0;0;0;0;0;0;0;0;0;0;0;0;0;0;0;0;0;0
F06;X4;;Cal.Biomass[DCW [g/L]]:FS=Blanked.4;0;0;0;0;0;0;0;0;0;0;0;0;0;0;0;0;0;0;0;0;0;0;0;0;0;0;0;0;0;0;0;0;0;0;0;0;0;0;0;0;0;0;0;0;0;0;0;0;0;0;0;0;0;0;0;0;0;0;0;0;0;0;0;0;0;0;0;0;0;0;0;0;0;0;0;0;0;0;0;0;0;0;0;0;0;0;0;0;0;0;0;0;0;0;0;0;0;0;0;0;0;0;0;0;0;0;0;0;0;0;0;0;0;0;0;0;0;0;0;0;0;0;0;0;0;0;0;0;0;0;0;0;0;0;0;0;0;0;0;0;0;0;0;0;0;0;0;0;0
F07;X4;;Cal.Biomass[DCW [g/L]]:FS=Blanked.4;0;0;0;0;0;0;0;0;0;0;0;0;0;0;0;0;0;0;0;0;0;0;0;0;0;0;0;0;0;0;0;0;0;0;0;0;0;0;0;0;0;0;0;0;0;0;0;0;0;0;0;0;0;0;0;0;0;0;0;0;0;0;0;0;0;0;0;0;0;0;0;0;0;0;0;0;0;0;0;0;0;0;0;0;0;0;0;0;0;0;0;0;0;0;0;0;0;0;0;0;0;0;0;0;0;0;0;0;0;0;0;0;0;0;0;0;0;0;0;0;0;0;0;0;0;0;0;0;0;0;0;0;0;0;0;0;0;0;0;0;0;0;0;0;0;0;0;0;0
F08;X4;;Cal.Biomass[DCW [g/L]]:FS=Blanked.4;0;0;0;0;0;0;0;0;0;0;0;0;0;0;0;0;0;0;0;0;0;0;0;0;0;0;0;0;0;0;0;0;0;0;0;0;0;0;0;0;0;0;0;0;0;0;0;0;0;0;0;0;0;0;0;0;0;0;0;0;0;0;0;0;0;0;0;0;0;0;0;0;0;0;0;0;0;0;0;0;0;0;0;0;0;0;0;0;0;0;0;0;0;0;0;0;0;0;0;0;0;0;0;0;0;0;0;0;0;0;0;0;0;0;0;0;0;0;0;0;0;0;0;0;0;0;0;0;0;0;0;0;0;0;0;0;0;0;0;0;0;0;0;0;0;0;0;0;0
F09;X4;;Cal.Biomass[DCW [g/L]]:FS=Blanked.4;0;0;0;0;0;0;0;0;0;0;0;0;0;0;0;0;0;0;0;0;0;0;0;0;0;0;0;0;0;0;0;0;0;0;0;0;0;0;0;0;0;0;0;0;0;0;0;0;0;0;0;0;0;0;0;0;0;0;0;0;0;0;0;0;0;0;0;0;0;0;0;0;0;0;0;0;0;0;0;0;0;0;0;0;0;0;0;0;0;0;0;0;0;0;0;0;0;0;0;0;0;0;0;0;0;0;0;0;0;0;0;0;0;0;0;0;0;0;0;0;0;0;0;0;0;0;0;0;0;0;0;0;0;0;0;0;0;0;0;0;0;0;0;0;0;0;0;0;0
F10;X4;;Cal.Biomass[DCW [g/L]]:FS=Blanked.4;0;0;0;0;0;0;0;0;0;0;0;0;0;0;0;0;0;0;0;0;0;0;0;0;0;0;0;0;0;0;0;0;0;0;0;0;0;0;0;0;0;0;0;0;0;0;0;0;0;0;0;0;0;0;0;0;0;0;0;0;0;0;0;0;0;0;0;0;0;0;0;0;0;0;0;0;0;0;0;0;0;0;0;0;0;0;0;0;0;0;0;0;0;0;0;0;0;0;0;0;0;0;0;0;0;0;0;0;0;0;0;0;0;0;0;0;0;0;0;0;0;0;0;0;0;0;0;0;0;0;0;0;0;0;0;0;0;0;0;0;0;0;0;0;0;0;0;0;0
C06;X1;;Cal.Biomass[DCW [g/L]]:FS=Blanked.1;0;0;0;0;0;0;0;0;0;0;0;0;0;0;0;0;0;0;0;0;0;0;0;0;0;0;0;0;0;0;0;0;0;0;0;0;0;0;0;0;0;0;0;0;0;0;0;0;0;0;0;0;0;0;0;0;0;0;0;0;0;0;0;0;0;0;0;0;0;0;0;0;0;0;0;0;0;0;0;0;0;0;0;0;0;0;0;0;0;0;0;0;0;0;0;0;0;0;0;0;0;0;0;0;0;0;0;0;0;0;0;0;0;0;0;0;0;0;0;0;0;0;0;0;0;0;0;0;0;0;0;0;0;0;0;0;0;0;0;0;0;0;0;0;0;0;0;0;0;0
C07;X1;;Cal.Biomass[DCW [g/L]]:FS=Blanked.1;0;0;0;0;0;0;0;0;0;0;0;0;0;0;0;0;0;0;0;0;0;0;0;0;0;0;0;0;0;0;0;0;0;0;0;0;0;0;0;0;0;0;0;0;0;0;0;0;0;0;0;0;0;0;0;0;0;0;0;0;0;0;0;0;0;0;0;0;0;0;0;0;0;0;0;0;0;0;0;0;0;0;0;0;0;0;0;0;0;0;0;0;0;0;0;0;0;0;0;0;0;0;0;0;0;0;0;0;0;0;0;0;0;0;0;0;0;0;0;0;0;0;0;0;0;0;0;0;0;0;0;0;0;0;0;0;0;0;0;0;0;0;0;0;0;0;0;0;0;0
C08;X1;;Cal.Biomass[DCW [g/L]]:FS=Blanked.1;0;0;0;0;0;0;0;0;0;0;0;0;0;0;0;0;0;0;0;0;0;0;0;0;0;0;0;0;0;0;0;0;0;0;0;0;0;0;0;0;0;0;0;0;0;0;0;0;0;0;0;0;0;0;0;0;0;0;0;0;0;0;0;0;0;0;0;0;0;0;0;0;0;0;0;0;0;0;0;0;0;0;0;0;0;0;0;0;0;0;0;0;0;0;0;0;0;0;0;0;0;0;0;0;0;0;0;0;0;0;0;0;0;0;0;0;0;0;0;0;0;0;0;0;0;0;0;0;0;0;0;0;0;0;0;0;0;0;0;0;0;0;0;0;0;0;0;0;0;0
C09;X1;;Cal.Biomass[DCW [g/L]]:FS=Blanked.1;0;0;0;0;0;0;0;0;0;0;0;0;0;0;0;0;0;0;0;0;0;0;0;0;0;0;0;0;0;0;0;0;0;0;0;0;0;0;0;0;0;0;0;0;0;0;0;0;0;0;0;0;0;0;0;0;0;0;0;0;0;0;0;0;0;0;0;0;0;0;0;0;0;0;0;0;0;0;0;0;0;0;0;0;0;0;0;0;0;0;0;0;0;0;0;0;0;0;0;0;0;0;0;0;0;0;0;0;0;0;0;0;0;0;0;0;0;0;0;0;0;0;0;0;0;0;0;0;0;0;0;0;0;0;0;0;0;0;0;0;0;0;0;0;0;0;0;0;0;0
C10;X1;;Cal.Biomass[DCW [g/L]]:FS=Blanked.1;0;0;0;0;0;0;0;0;0;0;0;0;0;0;0;0;0;0;0;0;0;0;0;0;0;0;0;0;0;0;0;0;0;0;0;0;0;0;0;0;0;0;0;0;0;0;0;0;0;0;0;0;0;0;0;0;0;0;0;0;0;0;0;0;0;0;0;0;0;0;0;0;0;0;0;0;0;0;0;0;0;0;0;0;0;0;0;0;0;0;0;0;0;0;0;0;0;0;0;0;0;0;0;0;0;0;0;0;0;0;0;0;0;0;0;0;0;0;0;0;0;0;0;0;0;0;0;0;0;0;0;0;0;0;0;0;0;0;0;0;0;0;0;0;0;0;0;0;0;0
D06;X2;;Cal.Biomass[DCW [g/L]]:FS=Blanked.1;0;0;0;0;0;0;0;0;0;0;0;0;0;0;0;0;0;0;0;0;0;0;0;0;0;0;0;0;0;0;0;0;0;0;0;0;0;0;0;0;0;0;0;0;0;0;0;0;0;0;0;0;0;0;0;0;0;0;0;0;0;0;0;0;0;0;0;0;0;0;0;0;0;0;0;0;0;0;0;0;0;0;0;0;0;0;0;0;0;0;0;0;0;0;0;0;0;0;0;0;0;0;0;0;0;0;0;0;0;0;0;0;0;0;0;0;0;0;0;0;0;0;0;0;0;0;0;0;0;0;0;0;0;0;0;0;0;0;0;0;0;0;0;0;0;0;0;0;0;0
D07;X2;;Cal.Biomass[DCW [g/L]]:FS=Blanked.1;0;0;0;0;0;0;0;0;0;0;0;0;0;0;0;0;0;0;0;0;0;0;0;0;0;0;0;0;0;0;0;0;0;0;0;0;0;0;0;0;0;0;0;0;0;0;0;0;0;0;0;0;0;0;0;0;0;0;0;0;0;0;0;0;0;0;0;0;0;0;0;0;0;0;0;0;0;0;0;0;0;0;0;0;0;0;0;0;0;0;0;0;0;0;0;0;0;0;0;0;0;0;0;0;0;0;0;0;0;0;0;0;0;0;0;0;0;0;0;0;0;0;0;0;0;0;0;0;0;0;0;0;0;0;0;0;0;0;0;0;0;0;0;0;0;0;0;0;0;0
D08;X2;;Cal.Biomass[DCW [g/L]]:FS=Blanked.1;0;0;0;0;0;0;0;0;0;0;0;0;0;0;0;0;0;0;0;0;0;0;0;0;0;0;0;0;0;0;0;0;0;0;0;0;0;0;0;0;0;0;0;0;0;0;0;0;0;0;0;0;0;0;0;0;0;0;0;0;0;0;0;0;0;0;0;0;0;0;0;0;0;0;0;0;0;0;0;0;0;0;0;0;0;0;0;0;0;0;0;0;0;0;0;0;0;0;0;0;0;0;0;0;0;0;0;0;0;0;0;0;0;0;0;0;0;0;0;0;0;0;0;0;0;0;0;0;0;0;0;0;0;0;0;0;0;0;0;0;0;0;0;0;0;0;0;0;0;0
D09;X2;;Cal.Biomass[DCW [g/L]]:FS=Blanked.1;0;0;0;0;0;0;0;0;0;0;0;0;0;0;0;0;0;0;0;0;0;0;0;0;0;0;0;0;0;0;0;0;0;0;0;0;0;0;0;0;0;0;0;0;0;0;0;0;0;0;0;0;0;0;0;0;0;0;0;0;0;0;0;0;0;0;0;0;0;0;0;0;0;0;0;0;0;0;0;0;0;0;0;0;0;0;0;0;0;0;0;0;0;0;0;0;0;0;0;0;0;0;0;0;0;0;0;0;0;0;0;0;0;0;0;0;0;0;0;0;0;0;0;0;0;0;0;0;0;0;0;0;0;0;0;0;0;0;0;0;0;0;0;0;0;0;0;0;0;0
D10;X2;;Cal.Biomass[DCW [g/L]]:FS=Blanked.1;0;0;0;0;0;0;0;0;0;0;0;0;0;0;0;0;0;0;0;0;0;0;0;0;0;0;0;0;0;0;0;0;0;0;0;0;0;0;0;0;0;0;0;0;0;0;0;0;0;0;0;0;0;0;0;0;0;0;0;0;0;0;0;0;0;0;0;0;0;0;0;0;0;0;0;0;0;0;0;0;0;0;0;0;0;0;0;0;0;0;0;0;0;0;0;0;0;0;0;0;0;0;0;0;0;0;0;0;0;0;0;0;0;0;0;0;0;0;0;0;0;0;0;0;0;0;0;0;0;0;0;0;0;0;0;0;0;0;0;0;0;0;0;0;0;0;0;0;0;0
E06;X3;;Cal.Biomass[DCW [g/L]]:FS=Blanked.1;0;0;0;0;0;0;0;0;0;0;0;0;0;0;0;0;0;0;0;0;0;0;0;0;0;0;0;0;0;0;0;0;0;0;0;0;0;0;0;0;0;0;0;0;0;0;0;0;0;0;0;0;0;0;0;0;0;0;0;0;0;0;0;0;0;0;0;0;0;0;0;0;0;0;0;0;0;0;0;0;0;0;0;0;0;0;0;0;0;0;0;0;0;0;0;0;0;0;0;0;0;0;0;0;0;0;0;0;0;0;0;0;0;0;0;0;0;0;0;0;0;0;0;0;0;0;0;0;0;0;0;0;0;0;0;0;0;0;0;0;0;0;0;0;0;0;0;0;0;0
E07;X3;;Cal.Biomass[DCW [g/L]]:FS=Blanked.1;0;0;0;0;0;0;0;0;0;0;0;0;0;0;0;0;0;0;0;0;0;0;0;0;0;0;0;0;0;0;0;0;0;0;0;0;0;0;0;0;0;0;0;0;0;0;0;0;0;0;0;0;0;0;0;0;0;0;0;0;0;0;0;0;0;0;0;0;0;0;0;0;0;0;0;0;0;0;0;0;0;0;0;0;0;0;0;0;0;0;0;0;0;0;0;0;0;0;0;0;0;0;0;0;0;0;0;0;0;0;0;0;0;0;0;0;0;0;0;0;0;0;0;0;0;0;0;0;0;0;0;0;0;0;0;0;0;0;0;0;0;0;0;0;0;0;0;0;0;0
E08;X3;;Cal.Biomass[DCW [g/L]]:FS=Blanked.1;0;0;0;0;0;0;0;0;0;0;0;0;0;0;0;0;0;0;0;0;0;0;0;0;0;0;0;0;0;0;0;0;0;0;0;0;0;0;0;0;0;0;0;0;0;0;0;0;0;0;0;0;0;0;0;0;0;0;0;0;0;0;0;0;0;0;0;0;0;0;0;0;0;0;0;0;0;0;0;0;0;0;0;0;0;0;0;0;0;0;0;0;0;0;0;0;0;0;0;0;0;0;0;0;0;0;0;0;0;0;0;0;0;0;0;0;0;0;0;0;0;0;0;0;0;0;0;0;0;0;0;0;0;0;0;0;0;0;0;0;0;0;0;0;0;0;0;0;0;0
E09;X3;;Cal.Biomass[DCW [g/L]]:FS=Blanked.1;0;0;0;0;0;0;0;0;0;0;0;0;0;0;0;0;0;0;0;0;0;0;0;0;0;0;0;0;0;0;0;0;0;0;0;0;0;0;0;0;0;0;0;0;0;0;0;0;0;0;0;0;0;0;0;0;0;0;0;0;0;0;0;0;0;0;0;0;0;0;0;0;0;0;0;0;0;0;0;0;0;0;0;0;0;0;0;0;0;0;0;0;0;0;0;0;0;0;0;0;0;0;0;0;0;0;0;0;0;0;0;0;0;0;0;0;0;0;0;0;0;0;0;0;0;0;0;0;0;0;0;0;0;0;0;0;0;0;0;0;0;0;0;0;0;0;0;0;0;0
E10;X3;;Cal.Biomass[DCW [g/L]]:FS=Blanked.1;0;0;0;0;0;0;0;0;0;0;0;0;0;0;0;0;0;0;0;0;0;0;0;0;0;0;0;0;0;0;0;0;0;0;0;0;0;0;0;0;0;0;0;0;0;0;0;0;0;0;0;0;0;0;0;0;0;0;0;0;0;0;0;0;0;0;0;0;0;0;0;0;0;0;0;0;0;0;0;0;0;0;0;0;0;0;0;0;0;0;0;0;0;0;0;0;0;0;0;0;0;0;0;0;0;0;0;0;0;0;0;0;0;0;0;0;0;0;0;0;0;0;0;0;0;0;0;0;0;0;0;0;0;0;0;0;0;0;0;0;0;0;0;0;0;0;0;0;0;0
F06;X4;;Cal.Biomass[DCW [g/L]]:FS=Blanked.1;0;0;0;0;0;0;0;0;0;0;0;0;0;0;0;0;0;0;0;0;0;0;0;0;0;0;0;0;0;0;0;0;0;0;0;0;0;0;0;0;0;0;0;0;0;0;0;0;0;0;0;0;0;0;0;0;0;0;0;0;0;0;0;0;0;0;0;0;0;0;0;0;0;0;0;0;0;0;0;0;0;0;0;0;0;0;0;0;0;0;0;0;0;0;0;0;0;0;0;0;0;0;0;0;0;0;0;0;0;0;0;0;0;0;0;0;0;0;0;0;0;0;0;0;0;0;0;0;0;0;0;0;0;0;0;0;0;0;0;0;0;0;0;0;0;0;0;0;0;0
F07;X4;;Cal.Biomass[DCW [g/L]]:FS=Blanked.1;0;0;0;0;0;0;0;0;0;0;0;0;0;0;0;0;0;0;0;0;0;0;0;0;0;0;0;0;0;0;0;0;0;0;0;0;0;0;0;0;0;0;0;0;0;0;0;0;0;0;0;0;0;0;0;0;0;0;0;0;0;0;0;0;0;0;0;0;0;0;0;0;0;0;0;0;0;0;0;0;0;0;0;0;0;0;0;0;0;0;0;0;0;0;0;0;0;0;0;0;0;0;0;0;0;0;0;0;0;0;0;0;0;0;0;0;0;0;0;0;0;0;0;0;0;0;0;0;0;0;0;0;0;0;0;0;0;0;0;0;0;0;0;0;0;0;0;0;0;0
F08;X4;;Cal.Biomass[DCW [g/L]]:FS=Blanked.1;0;0;0;0;0;0;0;0;0;0;0;0;0;0;0;0;0;0;0;0;0;0;0;0;0;0;0;0;0;0;0;0;0;0;0;0;0;0;0;0;0;0;0;0;0;0;0;0;0;0;0;0;0;0;0;0;0;0;0;0;0;0;0;0;0;0;0;0;0;0;0;0;0;0;0;0;0;0;0;0;0;0;0;0;0;0;0;0;0;0;0;0;0;0;0;0;0;0;0;0;0;0;0;0;0;0;0;0;0;0;0;0;0;0;0;0;0;0;0;0;0;0;0;0;0;0;0;0;0;0;0;0;0;0;0;0;0;0;0;0;0;0;0;0;0;0;0;0;0;0
F09;X4;;Cal.Biomass[DCW [g/L]]:FS=Blanked.1;0;0;0;0;0;0;0;0;0;0;0;0;0;0;0;0;0;0;0;0;0;0;0;0;0;0;0;0;0;0;0;0;0;0;0;0;0;0;0;0;0;0;0;0;0;0;0;0;0;0;0;0;0;0;0;0;0;0;0;0;0;0;0;0;0;0;0;0;0;0;0;0;0;0;0;0;0;0;0;0;0;0;0;0;0;0;0;0;0;0;0;0;0;0;0;0;0;0;0;0;0;0;0;0;0;0;0;0;0;0;0;0;0;0;0;0;0;0;0;0;0;0;0;0;0;0;0;0;0;0;0;0;0;0;0;0;0;0;0;0;0;0;0;0;0;0;0;0;0;0
F10;X4;;Cal.Biomass[DCW [g/L]]:FS=Blanked.1;0;0;0;0;0;0;0;0;0;0;0;0;0;0;0;0;0;0;0;0;0;0;0;0;0;0;0;0;0;0;0;0;0;0;0;0;0;0;0;0;0;0;0;0;0;0;0;0;0;0;0;0;0;0;0;0;0;0;0;0;0;0;0;0;0;0;0;0;0;0;0;0;0;0;0;0;0;0;0;0;0;0;0;0;0;0;0;0;0;0;0;0;0;0;0;0;0;0;0;0;0;0;0;0;0;0;0;0;0;0;0;0;0;0;0;0;0;0;0;0;0;0;0;0;0;0;0;0;0;0;0;0;0;0;0;0;0;0;0;0;0;0;0;0;0;0;0;0;0;0
ACT.TEMP;;;;27,4;30,1;30;30;30;30;30;30;30;30;30,1;30;30;30;30;30;30;30;30;30;30,1;30;30;30;30;30;30;30;30;30;30;30;30;30;30;30;30;30;30;30;30;30;30;30;30;30;30;30;29,9;30;30;30;30;30;30;30;30;30;30;30;30;30;30;30;30;30;30;30;30;30;30;30;30;30;30;30;30;30;30;30;30;30;30;30;30;30;30;30;30;30;30;30;30;30;30;30;30;30;30;30;30;30;30;30;30;30;30;30;30;30;30;30;30;30;30;30;30;30;30;30;30;30;30;30;30;30;30;30;30;30;30;30;30;30;30;30;30;30;30;30;30;30;30;30;30;30;30;30;30;30
ACT.HUMIDITY;;;;67,66;60,61;66,96;71,97;72,81;72,43;71,65;71,31;72,29;72,23;72,16;71,64;71,51;72,36;72,17;71,97;72,29;71,51;71,84;72,1;71,32;71,97;71,7;70,92;71,58;71,23;72,25;71,06;71,05;71,12;71,38;70,85;71,24;72,02;72,01;71,51;71,63;71,64;71,9;72,94;72,92;72,36;72,68;73,92;72,62;72,95;73,47;73,33;73,23;73,7;73,86;74,44;74,11;74,44;74,31;74,63;74,69;74,84;75,14;75,03;74,7;75,5;74,38;74,9;74,9;73,99;73,85;73,85;73,72;74,44;73,6;73,85;73,53;73,78;73,72;74,18;74,44;74,24;73,39;72,23;72,09;71,96;71,5;71,24;71,32;70,39;71,11;71,3;71,17;71,9;70,53;70,78;70,39;70,39;70,2;70,26;70,2;70,08;69,94;69,55;70,13;69,32;68,57;68,64;68,57;69,28;69,56;68,89;69,29;68,24;68,38;69,23;68,48;68,24;68,63;68,44;68,43;68,96;69,16;69,15;68,17;68,31;69,09;68,24;68,44;69,41;68,18;68,38;69,42;67,99;68,04;67,59;67,26;67,52;67,2;67,6;66,61;66,6;67,72;66,49;66,55;67,14;66,68;65,91;65,96;66,07;66,94;65,76;65,92;65,18
ACT.O2;;;;-0,01;-0,01;-0,01;-0,01;-0,01;-0,01;-0,01;-0,01;-0,01;-0,01;-0,01;-0,01;-0,01;-0,01;-0,01;-0,01;-0,01;-0,01;-0,01;-0,01;-0,01;-0,01;-0,01;-0,01;-0,01;-0,01;-0,01;-0,01;-0,01;-0,01;-0,01;-0,01;-0,01;-0,01;-0,01;-0,01;-0,01;-0,01;-0,01;-0,01;-0,01;-0,01;-0,01;-0,01;-0,01;-0,01;-0,01;-0,01;-0,01;-0,01;-0,01;-0,01;-0,01;-0,01;-0,01;-0,01;-0,01;-0,01;-0,01;-0,01;-0,01;-0,01;-0,01;-0,01;-0,01;-0,01;-0,01;-0,01;-0,01;-0,01;-0,01;-0,01;-0,01;-0,01;-0,01;-0,01;-0,01;-0,01;-0,01;-0,01;-0,01;-0,01;-0,01;-0,01;-0,01;-0,01;-0,01;-0,01;-0,01;-0,01;-0,01;-0,01;-0,01;-0,01;-0,01;-0,01;-0,01;-0,01;-0,01;-0,01;-0,01;-0,01;-0,01;-0,01;-0,01;-0,01;-0,01;-0,01;-0,01;-0,01;-0,01;-0,01;-0,01;-0,01;-0,01;-0,01;-0,01;-0,01;-0,01;-0,01;-0,01;-0,01;-0,01;-0,01;-0,01;-0,01;-0,01;-0,01;-0,01;-0,01;-0,01;-0,01;-0,01;-0,01;-0,01;-0,01;-0,01;-0,01;-0,01;-0,01;-0,01;-0,01;-0,01;-0,01;-0,01;-0,01;-0,01;-0,01;-0,01;-0,01
ACT.CO2;;;;0;0;0;0;0;0;0;0;0;0;0;0;0;0;0;0;0;0;0;0;0;0;0;0;0;0;0;0;0;0;0;0;0;0;0;0;0;0;0;0;0;0;0;0;0;0;0;0;0;0;0;0;0;0;0;0;0;0;0;0;0;0;0;0;0;0;0;0;0;0;0;0;0;0;0;0;0;0;0;0;0;0;0;0;0;0;0;0;0;0;0;0;0;0;0;0;0;0;0;0;0;0;0;0;0;0;0;0;0;0;0;0;0;0;0;0;0;0;0;0;0;0;0;0;0;0;0;0;0;0;0;0;0;0;0;0;0;0;0;0;0;0;0;0;0;0;0;0;0;0
